/home/baderlab/mzarant/SignatureInference/multithread_run.sh: line 5: autogluon/bin/activate: No such file or directory
No path specified. Models will be saved in: "AutogluonModels/ag-20250414_193013-001"
No path specified. Models will be saved in: "AutogluonModels/ag-20250414_193013-002"
No path specified. Models will be saved in: "AutogluonModels/ag-20250414_193013-003"
No path specified. Models will be saved in: "AutogluonModels/ag-20250414_193013-004"
No path specified. Models will be saved in: "AutogluonModels/ag-20250414_193013-005"
No path specified. Models will be saved in: "AutogluonModels/ag-20250414_193013-006"
No path specified. Models will be saved in: "AutogluonModels/ag-20250414_193013-007"
No path specified. Models will be saved in: "AutogluonModels/ag-20250414_193013-008"
No path specified. Models will be saved in: "AutogluonModels/ag-20250414_193013-009"
No presets specified! To achieve strong results with AutoGluon, it is recommended to use the available presets.
	Recommended Presets (For more details refer to https://auto.gluon.ai/stable/tutorials/tabular/tabular-essentials.html#presets):
	presets='best_quality'   : Maximize accuracy. Default time_limit=3600.
	presets='high_quality'   : Strong accuracy with fast inference speed. Default time_limit=3600.
	presets='good_quality'   : Good accuracy with very fast inference speed. Default time_limit=3600.
	presets='medium_quality' : Fast training time, ideal for initial prototyping.
No path specified. Models will be saved in: "AutogluonModels/ag-20250414_193013-010"
No path specified. Models will be saved in: "AutogluonModels/ag-20250414_193013-011"
No presets specified! To achieve strong results with AutoGluon, it is recommended to use the available presets.
	Recommended Presets (For more details refer to https://auto.gluon.ai/stable/tutorials/tabular/tabular-essentials.html#presets):
	presets='best_quality'   : Maximize accuracy. Default time_limit=3600.
	presets='high_quality'   : Strong accuracy with fast inference speed. Default time_limit=3600.
	presets='good_quality'   : Good accuracy with very fast inference speed. Default time_limit=3600.
	presets='medium_quality' : Fast training time, ideal for initial prototyping.
No path specified. Models will be saved in: "AutogluonModels/ag-20250414_193014"
No path specified. Models will be saved in: "AutogluonModels/ag-20250414_193014-001"
No presets specified! To achieve strong results with AutoGluon, it is recommended to use the available presets.
	Recommended Presets (For more details refer to https://auto.gluon.ai/stable/tutorials/tabular/tabular-essentials.html#presets):
	presets='best_quality'   : Maximize accuracy. Default time_limit=3600.
	presets='high_quality'   : Strong accuracy with fast inference speed. Default time_limit=3600.
	presets='good_quality'   : Good accuracy with very fast inference speed. Default time_limit=3600.
	presets='medium_quality' : Fast training time, ideal for initial prototyping.
No path specified. Models will be saved in: "AutogluonModels/ag-20250414_193014-002"
No presets specified! To achieve strong results with AutoGluon, it is recommended to use the available presets.
	Recommended Presets (For more details refer to https://auto.gluon.ai/stable/tutorials/tabular/tabular-essentials.html#presets):
	presets='best_quality'   : Maximize accuracy. Default time_limit=3600.
	presets='high_quality'   : Strong accuracy with fast inference speed. Default time_limit=3600.
	presets='good_quality'   : Good accuracy with very fast inference speed. Default time_limit=3600.
	presets='medium_quality' : Fast training time, ideal for initial prototyping.
No presets specified! To achieve strong results with AutoGluon, it is recommended to use the available presets.
	Recommended Presets (For more details refer to https://auto.gluon.ai/stable/tutorials/tabular/tabular-essentials.html#presets):
	presets='best_quality'   : Maximize accuracy. Default time_limit=3600.
	presets='high_quality'   : Strong accuracy with fast inference speed. Default time_limit=3600.
	presets='good_quality'   : Good accuracy with very fast inference speed. Default time_limit=3600.
	presets='medium_quality' : Fast training time, ideal for initial prototyping.
No presets specified! To achieve strong results with AutoGluon, it is recommended to use the available presets.
	Recommended Presets (For more details refer to https://auto.gluon.ai/stable/tutorials/tabular/tabular-essentials.html#presets):
	presets='best_quality'   : Maximize accuracy. Default time_limit=3600.
	presets='high_quality'   : Strong accuracy with fast inference speed. Default time_limit=3600.
	presets='good_quality'   : Good accuracy with very fast inference speed. Default time_limit=3600.
	presets='medium_quality' : Fast training time, ideal for initial prototyping.
No path specified. Models will be saved in: "AutogluonModels/ag-20250414_193014-003"
No presets specified! To achieve strong results with AutoGluon, it is recommended to use the available presets.
	Recommended Presets (For more details refer to https://auto.gluon.ai/stable/tutorials/tabular/tabular-essentials.html#presets):
	presets='best_quality'   : Maximize accuracy. Default time_limit=3600.
	presets='high_quality'   : Strong accuracy with fast inference speed. Default time_limit=3600.
	presets='good_quality'   : Good accuracy with very fast inference speed. Default time_limit=3600.
	presets='medium_quality' : Fast training time, ideal for initial prototyping.
No presets specified! To achieve strong results with AutoGluon, it is recommended to use the available presets.
	Recommended Presets (For more details refer to https://auto.gluon.ai/stable/tutorials/tabular/tabular-essentials.html#presets):
	presets='best_quality'   : Maximize accuracy. Default time_limit=3600.
	presets='high_quality'   : Strong accuracy with fast inference speed. Default time_limit=3600.
	presets='good_quality'   : Good accuracy with very fast inference speed. Default time_limit=3600.
	presets='medium_quality' : Fast training time, ideal for initial prototyping.
No presets specified! To achieve strong results with AutoGluon, it is recommended to use the available presets.
	Recommended Presets (For more details refer to https://auto.gluon.ai/stable/tutorials/tabular/tabular-essentials.html#presets):
	presets='best_quality'   : Maximize accuracy. Default time_limit=3600.
	presets='high_quality'   : Strong accuracy with fast inference speed. Default time_limit=3600.
	presets='good_quality'   : Good accuracy with very fast inference speed. Default time_limit=3600.
	presets='medium_quality' : Fast training time, ideal for initial prototyping.
No presets specified! To achieve strong results with AutoGluon, it is recommended to use the available presets.
	Recommended Presets (For more details refer to https://auto.gluon.ai/stable/tutorials/tabular/tabular-essentials.html#presets):
	presets='best_quality'   : Maximize accuracy. Default time_limit=3600.
	presets='high_quality'   : Strong accuracy with fast inference speed. Default time_limit=3600.
	presets='good_quality'   : Good accuracy with very fast inference speed. Default time_limit=3600.
	presets='medium_quality' : Fast training time, ideal for initial prototyping.
No presets specified! To achieve strong results with AutoGluon, it is recommended to use the available presets.
	Recommended Presets (For more details refer to https://auto.gluon.ai/stable/tutorials/tabular/tabular-essentials.html#presets):
	presets='best_quality'   : Maximize accuracy. Default time_limit=3600.
	presets='high_quality'   : Strong accuracy with fast inference speed. Default time_limit=3600.
	presets='good_quality'   : Good accuracy with very fast inference speed. Default time_limit=3600.
	presets='medium_quality' : Fast training time, ideal for initial prototyping.
No presets specified! To achieve strong results with AutoGluon, it is recommended to use the available presets.
	Recommended Presets (For more details refer to https://auto.gluon.ai/stable/tutorials/tabular/tabular-essentials.html#presets):
	presets='best_quality'   : Maximize accuracy. Default time_limit=3600.
	presets='high_quality'   : Strong accuracy with fast inference speed. Default time_limit=3600.
	presets='good_quality'   : Good accuracy with very fast inference speed. Default time_limit=3600.
	presets='medium_quality' : Fast training time, ideal for initial prototyping.
No presets specified! To achieve strong results with AutoGluon, it is recommended to use the available presets.
	Recommended Presets (For more details refer to https://auto.gluon.ai/stable/tutorials/tabular/tabular-essentials.html#presets):
	presets='best_quality'   : Maximize accuracy. Default time_limit=3600.
	presets='high_quality'   : Strong accuracy with fast inference speed. Default time_limit=3600.
	presets='good_quality'   : Good accuracy with very fast inference speed. Default time_limit=3600.
	presets='medium_quality' : Fast training time, ideal for initial prototyping.
No presets specified! To achieve strong results with AutoGluon, it is recommended to use the available presets.
	Recommended Presets (For more details refer to https://auto.gluon.ai/stable/tutorials/tabular/tabular-essentials.html#presets):
	presets='best_quality'   : Maximize accuracy. Default time_limit=3600.
	presets='high_quality'   : Strong accuracy with fast inference speed. Default time_limit=3600.
	presets='good_quality'   : Good accuracy with very fast inference speed. Default time_limit=3600.
	presets='medium_quality' : Fast training time, ideal for initial prototyping.
No presets specified! To achieve strong results with AutoGluon, it is recommended to use the available presets.
	Recommended Presets (For more details refer to https://auto.gluon.ai/stable/tutorials/tabular/tabular-essentials.html#presets):
	presets='best_quality'   : Maximize accuracy. Default time_limit=3600.
	presets='high_quality'   : Strong accuracy with fast inference speed. Default time_limit=3600.
	presets='good_quality'   : Good accuracy with very fast inference speed. Default time_limit=3600.
	presets='medium_quality' : Fast training time, ideal for initial prototyping.
No presets specified! To achieve strong results with AutoGluon, it is recommended to use the available presets.
	Recommended Presets (For more details refer to https://auto.gluon.ai/stable/tutorials/tabular/tabular-essentials.html#presets):
	presets='best_quality'   : Maximize accuracy. Default time_limit=3600.
	presets='high_quality'   : Strong accuracy with fast inference speed. Default time_limit=3600.
	presets='good_quality'   : Good accuracy with very fast inference speed. Default time_limit=3600.
	presets='medium_quality' : Fast training time, ideal for initial prototyping.
Beginning AutoGluon training ...
Beginning AutoGluon training ...
AutoGluon will save models to "AutogluonModels/ag-20250414_193013-006/Predictor_S1 (SBS1 - 0.99)"
Beginning AutoGluon training ...
Beginning AutoGluon training ...
Beginning AutoGluon training ...
Beginning AutoGluon training ...
Beginning AutoGluon training ...
AutoGluon will save models to "AutogluonModels/ag-20250414_193013/Predictor_S1 (SBS1 - 0.99)"
Beginning AutoGluon training ...
Beginning AutoGluon training ...
Beginning AutoGluon training ...
Beginning AutoGluon training ...
AutoGluon will save models to "AutogluonModels/ag-20250414_193013-002/Predictor_S1 (SBS1 - 0.99)"
Beginning AutoGluon training ...
AutoGluon will save models to "AutogluonModels/ag-20250414_193013-007/Predictor_S1 (SBS1 - 0.99)"
Beginning AutoGluon training ...
Beginning AutoGluon training ...
AutoGluon will save models to "AutogluonModels/ag-20250414_193013-001/Predictor_S1 (SBS1 - 0.99)"
=================== System Info ===================
AutoGluon Version:  1.1.0
Python Version:     3.10.15
Operating System:   Linux
Platform Machine:   x86_64
Platform Version:   #1 SMP PREEMPT_DYNAMIC Thu Apr 3 12:12:16 UTC 2025
CPU Count:          272
Memory Avail:       199.24 GB / 203.90 GB (97.7%)
Disk Space Avail:   1386.40 GB / 5120.00 GB (27.1%)
===================================================
AutoGluon will save models to "AutogluonModels/ag-20250414_193013-003/Predictor_S1 (SBS1 - 0.99)"
AutoGluon will save models to "AutogluonModels/ag-20250414_193013-004/Predictor_S1 (SBS1 - 0.99)"
Beginning AutoGluon training ...
Beginning AutoGluon training ...
AutoGluon will save models to "AutogluonModels/ag-20250414_193013-010/Predictor_S1 (SBS1 - 0.99)"
AutoGluon will save models to "AutogluonModels/ag-20250414_193013-009/Predictor_S1 (SBS1 - 0.99)"
AutoGluon will save models to "AutogluonModels/ag-20250414_193013-008/Predictor_S1 (SBS1 - 0.99)"
AutoGluon will save models to "AutogluonModels/ag-20250414_193013-005/Predictor_S1 (SBS1 - 0.99)"
=================== System Info ===================
AutoGluon Version:  1.1.0
Python Version:     3.10.15
Operating System:   Linux
Platform Machine:   x86_64
Platform Version:   #1 SMP PREEMPT_DYNAMIC Thu Apr 3 12:12:16 UTC 2025
CPU Count:          272
Memory Avail:       199.24 GB / 203.90 GB (97.7%)
Disk Space Avail:   1386.40 GB / 5120.00 GB (27.1%)
===================================================
AutoGluon will save models to "AutogluonModels/ag-20250414_193013-011/Predictor_S1 (SBS1 - 0.99)"
AutoGluon will save models to "AutogluonModels/ag-20250414_193014-001/Predictor_S1 (SBS1 - 0.99)"
AutoGluon will save models to "AutogluonModels/ag-20250414_193014-002/Predictor_S1 (SBS1 - 0.99)"
=================== System Info ===================
AutoGluon Version:  1.1.0
Python Version:     3.10.15
Operating System:   Linux
Platform Machine:   x86_64
Platform Version:   #1 SMP PREEMPT_DYNAMIC Thu Apr 3 12:12:16 UTC 2025
CPU Count:          272
Memory Avail:       199.24 GB / 203.90 GB (97.7%)
Disk Space Avail:   1386.40 GB / 5120.00 GB (27.1%)
===================================================
Train Data Rows:    14495
=================== System Info ===================
AutoGluon Version:  1.1.0
Python Version:     3.10.15
Operating System:   Linux
Platform Machine:   x86_64
Platform Version:   #1 SMP PREEMPT_DYNAMIC Thu Apr 3 12:12:16 UTC 2025
CPU Count:          272
Memory Avail:       199.24 GB / 203.90 GB (97.7%)
Disk Space Avail:   1386.40 GB / 5120.00 GB (27.1%)
===================================================
AutoGluon will save models to "AutogluonModels/ag-20250414_193014/Predictor_S1 (SBS1 - 0.99)"
=================== System Info ===================
AutoGluon Version:  1.1.0
Python Version:     3.10.15
Operating System:   Linux
Platform Machine:   x86_64
Platform Version:   #1 SMP PREEMPT_DYNAMIC Thu Apr 3 12:12:16 UTC 2025
CPU Count:          272
Memory Avail:       199.24 GB / 203.90 GB (97.7%)
Disk Space Avail:   1386.40 GB / 5120.00 GB (27.1%)
===================================================
AutoGluon will save models to "AutogluonModels/ag-20250414_193014-003/Predictor_S1 (SBS1 - 0.99)"
=================== System Info ===================
AutoGluon Version:  1.1.0
Python Version:     3.10.15
Operating System:   Linux
Platform Machine:   x86_64
Platform Version:   #1 SMP PREEMPT_DYNAMIC Thu Apr 3 12:12:16 UTC 2025
CPU Count:          272
Memory Avail:       199.24 GB / 203.90 GB (97.7%)
Disk Space Avail:   1386.40 GB / 5120.00 GB (27.1%)
===================================================
=================== System Info ===================
AutoGluon Version:  1.1.0
Python Version:     3.10.15
Operating System:   Linux
Platform Machine:   x86_64
Platform Version:   #1 SMP PREEMPT_DYNAMIC Thu Apr 3 12:12:16 UTC 2025
CPU Count:          272
Memory Avail:       199.24 GB / 203.90 GB (97.7%)
Disk Space Avail:   1386.40 GB / 5120.00 GB (27.1%)
===================================================
Train Data Rows:    14495
=================== System Info ===================
AutoGluon Version:  1.1.0
Python Version:     3.10.15
Operating System:   Linux
Platform Machine:   x86_64
Platform Version:   #1 SMP PREEMPT_DYNAMIC Thu Apr 3 12:12:16 UTC 2025
CPU Count:          272
Memory Avail:       199.24 GB / 203.90 GB (97.7%)
Disk Space Avail:   1386.40 GB / 5120.00 GB (27.1%)
===================================================
=================== System Info ===================
AutoGluon Version:  1.1.0
Python Version:     3.10.15
Operating System:   Linux
Platform Machine:   x86_64
Platform Version:   #1 SMP PREEMPT_DYNAMIC Thu Apr 3 12:12:16 UTC 2025
CPU Count:          272
Memory Avail:       199.24 GB / 203.90 GB (97.7%)
Disk Space Avail:   1386.40 GB / 5120.00 GB (27.1%)
===================================================
=================== System Info ===================
AutoGluon Version:  1.1.0
Python Version:     3.10.15
Operating System:   Linux
Platform Machine:   x86_64
Platform Version:   #1 SMP PREEMPT_DYNAMIC Thu Apr 3 12:12:16 UTC 2025
CPU Count:          272
Memory Avail:       199.24 GB / 203.90 GB (97.7%)
Disk Space Avail:   1386.40 GB / 5120.00 GB (27.1%)
===================================================
=================== System Info ===================
AutoGluon Version:  1.1.0
Python Version:     3.10.15
Operating System:   Linux
Platform Machine:   x86_64
Platform Version:   #1 SMP PREEMPT_DYNAMIC Thu Apr 3 12:12:16 UTC 2025
CPU Count:          272
Memory Avail:       199.24 GB / 203.90 GB (97.7%)
Disk Space Avail:   1386.40 GB / 5120.00 GB (27.1%)
===================================================
Train Data Rows:    14495
=================== System Info ===================
AutoGluon Version:  1.1.0
Python Version:     3.10.15
Operating System:   Linux
Platform Machine:   x86_64
Platform Version:   #1 SMP PREEMPT_DYNAMIC Thu Apr 3 12:12:16 UTC 2025
CPU Count:          272
Memory Avail:       199.24 GB / 203.90 GB (97.7%)
Disk Space Avail:   1386.40 GB / 5120.00 GB (27.1%)
===================================================
Train Data Columns: 96
=================== System Info ===================
AutoGluon Version:  1.1.0
Python Version:     3.10.15
Operating System:   Linux
Platform Machine:   x86_64
Platform Version:   #1 SMP PREEMPT_DYNAMIC Thu Apr 3 12:12:16 UTC 2025
CPU Count:          272
Memory Avail:       199.24 GB / 203.90 GB (97.7%)
Disk Space Avail:   1386.40 GB / 5120.00 GB (27.1%)
===================================================
Train Data Rows:    14495
=================== System Info ===================
AutoGluon Version:  1.1.0
Python Version:     3.10.15
Operating System:   Linux
Platform Machine:   x86_64
Platform Version:   #1 SMP PREEMPT_DYNAMIC Thu Apr 3 12:12:16 UTC 2025
CPU Count:          272
Memory Avail:       199.24 GB / 203.90 GB (97.7%)
Disk Space Avail:   1386.40 GB / 5120.00 GB (27.1%)
===================================================
Train Data Rows:    14495
Train Data Rows:    14495
Train Data Rows:    14495
=================== System Info ===================
AutoGluon Version:  1.1.0
Python Version:     3.10.15
Operating System:   Linux
Platform Machine:   x86_64
Platform Version:   #1 SMP PREEMPT_DYNAMIC Thu Apr 3 12:12:16 UTC 2025
CPU Count:          272
Memory Avail:       199.24 GB / 203.90 GB (97.7%)
Disk Space Avail:   1386.40 GB / 5120.00 GB (27.1%)
===================================================
Train Data Columns: 96
Train Data Rows:    14495
Train Data Rows:    14495
=================== System Info ===================
AutoGluon Version:  1.1.0
Python Version:     3.10.15
Operating System:   Linux
Platform Machine:   x86_64
Platform Version:   #1 SMP PREEMPT_DYNAMIC Thu Apr 3 12:12:16 UTC 2025
CPU Count:          272
Memory Avail:       199.24 GB / 203.90 GB (97.7%)
Disk Space Avail:   1386.40 GB / 5120.00 GB (27.1%)
===================================================
Train Data Rows:    14495
Train Data Rows:    14495
Train Data Columns: 96
Train Data Rows:    14495
Label Column:       S1 (SBS1 - 0.99)
Train Data Rows:    14495
Train Data Columns: 96
Train Data Rows:    14495
Train Data Columns: 96
Train Data Columns: 96
Train Data Columns: 96
Train Data Rows:    14495
Label Column:       S1 (SBS1 - 0.99)
Train Data Columns: 96
Train Data Columns: 96
Train Data Rows:    14495
Train Data Columns: 96
Train Data Columns: 96
Label Column:       S1 (SBS1 - 0.99)
Train Data Columns: 96
Train Data Columns: 96
AutoGluon infers your prediction problem is: 'binary' (because only two unique label-values observed).
Label Column:       S1 (SBS1 - 0.99)
Train Data Columns: 96
Label Column:       S1 (SBS1 - 0.99)
Label Column:       S1 (SBS1 - 0.99)
Label Column:       S1 (SBS1 - 0.99)
Train Data Columns: 96
Label Column:       S1 (SBS1 - 0.99)
AutoGluon infers your prediction problem is: 'binary' (because only two unique label-values observed).
Label Column:       S1 (SBS1 - 0.99)
Train Data Columns: 96
Label Column:       S1 (SBS1 - 0.99)
Label Column:       S1 (SBS1 - 0.99)
Label Column:       S1 (SBS1 - 0.99)
Label Column:       S1 (SBS1 - 0.99)
AutoGluon infers your prediction problem is: 'binary' (because only two unique label-values observed).
	2 unique label values:  [True, False]
Label Column:       S1 (SBS1 - 0.99)
AutoGluon infers your prediction problem is: 'binary' (because only two unique label-values observed).
AutoGluon infers your prediction problem is: 'binary' (because only two unique label-values observed).
AutoGluon infers your prediction problem is: 'binary' (because only two unique label-values observed).
AutoGluon infers your prediction problem is: 'binary' (because only two unique label-values observed).
Label Column:       S1 (SBS1 - 0.99)
	2 unique label values:  [True, False]
AutoGluon infers your prediction problem is: 'binary' (because only two unique label-values observed).
Label Column:       S1 (SBS1 - 0.99)
AutoGluon infers your prediction problem is: 'binary' (because only two unique label-values observed).
AutoGluon infers your prediction problem is: 'binary' (because only two unique label-values observed).
AutoGluon infers your prediction problem is: 'binary' (because only two unique label-values observed).
	2 unique label values:  [True, False]
AutoGluon infers your prediction problem is: 'binary' (because only two unique label-values observed).
AutoGluon infers your prediction problem is: 'binary' (because only two unique label-values observed).
	If 'binary' is not the correct problem_type, please manually specify the problem_type parameter during predictor init (You may specify problem_type as one of: ['binary', 'multiclass', 'regression'])
	2 unique label values:  [True, False]
	2 unique label values:  [True, False]
AutoGluon infers your prediction problem is: 'binary' (because only two unique label-values observed).
	2 unique label values:  [True, False]
	2 unique label values:  [True, False]
	If 'binary' is not the correct problem_type, please manually specify the problem_type parameter during predictor init (You may specify problem_type as one of: ['binary', 'multiclass', 'regression'])
AutoGluon infers your prediction problem is: 'binary' (because only two unique label-values observed).
	2 unique label values:  [True, False]
	2 unique label values:  [True, False]
AutoGluon infers your prediction problem is: 'binary' (because only two unique label-values observed).
	2 unique label values:  [True, False]
	2 unique label values:  [True, False]
	If 'binary' is not the correct problem_type, please manually specify the problem_type parameter during predictor init (You may specify problem_type as one of: ['binary', 'multiclass', 'regression'])
	2 unique label values:  [True, False]
	2 unique label values:  [True, False]
Problem Type:       binary
	If 'binary' is not the correct problem_type, please manually specify the problem_type parameter during predictor init (You may specify problem_type as one of: ['binary', 'multiclass', 'regression'])
	If 'binary' is not the correct problem_type, please manually specify the problem_type parameter during predictor init (You may specify problem_type as one of: ['binary', 'multiclass', 'regression'])
	2 unique label values:  [True, False]
	If 'binary' is not the correct problem_type, please manually specify the problem_type parameter during predictor init (You may specify problem_type as one of: ['binary', 'multiclass', 'regression'])
	If 'binary' is not the correct problem_type, please manually specify the problem_type parameter during predictor init (You may specify problem_type as one of: ['binary', 'multiclass', 'regression'])
Problem Type:       binary
	2 unique label values:  [True, False]
	If 'binary' is not the correct problem_type, please manually specify the problem_type parameter during predictor init (You may specify problem_type as one of: ['binary', 'multiclass', 'regression'])
	If 'binary' is not the correct problem_type, please manually specify the problem_type parameter during predictor init (You may specify problem_type as one of: ['binary', 'multiclass', 'regression'])
	2 unique label values:  [True, False]
	If 'binary' is not the correct problem_type, please manually specify the problem_type parameter during predictor init (You may specify problem_type as one of: ['binary', 'multiclass', 'regression'])
	If 'binary' is not the correct problem_type, please manually specify the problem_type parameter during predictor init (You may specify problem_type as one of: ['binary', 'multiclass', 'regression'])
Problem Type:       binary
	If 'binary' is not the correct problem_type, please manually specify the problem_type parameter during predictor init (You may specify problem_type as one of: ['binary', 'multiclass', 'regression'])
	If 'binary' is not the correct problem_type, please manually specify the problem_type parameter during predictor init (You may specify problem_type as one of: ['binary', 'multiclass', 'regression'])
Preprocessing data ...
Problem Type:       binary
Problem Type:       binary
	If 'binary' is not the correct problem_type, please manually specify the problem_type parameter during predictor init (You may specify problem_type as one of: ['binary', 'multiclass', 'regression'])
Problem Type:       binary
Problem Type:       binary
Preprocessing data ...
	If 'binary' is not the correct problem_type, please manually specify the problem_type parameter during predictor init (You may specify problem_type as one of: ['binary', 'multiclass', 'regression'])
Problem Type:       binary
Problem Type:       binary
	If 'binary' is not the correct problem_type, please manually specify the problem_type parameter during predictor init (You may specify problem_type as one of: ['binary', 'multiclass', 'regression'])
Problem Type:       binary
Problem Type:       binary
Preprocessing data ...
Problem Type:       binary
Problem Type:       binary
Preprocessing data ...
Preprocessing data ...
Problem Type:       binary
Preprocessing data ...
Preprocessing data ...
Problem Type:       binary
Preprocessing data ...
Preprocessing data ...
Problem Type:       binary
Preprocessing data ...
Preprocessing data ...
Preprocessing data ...
Preprocessing data ...
Selected class <--> label mapping:  class 1 = True, class 0 = False
Selected class <--> label mapping:  class 1 = True, class 0 = False
Preprocessing data ...
Selected class <--> label mapping:  class 1 = True, class 0 = False
Preprocessing data ...
Selected class <--> label mapping:  class 1 = True, class 0 = False
Selected class <--> label mapping:  class 1 = True, class 0 = False
Preprocessing data ...
Selected class <--> label mapping:  class 1 = True, class 0 = False
Selected class <--> label mapping:  class 1 = True, class 0 = False
Selected class <--> label mapping:  class 1 = True, class 0 = False
Selected class <--> label mapping:  class 1 = True, class 0 = False
Selected class <--> label mapping:  class 1 = True, class 0 = False
Selected class <--> label mapping:  class 1 = True, class 0 = False
Selected class <--> label mapping:  class 1 = True, class 0 = False
Using Feature Generators to preprocess the data ...
Using Feature Generators to preprocess the data ...
Selected class <--> label mapping:  class 1 = True, class 0 = False
Using Feature Generators to preprocess the data ...
Using Feature Generators to preprocess the data ...
Using Feature Generators to preprocess the data ...
Using Feature Generators to preprocess the data ...
Using Feature Generators to preprocess the data ...
Selected class <--> label mapping:  class 1 = True, class 0 = False
Selected class <--> label mapping:  class 1 = True, class 0 = False
Using Feature Generators to preprocess the data ...
Using Feature Generators to preprocess the data ...
Using Feature Generators to preprocess the data ...
Fitting AutoMLPipelineFeatureGenerator...
Selected class <--> label mapping:  class 1 = True, class 0 = False
Using Feature Generators to preprocess the data ...
Using Feature Generators to preprocess the data ...
Fitting AutoMLPipelineFeatureGenerator...
Fitting AutoMLPipelineFeatureGenerator...
Using Feature Generators to preprocess the data ...
Fitting AutoMLPipelineFeatureGenerator...
Fitting AutoMLPipelineFeatureGenerator...
Fitting AutoMLPipelineFeatureGenerator...
Fitting AutoMLPipelineFeatureGenerator...
Fitting AutoMLPipelineFeatureGenerator...
Using Feature Generators to preprocess the data ...
Fitting AutoMLPipelineFeatureGenerator...
Fitting AutoMLPipelineFeatureGenerator...
Using Feature Generators to preprocess the data ...
Fitting AutoMLPipelineFeatureGenerator...
Fitting AutoMLPipelineFeatureGenerator...
Using Feature Generators to preprocess the data ...
Fitting AutoMLPipelineFeatureGenerator...
	Available Memory:                    203693.59 MB
	Available Memory:                    203693.59 MB
Fitting AutoMLPipelineFeatureGenerator...
	Available Memory:                    203693.59 MB
	Available Memory:                    203693.59 MB
	Available Memory:                    203693.59 MB
	Available Memory:                    203697.73 MB
Fitting AutoMLPipelineFeatureGenerator...
	Available Memory:                    203697.73 MB
	Available Memory:                    203697.73 MB
Fitting AutoMLPipelineFeatureGenerator...
	Available Memory:                    203699.93 MB
	Available Memory:                    203699.93 MB
	Train Data (Original)  Memory Usage: 10.62 MB (0.0% of available memory)
	Available Memory:                    203699.93 MB
	Train Data (Original)  Memory Usage: 10.62 MB (0.0% of available memory)
	Train Data (Original)  Memory Usage: 10.62 MB (0.0% of available memory)
	Available Memory:                    203699.93 MB
	Train Data (Original)  Memory Usage: 10.62 MB (0.0% of available memory)
	Train Data (Original)  Memory Usage: 10.62 MB (0.0% of available memory)
	Available Memory:                    203699.93 MB
	Train Data (Original)  Memory Usage: 10.62 MB (0.0% of available memory)
	Available Memory:                    203699.93 MB
	Train Data (Original)  Memory Usage: 10.62 MB (0.0% of available memory)
	Train Data (Original)  Memory Usage: 10.62 MB (0.0% of available memory)
	Train Data (Original)  Memory Usage: 10.62 MB (0.0% of available memory)
	Train Data (Original)  Memory Usage: 10.62 MB (0.0% of available memory)
	Available Memory:                    203699.93 MB
	Inferring data type of each feature based on column values. Set feature_metadata_in to manually specify special dtypes of the features.
	Train Data (Original)  Memory Usage: 10.62 MB (0.0% of available memory)
	Available Memory:                    203699.93 MB
	Train Data (Original)  Memory Usage: 10.62 MB (0.0% of available memory)
	Inferring data type of each feature based on column values. Set feature_metadata_in to manually specify special dtypes of the features.
	Inferring data type of each feature based on column values. Set feature_metadata_in to manually specify special dtypes of the features.
	Train Data (Original)  Memory Usage: 10.62 MB (0.0% of available memory)
	Train Data (Original)  Memory Usage: 10.62 MB (0.0% of available memory)
	Inferring data type of each feature based on column values. Set feature_metadata_in to manually specify special dtypes of the features.
	Inferring data type of each feature based on column values. Set feature_metadata_in to manually specify special dtypes of the features.
	Inferring data type of each feature based on column values. Set feature_metadata_in to manually specify special dtypes of the features.
	Inferring data type of each feature based on column values. Set feature_metadata_in to manually specify special dtypes of the features.
	Inferring data type of each feature based on column values. Set feature_metadata_in to manually specify special dtypes of the features.
	Inferring data type of each feature based on column values. Set feature_metadata_in to manually specify special dtypes of the features.
	Train Data (Original)  Memory Usage: 10.62 MB (0.0% of available memory)
	Inferring data type of each feature based on column values. Set feature_metadata_in to manually specify special dtypes of the features.
	Inferring data type of each feature based on column values. Set feature_metadata_in to manually specify special dtypes of the features.
	Train Data (Original)  Memory Usage: 10.62 MB (0.0% of available memory)
	Inferring data type of each feature based on column values. Set feature_metadata_in to manually specify special dtypes of the features.
	Inferring data type of each feature based on column values. Set feature_metadata_in to manually specify special dtypes of the features.
	Inferring data type of each feature based on column values. Set feature_metadata_in to manually specify special dtypes of the features.
	Inferring data type of each feature based on column values. Set feature_metadata_in to manually specify special dtypes of the features.
	Inferring data type of each feature based on column values. Set feature_metadata_in to manually specify special dtypes of the features.
	Stage 1 Generators:
		Fitting AsTypeFeatureGenerator...
	Stage 1 Generators:
		Fitting AsTypeFeatureGenerator...
	Stage 1 Generators:
		Fitting AsTypeFeatureGenerator...
	Stage 1 Generators:
		Fitting AsTypeFeatureGenerator...
	Stage 1 Generators:
	Stage 2 Generators:
	Stage 2 Generators:
		Fitting AsTypeFeatureGenerator...
		Fitting FillNaFeatureGenerator...
		Fitting FillNaFeatureGenerator...
	Stage 1 Generators:
		Fitting AsTypeFeatureGenerator...
	Stage 3 Generators:
		Fitting IdentityFeatureGenerator...
	Stage 3 Generators:
		Fitting IdentityFeatureGenerator...
	Stage 4 Generators:
		Fitting DropUniqueFeatureGenerator...
	Stage 4 Generators:
		Fitting DropUniqueFeatureGenerator...
	Stage 1 Generators:
		Fitting AsTypeFeatureGenerator...
	Stage 2 Generators:
		Fitting FillNaFeatureGenerator...
	Stage 1 Generators:
	Stage 1 Generators:
	Stage 1 Generators:
	Stage 2 Generators:
	Stage 1 Generators:
		Fitting AsTypeFeatureGenerator...
		Fitting AsTypeFeatureGenerator...
	Stage 1 Generators:
	Stage 2 Generators:
	Stage 1 Generators:
		Fitting AsTypeFeatureGenerator...
		Fitting FillNaFeatureGenerator...
		Fitting AsTypeFeatureGenerator...
	Stage 3 Generators:
		Fitting AsTypeFeatureGenerator...
		Fitting FillNaFeatureGenerator...
		Fitting AsTypeFeatureGenerator...
		Fitting IdentityFeatureGenerator...
	Stage 1 Generators:
	Stage 3 Generators:
	Stage 3 Generators:
		Fitting AsTypeFeatureGenerator...
		Fitting IdentityFeatureGenerator...
	Stage 1 Generators:
		Fitting IdentityFeatureGenerator...
	Stage 2 Generators:
	Stage 2 Generators:
	Stage 1 Generators:
	Stage 4 Generators:
		Fitting AsTypeFeatureGenerator...
		Fitting FillNaFeatureGenerator...
		Fitting FillNaFeatureGenerator...
	Stage 4 Generators:
		Fitting AsTypeFeatureGenerator...
	Stage 4 Generators:
		Fitting DropUniqueFeatureGenerator...
	Stage 2 Generators:
		Fitting DropUniqueFeatureGenerator...
	Stage 3 Generators:
		Fitting DropUniqueFeatureGenerator...
	Stage 2 Generators:
	Stage 2 Generators:
	Stage 2 Generators:
	Stage 3 Generators:
		Fitting FillNaFeatureGenerator...
		Fitting IdentityFeatureGenerator...
	Stage 2 Generators:
		Fitting FillNaFeatureGenerator...
		Fitting FillNaFeatureGenerator...
		Fitting FillNaFeatureGenerator...
		Fitting IdentityFeatureGenerator...
	Stage 2 Generators:
		Fitting FillNaFeatureGenerator...
		Fitting FillNaFeatureGenerator...
	Stage 4 Generators:
	Stage 3 Generators:
		Fitting DropUniqueFeatureGenerator...
	Stage 3 Generators:
	Stage 4 Generators:
	Stage 2 Generators:
	Stage 3 Generators:
		Fitting IdentityFeatureGenerator...
	Stage 3 Generators:
		Fitting IdentityFeatureGenerator...
		Fitting DropUniqueFeatureGenerator...
	Stage 5 Generators:
	Stage 2 Generators:
		Fitting FillNaFeatureGenerator...
	Stage 3 Generators:
	Stage 3 Generators:
		Fitting IdentityFeatureGenerator...
		Fitting IdentityFeatureGenerator...
	Stage 4 Generators:
		Fitting DropDuplicatesFeatureGenerator...
	Stage 4 Generators:
		Fitting FillNaFeatureGenerator...
		Fitting IdentityFeatureGenerator...
		Fitting IdentityFeatureGenerator...
		Fitting DropUniqueFeatureGenerator...
	Stage 2 Generators:
	Stage 3 Generators:
	Stage 4 Generators:
	Stage 4 Generators:
		Fitting DropUniqueFeatureGenerator...
		Fitting FillNaFeatureGenerator...
	Stage 5 Generators:
	Stage 4 Generators:
		Fitting IdentityFeatureGenerator...
		Fitting DropUniqueFeatureGenerator...
	Stage 3 Generators:
		Fitting DropUniqueFeatureGenerator...
	Stage 4 Generators:
		Fitting DropDuplicatesFeatureGenerator...
		Fitting DropUniqueFeatureGenerator...
	Stage 3 Generators:
		Fitting IdentityFeatureGenerator...
	Stage 4 Generators:
		Fitting DropUniqueFeatureGenerator...
		Fitting IdentityFeatureGenerator...
		Fitting DropUniqueFeatureGenerator...
	Stage 4 Generators:
		Fitting DropUniqueFeatureGenerator...
	Stage 4 Generators:
		Fitting DropUniqueFeatureGenerator...
	Stage 5 Generators:
		Fitting DropDuplicatesFeatureGenerator...
	Stage 5 Generators:
		Fitting DropDuplicatesFeatureGenerator...
	Stage 5 Generators:
		Fitting DropDuplicatesFeatureGenerator...
	Stage 5 Generators:
		Fitting DropDuplicatesFeatureGenerator...
	Stage 5 Generators:
		Fitting DropDuplicatesFeatureGenerator...
	Stage 5 Generators:
		Fitting DropDuplicatesFeatureGenerator...
	Types of features in original data (raw dtype, special dtypes):
		('int', []) : 96 | ['A[C>A]A', 'A[C>A]C', 'A[C>A]G', 'A[C>A]T', 'A[C>G]A', ...]
	Types of features in processed data (raw dtype, special dtypes):
	Stage 5 Generators:
		('int', []) : 96 | ['A[C>A]A', 'A[C>A]C', 'A[C>A]G', 'A[C>A]T', 'A[C>G]A', ...]
		Fitting DropDuplicatesFeatureGenerator...
	Stage 5 Generators:
	18.9s = Fit runtime
		Fitting DropDuplicatesFeatureGenerator...
	96 features in original data used to generate 96 features in processed data.
	Types of features in original data (raw dtype, special dtypes):
	Types of features in original data (raw dtype, special dtypes):
		('int', []) : 96 | ['A[C>A]A', 'A[C>A]C', 'A[C>A]G', 'A[C>A]T', 'A[C>G]A', ...]
		('int', []) : 96 | ['A[C>A]A', 'A[C>A]C', 'A[C>A]G', 'A[C>A]T', 'A[C>G]A', ...]
	Types of features in processed data (raw dtype, special dtypes):
	Types of features in processed data (raw dtype, special dtypes):
		('int', []) : 96 | ['A[C>A]A', 'A[C>A]C', 'A[C>A]G', 'A[C>A]T', 'A[C>G]A', ...]
		('int', []) : 96 | ['A[C>A]A', 'A[C>A]C', 'A[C>A]G', 'A[C>A]T', 'A[C>G]A', ...]
	Stage 5 Generators:
	19.4s = Fit runtime
	Stage 5 Generators:
	19.5s = Fit runtime
		Fitting DropDuplicatesFeatureGenerator...
	Train Data (Processed) Memory Usage: 10.62 MB (0.0% of available memory)
	96 features in original data used to generate 96 features in processed data.
		Fitting DropDuplicatesFeatureGenerator...
	96 features in original data used to generate 96 features in processed data.
	Types of features in original data (raw dtype, special dtypes):
	Types of features in original data (raw dtype, special dtypes):
	Stage 5 Generators:
	Stage 5 Generators:
		('int', []) : 96 | ['A[C>A]A', 'A[C>A]C', 'A[C>A]G', 'A[C>A]T', 'A[C>G]A', ...]
Data preprocessing and feature engineering runtime = 21.81s ...
		('int', []) : 96 | ['A[C>A]A', 'A[C>A]C', 'A[C>A]G', 'A[C>A]T', 'A[C>G]A', ...]
		Fitting DropDuplicatesFeatureGenerator...
		Fitting DropDuplicatesFeatureGenerator...
	Stage 5 Generators:
	Stage 5 Generators:
	Types of features in processed data (raw dtype, special dtypes):
	Train Data (Processed) Memory Usage: 10.62 MB (0.0% of available memory)
AutoGluon will gauge predictive performance using evaluation metric: 'accuracy'
	Types of features in processed data (raw dtype, special dtypes):
	Types of features in original data (raw dtype, special dtypes):
		Fitting DropDuplicatesFeatureGenerator...
	Train Data (Processed) Memory Usage: 10.62 MB (0.0% of available memory)
		Fitting DropDuplicatesFeatureGenerator...
	Types of features in original data (raw dtype, special dtypes):
		('int', []) : 96 | ['A[C>A]A', 'A[C>A]C', 'A[C>A]G', 'A[C>A]T', 'A[C>G]A', ...]
	Types of features in original data (raw dtype, special dtypes):
	To change this, specify the eval_metric parameter of Predictor()
Data preprocessing and feature engineering runtime = 23.88s ...
		('int', []) : 96 | ['A[C>A]A', 'A[C>A]C', 'A[C>A]G', 'A[C>A]T', 'A[C>G]A', ...]
	Types of features in original data (raw dtype, special dtypes):
		('int', []) : 96 | ['A[C>A]A', 'A[C>A]C', 'A[C>A]G', 'A[C>A]T', 'A[C>G]A', ...]
Data preprocessing and feature engineering runtime = 24.51s ...
	Types of features in original data (raw dtype, special dtypes):
		('int', []) : 96 | ['A[C>A]A', 'A[C>A]C', 'A[C>A]G', 'A[C>A]T', 'A[C>G]A', ...]
	20.8s = Fit runtime
		('int', []) : 96 | ['A[C>A]A', 'A[C>A]C', 'A[C>A]G', 'A[C>A]T', 'A[C>G]A', ...]
	Types of features in original data (raw dtype, special dtypes):
AutoGluon will gauge predictive performance using evaluation metric: 'accuracy'
	20.7s = Fit runtime
		('int', []) : 96 | ['A[C>A]A', 'A[C>A]C', 'A[C>A]G', 'A[C>A]T', 'A[C>G]A', ...]
	Types of features in processed data (raw dtype, special dtypes):
AutoGluon will gauge predictive performance using evaluation metric: 'accuracy'
		('int', []) : 96 | ['A[C>A]A', 'A[C>A]C', 'A[C>A]G', 'A[C>A]T', 'A[C>G]A', ...]
	Types of features in processed data (raw dtype, special dtypes):
	96 features in original data used to generate 96 features in processed data.
	Types of features in processed data (raw dtype, special dtypes):
		('int', []) : 96 | ['A[C>A]A', 'A[C>A]C', 'A[C>A]G', 'A[C>A]T', 'A[C>G]A', ...]
	Types of features in original data (raw dtype, special dtypes):
	To change this, specify the eval_metric parameter of Predictor()
	Types of features in original data (raw dtype, special dtypes):
	96 features in original data used to generate 96 features in processed data.
	Types of features in original data (raw dtype, special dtypes):
	Types of features in processed data (raw dtype, special dtypes):
Automatically generating train/validation split with holdout_frac=0.1, Train Rows: 13045, Val Rows: 1450
		('int', []) : 96 | ['A[C>A]A', 'A[C>A]C', 'A[C>A]G', 'A[C>A]T', 'A[C>G]A', ...]
	To change this, specify the eval_metric parameter of Predictor()
	Types of features in processed data (raw dtype, special dtypes):
		('int', []) : 96 | ['A[C>A]A', 'A[C>A]C', 'A[C>A]G', 'A[C>A]T', 'A[C>G]A', ...]
		('int', []) : 96 | ['A[C>A]A', 'A[C>A]C', 'A[C>A]G', 'A[C>A]T', 'A[C>G]A', ...]
	Types of features in processed data (raw dtype, special dtypes):
		('int', []) : 96 | ['A[C>A]A', 'A[C>A]C', 'A[C>A]G', 'A[C>A]T', 'A[C>G]A', ...]
		('int', []) : 96 | ['A[C>A]A', 'A[C>A]C', 'A[C>A]G', 'A[C>A]T', 'A[C>G]A', ...]
		('int', []) : 96 | ['A[C>A]A', 'A[C>A]C', 'A[C>A]G', 'A[C>A]T', 'A[C>G]A', ...]
	Train Data (Processed) Memory Usage: 10.62 MB (0.0% of available memory)
		('int', []) : 96 | ['A[C>A]A', 'A[C>A]C', 'A[C>A]G', 'A[C>A]T', 'A[C>G]A', ...]
User-specified model hyperparameters to be fit:
{
	'NN_TORCH': {},
	'GBM': [{'extra_trees': True, 'ag_args': {'name_suffix': 'XT'}}, {}, 'GBMLarge'],
	'CAT': {},
	'XGB': {},
	'FASTAI': {},
	'RF': [{'criterion': 'gini', 'ag_args': {'name_suffix': 'Gini', 'problem_types': ['binary', 'multiclass']}}, {'criterion': 'entropy', 'ag_args': {'name_suffix': 'Entr', 'problem_types': ['binary', 'multiclass']}}, {'criterion': 'squared_error', 'ag_args': {'name_suffix': 'MSE', 'problem_types': ['regression', 'quantile']}}],
	'XT': [{'criterion': 'gini', 'ag_args': {'name_suffix': 'Gini', 'problem_types': ['binary', 'multiclass']}}, {'criterion': 'entropy', 'ag_args': {'name_suffix': 'Entr', 'problem_types': ['binary', 'multiclass']}}, {'criterion': 'squared_error', 'ag_args': {'name_suffix': 'MSE', 'problem_types': ['regression', 'quantile']}}],
	'KNN': [{'weights': 'uniform', 'ag_args': {'name_suffix': 'Unif'}}, {'weights': 'distance', 'ag_args': {'name_suffix': 'Dist'}}],
}
	Types of features in original data (raw dtype, special dtypes):
	22.1s = Fit runtime
	Train Data (Processed) Memory Usage: 10.62 MB (0.0% of available memory)
		('int', []) : 96 | ['A[C>A]A', 'A[C>A]C', 'A[C>A]G', 'A[C>A]T', 'A[C>G]A', ...]
	Types of features in original data (raw dtype, special dtypes):
	22.6s = Fit runtime
	23.1s = Fit runtime
		('int', []) : 96 | ['A[C>A]A', 'A[C>A]C', 'A[C>A]G', 'A[C>A]T', 'A[C>G]A', ...]
	Types of features in processed data (raw dtype, special dtypes):
	Types of features in processed data (raw dtype, special dtypes):
	Types of features in processed data (raw dtype, special dtypes):
	23.5s = Fit runtime
		('int', []) : 96 | ['A[C>A]A', 'A[C>A]C', 'A[C>A]G', 'A[C>A]T', 'A[C>G]A', ...]
	96 features in original data used to generate 96 features in processed data.
	24.0s = Fit runtime
		('int', []) : 96 | ['A[C>A]A', 'A[C>A]C', 'A[C>A]G', 'A[C>A]T', 'A[C>G]A', ...]
Data preprocessing and feature engineering runtime = 27.03s ...
	96 features in original data used to generate 96 features in processed data.
Data preprocessing and feature engineering runtime = 27.04s ...
Automatically generating train/validation split with holdout_frac=0.1, Train Rows: 13045, Val Rows: 1450
	96 features in original data used to generate 96 features in processed data.
	24.3s = Fit runtime
		('int', []) : 96 | ['A[C>A]A', 'A[C>A]C', 'A[C>A]G', 'A[C>A]T', 'A[C>G]A', ...]
		('int', []) : 96 | ['A[C>A]A', 'A[C>A]C', 'A[C>A]G', 'A[C>A]T', 'A[C>G]A', ...]
		('int', []) : 96 | ['A[C>A]A', 'A[C>A]C', 'A[C>A]G', 'A[C>A]T', 'A[C>G]A', ...]
	96 features in original data used to generate 96 features in processed data.
	Types of features in processed data (raw dtype, special dtypes):
	96 features in original data used to generate 96 features in processed data.
	Types of features in processed data (raw dtype, special dtypes):
AutoGluon will gauge predictive performance using evaluation metric: 'accuracy'
Automatically generating train/validation split with holdout_frac=0.1, Train Rows: 13045, Val Rows: 1450
AutoGluon will gauge predictive performance using evaluation metric: 'accuracy'
	Train Data (Processed) Memory Usage: 10.62 MB (0.0% of available memory)
User-specified model hyperparameters to be fit:
{
	'NN_TORCH': {},
	'GBM': [{'extra_trees': True, 'ag_args': {'name_suffix': 'XT'}}, {}, 'GBMLarge'],
	'CAT': {},
	'XGB': {},
	'FASTAI': {},
	'RF': [{'criterion': 'gini', 'ag_args': {'name_suffix': 'Gini', 'problem_types': ['binary', 'multiclass']}}, {'criterion': 'entropy', 'ag_args': {'name_suffix': 'Entr', 'problem_types': ['binary', 'multiclass']}}, {'criterion': 'squared_error', 'ag_args': {'name_suffix': 'MSE', 'problem_types': ['regression', 'quantile']}}],
	'XT': [{'criterion': 'gini', 'ag_args': {'name_suffix': 'Gini', 'problem_types': ['binary', 'multiclass']}}, {'criterion': 'entropy', 'ag_args': {'name_suffix': 'Entr', 'problem_types': ['binary', 'multiclass']}}, {'criterion': 'squared_error', 'ag_args': {'name_suffix': 'MSE', 'problem_types': ['regression', 'quantile']}}],
	'KNN': [{'weights': 'uniform', 'ag_args': {'name_suffix': 'Unif'}}, {'weights': 'distance', 'ag_args': {'name_suffix': 'Dist'}}],
}
	96 features in original data used to generate 96 features in processed data.
	25.0s = Fit runtime
	24.3s = Fit runtime
	Train Data (Processed) Memory Usage: 10.62 MB (0.0% of available memory)
	24.6s = Fit runtime
	Train Data (Processed) Memory Usage: 10.62 MB (0.0% of available memory)
		('int', []) : 96 | ['A[C>A]A', 'A[C>A]C', 'A[C>A]G', 'A[C>A]T', 'A[C>G]A', ...]
		('int', []) : 96 | ['A[C>A]A', 'A[C>A]C', 'A[C>A]G', 'A[C>A]T', 'A[C>G]A', ...]
	To change this, specify the eval_metric parameter of Predictor()
User-specified model hyperparameters to be fit:
{
	'NN_TORCH': {},
	'GBM': [{'extra_trees': True, 'ag_args': {'name_suffix': 'XT'}}, {}, 'GBMLarge'],
	'CAT': {},
	'XGB': {},
	'FASTAI': {},
	'RF': [{'criterion': 'gini', 'ag_args': {'name_suffix': 'Gini', 'problem_types': ['binary', 'multiclass']}}, {'criterion': 'entropy', 'ag_args': {'name_suffix': 'Entr', 'problem_types': ['binary', 'multiclass']}}, {'criterion': 'squared_error', 'ag_args': {'name_suffix': 'MSE', 'problem_types': ['regression', 'quantile']}}],
	'XT': [{'criterion': 'gini', 'ag_args': {'name_suffix': 'Gini', 'problem_types': ['binary', 'multiclass']}}, {'criterion': 'entropy', 'ag_args': {'name_suffix': 'Entr', 'problem_types': ['binary', 'multiclass']}}, {'criterion': 'squared_error', 'ag_args': {'name_suffix': 'MSE', 'problem_types': ['regression', 'quantile']}}],
	'KNN': [{'weights': 'uniform', 'ag_args': {'name_suffix': 'Unif'}}, {'weights': 'distance', 'ag_args': {'name_suffix': 'Dist'}}],
}
	To change this, specify the eval_metric parameter of Predictor()
	Train Data (Processed) Memory Usage: 10.62 MB (0.0% of available memory)
	Train Data (Processed) Memory Usage: 10.62 MB (0.0% of available memory)
	96 features in original data used to generate 96 features in processed data.
	96 features in original data used to generate 96 features in processed data.
Fitting 13 L1 models ...
Data preprocessing and feature engineering runtime = 27.47s ...
Data preprocessing and feature engineering runtime = 27.5s ...
	96 features in original data used to generate 96 features in processed data.
	26.3s = Fit runtime
Data preprocessing and feature engineering runtime = 27.56s ...
	25.9s = Fit runtime
	Train Data (Processed) Memory Usage: 10.62 MB (0.0% of available memory)
Data preprocessing and feature engineering runtime = 27.6s ...
Data preprocessing and feature engineering runtime = 27.62s ...
Fitting model: KNeighborsUnif ...
AutoGluon will gauge predictive performance using evaluation metric: 'accuracy'
	Train Data (Processed) Memory Usage: 10.62 MB (0.0% of available memory)
AutoGluon will gauge predictive performance using evaluation metric: 'accuracy'
	Train Data (Processed) Memory Usage: 10.62 MB (0.0% of available memory)
	96 features in original data used to generate 96 features in processed data.
AutoGluon will gauge predictive performance using evaluation metric: 'accuracy'
	96 features in original data used to generate 96 features in processed data.
AutoGluon will gauge predictive performance using evaluation metric: 'accuracy'
Data preprocessing and feature engineering runtime = 27.84s ...
AutoGluon will gauge predictive performance using evaluation metric: 'accuracy'
	To change this, specify the eval_metric parameter of Predictor()
	Train Data (Processed) Memory Usage: 10.62 MB (0.0% of available memory)
	To change this, specify the eval_metric parameter of Predictor()
Data preprocessing and feature engineering runtime = 27.97s ...
Data preprocessing and feature engineering runtime = 28.0s ...
	To change this, specify the eval_metric parameter of Predictor()
	To change this, specify the eval_metric parameter of Predictor()
Automatically generating train/validation split with holdout_frac=0.1, Train Rows: 13045, Val Rows: 1450
AutoGluon will gauge predictive performance using evaluation metric: 'accuracy'
	To change this, specify the eval_metric parameter of Predictor()
Fitting 13 L1 models ...
Automatically generating train/validation split with holdout_frac=0.1, Train Rows: 13045, Val Rows: 1450
Data preprocessing and feature engineering runtime = 28.16s ...
Fitting 13 L1 models ...
	Train Data (Processed) Memory Usage: 10.62 MB (0.0% of available memory)
AutoGluon will gauge predictive performance using evaluation metric: 'accuracy'
AutoGluon will gauge predictive performance using evaluation metric: 'accuracy'
	Train Data (Processed) Memory Usage: 10.62 MB (0.0% of available memory)
User-specified model hyperparameters to be fit:
{
	'NN_TORCH': {},
	'GBM': [{'extra_trees': True, 'ag_args': {'name_suffix': 'XT'}}, {}, 'GBMLarge'],
	'CAT': {},
	'XGB': {},
	'FASTAI': {},
	'RF': [{'criterion': 'gini', 'ag_args': {'name_suffix': 'Gini', 'problem_types': ['binary', 'multiclass']}}, {'criterion': 'entropy', 'ag_args': {'name_suffix': 'Entr', 'problem_types': ['binary', 'multiclass']}}, {'criterion': 'squared_error', 'ag_args': {'name_suffix': 'MSE', 'problem_types': ['regression', 'quantile']}}],
	'XT': [{'criterion': 'gini', 'ag_args': {'name_suffix': 'Gini', 'problem_types': ['binary', 'multiclass']}}, {'criterion': 'entropy', 'ag_args': {'name_suffix': 'Entr', 'problem_types': ['binary', 'multiclass']}}, {'criterion': 'squared_error', 'ag_args': {'name_suffix': 'MSE', 'problem_types': ['regression', 'quantile']}}],
	'KNN': [{'weights': 'uniform', 'ag_args': {'name_suffix': 'Unif'}}, {'weights': 'distance', 'ag_args': {'name_suffix': 'Dist'}}],
}
	To change this, specify the eval_metric parameter of Predictor()
Fitting model: KNeighborsUnif ...
User-specified model hyperparameters to be fit:
{
	'NN_TORCH': {},
	'GBM': [{'extra_trees': True, 'ag_args': {'name_suffix': 'XT'}}, {}, 'GBMLarge'],
	'CAT': {},
	'XGB': {},
	'FASTAI': {},
	'RF': [{'criterion': 'gini', 'ag_args': {'name_suffix': 'Gini', 'problem_types': ['binary', 'multiclass']}}, {'criterion': 'entropy', 'ag_args': {'name_suffix': 'Entr', 'problem_types': ['binary', 'multiclass']}}, {'criterion': 'squared_error', 'ag_args': {'name_suffix': 'MSE', 'problem_types': ['regression', 'quantile']}}],
	'XT': [{'criterion': 'gini', 'ag_args': {'name_suffix': 'Gini', 'problem_types': ['binary', 'multiclass']}}, {'criterion': 'entropy', 'ag_args': {'name_suffix': 'Entr', 'problem_types': ['binary', 'multiclass']}}, {'criterion': 'squared_error', 'ag_args': {'name_suffix': 'MSE', 'problem_types': ['regression', 'quantile']}}],
	'KNN': [{'weights': 'uniform', 'ag_args': {'name_suffix': 'Unif'}}, {'weights': 'distance', 'ag_args': {'name_suffix': 'Dist'}}],
}
AutoGluon will gauge predictive performance using evaluation metric: 'accuracy'
Fitting model: KNeighborsUnif ...
	To change this, specify the eval_metric parameter of Predictor()
	To change this, specify the eval_metric parameter of Predictor()
Data preprocessing and feature engineering runtime = 28.5s ...
Data preprocessing and feature engineering runtime = 28.47s ...
Automatically generating train/validation split with holdout_frac=0.1, Train Rows: 13045, Val Rows: 1450
	To change this, specify the eval_metric parameter of Predictor()
Automatically generating train/validation split with holdout_frac=0.1, Train Rows: 13045, Val Rows: 1450
Automatically generating train/validation split with holdout_frac=0.1, Train Rows: 13045, Val Rows: 1450
AutoGluon will gauge predictive performance using evaluation metric: 'accuracy'
AutoGluon will gauge predictive performance using evaluation metric: 'accuracy'
Automatically generating train/validation split with holdout_frac=0.1, Train Rows: 13045, Val Rows: 1450
Automatically generating train/validation split with holdout_frac=0.1, Train Rows: 13045, Val Rows: 1450
User-specified model hyperparameters to be fit:
{
	'NN_TORCH': {},
	'GBM': [{'extra_trees': True, 'ag_args': {'name_suffix': 'XT'}}, {}, 'GBMLarge'],
	'CAT': {},
	'XGB': {},
	'FASTAI': {},
	'RF': [{'criterion': 'gini', 'ag_args': {'name_suffix': 'Gini', 'problem_types': ['binary', 'multiclass']}}, {'criterion': 'entropy', 'ag_args': {'name_suffix': 'Entr', 'problem_types': ['binary', 'multiclass']}}, {'criterion': 'squared_error', 'ag_args': {'name_suffix': 'MSE', 'problem_types': ['regression', 'quantile']}}],
	'XT': [{'criterion': 'gini', 'ag_args': {'name_suffix': 'Gini', 'problem_types': ['binary', 'multiclass']}}, {'criterion': 'entropy', 'ag_args': {'name_suffix': 'Entr', 'problem_types': ['binary', 'multiclass']}}, {'criterion': 'squared_error', 'ag_args': {'name_suffix': 'MSE', 'problem_types': ['regression', 'quantile']}}],
	'KNN': [{'weights': 'uniform', 'ag_args': {'name_suffix': 'Unif'}}, {'weights': 'distance', 'ag_args': {'name_suffix': 'Dist'}}],
}
User-specified model hyperparameters to be fit:
{
	'NN_TORCH': {},
	'GBM': [{'extra_trees': True, 'ag_args': {'name_suffix': 'XT'}}, {}, 'GBMLarge'],
	'CAT': {},
	'XGB': {},
	'FASTAI': {},
	'RF': [{'criterion': 'gini', 'ag_args': {'name_suffix': 'Gini', 'problem_types': ['binary', 'multiclass']}}, {'criterion': 'entropy', 'ag_args': {'name_suffix': 'Entr', 'problem_types': ['binary', 'multiclass']}}, {'criterion': 'squared_error', 'ag_args': {'name_suffix': 'MSE', 'problem_types': ['regression', 'quantile']}}],
	'XT': [{'criterion': 'gini', 'ag_args': {'name_suffix': 'Gini', 'problem_types': ['binary', 'multiclass']}}, {'criterion': 'entropy', 'ag_args': {'name_suffix': 'Entr', 'problem_types': ['binary', 'multiclass']}}, {'criterion': 'squared_error', 'ag_args': {'name_suffix': 'MSE', 'problem_types': ['regression', 'quantile']}}],
	'KNN': [{'weights': 'uniform', 'ag_args': {'name_suffix': 'Unif'}}, {'weights': 'distance', 'ag_args': {'name_suffix': 'Dist'}}],
}
User-specified model hyperparameters to be fit:
{
	'NN_TORCH': {},
	'GBM': [{'extra_trees': True, 'ag_args': {'name_suffix': 'XT'}}, {}, 'GBMLarge'],
	'CAT': {},
	'XGB': {},
	'FASTAI': {},
	'RF': [{'criterion': 'gini', 'ag_args': {'name_suffix': 'Gini', 'problem_types': ['binary', 'multiclass']}}, {'criterion': 'entropy', 'ag_args': {'name_suffix': 'Entr', 'problem_types': ['binary', 'multiclass']}}, {'criterion': 'squared_error', 'ag_args': {'name_suffix': 'MSE', 'problem_types': ['regression', 'quantile']}}],
	'XT': [{'criterion': 'gini', 'ag_args': {'name_suffix': 'Gini', 'problem_types': ['binary', 'multiclass']}}, {'criterion': 'entropy', 'ag_args': {'name_suffix': 'Entr', 'problem_types': ['binary', 'multiclass']}}, {'criterion': 'squared_error', 'ag_args': {'name_suffix': 'MSE', 'problem_types': ['regression', 'quantile']}}],
	'KNN': [{'weights': 'uniform', 'ag_args': {'name_suffix': 'Unif'}}, {'weights': 'distance', 'ag_args': {'name_suffix': 'Dist'}}],
}
	To change this, specify the eval_metric parameter of Predictor()
	To change this, specify the eval_metric parameter of Predictor()
User-specified model hyperparameters to be fit:
{
	'NN_TORCH': {},
	'GBM': [{'extra_trees': True, 'ag_args': {'name_suffix': 'XT'}}, {}, 'GBMLarge'],
	'CAT': {},
	'XGB': {},
	'FASTAI': {},
	'RF': [{'criterion': 'gini', 'ag_args': {'name_suffix': 'Gini', 'problem_types': ['binary', 'multiclass']}}, {'criterion': 'entropy', 'ag_args': {'name_suffix': 'Entr', 'problem_types': ['binary', 'multiclass']}}, {'criterion': 'squared_error', 'ag_args': {'name_suffix': 'MSE', 'problem_types': ['regression', 'quantile']}}],
	'XT': [{'criterion': 'gini', 'ag_args': {'name_suffix': 'Gini', 'problem_types': ['binary', 'multiclass']}}, {'criterion': 'entropy', 'ag_args': {'name_suffix': 'Entr', 'problem_types': ['binary', 'multiclass']}}, {'criterion': 'squared_error', 'ag_args': {'name_suffix': 'MSE', 'problem_types': ['regression', 'quantile']}}],
	'KNN': [{'weights': 'uniform', 'ag_args': {'name_suffix': 'Unif'}}, {'weights': 'distance', 'ag_args': {'name_suffix': 'Dist'}}],
}
User-specified model hyperparameters to be fit:
{
	'NN_TORCH': {},
	'GBM': [{'extra_trees': True, 'ag_args': {'name_suffix': 'XT'}}, {}, 'GBMLarge'],
	'CAT': {},
	'XGB': {},
	'FASTAI': {},
	'RF': [{'criterion': 'gini', 'ag_args': {'name_suffix': 'Gini', 'problem_types': ['binary', 'multiclass']}}, {'criterion': 'entropy', 'ag_args': {'name_suffix': 'Entr', 'problem_types': ['binary', 'multiclass']}}, {'criterion': 'squared_error', 'ag_args': {'name_suffix': 'MSE', 'problem_types': ['regression', 'quantile']}}],
	'XT': [{'criterion': 'gini', 'ag_args': {'name_suffix': 'Gini', 'problem_types': ['binary', 'multiclass']}}, {'criterion': 'entropy', 'ag_args': {'name_suffix': 'Entr', 'problem_types': ['binary', 'multiclass']}}, {'criterion': 'squared_error', 'ag_args': {'name_suffix': 'MSE', 'problem_types': ['regression', 'quantile']}}],
	'KNN': [{'weights': 'uniform', 'ag_args': {'name_suffix': 'Unif'}}, {'weights': 'distance', 'ag_args': {'name_suffix': 'Dist'}}],
}
Automatically generating train/validation split with holdout_frac=0.1, Train Rows: 13045, Val Rows: 1450
User-specified model hyperparameters to be fit:
{
	'NN_TORCH': {},
	'GBM': [{'extra_trees': True, 'ag_args': {'name_suffix': 'XT'}}, {}, 'GBMLarge'],
	'CAT': {},
	'XGB': {},
	'FASTAI': {},
	'RF': [{'criterion': 'gini', 'ag_args': {'name_suffix': 'Gini', 'problem_types': ['binary', 'multiclass']}}, {'criterion': 'entropy', 'ag_args': {'name_suffix': 'Entr', 'problem_types': ['binary', 'multiclass']}}, {'criterion': 'squared_error', 'ag_args': {'name_suffix': 'MSE', 'problem_types': ['regression', 'quantile']}}],
	'XT': [{'criterion': 'gini', 'ag_args': {'name_suffix': 'Gini', 'problem_types': ['binary', 'multiclass']}}, {'criterion': 'entropy', 'ag_args': {'name_suffix': 'Entr', 'problem_types': ['binary', 'multiclass']}}, {'criterion': 'squared_error', 'ag_args': {'name_suffix': 'MSE', 'problem_types': ['regression', 'quantile']}}],
	'KNN': [{'weights': 'uniform', 'ag_args': {'name_suffix': 'Unif'}}, {'weights': 'distance', 'ag_args': {'name_suffix': 'Dist'}}],
}
Automatically generating train/validation split with holdout_frac=0.1, Train Rows: 13045, Val Rows: 1450
User-specified model hyperparameters to be fit:
{
	'NN_TORCH': {},
	'GBM': [{'extra_trees': True, 'ag_args': {'name_suffix': 'XT'}}, {}, 'GBMLarge'],
	'CAT': {},
	'XGB': {},
	'FASTAI': {},
	'RF': [{'criterion': 'gini', 'ag_args': {'name_suffix': 'Gini', 'problem_types': ['binary', 'multiclass']}}, {'criterion': 'entropy', 'ag_args': {'name_suffix': 'Entr', 'problem_types': ['binary', 'multiclass']}}, {'criterion': 'squared_error', 'ag_args': {'name_suffix': 'MSE', 'problem_types': ['regression', 'quantile']}}],
	'XT': [{'criterion': 'gini', 'ag_args': {'name_suffix': 'Gini', 'problem_types': ['binary', 'multiclass']}}, {'criterion': 'entropy', 'ag_args': {'name_suffix': 'Entr', 'problem_types': ['binary', 'multiclass']}}, {'criterion': 'squared_error', 'ag_args': {'name_suffix': 'MSE', 'problem_types': ['regression', 'quantile']}}],
	'KNN': [{'weights': 'uniform', 'ag_args': {'name_suffix': 'Unif'}}, {'weights': 'distance', 'ag_args': {'name_suffix': 'Dist'}}],
}
Automatically generating train/validation split with holdout_frac=0.1, Train Rows: 13045, Val Rows: 1450
User-specified model hyperparameters to be fit:
{
	'NN_TORCH': {},
	'GBM': [{'extra_trees': True, 'ag_args': {'name_suffix': 'XT'}}, {}, 'GBMLarge'],
	'CAT': {},
	'XGB': {},
	'FASTAI': {},
	'RF': [{'criterion': 'gini', 'ag_args': {'name_suffix': 'Gini', 'problem_types': ['binary', 'multiclass']}}, {'criterion': 'entropy', 'ag_args': {'name_suffix': 'Entr', 'problem_types': ['binary', 'multiclass']}}, {'criterion': 'squared_error', 'ag_args': {'name_suffix': 'MSE', 'problem_types': ['regression', 'quantile']}}],
	'XT': [{'criterion': 'gini', 'ag_args': {'name_suffix': 'Gini', 'problem_types': ['binary', 'multiclass']}}, {'criterion': 'entropy', 'ag_args': {'name_suffix': 'Entr', 'problem_types': ['binary', 'multiclass']}}, {'criterion': 'squared_error', 'ag_args': {'name_suffix': 'MSE', 'problem_types': ['regression', 'quantile']}}],
	'KNN': [{'weights': 'uniform', 'ag_args': {'name_suffix': 'Unif'}}, {'weights': 'distance', 'ag_args': {'name_suffix': 'Dist'}}],
}
Automatically generating train/validation split with holdout_frac=0.1, Train Rows: 13045, Val Rows: 1450
Automatically generating train/validation split with holdout_frac=0.1, Train Rows: 13045, Val Rows: 1450
User-specified model hyperparameters to be fit:
{
	'NN_TORCH': {},
	'GBM': [{'extra_trees': True, 'ag_args': {'name_suffix': 'XT'}}, {}, 'GBMLarge'],
	'CAT': {},
	'XGB': {},
	'FASTAI': {},
	'RF': [{'criterion': 'gini', 'ag_args': {'name_suffix': 'Gini', 'problem_types': ['binary', 'multiclass']}}, {'criterion': 'entropy', 'ag_args': {'name_suffix': 'Entr', 'problem_types': ['binary', 'multiclass']}}, {'criterion': 'squared_error', 'ag_args': {'name_suffix': 'MSE', 'problem_types': ['regression', 'quantile']}}],
	'XT': [{'criterion': 'gini', 'ag_args': {'name_suffix': 'Gini', 'problem_types': ['binary', 'multiclass']}}, {'criterion': 'entropy', 'ag_args': {'name_suffix': 'Entr', 'problem_types': ['binary', 'multiclass']}}, {'criterion': 'squared_error', 'ag_args': {'name_suffix': 'MSE', 'problem_types': ['regression', 'quantile']}}],
	'KNN': [{'weights': 'uniform', 'ag_args': {'name_suffix': 'Unif'}}, {'weights': 'distance', 'ag_args': {'name_suffix': 'Dist'}}],
}
Automatically generating train/validation split with holdout_frac=0.1, Train Rows: 13045, Val Rows: 1450
User-specified model hyperparameters to be fit:
{
	'NN_TORCH': {},
	'GBM': [{'extra_trees': True, 'ag_args': {'name_suffix': 'XT'}}, {}, 'GBMLarge'],
	'CAT': {},
	'XGB': {},
	'FASTAI': {},
	'RF': [{'criterion': 'gini', 'ag_args': {'name_suffix': 'Gini', 'problem_types': ['binary', 'multiclass']}}, {'criterion': 'entropy', 'ag_args': {'name_suffix': 'Entr', 'problem_types': ['binary', 'multiclass']}}, {'criterion': 'squared_error', 'ag_args': {'name_suffix': 'MSE', 'problem_types': ['regression', 'quantile']}}],
	'XT': [{'criterion': 'gini', 'ag_args': {'name_suffix': 'Gini', 'problem_types': ['binary', 'multiclass']}}, {'criterion': 'entropy', 'ag_args': {'name_suffix': 'Entr', 'problem_types': ['binary', 'multiclass']}}, {'criterion': 'squared_error', 'ag_args': {'name_suffix': 'MSE', 'problem_types': ['regression', 'quantile']}}],
	'KNN': [{'weights': 'uniform', 'ag_args': {'name_suffix': 'Unif'}}, {'weights': 'distance', 'ag_args': {'name_suffix': 'Dist'}}],
}
User-specified model hyperparameters to be fit:
{
	'NN_TORCH': {},
	'GBM': [{'extra_trees': True, 'ag_args': {'name_suffix': 'XT'}}, {}, 'GBMLarge'],
	'CAT': {},
	'XGB': {},
	'FASTAI': {},
	'RF': [{'criterion': 'gini', 'ag_args': {'name_suffix': 'Gini', 'problem_types': ['binary', 'multiclass']}}, {'criterion': 'entropy', 'ag_args': {'name_suffix': 'Entr', 'problem_types': ['binary', 'multiclass']}}, {'criterion': 'squared_error', 'ag_args': {'name_suffix': 'MSE', 'problem_types': ['regression', 'quantile']}}],
	'XT': [{'criterion': 'gini', 'ag_args': {'name_suffix': 'Gini', 'problem_types': ['binary', 'multiclass']}}, {'criterion': 'entropy', 'ag_args': {'name_suffix': 'Entr', 'problem_types': ['binary', 'multiclass']}}, {'criterion': 'squared_error', 'ag_args': {'name_suffix': 'MSE', 'problem_types': ['regression', 'quantile']}}],
	'KNN': [{'weights': 'uniform', 'ag_args': {'name_suffix': 'Unif'}}, {'weights': 'distance', 'ag_args': {'name_suffix': 'Dist'}}],
}
Fitting 13 L1 models ...
Fitting model: KNeighborsUnif ...
Fitting 13 L1 models ...
Fitting model: KNeighborsUnif ...
Fitting 13 L1 models ...
Fitting model: KNeighborsUnif ...
Fitting 13 L1 models ...
Fitting model: KNeighborsUnif ...
Fitting 13 L1 models ...
Fitting model: KNeighborsUnif ...
Fitting 13 L1 models ...
Fitting model: KNeighborsUnif ...
Fitting 13 L1 models ...
Fitting model: KNeighborsUnif ...
Fitting 13 L1 models ...
Fitting model: KNeighborsUnif ...
Fitting 13 L1 models ...
Fitting model: KNeighborsUnif ...
Fitting 13 L1 models ...
Fitting model: KNeighborsUnif ...
Fitting 13 L1 models ...
Fitting model: KNeighborsUnif ...
Fitting 13 L1 models ...
Fitting model: KNeighborsUnif ...
Fitting 13 L1 models ...
Fitting model: KNeighborsUnif ...
	0.9786	 = Validation score   (accuracy)
	18.98s	 = Training   runtime
	3.18s	 = Validation runtime
Fitting model: KNeighborsDist ...
	0.9772	 = Validation score   (accuracy)
	18.62s	 = Training   runtime
	3.57s	 = Validation runtime
Fitting model: KNeighborsDist ...
	0.9766	 = Validation score   (accuracy)
	20.52s	 = Training   runtime
	3.97s	 = Validation runtime
Fitting model: KNeighborsDist ...
	0.9779	 = Validation score   (accuracy)
	20.41s	 = Training   runtime
	4.18s	 = Validation runtime
	0.9793	 = Validation score   (accuracy)
	18.26s	 = Training   runtime
	3.99s	 = Validation runtime
Fitting model: KNeighborsDist ...
	0.9786	 = Validation score   (accuracy)
	14.2s	 = Training   runtime
	4.29s	 = Validation runtime
	0.9752	 = Validation score   (accuracy)
	18.49s	 = Training   runtime
	4.24s	 = Validation runtime
	0.9766	 = Validation score   (accuracy)
	18.42s	 = Training   runtime
	4.3s	 = Validation runtime
Fitting model: KNeighborsDist ...
	0.9766	 = Validation score   (accuracy)
	18.64s	 = Training   runtime
	4.18s	 = Validation runtime
	0.9793	 = Validation score   (accuracy)
	14.37s	 = Training   runtime
	4.25s	 = Validation runtime
Fitting model: KNeighborsDist ...
Fitting model: KNeighborsDist ...
Fitting model: KNeighborsDist ...
	0.9772	 = Validation score   (accuracy)
	18.62s	 = Training   runtime
	4.36s	 = Validation runtime
Fitting model: KNeighborsDist ...
	0.9772	 = Validation score   (accuracy)
	0.9772	 = Validation score   (accuracy)
	18.64s	 = Training   runtime
Fitting model: KNeighborsDist ...
	0.9793	 = Validation score   (accuracy)
	0.9786	 = Validation score   (accuracy)
	0.9793	 = Validation score   (accuracy)
	14.45s	 = Training   runtime
	4.33s	 = Validation runtime
Fitting model: KNeighborsDist ...
	21.46s	 = Training   runtime
	14.32s	 = Training   runtime
	14.3s	 = Training   runtime
	4.08s	 = Validation runtime
	4.38s	 = Validation runtime
	4.3s	 = Validation runtime
	4.42s	 = Validation runtime
Fitting model: KNeighborsDist ...
Fitting model: KNeighborsDist ...
Fitting model: KNeighborsDist ...
Fitting model: KNeighborsDist ...
Fitting model: KNeighborsDist ...
	0.9793	 = Validation score   (accuracy)
	0.95s	 = Training   runtime
	2.11s	 = Validation runtime
Fitting model: LightGBMXT ...
	0.9772	 = Validation score   (accuracy)
	1.1s	 = Training   runtime
	1.85s	 = Validation runtime
	0.9766	 = Validation score   (accuracy)
	0.61s	 = Training   runtime
	1.87s	 = Validation runtime
Fitting model: LightGBMXT ...
Fitting model: LightGBMXT ...
	0.9779	 = Validation score   (accuracy)
	1.88s	 = Training   runtime
	2.14s	 = Validation runtime
Fitting model: LightGBMXT ...
	0.9766	 = Validation score   (accuracy)
	1.71s	 = Training   runtime
	2.22s	 = Validation runtime
Fitting model: LightGBMXT ...
	0.9766	 = Validation score   (accuracy)
	1.93s	 = Training   runtime
	2.54s	 = Validation runtime
Fitting model: LightGBMXT ...
	0.9793	 = Validation score   (accuracy)
	2.5s	 = Training   runtime
	2.8s	 = Validation runtime
Fitting model: LightGBMXT ...
	0.9772	 = Validation score   (accuracy)
	2.32s	 = Training   runtime
	0.9772	 = Validation score   (accuracy)
	2.75s	 = Validation runtime
	2.65s	 = Training   runtime
	2.6s	 = Validation runtime
Fitting model: LightGBMXT ...
Fitting model: LightGBMXT ...
	0.98	 = Validation score   (accuracy)
	0.9752	 = Validation score   (accuracy)
	2.71s	 = Training   runtime
	2.62s	 = Training   runtime
	3.03s	 = Validation runtime
	3.08s	 = Validation runtime
Fitting model: LightGBMXT ...
Fitting model: LightGBMXT ...
	0.9786	 = Validation score   (accuracy)
	2.78s	 = Training   runtime
	3.51s	 = Validation runtime
	0.98	 = Validation score   (accuracy)
	2.87s	 = Training   runtime
	3.01s	 = Validation runtime
Fitting model: LightGBMXT ...
Fitting model: LightGBMXT ...
	0.9786	 = Validation score   (accuracy)
	2.78s	 = Training   runtime
	3.18s	 = Validation runtime
Fitting model: LightGBMXT ...
	0.9786	 = Validation score   (accuracy)
	0.9772	 = Validation score   (accuracy)
	2.71s	 = Training   runtime
	2.94s	 = Training   runtime
	3.41s	 = Validation runtime
	3.38s	 = Validation runtime
Fitting model: LightGBMXT ...
Fitting model: LightGBMXT ...
	0.9779	 = Validation score   (accuracy)
	367.99s	 = Training   runtime
	0.23s	 = Validation runtime
Fitting model: LightGBM ...
	0.9793	 = Validation score   (accuracy)
	388.92s	 = Training   runtime
	0.14s	 = Validation runtime
Fitting model: LightGBM ...
	0.9772	 = Validation score   (accuracy)
	484.59s	 = Training   runtime
	0.15s	 = Validation runtime
Fitting model: LightGBM ...
	0.9807	 = Validation score   (accuracy)
	509.89s	 = Training   runtime
	0.64s	 = Validation runtime
Fitting model: LightGBM ...
	0.9793	 = Validation score   (accuracy)
	530.71s	 = Training   runtime
	0.41s	 = Validation runtime
Fitting model: LightGBM ...
	0.9786	 = Validation score   (accuracy)
	546.1s	 = Training   runtime
	0.71s	 = Validation runtime
Fitting model: LightGBM ...
	0.98	 = Validation score   (accuracy)
	581.05s	 = Training   runtime
	0.54s	 = Validation runtime
Fitting model: LightGBM ...
	0.9807	 = Validation score   (accuracy)
	613.4s	 = Training   runtime
	0.64s	 = Validation runtime
Fitting model: LightGBM ...
	0.98	 = Validation score   (accuracy)
	609.37s	 = Training   runtime
	0.6s	 = Validation runtime
Fitting model: LightGBM ...
	0.9779	 = Validation score   (accuracy)
	615.95s	 = Training   runtime
	0.59s	 = Validation runtime
Fitting model: LightGBM ...
	0.9814	 = Validation score   (accuracy)
	637.21s	 = Training   runtime
	0.71s	 = Validation runtime
Fitting model: LightGBM ...
	0.9772	 = Validation score   (accuracy)
	726.64s	 = Training   runtime
	0.94s	 = Validation runtime
Fitting model: LightGBM ...
	0.9807	 = Validation score   (accuracy)
	733.6s	 = Training   runtime
	0.84s	 = Validation runtime
Fitting model: LightGBM ...
	0.9807	 = Validation score   (accuracy)
	756.93s	 = Training   runtime
	1.0s	 = Validation runtime
Fitting model: LightGBM ...
	0.9807	 = Validation score   (accuracy)
	780.07s	 = Training   runtime
	0.72s	 = Validation runtime
Fitting model: LightGBM ...
	0.9793	 = Validation score   (accuracy)
	430.88s	 = Training   runtime
	0.3s	 = Validation runtime
Fitting model: RandomForestGini ...
	0.9786	 = Validation score   (accuracy)
	804.84s	 = Training   runtime
	1.28s	 = Validation runtime
Fitting model: LightGBM ...
	0.9772	 = Validation score   (accuracy)
	442.93s	 = Training   runtime
	0.77s	 = Validation runtime
Fitting model: RandomForestGini ...
	0.9786	 = Validation score   (accuracy)
	321.8s	 = Training   runtime
	0.36s	 = Validation runtime
Fitting model: RandomForestGini ...
	0.9786	 = Validation score   (accuracy)
	70.87s	 = Training   runtime
	3.94s	 = Validation runtime
Fitting model: RandomForestEntr ...
	0.9779	 = Validation score   (accuracy)
	120.96s	 = Training   runtime
	4.69s	 = Validation runtime
Fitting model: RandomForestEntr ...
	0.9766	 = Validation score   (accuracy)
	481.03s	 = Training   runtime
	0.2s	 = Validation runtime
Fitting model: RandomForestGini ...
	0.9759	 = Validation score   (accuracy)
	107.74s	 = Training   runtime
	5.54s	 = Validation runtime
Fitting model: RandomForestEntr ...
	0.9779	 = Validation score   (accuracy)
	89.8s	 = Training   runtime
	5.18s	 = Validation runtime
Fitting model: CatBoost ...
TBB Warning: The number of workers is currently limited to 15. The request for 271 workers is ignored. Further requests for more workers will be silently ignored until the limit changes.

	0.9793	 = Validation score   (accuracy)
	440.34s	 = Training   runtime
	0.39s	 = Validation runtime
Fitting model: RandomForestGini ...
	0.9807	 = Validation score   (accuracy)
	482.17s	 = Training   runtime
	0.81s	 = Validation runtime
Fitting model: RandomForestGini ...
	0.9786	 = Validation score   (accuracy)
	420.5s	 = Training   runtime
	0.65s	 = Validation runtime
Fitting model: RandomForestGini ...
	0.9786	 = Validation score   (accuracy)
	422.92s	 = Training   runtime
	0.53s	 = Validation runtime
Fitting model: RandomForestGini ...
	0.9807	 = Validation score   (accuracy)
	426.68s	 = Training   runtime
	1.86s	 = Validation runtime
Fitting model: RandomForestGini ...
	0.9745	 = Validation score   (accuracy)
	97.82s	 = Training   runtime
	13.61s	 = Validation runtime
Fitting model: RandomForestEntr ...
	0.9759	 = Validation score   (accuracy)
	93.98s	 = Training   runtime
	11.04s	 = Validation runtime
Fitting model: CatBoost ...
	0.9786	 = Validation score   (accuracy)
	112.87s	 = Training   runtime
	10.9s	 = Validation runtime
Fitting model: CatBoost ...
	0.9759	 = Validation score   (accuracy)
	393.08s	 = Training   runtime
	3.07s	 = Validation runtime
Fitting model: RandomForestGini ...
	0.9779	 = Validation score   (accuracy)
	541.34s	 = Training   runtime
	1.72s	 = Validation runtime
Fitting model: RandomForestGini ...
	0.9752	 = Validation score   (accuracy)
	402.2s	 = Training   runtime
	1.32s	 = Validation runtime
Fitting model: RandomForestGini ...
	0.9793	 = Validation score   (accuracy)
	182.4s	 = Training   runtime
	22.08s	 = Validation runtime
Fitting model: RandomForestEntr ...
	0.9772	 = Validation score   (accuracy)
	0.9779	 = Validation score   (accuracy)
	177.75s	 = Training   runtime
	185.17s	 = Training   runtime
	22.25s	 = Validation runtime
	22.18s	 = Validation runtime
Fitting model: RandomForestEntr ...
Fitting model: RandomForestEntr ...
	0.9752	 = Validation score   (accuracy)
	143.02s	 = Training   runtime
	21.12s	 = Validation runtime
Fitting model: RandomForestEntr ...
	0.9779	 = Validation score   (accuracy)
	149.53s	 = Training   runtime
	18.2s	 = Validation runtime
Fitting model: RandomForestEntr ...
	0.9752	 = Validation score   (accuracy)
	113.81s	 = Training   runtime
	0.9821	 = Validation score   (accuracy)
	19.14s	 = Validation runtime
	481.85s	 = Training   runtime
	1.1s	 = Validation runtime
Fitting model: CatBoost ...
Fitting model: RandomForestGini ...
	0.9786	 = Validation score   (accuracy)
	437.45s	 = Training   runtime
	1.04s	 = Validation runtime
Fitting model: RandomForestGini ...
	0.9752	 = Validation score   (accuracy)
	0.9793	 = Validation score   (accuracy)
	109.79s	 = Training   runtime
	629.4s	 = Training   runtime
	30.46s	 = Validation runtime
	1.3s	 = Validation runtime
Fitting model: RandomForestEntr ...
Fitting model: RandomForestGini ...
	0.9772	 = Validation score   (accuracy)
	104.1s	 = Training   runtime
	50.66s	 = Validation runtime
Fitting model: RandomForestEntr ...
	0.9772	 = Validation score   (accuracy)
	106.72s	 = Training   runtime
	53.96s	 = Validation runtime
Fitting model: RandomForestEntr ...
	0.9766	 = Validation score   (accuracy)
	129.23s	 = Training   runtime
	31.62s	 = Validation runtime
Fitting model: CatBoost ...
	0.9759	 = Validation score   (accuracy)
	140.0s	 = Training   runtime
	29.35s	 = Validation runtime
Fitting model: CatBoost ...
	0.9759	 = Validation score   (accuracy)
	148.89s	 = Training   runtime
	32.42s	 = Validation runtime
Fitting model: CatBoost ...
	0.9772	 = Validation score   (accuracy)
	144.63s	 = Training   runtime
	31.15s	 = Validation runtime
Fitting model: CatBoost ...
	0.9779	 = Validation score   (accuracy)
	138.67s	 = Training   runtime
	33.08s	 = Validation runtime
Fitting model: CatBoost ...
	0.9786	 = Validation score   (accuracy)
	153.45s	 = Training   runtime
	27.79s	 = Validation runtime
Fitting model: RandomForestEntr ...
	0.9759	 = Validation score   (accuracy)
	139.5s	 = Training   runtime
	21.85s	 = Validation runtime
Fitting model: RandomForestEntr ...
	0.9759	 = Validation score   (accuracy)
	133.16s	 = Training   runtime
	21.35s	 = Validation runtime
Fitting model: CatBoost ...
	0.9786	 = Validation score   (accuracy)
	156.09s	 = Training   runtime
	18.73s	 = Validation runtime
Fitting model: RandomForestEntr ...
	0.9779	 = Validation score   (accuracy)
	115.96s	 = Training   runtime
	16.06s	 = Validation runtime
Fitting model: CatBoost ...
	0.9759	 = Validation score   (accuracy)
	89.31s	 = Training   runtime
	13.72s	 = Validation runtime
Fitting model: CatBoost ...
	0.9779	 = Validation score   (accuracy)
	486.09s	 = Training   runtime
	1.21s	 = Validation runtime
Fitting model: ExtraTreesGini ...
	0.9772	 = Validation score   (accuracy)
	402.5s	 = Training   runtime
	0.95s	 = Validation runtime
Fitting model: ExtraTreesGini ...
	0.9766	 = Validation score   (accuracy)
	66.66s	 = Training   runtime
	11.19s	 = Validation runtime
Fitting model: CatBoost ...
	0.9772	 = Validation score   (accuracy)
	84.89s	 = Training   runtime
	9.15s	 = Validation runtime
Fitting model: CatBoost ...
	0.9779	 = Validation score   (accuracy)
	62.73s	 = Training   runtime
	14.13s	 = Validation runtime
	0.9772	 = Validation score   (accuracy)
	80.5s	 = Training   runtime
	12.75s	 = Validation runtime
Fitting model: ExtraTreesEntr ...
Fitting model: CatBoost ...
	0.9752	 = Validation score   (accuracy)
	57.97s	 = Training   runtime
	4.95s	 = Validation runtime
Fitting model: ExtraTreesEntr ...
	0.9814	 = Validation score   (accuracy)
	808.23s	 = Training   runtime
	1.93s	 = Validation runtime
Fitting model: RandomForestGini ...
	0.9766	 = Validation score   (accuracy)
	41.29s	 = Training   runtime
	10.53s	 = Validation runtime
Fitting model: NeuralNetFastAI ...
	0.9745	 = Validation score   (accuracy)
	43.43s	 = Training   runtime
	6.27s	 = Validation runtime
Fitting model: NeuralNetFastAI ...
	0.98	 = Validation score   (accuracy)
	516.21s	 = Training   runtime
	0.54s	 = Validation runtime
Fitting model: ExtraTreesGini ...
	0.9766	 = Validation score   (accuracy)
	245.95s	 = Training   runtime
	2.36s	 = Validation runtime
Fitting model: ExtraTreesGini ...
	0.9766	 = Validation score   (accuracy)
	221.56s	 = Training   runtime
	1.64s	 = Validation runtime
Fitting model: ExtraTreesGini ...
	0.9786	 = Validation score   (accuracy)
	274.48s	 = Training   runtime
	1.62s	 = Validation runtime
Fitting model: ExtraTreesGini ...
	0.9772	 = Validation score   (accuracy)
	451.63s	 = Training   runtime
	2.45s	 = Validation runtime
	0.9766	 = Validation score   (accuracy)
	179.71s	 = Training   runtime
	1.4s	 = Validation runtime
Fitting model: ExtraTreesGini ...
Fitting model: ExtraTreesGini ...
	0.9786	 = Validation score   (accuracy)
	288.66s	 = Training   runtime
	1.02s	 = Validation runtime
Fitting model: ExtraTreesGini ...
	0.9772	 = Validation score   (accuracy)
	54.92s	 = Training   runtime
	17.83s	 = Validation runtime
	0.9779	 = Validation score   (accuracy)
	91.25s	 = Training   runtime
	19.18s	 = Validation runtime
Fitting model: ExtraTreesEntr ...
Fitting model: RandomForestEntr ...
	0.9793	 = Validation score   (accuracy)
	310.92s	 = Training   runtime
	2.85s	 = Validation runtime
Fitting model: ExtraTreesGini ...
	0.9793	 = Validation score   (accuracy)
	245.19s	 = Training   runtime
	2.08s	 = Validation runtime
Fitting model: ExtraTreesGini ...
	0.9793	 = Validation score   (accuracy)
	180.28s	 = Training   runtime
	1.95s	 = Validation runtime
Fitting model: ExtraTreesGini ...
	0.9793	 = Validation score   (accuracy)
	364.55s	 = Training   runtime
	2.88s	 = Validation runtime
Fitting model: ExtraTreesGini ...
	0.9793	 = Validation score   (accuracy)
	283.67s	 = Training   runtime
	2.74s	 = Validation runtime
Fitting model: ExtraTreesGini ...
	0.9786	 = Validation score   (accuracy)
	266.93s	 = Training   runtime
	2.89s	 = Validation runtime
Fitting model: ExtraTreesGini ...
	0.9766	 = Validation score   (accuracy)
	97.21s	 = Training   runtime
	63.27s	 = Validation runtime
Fitting model: ExtraTreesEntr ...
	0.9731	 = Validation score   (accuracy)
	117.22s	 = Training   runtime
	58.83s	 = Validation runtime
Fitting model: ExtraTreesEntr ...
	0.9731	 = Validation score   (accuracy)
	137.92s	 = Training   runtime
	43.07s	 = Validation runtime
Fitting model: ExtraTreesEntr ...
	0.9759	 = Validation score   (accuracy)
	138.46s	 = Training   runtime
	0.9759	 = Validation score   (accuracy)
	46.48s	 = Validation runtime
	133.28s	 = Training   runtime
	49.09s	 = Validation runtime
Fitting model: ExtraTreesEntr ...
Fitting model: ExtraTreesEntr ...
	0.9772	 = Validation score   (accuracy)
	140.53s	 = Training   runtime
	48.43s	 = Validation runtime
Fitting model: ExtraTreesEntr ...
	0.9786	 = Validation score   (accuracy)
	144.64s	 = Training   runtime
	44.94s	 = Validation runtime
Fitting model: CatBoost ...
	0.9779	 = Validation score   (accuracy)
	141.94s	 = Training   runtime
	51.34s	 = Validation runtime
Fitting model: NeuralNetFastAI ...
	0.9779	 = Validation score   (accuracy)
	147.67s	 = Training   runtime
	38.16s	 = Validation runtime
Fitting model: ExtraTreesEntr ...
	0.9766	 = Validation score   (accuracy)
	146.69s	 = Training   runtime
	40.58s	 = Validation runtime
Fitting model: ExtraTreesEntr ...
	0.9766	 = Validation score   (accuracy)
	147.71s	 = Training   runtime
	31.39s	 = Validation runtime
Fitting model: ExtraTreesEntr ...
	0.9772	 = Validation score   (accuracy)
	131.82s	 = Training   runtime
	33.66s	 = Validation runtime
Fitting model: ExtraTreesEntr ...
	0.9745	 = Validation score   (accuracy)
	134.69s	 = Training   runtime
	36.4s	 = Validation runtime
Fitting model: ExtraTreesEntr ...
	0.9766	 = Validation score   (accuracy)
	121.35s	 = Training   runtime
	41.78s	 = Validation runtime
Fitting model: ExtraTreesEntr ...
	0.9759	 = Validation score   (accuracy)
	108.25s	 = Training   runtime
	40.72s	 = Validation runtime
Fitting model: NeuralNetFastAI ...
	0.9745	 = Validation score   (accuracy)
	94.53s	 = Training   runtime
	37.68s	 = Validation runtime
Fitting model: NeuralNetFastAI ...
	0.9752	 = Validation score   (accuracy)
	84.53s	 = Training   runtime
	36.21s	 = Validation runtime
	0.9759	 = Validation score   (accuracy)
	85.05s	 = Training   runtime
	35.16s	 = Validation runtime
Fitting model: NeuralNetFastAI ...
Fitting model: NeuralNetFastAI ...
	0.9759	 = Validation score   (accuracy)
	93.29s	 = Training   runtime
	42.78s	 = Validation runtime
Fitting model: NeuralNetFastAI ...
	0.9766	 = Validation score   (accuracy)
	87.66s	 = Training   runtime
	40.55s	 = Validation runtime
Fitting model: NeuralNetFastAI ...
	0.9772	 = Validation score   (accuracy)
	103.28s	 = Training   runtime
	22.27s	 = Validation runtime
Fitting model: NeuralNetFastAI ...
	0.9745	 = Validation score   (accuracy)
	101.26s	 = Training   runtime
	19.61s	 = Validation runtime
Fitting model: NeuralNetFastAI ...
	0.9759	 = Validation score   (accuracy)
	88.81s	 = Training   runtime
	15.44s	 = Validation runtime
Fitting model: NeuralNetFastAI ...
	0.9786	 = Validation score   (accuracy)
	98.9s	 = Training   runtime
	13.26s	 = Validation runtime
Fitting model: NeuralNetFastAI ...
	0.9752	 = Validation score   (accuracy)
	87.74s	 = Training   runtime
	11.65s	 = Validation runtime
Fitting model: NeuralNetFastAI ...
	0.9772	 = Validation score   (accuracy)
	79.23s	 = Training   runtime
	4.15s	 = Validation runtime
Fitting model: NeuralNetFastAI ...
	0.9793	 = Validation score   (accuracy)
	236.48s	 = Training   runtime
	0.24s	 = Validation runtime
Fitting model: ExtraTreesGini ...
	0.9772	 = Validation score   (accuracy)
	19.5s	 = Training   runtime
	4.67s	 = Validation runtime
Fitting model: ExtraTreesEntr ...
	0.9779	 = Validation score   (accuracy)
	19.45s	 = Training   runtime
	4.95s	 = Validation runtime
Fitting model: NeuralNetFastAI ...
No improvement since epoch 5: early stopping
	0.9752	 = Validation score   (accuracy)
	3037.84s	 = Training   runtime
	2.27s	 = Validation runtime
Fitting model: XGBoost ...
No improvement since epoch 5: early stopping
No improvement since epoch 5: early stopping
	0.9759	 = Validation score   (accuracy)
	2643.41s	 = Training   runtime
	2.76s	 = Validation runtime
Fitting model: XGBoost ...
	0.9766	 = Validation score   (accuracy)
	2662.38s	 = Training   runtime
	3.53s	 = Validation runtime
Fitting model: XGBoost ...
	0.9772	 = Validation score   (accuracy)
	65.91s	 = Training   runtime
	0.38s	 = Validation runtime
Fitting model: NeuralNetTorch ...
	0.9779	 = Validation score   (accuracy)
	95.85s	 = Training   runtime
	0.41s	 = Validation runtime
Fitting model: NeuralNetTorch ...
No improvement since epoch 6: early stopping
	0.9793	 = Validation score   (accuracy)
	90.0s	 = Training   runtime
	0.36s	 = Validation runtime
Fitting model: NeuralNetTorch ...
No improvement since epoch 6: early stopping
	0.9766	 = Validation score   (accuracy)
	2790.47s	 = Training   runtime
	2.02s	 = Validation runtime
Fitting model: XGBoost ...
	0.9759	 = Validation score   (accuracy)
	2797.45s	 = Training   runtime
	2.02s	 = Validation runtime
Fitting model: XGBoost ...
No improvement since epoch 7: early stopping
	0.9807	 = Validation score   (accuracy)
	92.37s	 = Training   runtime
	0.54s	 = Validation runtime
Fitting model: NeuralNetTorch ...
	0.9779	 = Validation score   (accuracy)
	94.6s	 = Training   runtime
	0.45s	 = Validation runtime
Fitting model: NeuralNetTorch ...
No improvement since epoch 7: early stopping
	0.9766	 = Validation score   (accuracy)
	2955.0s	 = Training   runtime
	1.74s	 = Validation runtime
Fitting model: XGBoost ...
	0.9766	 = Validation score   (accuracy)
	2897.28s	 = Training   runtime
	1.62s	 = Validation runtime
Fitting model: XGBoost ...
	0.98	 = Validation score   (accuracy)
	75.68s	 = Training   runtime
	0.41s	 = Validation runtime
Fitting model: NeuralNetTorch ...
	0.9786	 = Validation score   (accuracy)
	71.95s	 = Training   runtime
	0.34s	 = Validation runtime
Fitting model: NeuralNetTorch ...
	0.9786	 = Validation score   (accuracy)
	3464.85s	 = Training   runtime
	1.68s	 = Validation runtime
Fitting model: XGBoost ...
No improvement since epoch 9: early stopping
	0.9766	 = Validation score   (accuracy)
	3206.39s	 = Training   runtime
	2.43s	 = Validation runtime
Fitting model: XGBoost ...
	0.9772	 = Validation score   (accuracy)
	3107.39s	 = Training   runtime
	2.02s	 = Validation runtime
Fitting model: XGBoost ...
	0.9772	 = Validation score   (accuracy)
	3127.41s	 = Training   runtime
	2.5s	 = Validation runtime
Fitting model: XGBoost ...
	0.9752	 = Validation score   (accuracy)
	3116.2s	 = Training   runtime
	2.76s	 = Validation runtime
Fitting model: XGBoost ...
	0.9772	 = Validation score   (accuracy)
	3085.68s	 = Training   runtime
	2.8s	 = Validation runtime
	0.9772	 = Validation score   (accuracy)
	3087.09s	 = Training   runtime
	2.72s	 = Validation runtime
Fitting model: XGBoost ...
Fitting model: XGBoost ...
	0.9786	 = Validation score   (accuracy)
	61.86s	 = Training   runtime
	0.33s	 = Validation runtime
Fitting model: NeuralNetTorch ...
No improvement since epoch 8: early stopping
	0.9766	 = Validation score   (accuracy)
	3096.23s	 = Training   runtime
	3.29s	 = Validation runtime
Fitting model: XGBoost ...
	0.9752	 = Validation score   (accuracy)
	2969.06s	 = Training   runtime
	2.67s	 = Validation runtime
Fitting model: XGBoost ...
	0.9772	 = Validation score   (accuracy)
	142.75s	 = Training   runtime
	0.49s	 = Validation runtime
Fitting model: NeuralNetTorch ...
	0.9793	 = Validation score   (accuracy)
	147.76s	 = Training   runtime
	0.34s	 = Validation runtime
Fitting model: NeuralNetTorch ...
	0.9772	 = Validation score   (accuracy)
	155.76s	 = Training   runtime
	0.62s	 = Validation runtime
Fitting model: NeuralNetTorch ...
	0.9779	 = Validation score   (accuracy)
	165.34s	 = Training   runtime
	0.46s	 = Validation runtime
Fitting model: NeuralNetTorch ...
	0.9793	 = Validation score   (accuracy)
	148.12s	 = Training   runtime
	0.43s	 = Validation runtime
Fitting model: NeuralNetTorch ...
	0.9786	 = Validation score   (accuracy)
	188.44s	 = Training   runtime
	0.44s	 = Validation runtime
Fitting model: NeuralNetTorch ...
	0.9828	 = Validation score   (accuracy)
	189.02s	 = Training   runtime
	0.48s	 = Validation runtime
Fitting model: NeuralNetTorch ...
	0.98	 = Validation score   (accuracy)
	229.88s	 = Training   runtime
	0.31s	 = Validation runtime
Fitting model: NeuralNetTorch ...
	0.9772	 = Validation score   (accuracy)
	1785.67s	 = Training   runtime
	7.86s	 = Validation runtime
Fitting model: LightGBMLarge ...
	0.9772	 = Validation score   (accuracy)
	1855.63s	 = Training   runtime
	9.16s	 = Validation runtime
Fitting model: LightGBMLarge ...
	0.9759	 = Validation score   (accuracy)
	2195.65s	 = Training   runtime
	11.63s	 = Validation runtime
Fitting model: LightGBMLarge ...
	0.9793	 = Validation score   (accuracy)
	2151.78s	 = Training   runtime
	13.13s	 = Validation runtime
Fitting model: LightGBMLarge ...
	0.9745	 = Validation score   (accuracy)
	1800.4s	 = Training   runtime
	14.0s	 = Validation runtime
Fitting model: LightGBMLarge ...
	0.9793	 = Validation score   (accuracy)
	1797.7s	 = Training   runtime
	15.77s	 = Validation runtime
Fitting model: LightGBMLarge ...
	0.9786	 = Validation score   (accuracy)
	2046.59s	 = Training   runtime
	11.89s	 = Validation runtime
Fitting model: LightGBMLarge ...
	0.9793	 = Validation score   (accuracy)
	2220.15s	 = Training   runtime
	12.38s	 = Validation runtime
Fitting model: LightGBMLarge ...
	0.9793	 = Validation score   (accuracy)
	2302.33s	 = Training   runtime
	13.41s	 = Validation runtime
Fitting model: LightGBMLarge ...
	0.9814	 = Validation score   (accuracy)
	2376.65s	 = Training   runtime
	12.55s	 = Validation runtime
Fitting model: LightGBMLarge ...
	0.9807	 = Validation score   (accuracy)
	3079.89s	 = Training   runtime
	11.03s	 = Validation runtime
Fitting model: LightGBMLarge ...
	0.9786	 = Validation score   (accuracy)
	3312.12s	 = Training   runtime
	9.99s	 = Validation runtime
Fitting model: LightGBMLarge ...
	0.9759	 = Validation score   (accuracy)
	2871.27s	 = Training   runtime
	8.2s	 = Validation runtime
Fitting model: LightGBMLarge ...
	0.9793	 = Validation score   (accuracy)
	1539.06s	 = Training   runtime
	0.26s	 = Validation runtime
Fitting model: WeightedEnsemble_L2 ...
	Ensemble Weights: {'CatBoost': 0.75, 'LightGBM': 0.25}
	0.98	 = Validation score   (accuracy)
	14.2s	 = Training   runtime
	0.03s	 = Validation runtime
AutoGluon training complete, total runtime = 8416.54s ... Best model: "WeightedEnsemble_L2"
TabularPredictor saved. To load, use: predictor = TabularPredictor.load("AutogluonModels/ag-20250414_193013-002/Predictor_S1 (SBS1 - 0.99)")
No presets specified! To achieve strong results with AutoGluon, it is recommended to use the available presets.
	Recommended Presets (For more details refer to https://auto.gluon.ai/stable/tutorials/tabular/tabular-essentials.html#presets):
	presets='best_quality'   : Maximize accuracy. Default time_limit=3600.
	presets='high_quality'   : Strong accuracy with fast inference speed. Default time_limit=3600.
	presets='good_quality'   : Good accuracy with very fast inference speed. Default time_limit=3600.
	presets='medium_quality' : Fast training time, ideal for initial prototyping.
Beginning AutoGluon training ...
AutoGluon will save models to "AutogluonModels/ag-20250414_193013-002/Predictor_S2 (SBS2 - 0.99)"
=================== System Info ===================
AutoGluon Version:  1.1.0
Python Version:     3.10.15
Operating System:   Linux
Platform Machine:   x86_64
Platform Version:   #1 SMP PREEMPT_DYNAMIC Thu Apr 3 12:12:16 UTC 2025
CPU Count:          272
Memory Avail:       191.76 GB / 203.90 GB (94.0%)
Disk Space Avail:   1383.40 GB / 5120.00 GB (27.0%)
===================================================
Train Data Rows:    14495
Train Data Columns: 97
Label Column:       S2 (SBS2 - 0.99)
AutoGluon infers your prediction problem is: 'binary' (because only two unique label-values observed).
	2 unique label values:  [False, True]
	If 'binary' is not the correct problem_type, please manually specify the problem_type parameter during predictor init (You may specify problem_type as one of: ['binary', 'multiclass', 'regression'])
Problem Type:       binary
Preprocessing data ...
Selected class <--> label mapping:  class 1 = True, class 0 = False
Using Feature Generators to preprocess the data ...
Fitting AutoMLPipelineFeatureGenerator...
	Available Memory:                    196372.79 MB
	Train Data (Original)  Memory Usage: 10.63 MB (0.0% of available memory)
	Inferring data type of each feature based on column values. Set feature_metadata_in to manually specify special dtypes of the features.
	Stage 1 Generators:
		Fitting AsTypeFeatureGenerator...
			Note: Converting 1 features to boolean dtype as they only contain 2 unique values.
	Stage 2 Generators:
		Fitting FillNaFeatureGenerator...
	Stage 3 Generators:
		Fitting IdentityFeatureGenerator...
	Stage 4 Generators:
		Fitting DropUniqueFeatureGenerator...
	Stage 5 Generators:
		Fitting DropDuplicatesFeatureGenerator...
	Types of features in original data (raw dtype, special dtypes):
		('bool', []) :  1 | ['S1 (SBS1 - 0.99)']
		('int', [])  : 96 | ['A[C>A]A', 'A[C>A]C', 'A[C>A]G', 'A[C>A]T', 'A[C>G]A', ...]
	Types of features in processed data (raw dtype, special dtypes):
		('int', [])       : 96 | ['A[C>A]A', 'A[C>A]C', 'A[C>A]G', 'A[C>A]T', 'A[C>G]A', ...]
		('int', ['bool']) :  1 | ['S1 (SBS1 - 0.99)']
	15.5s = Fit runtime
	97 features in original data used to generate 97 features in processed data.
	Train Data (Processed) Memory Usage: 10.63 MB (0.0% of available memory)
Data preprocessing and feature engineering runtime = 16.29s ...
AutoGluon will gauge predictive performance using evaluation metric: 'accuracy'
	To change this, specify the eval_metric parameter of Predictor()
Automatically generating train/validation split with holdout_frac=0.1, Train Rows: 13045, Val Rows: 1450
User-specified model hyperparameters to be fit:
{
	'NN_TORCH': {},
	'GBM': [{'extra_trees': True, 'ag_args': {'name_suffix': 'XT'}}, {}, 'GBMLarge'],
	'CAT': {},
	'XGB': {},
	'FASTAI': {},
	'RF': [{'criterion': 'gini', 'ag_args': {'name_suffix': 'Gini', 'problem_types': ['binary', 'multiclass']}}, {'criterion': 'entropy', 'ag_args': {'name_suffix': 'Entr', 'problem_types': ['binary', 'multiclass']}}, {'criterion': 'squared_error', 'ag_args': {'name_suffix': 'MSE', 'problem_types': ['regression', 'quantile']}}],
	'XT': [{'criterion': 'gini', 'ag_args': {'name_suffix': 'Gini', 'problem_types': ['binary', 'multiclass']}}, {'criterion': 'entropy', 'ag_args': {'name_suffix': 'Entr', 'problem_types': ['binary', 'multiclass']}}, {'criterion': 'squared_error', 'ag_args': {'name_suffix': 'MSE', 'problem_types': ['regression', 'quantile']}}],
	'KNN': [{'weights': 'uniform', 'ag_args': {'name_suffix': 'Unif'}}, {'weights': 'distance', 'ag_args': {'name_suffix': 'Dist'}}],
}
Fitting 13 L1 models ...
Fitting model: KNeighborsUnif ...
	0.8766	 = Validation score   (accuracy)
	0.92s	 = Training   runtime
	3.18s	 = Validation runtime
Fitting model: KNeighborsDist ...
	0.8766	 = Validation score   (accuracy)
	0.76s	 = Training   runtime
	3.49s	 = Validation runtime
Fitting model: LightGBMXT ...
	0.9793	 = Validation score   (accuracy)
	1535.22s	 = Training   runtime
	0.28s	 = Validation runtime
Fitting model: WeightedEnsemble_L2 ...
	Ensemble Weights: {'LightGBMXT': 1.0}
	0.9793	 = Validation score   (accuracy)
	14.43s	 = Training   runtime
	0.05s	 = Validation runtime
AutoGluon training complete, total runtime = 8531.43s ... Best model: "WeightedEnsemble_L2"
TabularPredictor saved. To load, use: predictor = TabularPredictor.load("AutogluonModels/ag-20250414_193013/Predictor_S1 (SBS1 - 0.99)")
No presets specified! To achieve strong results with AutoGluon, it is recommended to use the available presets.
	Recommended Presets (For more details refer to https://auto.gluon.ai/stable/tutorials/tabular/tabular-essentials.html#presets):
	presets='best_quality'   : Maximize accuracy. Default time_limit=3600.
	presets='high_quality'   : Strong accuracy with fast inference speed. Default time_limit=3600.
	presets='good_quality'   : Good accuracy with very fast inference speed. Default time_limit=3600.
	presets='medium_quality' : Fast training time, ideal for initial prototyping.
Beginning AutoGluon training ...
AutoGluon will save models to "AutogluonModels/ag-20250414_193013/Predictor_S2 (SBS2 - 0.99)"
=================== System Info ===================
AutoGluon Version:  1.1.0
Python Version:     3.10.15
Operating System:   Linux
Platform Machine:   x86_64
Platform Version:   #1 SMP PREEMPT_DYNAMIC Thu Apr 3 12:12:16 UTC 2025
CPU Count:          272
Memory Avail:       191.68 GB / 203.90 GB (94.0%)
Disk Space Avail:   1383.38 GB / 5120.00 GB (27.0%)
===================================================
Train Data Rows:    14495
Train Data Columns: 97
Label Column:       S2 (SBS2 - 0.99)
AutoGluon infers your prediction problem is: 'binary' (because only two unique label-values observed).
	2 unique label values:  [False, True]
	If 'binary' is not the correct problem_type, please manually specify the problem_type parameter during predictor init (You may specify problem_type as one of: ['binary', 'multiclass', 'regression'])
Problem Type:       binary
Preprocessing data ...
Selected class <--> label mapping:  class 1 = True, class 0 = False
Using Feature Generators to preprocess the data ...
Fitting AutoMLPipelineFeatureGenerator...
	Available Memory:                    196285.43 MB
	Train Data (Original)  Memory Usage: 10.63 MB (0.0% of available memory)
	Inferring data type of each feature based on column values. Set feature_metadata_in to manually specify special dtypes of the features.
	Stage 1 Generators:
		Fitting AsTypeFeatureGenerator...
			Note: Converting 1 features to boolean dtype as they only contain 2 unique values.
	Stage 2 Generators:
		Fitting FillNaFeatureGenerator...
	Stage 3 Generators:
		Fitting IdentityFeatureGenerator...
	Stage 4 Generators:
		Fitting DropUniqueFeatureGenerator...
	Stage 5 Generators:
		Fitting DropDuplicatesFeatureGenerator...
	Types of features in original data (raw dtype, special dtypes):
		('bool', []) :  1 | ['S1 (SBS1 - 0.99)']
		('int', [])  : 96 | ['A[C>A]A', 'A[C>A]C', 'A[C>A]G', 'A[C>A]T', 'A[C>G]A', ...]
	Types of features in processed data (raw dtype, special dtypes):
		('int', [])       : 96 | ['A[C>A]A', 'A[C>A]C', 'A[C>A]G', 'A[C>A]T', 'A[C>G]A', ...]
		('int', ['bool']) :  1 | ['S1 (SBS1 - 0.99)']
	6.2s = Fit runtime
	97 features in original data used to generate 97 features in processed data.
	Train Data (Processed) Memory Usage: 10.63 MB (0.0% of available memory)
Data preprocessing and feature engineering runtime = 6.76s ...
AutoGluon will gauge predictive performance using evaluation metric: 'accuracy'
	To change this, specify the eval_metric parameter of Predictor()
Automatically generating train/validation split with holdout_frac=0.1, Train Rows: 13045, Val Rows: 1450
User-specified model hyperparameters to be fit:
{
	'NN_TORCH': {},
	'GBM': [{'extra_trees': True, 'ag_args': {'name_suffix': 'XT'}}, {}, 'GBMLarge'],
	'CAT': {},
	'XGB': {},
	'FASTAI': {},
	'RF': [{'criterion': 'gini', 'ag_args': {'name_suffix': 'Gini', 'problem_types': ['binary', 'multiclass']}}, {'criterion': 'entropy', 'ag_args': {'name_suffix': 'Entr', 'problem_types': ['binary', 'multiclass']}}, {'criterion': 'squared_error', 'ag_args': {'name_suffix': 'MSE', 'problem_types': ['regression', 'quantile']}}],
	'XT': [{'criterion': 'gini', 'ag_args': {'name_suffix': 'Gini', 'problem_types': ['binary', 'multiclass']}}, {'criterion': 'entropy', 'ag_args': {'name_suffix': 'Entr', 'problem_types': ['binary', 'multiclass']}}, {'criterion': 'squared_error', 'ag_args': {'name_suffix': 'MSE', 'problem_types': ['regression', 'quantile']}}],
	'KNN': [{'weights': 'uniform', 'ag_args': {'name_suffix': 'Unif'}}, {'weights': 'distance', 'ag_args': {'name_suffix': 'Dist'}}],
}
Fitting 13 L1 models ...
Fitting model: KNeighborsUnif ...
	0.8979	 = Validation score   (accuracy)
	0.72s	 = Training   runtime
	3.07s	 = Validation runtime
Fitting model: KNeighborsDist ...
	0.8986	 = Validation score   (accuracy)
	0.79s	 = Training   runtime
	3.22s	 = Validation runtime
Fitting model: LightGBMXT ...
	0.9779	 = Validation score   (accuracy)
	3601.61s	 = Training   runtime
	6.8s	 = Validation runtime
Fitting model: LightGBMLarge ...
	0.9786	 = Validation score   (accuracy)
	1828.7s	 = Training   runtime
	0.76s	 = Validation runtime
Fitting model: WeightedEnsemble_L2 ...
	Ensemble Weights: {'LightGBMXT': 1.0}
	0.98	 = Validation score   (accuracy)
	10.05s	 = Training   runtime
	0.07s	 = Validation runtime
AutoGluon training complete, total runtime = 8769.57s ... Best model: "WeightedEnsemble_L2"
TabularPredictor saved. To load, use: predictor = TabularPredictor.load("AutogluonModels/ag-20250414_193013-004/Predictor_S1 (SBS1 - 0.99)")
No presets specified! To achieve strong results with AutoGluon, it is recommended to use the available presets.
	Recommended Presets (For more details refer to https://auto.gluon.ai/stable/tutorials/tabular/tabular-essentials.html#presets):
	presets='best_quality'   : Maximize accuracy. Default time_limit=3600.
	presets='high_quality'   : Strong accuracy with fast inference speed. Default time_limit=3600.
	presets='good_quality'   : Good accuracy with very fast inference speed. Default time_limit=3600.
	presets='medium_quality' : Fast training time, ideal for initial prototyping.
Beginning AutoGluon training ...
AutoGluon will save models to "AutogluonModels/ag-20250414_193013-004/Predictor_S2 (SBS2 - 0.99)"
=================== System Info ===================
AutoGluon Version:  1.1.0
Python Version:     3.10.15
Operating System:   Linux
Platform Machine:   x86_64
Platform Version:   #1 SMP PREEMPT_DYNAMIC Thu Apr 3 12:12:16 UTC 2025
CPU Count:          272
Memory Avail:       191.59 GB / 203.90 GB (94.0%)
Disk Space Avail:   1383.35 GB / 5120.00 GB (27.0%)
===================================================
Train Data Rows:    14495
Train Data Columns: 97
Label Column:       S2 (SBS2 - 0.99)
AutoGluon infers your prediction problem is: 'binary' (because only two unique label-values observed).
	2 unique label values:  [False, True]
	If 'binary' is not the correct problem_type, please manually specify the problem_type parameter during predictor init (You may specify problem_type as one of: ['binary', 'multiclass', 'regression'])
Problem Type:       binary
Preprocessing data ...
Selected class <--> label mapping:  class 1 = True, class 0 = False
Using Feature Generators to preprocess the data ...
Fitting AutoMLPipelineFeatureGenerator...
	Available Memory:                    196201.24 MB
	Train Data (Original)  Memory Usage: 10.63 MB (0.0% of available memory)
	Inferring data type of each feature based on column values. Set feature_metadata_in to manually specify special dtypes of the features.
	Stage 1 Generators:
		Fitting AsTypeFeatureGenerator...
			Note: Converting 1 features to boolean dtype as they only contain 2 unique values.
	Stage 2 Generators:
		Fitting FillNaFeatureGenerator...
	Stage 3 Generators:
		Fitting IdentityFeatureGenerator...
	Stage 4 Generators:
		Fitting DropUniqueFeatureGenerator...
	Stage 5 Generators:
		Fitting DropDuplicatesFeatureGenerator...
	Types of features in original data (raw dtype, special dtypes):
		('bool', []) :  1 | ['S1 (SBS1 - 0.99)']
		('int', [])  : 96 | ['A[C>A]A', 'A[C>A]C', 'A[C>A]G', 'A[C>A]T', 'A[C>G]A', ...]
	Types of features in processed data (raw dtype, special dtypes):
		('int', [])       : 96 | ['A[C>A]A', 'A[C>A]C', 'A[C>A]G', 'A[C>A]T', 'A[C>G]A', ...]
		('int', ['bool']) :  1 | ['S1 (SBS1 - 0.99)']
	5.8s = Fit runtime
	97 features in original data used to generate 97 features in processed data.
	Train Data (Processed) Memory Usage: 10.63 MB (0.0% of available memory)
Data preprocessing and feature engineering runtime = 6.4s ...
AutoGluon will gauge predictive performance using evaluation metric: 'accuracy'
	To change this, specify the eval_metric parameter of Predictor()
Automatically generating train/validation split with holdout_frac=0.1, Train Rows: 13045, Val Rows: 1450
User-specified model hyperparameters to be fit:
{
	'NN_TORCH': {},
	'GBM': [{'extra_trees': True, 'ag_args': {'name_suffix': 'XT'}}, {}, 'GBMLarge'],
	'CAT': {},
	'XGB': {},
	'FASTAI': {},
	'RF': [{'criterion': 'gini', 'ag_args': {'name_suffix': 'Gini', 'problem_types': ['binary', 'multiclass']}}, {'criterion': 'entropy', 'ag_args': {'name_suffix': 'Entr', 'problem_types': ['binary', 'multiclass']}}, {'criterion': 'squared_error', 'ag_args': {'name_suffix': 'MSE', 'problem_types': ['regression', 'quantile']}}],
	'XT': [{'criterion': 'gini', 'ag_args': {'name_suffix': 'Gini', 'problem_types': ['binary', 'multiclass']}}, {'criterion': 'entropy', 'ag_args': {'name_suffix': 'Entr', 'problem_types': ['binary', 'multiclass']}}, {'criterion': 'squared_error', 'ag_args': {'name_suffix': 'MSE', 'problem_types': ['regression', 'quantile']}}],
	'KNN': [{'weights': 'uniform', 'ag_args': {'name_suffix': 'Unif'}}, {'weights': 'distance', 'ag_args': {'name_suffix': 'Dist'}}],
}
Fitting 13 L1 models ...
Fitting model: KNeighborsUnif ...
	0.8972	 = Validation score   (accuracy)
	1.23s	 = Training   runtime
	3.33s	 = Validation runtime
Fitting model: KNeighborsDist ...
	0.9793	 = Validation score   (accuracy)
	3419.01s	 = Training   runtime
	6.08s	 = Validation runtime
Fitting model: LightGBMLarge ...
	0.8979	 = Validation score   (accuracy)
	1.06s	 = Training   runtime
	3.7s	 = Validation runtime
Fitting model: LightGBMXT ...
	0.9772	 = Validation score   (accuracy)
	1535.03s	 = Training   runtime
	0.35s	 = Validation runtime
Fitting model: WeightedEnsemble_L2 ...
	Ensemble Weights: {'NeuralNetTorch': 1.0}
	0.9786	 = Validation score   (accuracy)
	8.02s	 = Training   runtime
	0.05s	 = Validation runtime
AutoGluon training complete, total runtime = 8923.28s ... Best model: "WeightedEnsemble_L2"
TabularPredictor saved. To load, use: predictor = TabularPredictor.load("AutogluonModels/ag-20250414_193013-001/Predictor_S1 (SBS1 - 0.99)")
No presets specified! To achieve strong results with AutoGluon, it is recommended to use the available presets.
	Recommended Presets (For more details refer to https://auto.gluon.ai/stable/tutorials/tabular/tabular-essentials.html#presets):
	presets='best_quality'   : Maximize accuracy. Default time_limit=3600.
	presets='high_quality'   : Strong accuracy with fast inference speed. Default time_limit=3600.
	presets='good_quality'   : Good accuracy with very fast inference speed. Default time_limit=3600.
	presets='medium_quality' : Fast training time, ideal for initial prototyping.
Beginning AutoGluon training ...
AutoGluon will save models to "AutogluonModels/ag-20250414_193013-001/Predictor_S2 (SBS2 - 0.99)"
=================== System Info ===================
AutoGluon Version:  1.1.0
Python Version:     3.10.15
Operating System:   Linux
Platform Machine:   x86_64
Platform Version:   #1 SMP PREEMPT_DYNAMIC Thu Apr 3 12:12:16 UTC 2025
CPU Count:          272
Memory Avail:       191.60 GB / 203.90 GB (94.0%)
Disk Space Avail:   1383.33 GB / 5120.00 GB (27.0%)
===================================================
Train Data Rows:    14495
Train Data Columns: 97
Label Column:       S2 (SBS2 - 0.99)
AutoGluon infers your prediction problem is: 'binary' (because only two unique label-values observed).
	2 unique label values:  [False, True]
	If 'binary' is not the correct problem_type, please manually specify the problem_type parameter during predictor init (You may specify problem_type as one of: ['binary', 'multiclass', 'regression'])
Problem Type:       binary
Preprocessing data ...
Selected class <--> label mapping:  class 1 = True, class 0 = False
Using Feature Generators to preprocess the data ...
Fitting AutoMLPipelineFeatureGenerator...
	Available Memory:                    196208.57 MB
	Train Data (Original)  Memory Usage: 10.63 MB (0.0% of available memory)
	Inferring data type of each feature based on column values. Set feature_metadata_in to manually specify special dtypes of the features.
	Stage 1 Generators:
		Fitting AsTypeFeatureGenerator...
			Note: Converting 1 features to boolean dtype as they only contain 2 unique values.
	Stage 2 Generators:
		Fitting FillNaFeatureGenerator...
	Stage 3 Generators:
		Fitting IdentityFeatureGenerator...
	Stage 4 Generators:
		Fitting DropUniqueFeatureGenerator...
	Stage 5 Generators:
		Fitting DropDuplicatesFeatureGenerator...
	Types of features in original data (raw dtype, special dtypes):
		('bool', []) :  1 | ['S1 (SBS1 - 0.99)']
		('int', [])  : 96 | ['A[C>A]A', 'A[C>A]C', 'A[C>A]G', 'A[C>A]T', 'A[C>G]A', ...]
	Types of features in processed data (raw dtype, special dtypes):
		('int', [])       : 96 | ['A[C>A]A', 'A[C>A]C', 'A[C>A]G', 'A[C>A]T', 'A[C>G]A', ...]
		('int', ['bool']) :  1 | ['S1 (SBS1 - 0.99)']
	7.5s = Fit runtime
	97 features in original data used to generate 97 features in processed data.
	Train Data (Processed) Memory Usage: 10.63 MB (0.0% of available memory)
Data preprocessing and feature engineering runtime = 8.2s ...
AutoGluon will gauge predictive performance using evaluation metric: 'accuracy'
	To change this, specify the eval_metric parameter of Predictor()
Automatically generating train/validation split with holdout_frac=0.1, Train Rows: 13045, Val Rows: 1450
User-specified model hyperparameters to be fit:
{
	'NN_TORCH': {},
	'GBM': [{'extra_trees': True, 'ag_args': {'name_suffix': 'XT'}}, {}, 'GBMLarge'],
	'CAT': {},
	'XGB': {},
	'FASTAI': {},
	'RF': [{'criterion': 'gini', 'ag_args': {'name_suffix': 'Gini', 'problem_types': ['binary', 'multiclass']}}, {'criterion': 'entropy', 'ag_args': {'name_suffix': 'Entr', 'problem_types': ['binary', 'multiclass']}}, {'criterion': 'squared_error', 'ag_args': {'name_suffix': 'MSE', 'problem_types': ['regression', 'quantile']}}],
	'XT': [{'criterion': 'gini', 'ag_args': {'name_suffix': 'Gini', 'problem_types': ['binary', 'multiclass']}}, {'criterion': 'entropy', 'ag_args': {'name_suffix': 'Entr', 'problem_types': ['binary', 'multiclass']}}, {'criterion': 'squared_error', 'ag_args': {'name_suffix': 'MSE', 'problem_types': ['regression', 'quantile']}}],
	'KNN': [{'weights': 'uniform', 'ag_args': {'name_suffix': 'Unif'}}, {'weights': 'distance', 'ag_args': {'name_suffix': 'Dist'}}],
}
Fitting 13 L1 models ...
Fitting model: KNeighborsUnif ...
	0.8848	 = Validation score   (accuracy)
	0.72s	 = Training   runtime
	3.58s	 = Validation runtime
Fitting model: KNeighborsDist ...
	0.8855	 = Validation score   (accuracy)
	0.69s	 = Training   runtime
	3.36s	 = Validation runtime
Fitting model: LightGBMXT ...
	0.98	 = Validation score   (accuracy)
	1835.66s	 = Training   runtime
	0.38s	 = Validation runtime
Fitting model: WeightedEnsemble_L2 ...
	Ensemble Weights: {'XGBoost': 0.667, 'LightGBM': 0.333}
	0.9814	 = Validation score   (accuracy)
	7.96s	 = Training   runtime
	0.05s	 = Validation runtime
AutoGluon training complete, total runtime = 8975.2s ... Best model: "WeightedEnsemble_L2"
TabularPredictor saved. To load, use: predictor = TabularPredictor.load("AutogluonModels/ag-20250414_193014-001/Predictor_S1 (SBS1 - 0.99)")
No presets specified! To achieve strong results with AutoGluon, it is recommended to use the available presets.
	Recommended Presets (For more details refer to https://auto.gluon.ai/stable/tutorials/tabular/tabular-essentials.html#presets):
	presets='best_quality'   : Maximize accuracy. Default time_limit=3600.
	presets='high_quality'   : Strong accuracy with fast inference speed. Default time_limit=3600.
	presets='good_quality'   : Good accuracy with very fast inference speed. Default time_limit=3600.
	presets='medium_quality' : Fast training time, ideal for initial prototyping.
Beginning AutoGluon training ...
AutoGluon will save models to "AutogluonModels/ag-20250414_193014-001/Predictor_S2 (SBS2 - 0.99)"
=================== System Info ===================
AutoGluon Version:  1.1.0
Python Version:     3.10.15
Operating System:   Linux
Platform Machine:   x86_64
Platform Version:   #1 SMP PREEMPT_DYNAMIC Thu Apr 3 12:12:16 UTC 2025
CPU Count:          272
Memory Avail:       191.55 GB / 203.90 GB (93.9%)
Disk Space Avail:   1383.30 GB / 5120.00 GB (27.0%)
===================================================
Train Data Rows:    14495
Train Data Columns: 97
Label Column:       S2 (SBS2 - 0.99)
AutoGluon infers your prediction problem is: 'binary' (because only two unique label-values observed).
	2 unique label values:  [False, True]
	If 'binary' is not the correct problem_type, please manually specify the problem_type parameter during predictor init (You may specify problem_type as one of: ['binary', 'multiclass', 'regression'])
Problem Type:       binary
Preprocessing data ...
Selected class <--> label mapping:  class 1 = True, class 0 = False
Using Feature Generators to preprocess the data ...
Fitting AutoMLPipelineFeatureGenerator...
	Available Memory:                    196160.04 MB
	Train Data (Original)  Memory Usage: 10.63 MB (0.0% of available memory)
	Inferring data type of each feature based on column values. Set feature_metadata_in to manually specify special dtypes of the features.
	Stage 1 Generators:
		Fitting AsTypeFeatureGenerator...
			Note: Converting 1 features to boolean dtype as they only contain 2 unique values.
	Stage 2 Generators:
		Fitting FillNaFeatureGenerator...
	Stage 3 Generators:
		Fitting IdentityFeatureGenerator...
	Stage 4 Generators:
		Fitting DropUniqueFeatureGenerator...
	Stage 5 Generators:
		Fitting DropDuplicatesFeatureGenerator...
	Types of features in original data (raw dtype, special dtypes):
		('bool', []) :  1 | ['S1 (SBS1 - 0.99)']
		('int', [])  : 96 | ['A[C>A]A', 'A[C>A]C', 'A[C>A]G', 'A[C>A]T', 'A[C>G]A', ...]
	Types of features in processed data (raw dtype, special dtypes):
		('int', [])       : 96 | ['A[C>A]A', 'A[C>A]C', 'A[C>A]G', 'A[C>A]T', 'A[C>G]A', ...]
		('int', ['bool']) :  1 | ['S1 (SBS1 - 0.99)']
	4.7s = Fit runtime
	97 features in original data used to generate 97 features in processed data.
	Train Data (Processed) Memory Usage: 10.63 MB (0.0% of available memory)
Data preprocessing and feature engineering runtime = 5.27s ...
AutoGluon will gauge predictive performance using evaluation metric: 'accuracy'
	To change this, specify the eval_metric parameter of Predictor()
Automatically generating train/validation split with holdout_frac=0.1, Train Rows: 13045, Val Rows: 1450
User-specified model hyperparameters to be fit:
{
	'NN_TORCH': {},
	'GBM': [{'extra_trees': True, 'ag_args': {'name_suffix': 'XT'}}, {}, 'GBMLarge'],
	'CAT': {},
	'XGB': {},
	'FASTAI': {},
	'RF': [{'criterion': 'gini', 'ag_args': {'name_suffix': 'Gini', 'problem_types': ['binary', 'multiclass']}}, {'criterion': 'entropy', 'ag_args': {'name_suffix': 'Entr', 'problem_types': ['binary', 'multiclass']}}, {'criterion': 'squared_error', 'ag_args': {'name_suffix': 'MSE', 'problem_types': ['regression', 'quantile']}}],
	'XT': [{'criterion': 'gini', 'ag_args': {'name_suffix': 'Gini', 'problem_types': ['binary', 'multiclass']}}, {'criterion': 'entropy', 'ag_args': {'name_suffix': 'Entr', 'problem_types': ['binary', 'multiclass']}}, {'criterion': 'squared_error', 'ag_args': {'name_suffix': 'MSE', 'problem_types': ['regression', 'quantile']}}],
	'KNN': [{'weights': 'uniform', 'ag_args': {'name_suffix': 'Unif'}}, {'weights': 'distance', 'ag_args': {'name_suffix': 'Dist'}}],
}
Fitting 13 L1 models ...
Fitting model: KNeighborsUnif ...
	0.9069	 = Validation score   (accuracy)
	0.93s	 = Training   runtime
	3.71s	 = Validation runtime
Fitting model: KNeighborsDist ...
	0.9069	 = Validation score   (accuracy)
	0.76s	 = Training   runtime
	3.72s	 = Validation runtime
Fitting model: LightGBMXT ...
	0.9772	 = Validation score   (accuracy)
	1913.9s	 = Training   runtime
	0.31s	 = Validation runtime
Fitting model: WeightedEnsemble_L2 ...
	Ensemble Weights: {'XGBoost': 0.8, 'LightGBM': 0.2}
	0.98	 = Validation score   (accuracy)
	8.23s	 = Training   runtime
	0.03s	 = Validation runtime
AutoGluon training complete, total runtime = 9061.06s ... Best model: "WeightedEnsemble_L2"
TabularPredictor saved. To load, use: predictor = TabularPredictor.load("AutogluonModels/ag-20250414_193013-005/Predictor_S1 (SBS1 - 0.99)")
No presets specified! To achieve strong results with AutoGluon, it is recommended to use the available presets.
	Recommended Presets (For more details refer to https://auto.gluon.ai/stable/tutorials/tabular/tabular-essentials.html#presets):
	presets='best_quality'   : Maximize accuracy. Default time_limit=3600.
	presets='high_quality'   : Strong accuracy with fast inference speed. Default time_limit=3600.
	presets='good_quality'   : Good accuracy with very fast inference speed. Default time_limit=3600.
	presets='medium_quality' : Fast training time, ideal for initial prototyping.
Beginning AutoGluon training ...
AutoGluon will save models to "AutogluonModels/ag-20250414_193013-005/Predictor_S2 (SBS2 - 0.99)"
=================== System Info ===================
AutoGluon Version:  1.1.0
Python Version:     3.10.15
Operating System:   Linux
Platform Machine:   x86_64
Platform Version:   #1 SMP PREEMPT_DYNAMIC Thu Apr 3 12:12:16 UTC 2025
CPU Count:          272
Memory Avail:       191.53 GB / 203.90 GB (93.9%)
Disk Space Avail:   1383.28 GB / 5120.00 GB (27.0%)
===================================================
Train Data Rows:    14495
Train Data Columns: 97
Label Column:       S2 (SBS2 - 0.99)
AutoGluon infers your prediction problem is: 'binary' (because only two unique label-values observed).
	2 unique label values:  [False, True]
	If 'binary' is not the correct problem_type, please manually specify the problem_type parameter during predictor init (You may specify problem_type as one of: ['binary', 'multiclass', 'regression'])
Problem Type:       binary
Preprocessing data ...
Selected class <--> label mapping:  class 1 = True, class 0 = False
Using Feature Generators to preprocess the data ...
Fitting AutoMLPipelineFeatureGenerator...
	Available Memory:                    196134.56 MB
	Train Data (Original)  Memory Usage: 10.63 MB (0.0% of available memory)
	Inferring data type of each feature based on column values. Set feature_metadata_in to manually specify special dtypes of the features.
	Stage 1 Generators:
		Fitting AsTypeFeatureGenerator...
			Note: Converting 1 features to boolean dtype as they only contain 2 unique values.
	Stage 2 Generators:
		Fitting FillNaFeatureGenerator...
	Stage 3 Generators:
		Fitting IdentityFeatureGenerator...
	Stage 4 Generators:
		Fitting DropUniqueFeatureGenerator...
	Stage 5 Generators:
		Fitting DropDuplicatesFeatureGenerator...
	Types of features in original data (raw dtype, special dtypes):
		('bool', []) :  1 | ['S1 (SBS1 - 0.99)']
		('int', [])  : 96 | ['A[C>A]A', 'A[C>A]C', 'A[C>A]G', 'A[C>A]T', 'A[C>G]A', ...]
	Types of features in processed data (raw dtype, special dtypes):
		('int', [])       : 96 | ['A[C>A]A', 'A[C>A]C', 'A[C>A]G', 'A[C>A]T', 'A[C>G]A', ...]
		('int', ['bool']) :  1 | ['S1 (SBS1 - 0.99)']
	8.7s = Fit runtime
	97 features in original data used to generate 97 features in processed data.
	Train Data (Processed) Memory Usage: 10.63 MB (0.0% of available memory)
Data preprocessing and feature engineering runtime = 9.08s ...
AutoGluon will gauge predictive performance using evaluation metric: 'accuracy'
	To change this, specify the eval_metric parameter of Predictor()
Automatically generating train/validation split with holdout_frac=0.1, Train Rows: 13045, Val Rows: 1450
User-specified model hyperparameters to be fit:
{
	'NN_TORCH': {},
	'GBM': [{'extra_trees': True, 'ag_args': {'name_suffix': 'XT'}}, {}, 'GBMLarge'],
	'CAT': {},
	'XGB': {},
	'FASTAI': {},
	'RF': [{'criterion': 'gini', 'ag_args': {'name_suffix': 'Gini', 'problem_types': ['binary', 'multiclass']}}, {'criterion': 'entropy', 'ag_args': {'name_suffix': 'Entr', 'problem_types': ['binary', 'multiclass']}}, {'criterion': 'squared_error', 'ag_args': {'name_suffix': 'MSE', 'problem_types': ['regression', 'quantile']}}],
	'XT': [{'criterion': 'gini', 'ag_args': {'name_suffix': 'Gini', 'problem_types': ['binary', 'multiclass']}}, {'criterion': 'entropy', 'ag_args': {'name_suffix': 'Entr', 'problem_types': ['binary', 'multiclass']}}, {'criterion': 'squared_error', 'ag_args': {'name_suffix': 'MSE', 'problem_types': ['regression', 'quantile']}}],
	'KNN': [{'weights': 'uniform', 'ag_args': {'name_suffix': 'Unif'}}, {'weights': 'distance', 'ag_args': {'name_suffix': 'Dist'}}],
}
Fitting 13 L1 models ...
Fitting model: KNeighborsUnif ...
	0.8545	 = Validation score   (accuracy)
	0.52s	 = Training   runtime
	3.21s	 = Validation runtime
Fitting model: KNeighborsDist ...
	0.8545	 = Validation score   (accuracy)
	0.58s	 = Training   runtime
	3.38s	 = Validation runtime
Fitting model: LightGBMXT ...
	0.8959	 = Validation score   (accuracy)
	534.43s	 = Training   runtime
	0.14s	 = Validation runtime
Fitting model: LightGBM ...
	0.8938	 = Validation score   (accuracy)
	763.32s	 = Training   runtime
	0.27s	 = Validation runtime
Fitting model: LightGBM ...
	0.9807	 = Validation score   (accuracy)
	3919.22s	 = Training   runtime
	3.75s	 = Validation runtime
Fitting model: LightGBMLarge ...
	0.98	 = Validation score   (accuracy)
	2032.89s	 = Training   runtime
	0.46s	 = Validation runtime
Fitting model: WeightedEnsemble_L2 ...
	Ensemble Weights: {'LightGBMLarge': 1.0}
	0.98	 = Validation score   (accuracy)
	7.1s	 = Training   runtime
	0.04s	 = Validation runtime
AutoGluon training complete, total runtime = 9465.21s ... Best model: "WeightedEnsemble_L2"
TabularPredictor saved. To load, use: predictor = TabularPredictor.load("AutogluonModels/ag-20250414_193014-002/Predictor_S1 (SBS1 - 0.99)")
No presets specified! To achieve strong results with AutoGluon, it is recommended to use the available presets.
	Recommended Presets (For more details refer to https://auto.gluon.ai/stable/tutorials/tabular/tabular-essentials.html#presets):
	presets='best_quality'   : Maximize accuracy. Default time_limit=3600.
	presets='high_quality'   : Strong accuracy with fast inference speed. Default time_limit=3600.
	presets='good_quality'   : Good accuracy with very fast inference speed. Default time_limit=3600.
	presets='medium_quality' : Fast training time, ideal for initial prototyping.
Beginning AutoGluon training ...
AutoGluon will save models to "AutogluonModels/ag-20250414_193014-002/Predictor_S2 (SBS2 - 0.99)"
=================== System Info ===================
AutoGluon Version:  1.1.0
Python Version:     3.10.15
Operating System:   Linux
Platform Machine:   x86_64
Platform Version:   #1 SMP PREEMPT_DYNAMIC Thu Apr 3 12:12:16 UTC 2025
CPU Count:          272
Memory Avail:       191.53 GB / 203.90 GB (93.9%)
Disk Space Avail:   1383.26 GB / 5120.00 GB (27.0%)
===================================================
Train Data Rows:    14495
Train Data Columns: 97
Label Column:       S2 (SBS2 - 0.99)
AutoGluon infers your prediction problem is: 'binary' (because only two unique label-values observed).
	2 unique label values:  [False, True]
	If 'binary' is not the correct problem_type, please manually specify the problem_type parameter during predictor init (You may specify problem_type as one of: ['binary', 'multiclass', 'regression'])
Problem Type:       binary
Preprocessing data ...
Selected class <--> label mapping:  class 1 = True, class 0 = False
Using Feature Generators to preprocess the data ...
Fitting AutoMLPipelineFeatureGenerator...
	Available Memory:                    196138.90 MB
	Train Data (Original)  Memory Usage: 10.63 MB (0.0% of available memory)
	Inferring data type of each feature based on column values. Set feature_metadata_in to manually specify special dtypes of the features.
	Stage 1 Generators:
		Fitting AsTypeFeatureGenerator...
			Note: Converting 1 features to boolean dtype as they only contain 2 unique values.
	Stage 2 Generators:
		Fitting FillNaFeatureGenerator...
	Stage 3 Generators:
		Fitting IdentityFeatureGenerator...
	Stage 4 Generators:
		Fitting DropUniqueFeatureGenerator...
	Stage 5 Generators:
		Fitting DropDuplicatesFeatureGenerator...
	0.9772	 = Validation score   (accuracy)
	2314.64s	 = Training   runtime
	0.47s	 = Validation runtime
Fitting model: WeightedEnsemble_L2 ...
	Types of features in original data (raw dtype, special dtypes):
		('bool', []) :  1 | ['S1 (SBS1 - 0.99)']
		('int', [])  : 96 | ['A[C>A]A', 'A[C>A]C', 'A[C>A]G', 'A[C>A]T', 'A[C>G]A', ...]
	Types of features in processed data (raw dtype, special dtypes):
		('int', [])       : 96 | ['A[C>A]A', 'A[C>A]C', 'A[C>A]G', 'A[C>A]T', 'A[C>G]A', ...]
		('int', ['bool']) :  1 | ['S1 (SBS1 - 0.99)']
	12.4s = Fit runtime
	97 features in original data used to generate 97 features in processed data.
	Train Data (Processed) Memory Usage: 10.63 MB (0.0% of available memory)
Data preprocessing and feature engineering runtime = 13.39s ...
AutoGluon will gauge predictive performance using evaluation metric: 'accuracy'
	To change this, specify the eval_metric parameter of Predictor()
Automatically generating train/validation split with holdout_frac=0.1, Train Rows: 13045, Val Rows: 1450
User-specified model hyperparameters to be fit:
{
	'NN_TORCH': {},
	'GBM': [{'extra_trees': True, 'ag_args': {'name_suffix': 'XT'}}, {}, 'GBMLarge'],
	'CAT': {},
	'XGB': {},
	'FASTAI': {},
	'RF': [{'criterion': 'gini', 'ag_args': {'name_suffix': 'Gini', 'problem_types': ['binary', 'multiclass']}}, {'criterion': 'entropy', 'ag_args': {'name_suffix': 'Entr', 'problem_types': ['binary', 'multiclass']}}, {'criterion': 'squared_error', 'ag_args': {'name_suffix': 'MSE', 'problem_types': ['regression', 'quantile']}}],
	'XT': [{'criterion': 'gini', 'ag_args': {'name_suffix': 'Gini', 'problem_types': ['binary', 'multiclass']}}, {'criterion': 'entropy', 'ag_args': {'name_suffix': 'Entr', 'problem_types': ['binary', 'multiclass']}}, {'criterion': 'squared_error', 'ag_args': {'name_suffix': 'MSE', 'problem_types': ['regression', 'quantile']}}],
	'KNN': [{'weights': 'uniform', 'ag_args': {'name_suffix': 'Unif'}}, {'weights': 'distance', 'ag_args': {'name_suffix': 'Dist'}}],
}
Fitting 13 L1 models ...
Fitting model: KNeighborsUnif ...
	Ensemble Weights: {'NeuralNetTorch': 0.833, 'KNeighborsUnif': 0.167}
	0.9807	 = Validation score   (accuracy)
	12.4s	 = Training   runtime
	0.03s	 = Validation runtime
AutoGluon training complete, total runtime = 9485.1s ... Best model: "WeightedEnsemble_L2"
TabularPredictor saved. To load, use: predictor = TabularPredictor.load("AutogluonModels/ag-20250414_193013-010/Predictor_S1 (SBS1 - 0.99)")
No presets specified! To achieve strong results with AutoGluon, it is recommended to use the available presets.
	Recommended Presets (For more details refer to https://auto.gluon.ai/stable/tutorials/tabular/tabular-essentials.html#presets):
	presets='best_quality'   : Maximize accuracy. Default time_limit=3600.
	presets='high_quality'   : Strong accuracy with fast inference speed. Default time_limit=3600.
	presets='good_quality'   : Good accuracy with very fast inference speed. Default time_limit=3600.
	presets='medium_quality' : Fast training time, ideal for initial prototyping.
Beginning AutoGluon training ...
AutoGluon will save models to "AutogluonModels/ag-20250414_193013-010/Predictor_S2 (SBS2 - 0.99)"
=================== System Info ===================
AutoGluon Version:  1.1.0
Python Version:     3.10.15
Operating System:   Linux
Platform Machine:   x86_64
Platform Version:   #1 SMP PREEMPT_DYNAMIC Thu Apr 3 12:12:16 UTC 2025
CPU Count:          272
Memory Avail:       191.53 GB / 203.90 GB (93.9%)
Disk Space Avail:   1383.24 GB / 5120.00 GB (27.0%)
===================================================
Train Data Rows:    14495
Train Data Columns: 97
Label Column:       S2 (SBS2 - 0.99)
AutoGluon infers your prediction problem is: 'binary' (because only two unique label-values observed).
	2 unique label values:  [False, True]
	If 'binary' is not the correct problem_type, please manually specify the problem_type parameter during predictor init (You may specify problem_type as one of: ['binary', 'multiclass', 'regression'])
Problem Type:       binary
Preprocessing data ...
	0.9028	 = Validation score   (accuracy)
	1.4s	 = Training   runtime
	3.78s	 = Validation runtime
Fitting model: KNeighborsDist ...
Selected class <--> label mapping:  class 1 = True, class 0 = False
Using Feature Generators to preprocess the data ...
Fitting AutoMLPipelineFeatureGenerator...
	Available Memory:                    196137.11 MB
	Train Data (Original)  Memory Usage: 10.63 MB (0.0% of available memory)
	Inferring data type of each feature based on column values. Set feature_metadata_in to manually specify special dtypes of the features.
	Stage 1 Generators:
		Fitting AsTypeFeatureGenerator...
			Note: Converting 1 features to boolean dtype as they only contain 2 unique values.
	Stage 2 Generators:
		Fitting FillNaFeatureGenerator...
	Stage 3 Generators:
		Fitting IdentityFeatureGenerator...
	Stage 4 Generators:
		Fitting DropUniqueFeatureGenerator...
	Stage 5 Generators:
		Fitting DropDuplicatesFeatureGenerator...
	0.9028	 = Validation score   (accuracy)
	1.33s	 = Training   runtime
	3.61s	 = Validation runtime
Fitting model: LightGBMXT ...
	Types of features in original data (raw dtype, special dtypes):
		('bool', []) :  1 | ['S1 (SBS1 - 0.99)']
		('int', [])  : 96 | ['A[C>A]A', 'A[C>A]C', 'A[C>A]G', 'A[C>A]T', 'A[C>G]A', ...]
	Types of features in processed data (raw dtype, special dtypes):
		('int', [])       : 96 | ['A[C>A]A', 'A[C>A]C', 'A[C>A]G', 'A[C>A]T', 'A[C>G]A', ...]
		('int', ['bool']) :  1 | ['S1 (SBS1 - 0.99)']
	10.4s = Fit runtime
	97 features in original data used to generate 97 features in processed data.
	Train Data (Processed) Memory Usage: 10.63 MB (0.0% of available memory)
Data preprocessing and feature engineering runtime = 11.0s ...
AutoGluon will gauge predictive performance using evaluation metric: 'accuracy'
	To change this, specify the eval_metric parameter of Predictor()
Automatically generating train/validation split with holdout_frac=0.1, Train Rows: 13045, Val Rows: 1450
User-specified model hyperparameters to be fit:
{
	'NN_TORCH': {},
	'GBM': [{'extra_trees': True, 'ag_args': {'name_suffix': 'XT'}}, {}, 'GBMLarge'],
	'CAT': {},
	'XGB': {},
	'FASTAI': {},
	'RF': [{'criterion': 'gini', 'ag_args': {'name_suffix': 'Gini', 'problem_types': ['binary', 'multiclass']}}, {'criterion': 'entropy', 'ag_args': {'name_suffix': 'Entr', 'problem_types': ['binary', 'multiclass']}}, {'criterion': 'squared_error', 'ag_args': {'name_suffix': 'MSE', 'problem_types': ['regression', 'quantile']}}],
	'XT': [{'criterion': 'gini', 'ag_args': {'name_suffix': 'Gini', 'problem_types': ['binary', 'multiclass']}}, {'criterion': 'entropy', 'ag_args': {'name_suffix': 'Entr', 'problem_types': ['binary', 'multiclass']}}, {'criterion': 'squared_error', 'ag_args': {'name_suffix': 'MSE', 'problem_types': ['regression', 'quantile']}}],
	'KNN': [{'weights': 'uniform', 'ag_args': {'name_suffix': 'Unif'}}, {'weights': 'distance', 'ag_args': {'name_suffix': 'Dist'}}],
}
Fitting 13 L1 models ...
Fitting model: KNeighborsUnif ...
	0.8738	 = Validation score   (accuracy)
	0.49s	 = Training   runtime
	3.44s	 = Validation runtime
Fitting model: KNeighborsDist ...
	0.8745	 = Validation score   (accuracy)
	0.53s	 = Training   runtime
	3.23s	 = Validation runtime
Fitting model: LightGBMXT ...
	0.9034	 = Validation score   (accuracy)
	469.33s	 = Training   runtime
	0.14s	 = Validation runtime
Fitting model: RandomForestGini ...
	0.9786	 = Validation score   (accuracy)
	1869.43s	 = Training   runtime
	0.44s	 = Validation runtime
Fitting model: WeightedEnsemble_L2 ...
	Ensemble Weights: {'LightGBMXT': 0.8, 'LightGBMLarge': 0.2}
	0.9814	 = Validation score   (accuracy)
	22.52s	 = Training   runtime
	0.2s	 = Validation runtime
AutoGluon training complete, total runtime = 9583.95s ... Best model: "WeightedEnsemble_L2"
TabularPredictor saved. To load, use: predictor = TabularPredictor.load("AutogluonModels/ag-20250414_193013-007/Predictor_S1 (SBS1 - 0.99)")
No presets specified! To achieve strong results with AutoGluon, it is recommended to use the available presets.
	Recommended Presets (For more details refer to https://auto.gluon.ai/stable/tutorials/tabular/tabular-essentials.html#presets):
	presets='best_quality'   : Maximize accuracy. Default time_limit=3600.
	presets='high_quality'   : Strong accuracy with fast inference speed. Default time_limit=3600.
	presets='good_quality'   : Good accuracy with very fast inference speed. Default time_limit=3600.
	presets='medium_quality' : Fast training time, ideal for initial prototyping.
Beginning AutoGluon training ...
AutoGluon will save models to "AutogluonModels/ag-20250414_193013-007/Predictor_S2 (SBS2 - 0.99)"
=================== System Info ===================
AutoGluon Version:  1.1.0
Python Version:     3.10.15
Operating System:   Linux
Platform Machine:   x86_64
Platform Version:   #1 SMP PREEMPT_DYNAMIC Thu Apr 3 12:12:16 UTC 2025
CPU Count:          272
Memory Avail:       190.82 GB / 203.90 GB (93.6%)
Disk Space Avail:   1383.21 GB / 5120.00 GB (27.0%)
===================================================
Train Data Rows:    14495
Train Data Columns: 97
Label Column:       S2 (SBS2 - 0.99)
AutoGluon infers your prediction problem is: 'binary' (because only two unique label-values observed).
	2 unique label values:  [False, True]
	If 'binary' is not the correct problem_type, please manually specify the problem_type parameter during predictor init (You may specify problem_type as one of: ['binary', 'multiclass', 'regression'])
Problem Type:       binary
Preprocessing data ...
Selected class <--> label mapping:  class 1 = True, class 0 = False
Using Feature Generators to preprocess the data ...
Fitting AutoMLPipelineFeatureGenerator...
	Available Memory:                    195395.27 MB
	Train Data (Original)  Memory Usage: 10.63 MB (0.0% of available memory)
	Inferring data type of each feature based on column values. Set feature_metadata_in to manually specify special dtypes of the features.
	Stage 1 Generators:
		Fitting AsTypeFeatureGenerator...
			Note: Converting 1 features to boolean dtype as they only contain 2 unique values.
	Stage 2 Generators:
		Fitting FillNaFeatureGenerator...
	Stage 3 Generators:
		Fitting IdentityFeatureGenerator...
	Stage 4 Generators:
		Fitting DropUniqueFeatureGenerator...
	Stage 5 Generators:
		Fitting DropDuplicatesFeatureGenerator...
	Types of features in original data (raw dtype, special dtypes):
		('bool', []) :  1 | ['S1 (SBS1 - 0.99)']
		('int', [])  : 96 | ['A[C>A]A', 'A[C>A]C', 'A[C>A]G', 'A[C>A]T', 'A[C>G]A', ...]
	Types of features in processed data (raw dtype, special dtypes):
		('int', [])       : 96 | ['A[C>A]A', 'A[C>A]C', 'A[C>A]G', 'A[C>A]T', 'A[C>G]A', ...]
		('int', ['bool']) :  1 | ['S1 (SBS1 - 0.99)']
	11.8s = Fit runtime
	97 features in original data used to generate 97 features in processed data.
	Train Data (Processed) Memory Usage: 10.63 MB (0.0% of available memory)
Data preprocessing and feature engineering runtime = 13.12s ...
AutoGluon will gauge predictive performance using evaluation metric: 'accuracy'
	To change this, specify the eval_metric parameter of Predictor()
Automatically generating train/validation split with holdout_frac=0.1, Train Rows: 13045, Val Rows: 1450
User-specified model hyperparameters to be fit:
{
	'NN_TORCH': {},
	'GBM': [{'extra_trees': True, 'ag_args': {'name_suffix': 'XT'}}, {}, 'GBMLarge'],
	'CAT': {},
	'XGB': {},
	'FASTAI': {},
	'RF': [{'criterion': 'gini', 'ag_args': {'name_suffix': 'Gini', 'problem_types': ['binary', 'multiclass']}}, {'criterion': 'entropy', 'ag_args': {'name_suffix': 'Entr', 'problem_types': ['binary', 'multiclass']}}, {'criterion': 'squared_error', 'ag_args': {'name_suffix': 'MSE', 'problem_types': ['regression', 'quantile']}}],
	'XT': [{'criterion': 'gini', 'ag_args': {'name_suffix': 'Gini', 'problem_types': ['binary', 'multiclass']}}, {'criterion': 'entropy', 'ag_args': {'name_suffix': 'Entr', 'problem_types': ['binary', 'multiclass']}}, {'criterion': 'squared_error', 'ag_args': {'name_suffix': 'MSE', 'problem_types': ['regression', 'quantile']}}],
	'KNN': [{'weights': 'uniform', 'ag_args': {'name_suffix': 'Unif'}}, {'weights': 'distance', 'ag_args': {'name_suffix': 'Dist'}}],
}
Fitting 13 L1 models ...
Fitting model: KNeighborsUnif ...
	0.9034	 = Validation score   (accuracy)
	1.18s	 = Training   runtime
	2.78s	 = Validation runtime
Fitting model: KNeighborsDist ...
	0.8883	 = Validation score   (accuracy)
	48.68s	 = Training   runtime
	1.67s	 = Validation runtime
Fitting model: RandomForestEntr ...
	0.9041	 = Validation score   (accuracy)
	0.64s	 = Training   runtime
	2.93s	 = Validation runtime
Fitting model: LightGBMXT ...
	0.9097	 = Validation score   (accuracy)
	843.17s	 = Training   runtime
	0.55s	 = Validation runtime
Fitting model: LightGBM ...
	0.8917	 = Validation score   (accuracy)
	48.69s	 = Training   runtime
	1.59s	 = Validation runtime
Fitting model: CatBoost ...
	0.9786	 = Validation score   (accuracy)
	1930.91s	 = Training   runtime
	0.39s	 = Validation runtime
Fitting model: WeightedEnsemble_L2 ...
	Ensemble Weights: {'XGBoost': 1.0}
	0.9828	 = Validation score   (accuracy)
	11.19s	 = Training   runtime
	0.04s	 = Validation runtime
AutoGluon training complete, total runtime = 9723.47s ... Best model: "WeightedEnsemble_L2"
TabularPredictor saved. To load, use: predictor = TabularPredictor.load("AutogluonModels/ag-20250414_193013-006/Predictor_S1 (SBS1 - 0.99)")
No presets specified! To achieve strong results with AutoGluon, it is recommended to use the available presets.
	Recommended Presets (For more details refer to https://auto.gluon.ai/stable/tutorials/tabular/tabular-essentials.html#presets):
	presets='best_quality'   : Maximize accuracy. Default time_limit=3600.
	presets='high_quality'   : Strong accuracy with fast inference speed. Default time_limit=3600.
	presets='good_quality'   : Good accuracy with very fast inference speed. Default time_limit=3600.
	presets='medium_quality' : Fast training time, ideal for initial prototyping.
Beginning AutoGluon training ...
AutoGluon will save models to "AutogluonModels/ag-20250414_193013-006/Predictor_S2 (SBS2 - 0.99)"
=================== System Info ===================
AutoGluon Version:  1.1.0
Python Version:     3.10.15
Operating System:   Linux
Platform Machine:   x86_64
Platform Version:   #1 SMP PREEMPT_DYNAMIC Thu Apr 3 12:12:16 UTC 2025
CPU Count:          272
Memory Avail:       182.29 GB / 203.90 GB (89.4%)
Disk Space Avail:   1383.11 GB / 5120.00 GB (27.0%)
===================================================
Train Data Rows:    14495
Train Data Columns: 97
Label Column:       S2 (SBS2 - 0.99)
AutoGluon infers your prediction problem is: 'binary' (because only two unique label-values observed).
	2 unique label values:  [False, True]
	If 'binary' is not the correct problem_type, please manually specify the problem_type parameter during predictor init (You may specify problem_type as one of: ['binary', 'multiclass', 'regression'])
Problem Type:       binary
Preprocessing data ...
Selected class <--> label mapping:  class 1 = True, class 0 = False
Using Feature Generators to preprocess the data ...
Fitting AutoMLPipelineFeatureGenerator...
	Available Memory:                    186677.53 MB
	Train Data (Original)  Memory Usage: 10.63 MB (0.0% of available memory)
	Inferring data type of each feature based on column values. Set feature_metadata_in to manually specify special dtypes of the features.
	Stage 1 Generators:
		Fitting AsTypeFeatureGenerator...
			Note: Converting 1 features to boolean dtype as they only contain 2 unique values.
	Stage 2 Generators:
		Fitting FillNaFeatureGenerator...
	Stage 3 Generators:
		Fitting IdentityFeatureGenerator...
	Stage 4 Generators:
		Fitting DropUniqueFeatureGenerator...
	Stage 5 Generators:
		Fitting DropDuplicatesFeatureGenerator...
	Types of features in original data (raw dtype, special dtypes):
		('bool', []) :  1 | ['S1 (SBS1 - 0.99)']
		('int', [])  : 96 | ['A[C>A]A', 'A[C>A]C', 'A[C>A]G', 'A[C>A]T', 'A[C>G]A', ...]
	Types of features in processed data (raw dtype, special dtypes):
		('int', [])       : 96 | ['A[C>A]A', 'A[C>A]C', 'A[C>A]G', 'A[C>A]T', 'A[C>G]A', ...]
		('int', ['bool']) :  1 | ['S1 (SBS1 - 0.99)']
	5.1s = Fit runtime
	97 features in original data used to generate 97 features in processed data.
	Train Data (Processed) Memory Usage: 10.63 MB (0.0% of available memory)
Data preprocessing and feature engineering runtime = 5.64s ...
AutoGluon will gauge predictive performance using evaluation metric: 'accuracy'
	To change this, specify the eval_metric parameter of Predictor()
Automatically generating train/validation split with holdout_frac=0.1, Train Rows: 13045, Val Rows: 1450
User-specified model hyperparameters to be fit:
{
	'NN_TORCH': {},
	'GBM': [{'extra_trees': True, 'ag_args': {'name_suffix': 'XT'}}, {}, 'GBMLarge'],
	'CAT': {},
	'XGB': {},
	'FASTAI': {},
	'RF': [{'criterion': 'gini', 'ag_args': {'name_suffix': 'Gini', 'problem_types': ['binary', 'multiclass']}}, {'criterion': 'entropy', 'ag_args': {'name_suffix': 'Entr', 'problem_types': ['binary', 'multiclass']}}, {'criterion': 'squared_error', 'ag_args': {'name_suffix': 'MSE', 'problem_types': ['regression', 'quantile']}}],
	'XT': [{'criterion': 'gini', 'ag_args': {'name_suffix': 'Gini', 'problem_types': ['binary', 'multiclass']}}, {'criterion': 'entropy', 'ag_args': {'name_suffix': 'Entr', 'problem_types': ['binary', 'multiclass']}}, {'criterion': 'squared_error', 'ag_args': {'name_suffix': 'MSE', 'problem_types': ['regression', 'quantile']}}],
	'KNN': [{'weights': 'uniform', 'ag_args': {'name_suffix': 'Unif'}}, {'weights': 'distance', 'ag_args': {'name_suffix': 'Dist'}}],
}
Fitting 13 L1 models ...
Fitting model: KNeighborsUnif ...
	0.9069	 = Validation score   (accuracy)
	0.7s	 = Training   runtime
	4.28s	 = Validation runtime
Fitting model: KNeighborsDist ...
	0.88	 = Validation score   (accuracy)
	658.0s	 = Training   runtime
	0.36s	 = Validation runtime
Fitting model: LightGBM ...
	0.9069	 = Validation score   (accuracy)
	1.09s	 = Training   runtime
	5.22s	 = Validation runtime
Fitting model: LightGBMXT ...
	0.9234	 = Validation score   (accuracy)
	898.51s	 = Training   runtime
	0.46s	 = Validation runtime
Fitting model: LightGBM ...
	0.9041	 = Validation score   (accuracy)
	308.05s	 = Training   runtime
	0.29s	 = Validation runtime
Fitting model: ExtraTreesGini ...
	0.8855	 = Validation score   (accuracy)
	29.02s	 = Training   runtime
	1.67s	 = Validation runtime
Fitting model: ExtraTreesEntr ...
	0.8883	 = Validation score   (accuracy)
	29.35s	 = Training   runtime
	1.99s	 = Validation runtime
Fitting model: NeuralNetFastAI ...
	0.9807	 = Validation score   (accuracy)
	2205.01s	 = Training   runtime
	0.32s	 = Validation runtime
Fitting model: WeightedEnsemble_L2 ...
	Ensemble Weights: {'LightGBMLarge': 0.5, 'KNeighborsDist': 0.167, 'LightGBMXT': 0.167, 'NeuralNetTorch': 0.167}
	0.9821	 = Validation score   (accuracy)
	9.57s	 = Training   runtime
	0.03s	 = Validation runtime
AutoGluon training complete, total runtime = 10142.66s ... Best model: "WeightedEnsemble_L2"
TabularPredictor saved. To load, use: predictor = TabularPredictor.load("AutogluonModels/ag-20250414_193013-011/Predictor_S1 (SBS1 - 0.99)")
No presets specified! To achieve strong results with AutoGluon, it is recommended to use the available presets.
	Recommended Presets (For more details refer to https://auto.gluon.ai/stable/tutorials/tabular/tabular-essentials.html#presets):
	presets='best_quality'   : Maximize accuracy. Default time_limit=3600.
	presets='high_quality'   : Strong accuracy with fast inference speed. Default time_limit=3600.
	presets='good_quality'   : Good accuracy with very fast inference speed. Default time_limit=3600.
	presets='medium_quality' : Fast training time, ideal for initial prototyping.
Beginning AutoGluon training ...
AutoGluon will save models to "AutogluonModels/ag-20250414_193013-011/Predictor_S2 (SBS2 - 0.99)"
=================== System Info ===================
AutoGluon Version:  1.1.0
Python Version:     3.10.15
Operating System:   Linux
Platform Machine:   x86_64
Platform Version:   #1 SMP PREEMPT_DYNAMIC Thu Apr 3 12:12:16 UTC 2025
CPU Count:          272
Memory Avail:       174.31 GB / 203.90 GB (85.5%)
Disk Space Avail:   1382.95 GB / 5120.00 GB (27.0%)
===================================================
Train Data Rows:    14495
Train Data Columns: 97
Label Column:       S2 (SBS2 - 0.99)
AutoGluon infers your prediction problem is: 'binary' (because only two unique label-values observed).
	2 unique label values:  [False, True]
	If 'binary' is not the correct problem_type, please manually specify the problem_type parameter during predictor init (You may specify problem_type as one of: ['binary', 'multiclass', 'regression'])
Problem Type:       binary
Preprocessing data ...
Selected class <--> label mapping:  class 1 = True, class 0 = False
Using Feature Generators to preprocess the data ...
Fitting AutoMLPipelineFeatureGenerator...
	Available Memory:                    178503.68 MB
	Train Data (Original)  Memory Usage: 10.63 MB (0.0% of available memory)
	Inferring data type of each feature based on column values. Set feature_metadata_in to manually specify special dtypes of the features.
	Stage 1 Generators:
		Fitting AsTypeFeatureGenerator...
			Note: Converting 1 features to boolean dtype as they only contain 2 unique values.
	Stage 2 Generators:
		Fitting FillNaFeatureGenerator...
	Stage 3 Generators:
		Fitting IdentityFeatureGenerator...
	Stage 4 Generators:
		Fitting DropUniqueFeatureGenerator...
	Stage 5 Generators:
		Fitting DropDuplicatesFeatureGenerator...
	Types of features in original data (raw dtype, special dtypes):
		('bool', []) :  1 | ['S1 (SBS1 - 0.99)']
		('int', [])  : 96 | ['A[C>A]A', 'A[C>A]C', 'A[C>A]G', 'A[C>A]T', 'A[C>G]A', ...]
	Types of features in processed data (raw dtype, special dtypes):
		('int', [])       : 96 | ['A[C>A]A', 'A[C>A]C', 'A[C>A]G', 'A[C>A]T', 'A[C>G]A', ...]
		('int', ['bool']) :  1 | ['S1 (SBS1 - 0.99)']
	5.2s = Fit runtime
	97 features in original data used to generate 97 features in processed data.
	Train Data (Processed) Memory Usage: 10.63 MB (0.0% of available memory)
Data preprocessing and feature engineering runtime = 5.81s ...
AutoGluon will gauge predictive performance using evaluation metric: 'accuracy'
	To change this, specify the eval_metric parameter of Predictor()
Automatically generating train/validation split with holdout_frac=0.1, Train Rows: 13045, Val Rows: 1450
User-specified model hyperparameters to be fit:
{
	'NN_TORCH': {},
	'GBM': [{'extra_trees': True, 'ag_args': {'name_suffix': 'XT'}}, {}, 'GBMLarge'],
	'CAT': {},
	'XGB': {},
	'FASTAI': {},
	'RF': [{'criterion': 'gini', 'ag_args': {'name_suffix': 'Gini', 'problem_types': ['binary', 'multiclass']}}, {'criterion': 'entropy', 'ag_args': {'name_suffix': 'Entr', 'problem_types': ['binary', 'multiclass']}}, {'criterion': 'squared_error', 'ag_args': {'name_suffix': 'MSE', 'problem_types': ['regression', 'quantile']}}],
	'XT': [{'criterion': 'gini', 'ag_args': {'name_suffix': 'Gini', 'problem_types': ['binary', 'multiclass']}}, {'criterion': 'entropy', 'ag_args': {'name_suffix': 'Entr', 'problem_types': ['binary', 'multiclass']}}, {'criterion': 'squared_error', 'ag_args': {'name_suffix': 'MSE', 'problem_types': ['regression', 'quantile']}}],
	'KNN': [{'weights': 'uniform', 'ag_args': {'name_suffix': 'Unif'}}, {'weights': 'distance', 'ag_args': {'name_suffix': 'Dist'}}],
}
Fitting 13 L1 models ...
Fitting model: KNeighborsUnif ...
	0.9083	 = Validation score   (accuracy)
	0.68s	 = Training   runtime
	3.52s	 = Validation runtime
Fitting model: KNeighborsDist ...
	0.9083	 = Validation score   (accuracy)
	0.66s	 = Training   runtime
	3.42s	 = Validation runtime
Fitting model: LightGBMXT ...
	0.9786	 = Validation score   (accuracy)
	2135.64s	 = Training   runtime
	0.35s	 = Validation runtime
Fitting model: WeightedEnsemble_L2 ...
	0.9159	 = Validation score   (accuracy)
	684.85s	 = Training   runtime
	0.26s	 = Validation runtime
Fitting model: RandomForestGini ...
	Ensemble Weights: {'LightGBMXT': 1.0}
	0.9814	 = Validation score   (accuracy)
	16.35s	 = Training   runtime
	0.08s	 = Validation runtime
AutoGluon training complete, total runtime = 10329.57s ... Best model: "WeightedEnsemble_L2"
TabularPredictor saved. To load, use: predictor = TabularPredictor.load("AutogluonModels/ag-20250414_193013-009/Predictor_S1 (SBS1 - 0.99)")
No presets specified! To achieve strong results with AutoGluon, it is recommended to use the available presets.
	Recommended Presets (For more details refer to https://auto.gluon.ai/stable/tutorials/tabular/tabular-essentials.html#presets):
	presets='best_quality'   : Maximize accuracy. Default time_limit=3600.
	presets='high_quality'   : Strong accuracy with fast inference speed. Default time_limit=3600.
	presets='good_quality'   : Good accuracy with very fast inference speed. Default time_limit=3600.
	presets='medium_quality' : Fast training time, ideal for initial prototyping.
Beginning AutoGluon training ...
AutoGluon will save models to "AutogluonModels/ag-20250414_193013-009/Predictor_S2 (SBS2 - 0.99)"
=================== System Info ===================
AutoGluon Version:  1.1.0
Python Version:     3.10.15
Operating System:   Linux
Platform Machine:   x86_64
Platform Version:   #1 SMP PREEMPT_DYNAMIC Thu Apr 3 12:12:16 UTC 2025
CPU Count:          272
Memory Avail:       168.18 GB / 203.90 GB (82.5%)
Disk Space Avail:   1382.93 GB / 5120.00 GB (27.0%)
===================================================
Train Data Rows:    14495
Train Data Columns: 97
Label Column:       S2 (SBS2 - 0.99)
AutoGluon infers your prediction problem is: 'binary' (because only two unique label-values observed).
	2 unique label values:  [False, True]
	If 'binary' is not the correct problem_type, please manually specify the problem_type parameter during predictor init (You may specify problem_type as one of: ['binary', 'multiclass', 'regression'])
Problem Type:       binary
Preprocessing data ...
Selected class <--> label mapping:  class 1 = True, class 0 = False
Using Feature Generators to preprocess the data ...
Fitting AutoMLPipelineFeatureGenerator...
	Available Memory:                    172067.34 MB
	Train Data (Original)  Memory Usage: 10.63 MB (0.0% of available memory)
	Inferring data type of each feature based on column values. Set feature_metadata_in to manually specify special dtypes of the features.
	Stage 1 Generators:
		Fitting AsTypeFeatureGenerator...
			Note: Converting 1 features to boolean dtype as they only contain 2 unique values.
	Stage 2 Generators:
		Fitting FillNaFeatureGenerator...
	Stage 3 Generators:
		Fitting IdentityFeatureGenerator...
	Stage 4 Generators:
		Fitting DropUniqueFeatureGenerator...
	0.9207	 = Validation score   (accuracy)
	853.33s	 = Training   runtime
	0.45s	 = Validation runtime
Fitting model: LightGBM ...
	Stage 5 Generators:
		Fitting DropDuplicatesFeatureGenerator...
	Types of features in original data (raw dtype, special dtypes):
		('bool', []) :  1 | ['S1 (SBS1 - 0.99)']
		('int', [])  : 96 | ['A[C>A]A', 'A[C>A]C', 'A[C>A]G', 'A[C>A]T', 'A[C>G]A', ...]
	Types of features in processed data (raw dtype, special dtypes):
		('int', [])       : 96 | ['A[C>A]A', 'A[C>A]C', 'A[C>A]G', 'A[C>A]T', 'A[C>G]A', ...]
		('int', ['bool']) :  1 | ['S1 (SBS1 - 0.99)']
	20.4s = Fit runtime
	97 features in original data used to generate 97 features in processed data.
	Train Data (Processed) Memory Usage: 10.63 MB (0.0% of available memory)
Data preprocessing and feature engineering runtime = 24.32s ...
AutoGluon will gauge predictive performance using evaluation metric: 'accuracy'
	To change this, specify the eval_metric parameter of Predictor()
Automatically generating train/validation split with holdout_frac=0.1, Train Rows: 13045, Val Rows: 1450
User-specified model hyperparameters to be fit:
{
	'NN_TORCH': {},
	'GBM': [{'extra_trees': True, 'ag_args': {'name_suffix': 'XT'}}, {}, 'GBMLarge'],
	'CAT': {},
	'XGB': {},
	'FASTAI': {},
	'RF': [{'criterion': 'gini', 'ag_args': {'name_suffix': 'Gini', 'problem_types': ['binary', 'multiclass']}}, {'criterion': 'entropy', 'ag_args': {'name_suffix': 'Entr', 'problem_types': ['binary', 'multiclass']}}, {'criterion': 'squared_error', 'ag_args': {'name_suffix': 'MSE', 'problem_types': ['regression', 'quantile']}}],
	'XT': [{'criterion': 'gini', 'ag_args': {'name_suffix': 'Gini', 'problem_types': ['binary', 'multiclass']}}, {'criterion': 'entropy', 'ag_args': {'name_suffix': 'Entr', 'problem_types': ['binary', 'multiclass']}}, {'criterion': 'squared_error', 'ag_args': {'name_suffix': 'MSE', 'problem_types': ['regression', 'quantile']}}],
	'KNN': [{'weights': 'uniform', 'ag_args': {'name_suffix': 'Unif'}}, {'weights': 'distance', 'ag_args': {'name_suffix': 'Dist'}}],
}
Fitting 13 L1 models ...
Fitting model: KNeighborsUnif ...
	0.909	 = Validation score   (accuracy)
	3.07s	 = Training   runtime
	9.97s	 = Validation runtime
Fitting model: KNeighborsDist ...
	0.9097	 = Validation score   (accuracy)
	3.39s	 = Training   runtime
	11.22s	 = Validation runtime
Fitting model: LightGBMXT ...
	0.9021	 = Validation score   (accuracy)
	70.97s	 = Training   runtime
	4.54s	 = Validation runtime
Fitting model: RandomForestEntr ...
	0.9021	 = Validation score   (accuracy)
	1490.52s	 = Training   runtime
	0.61s	 = Validation runtime
Fitting model: LightGBM ...
	0.8979	 = Validation score   (accuracy)
	58.36s	 = Training   runtime
	2.54s	 = Validation runtime
Fitting model: CatBoost ...
	0.9779	 = Validation score   (accuracy)
	2020.31s	 = Training   runtime
	0.33s	 = Validation runtime
Fitting model: WeightedEnsemble_L2 ...
	Ensemble Weights: {'LightGBM': 1.0}
	0.9807	 = Validation score   (accuracy)
	13.06s	 = Training   runtime
	0.03s	 = Validation runtime
AutoGluon training complete, total runtime = 10615.62s ... Best model: "WeightedEnsemble_L2"
TabularPredictor saved. To load, use: predictor = TabularPredictor.load("AutogluonModels/ag-20250414_193014-003/Predictor_S1 (SBS1 - 0.99)")
No presets specified! To achieve strong results with AutoGluon, it is recommended to use the available presets.
	Recommended Presets (For more details refer to https://auto.gluon.ai/stable/tutorials/tabular/tabular-essentials.html#presets):
	presets='best_quality'   : Maximize accuracy. Default time_limit=3600.
	presets='high_quality'   : Strong accuracy with fast inference speed. Default time_limit=3600.
	presets='good_quality'   : Good accuracy with very fast inference speed. Default time_limit=3600.
	presets='medium_quality' : Fast training time, ideal for initial prototyping.
Beginning AutoGluon training ...
AutoGluon will save models to "AutogluonModels/ag-20250414_193014-003/Predictor_S2 (SBS2 - 0.99)"
=================== System Info ===================
AutoGluon Version:  1.1.0
Python Version:     3.10.15
Operating System:   Linux
Platform Machine:   x86_64
Platform Version:   #1 SMP PREEMPT_DYNAMIC Thu Apr 3 12:12:16 UTC 2025
CPU Count:          272
Memory Avail:       168.09 GB / 203.90 GB (82.4%)
Disk Space Avail:   1382.84 GB / 5120.00 GB (27.0%)
===================================================
Train Data Rows:    14495
Train Data Columns: 97
Label Column:       S2 (SBS2 - 0.99)
AutoGluon infers your prediction problem is: 'binary' (because only two unique label-values observed).
	2 unique label values:  [False, True]
	If 'binary' is not the correct problem_type, please manually specify the problem_type parameter during predictor init (You may specify problem_type as one of: ['binary', 'multiclass', 'regression'])
Problem Type:       binary
Preprocessing data ...
Selected class <--> label mapping:  class 1 = True, class 0 = False
Using Feature Generators to preprocess the data ...
Fitting AutoMLPipelineFeatureGenerator...
	Available Memory:                    172134.38 MB
	Train Data (Original)  Memory Usage: 10.63 MB (0.0% of available memory)
	Inferring data type of each feature based on column values. Set feature_metadata_in to manually specify special dtypes of the features.
	Stage 1 Generators:
		Fitting AsTypeFeatureGenerator...
			Note: Converting 1 features to boolean dtype as they only contain 2 unique values.
	Stage 2 Generators:
		Fitting FillNaFeatureGenerator...
	Stage 3 Generators:
		Fitting IdentityFeatureGenerator...
	Stage 4 Generators:
		Fitting DropUniqueFeatureGenerator...
	Stage 5 Generators:
		Fitting DropDuplicatesFeatureGenerator...
	Types of features in original data (raw dtype, special dtypes):
		('bool', []) :  1 | ['S1 (SBS1 - 0.99)']
		('int', [])  : 96 | ['A[C>A]A', 'A[C>A]C', 'A[C>A]G', 'A[C>A]T', 'A[C>G]A', ...]
	Types of features in processed data (raw dtype, special dtypes):
		('int', [])       : 96 | ['A[C>A]A', 'A[C>A]C', 'A[C>A]G', 'A[C>A]T', 'A[C>G]A', ...]
		('int', ['bool']) :  1 | ['S1 (SBS1 - 0.99)']
	10.7s = Fit runtime
	97 features in original data used to generate 97 features in processed data.
	Train Data (Processed) Memory Usage: 10.63 MB (0.0% of available memory)
Data preprocessing and feature engineering runtime = 12.19s ...
AutoGluon will gauge predictive performance using evaluation metric: 'accuracy'
	To change this, specify the eval_metric parameter of Predictor()
Automatically generating train/validation split with holdout_frac=0.1, Train Rows: 13045, Val Rows: 1450
User-specified model hyperparameters to be fit:
{
	'NN_TORCH': {},
	'GBM': [{'extra_trees': True, 'ag_args': {'name_suffix': 'XT'}}, {}, 'GBMLarge'],
	'CAT': {},
	'XGB': {},
	'FASTAI': {},
	'RF': [{'criterion': 'gini', 'ag_args': {'name_suffix': 'Gini', 'problem_types': ['binary', 'multiclass']}}, {'criterion': 'entropy', 'ag_args': {'name_suffix': 'Entr', 'problem_types': ['binary', 'multiclass']}}, {'criterion': 'squared_error', 'ag_args': {'name_suffix': 'MSE', 'problem_types': ['regression', 'quantile']}}],
	'XT': [{'criterion': 'gini', 'ag_args': {'name_suffix': 'Gini', 'problem_types': ['binary', 'multiclass']}}, {'criterion': 'entropy', 'ag_args': {'name_suffix': 'Entr', 'problem_types': ['binary', 'multiclass']}}, {'criterion': 'squared_error', 'ag_args': {'name_suffix': 'MSE', 'problem_types': ['regression', 'quantile']}}],
	'KNN': [{'weights': 'uniform', 'ag_args': {'name_suffix': 'Unif'}}, {'weights': 'distance', 'ag_args': {'name_suffix': 'Dist'}}],
}
Fitting 13 L1 models ...
Fitting model: KNeighborsUnif ...
	0.8966	 = Validation score   (accuracy)
	1.45s	 = Training   runtime
	5.45s	 = Validation runtime
Fitting model: KNeighborsDist ...
	0.8972	 = Validation score   (accuracy)
	1.1s	 = Training   runtime
	3.98s	 = Validation runtime
Fitting model: LightGBMXT ...
	0.8814	 = Validation score   (accuracy)
	963.52s	 = Training   runtime
	0.28s	 = Validation runtime
Fitting model: RandomForestGini ...
	0.9117	 = Validation score   (accuracy)
	252.27s	 = Training   runtime
	0.44s	 = Validation runtime
Fitting model: ExtraTreesGini ...
	0.8766	 = Validation score   (accuracy)
	67.83s	 = Training   runtime
	5.27s	 = Validation runtime
Fitting model: RandomForestEntr ...
	0.8883	 = Validation score   (accuracy)
	62.62s	 = Training   runtime
	4.19s	 = Validation runtime
Fitting model: ExtraTreesEntr ...
	0.929	 = Validation score   (accuracy)
	1088.9s	 = Training   runtime
	0.8s	 = Validation runtime
Fitting model: LightGBM ...
	0.8869	 = Validation score   (accuracy)
	59.79s	 = Training   runtime
	5.63s	 = Validation runtime
Fitting model: NeuralNetFastAI ...
	0.8793	 = Validation score   (accuracy)
	65.67s	 = Training   runtime
	4.89s	 = Validation runtime
Fitting model: CatBoost ...
	0.9193	 = Validation score   (accuracy)
	663.4s	 = Training   runtime
	0.45s	 = Validation runtime
Fitting model: RandomForestGini ...
	0.9752	 = Validation score   (accuracy)
	2784.75s	 = Training   runtime
	0.42s	 = Validation runtime
Fitting model: WeightedEnsemble_L2 ...
	Ensemble Weights: {'LightGBMXT': 1.0}
	0.9807	 = Validation score   (accuracy)
	42.45s	 = Training   runtime
	0.15s	 = Validation runtime
AutoGluon training complete, total runtime = 11060.94s ... Best model: "WeightedEnsemble_L2"
TabularPredictor saved. To load, use: predictor = TabularPredictor.load("AutogluonModels/ag-20250414_193013-003/Predictor_S1 (SBS1 - 0.99)")
No presets specified! To achieve strong results with AutoGluon, it is recommended to use the available presets.
	Recommended Presets (For more details refer to https://auto.gluon.ai/stable/tutorials/tabular/tabular-essentials.html#presets):
	presets='best_quality'   : Maximize accuracy. Default time_limit=3600.
	presets='high_quality'   : Strong accuracy with fast inference speed. Default time_limit=3600.
	presets='good_quality'   : Good accuracy with very fast inference speed. Default time_limit=3600.
	presets='medium_quality' : Fast training time, ideal for initial prototyping.
Beginning AutoGluon training ...
AutoGluon will save models to "AutogluonModels/ag-20250414_193013-003/Predictor_S2 (SBS2 - 0.99)"
=================== System Info ===================
AutoGluon Version:  1.1.0
Python Version:     3.10.15
Operating System:   Linux
Platform Machine:   x86_64
Platform Version:   #1 SMP PREEMPT_DYNAMIC Thu Apr 3 12:12:16 UTC 2025
CPU Count:          272
Memory Avail:       166.98 GB / 203.90 GB (81.9%)
Disk Space Avail:   1382.56 GB / 5120.00 GB (27.0%)
===================================================
Train Data Rows:    14495
Train Data Columns: 97
Label Column:       S2 (SBS2 - 0.99)
AutoGluon infers your prediction problem is: 'binary' (because only two unique label-values observed).
	2 unique label values:  [False, True]
	If 'binary' is not the correct problem_type, please manually specify the problem_type parameter during predictor init (You may specify problem_type as one of: ['binary', 'multiclass', 'regression'])
Problem Type:       binary
Preprocessing data ...
Selected class <--> label mapping:  class 1 = True, class 0 = False
Using Feature Generators to preprocess the data ...
Fitting AutoMLPipelineFeatureGenerator...
	Available Memory:                    170999.43 MB
	Train Data (Original)  Memory Usage: 10.63 MB (0.0% of available memory)
	Inferring data type of each feature based on column values. Set feature_metadata_in to manually specify special dtypes of the features.
	0.9262	 = Validation score   (accuracy)
	682.15s	 = Training   runtime
	0.47s	 = Validation runtime
Fitting model: LightGBM ...
	Stage 1 Generators:
		Fitting AsTypeFeatureGenerator...
			Note: Converting 1 features to boolean dtype as they only contain 2 unique values.
	Stage 2 Generators:
		Fitting FillNaFeatureGenerator...
	Stage 3 Generators:
		Fitting IdentityFeatureGenerator...
	Stage 4 Generators:
		Fitting DropUniqueFeatureGenerator...
	Stage 5 Generators:
		Fitting DropDuplicatesFeatureGenerator...
	0.8952	 = Validation score   (accuracy)
	1887.96s	 = Training   runtime
	0.83s	 = Validation runtime
Fitting model: RandomForestGini ...
	0.8869	 = Validation score   (accuracy)
	250.47s	 = Training   runtime
	0.55s	 = Validation runtime
Fitting model: ExtraTreesGini ...
	0.9048	 = Validation score   (accuracy)
	89.07s	 = Training   runtime
	6.04s	 = Validation runtime
Fitting model: RandomForestEntr ...
	Types of features in original data (raw dtype, special dtypes):
		('bool', []) :  1 | ['S1 (SBS1 - 0.99)']
		('int', [])  : 96 | ['A[C>A]A', 'A[C>A]C', 'A[C>A]G', 'A[C>A]T', 'A[C>G]A', ...]
	Types of features in processed data (raw dtype, special dtypes):
		('int', [])       : 96 | ['A[C>A]A', 'A[C>A]C', 'A[C>A]G', 'A[C>A]T', 'A[C>G]A', ...]
		('int', ['bool']) :  1 | ['S1 (SBS1 - 0.99)']
	46.6s = Fit runtime
	97 features in original data used to generate 97 features in processed data.
	Train Data (Processed) Memory Usage: 10.63 MB (0.0% of available memory)
Data preprocessing and feature engineering runtime = 48.87s ...
AutoGluon will gauge predictive performance using evaluation metric: 'accuracy'
	To change this, specify the eval_metric parameter of Predictor()
Automatically generating train/validation split with holdout_frac=0.1, Train Rows: 13045, Val Rows: 1450
User-specified model hyperparameters to be fit:
{
	'NN_TORCH': {},
	'GBM': [{'extra_trees': True, 'ag_args': {'name_suffix': 'XT'}}, {}, 'GBMLarge'],
	'CAT': {},
	'XGB': {},
	'FASTAI': {},
	'RF': [{'criterion': 'gini', 'ag_args': {'name_suffix': 'Gini', 'problem_types': ['binary', 'multiclass']}}, {'criterion': 'entropy', 'ag_args': {'name_suffix': 'Entr', 'problem_types': ['binary', 'multiclass']}}, {'criterion': 'squared_error', 'ag_args': {'name_suffix': 'MSE', 'problem_types': ['regression', 'quantile']}}],
	'XT': [{'criterion': 'gini', 'ag_args': {'name_suffix': 'Gini', 'problem_types': ['binary', 'multiclass']}}, {'criterion': 'entropy', 'ag_args': {'name_suffix': 'Entr', 'problem_types': ['binary', 'multiclass']}}, {'criterion': 'squared_error', 'ag_args': {'name_suffix': 'MSE', 'problem_types': ['regression', 'quantile']}}],
	'KNN': [{'weights': 'uniform', 'ag_args': {'name_suffix': 'Unif'}}, {'weights': 'distance', 'ag_args': {'name_suffix': 'Dist'}}],
}
Fitting 13 L1 models ...
Fitting model: KNeighborsUnif ...
	0.9186	 = Validation score   (accuracy)
	1513.51s	 = Training   runtime
	0.54s	 = Validation runtime
Fitting model: LightGBM ...
	0.8766	 = Validation score   (accuracy)
	3.67s	 = Training   runtime
	3.81s	 = Validation runtime
Fitting model: KNeighborsDist ...
	0.8766	 = Validation score   (accuracy)
	4.25s	 = Training   runtime
	7.84s	 = Validation runtime
Fitting model: LightGBMXT ...
	0.8931	 = Validation score   (accuracy)
	717.98s	 = Training   runtime
	0.49s	 = Validation runtime
Fitting model: RandomForestGini ...
	0.8786	 = Validation score   (accuracy)
	77.12s	 = Training   runtime
	6.95s	 = Validation runtime
Fitting model: ExtraTreesEntr ...
	0.8869	 = Validation score   (accuracy)
	90.25s	 = Training   runtime
	8.35s	 = Validation runtime
Fitting model: RandomForestEntr ...
	0.9214	 = Validation score   (accuracy)
	1327.5s	 = Training   runtime
	0.75s	 = Validation runtime
Fitting model: RandomForestGini ...
	0.9793	 = Validation score   (accuracy)
	2453.77s	 = Training   runtime
	1.13s	 = Validation runtime
Fitting model: WeightedEnsemble_L2 ...
	0.911	 = Validation score   (accuracy)
	113.59s	 = Training   runtime
	13.23s	 = Validation runtime
Fitting model: CatBoost ...
	0.8876	 = Validation score   (accuracy)
	99.88s	 = Training   runtime
	13.71s	 = Validation runtime
Fitting model: RandomForestEntr ...
	0.8793	 = Validation score   (accuracy)
	87.85s	 = Training   runtime
	11.2s	 = Validation runtime
Fitting model: NeuralNetFastAI ...
	0.8897	 = Validation score   (accuracy)
	99.89s	 = Training   runtime
	7.75s	 = Validation runtime
Fitting model: CatBoost ...
	Ensemble Weights: {'LightGBM': 0.5, 'NeuralNetTorch': 0.5}
	0.9821	 = Validation score   (accuracy)
	90.86s	 = Training   runtime
	0.48s	 = Validation runtime
AutoGluon training complete, total runtime = 11336.58s ... Best model: "WeightedEnsemble_L2"
	0.9779	 = Validation score   (accuracy)
	2022.04s	 = Training   runtime
	0.59s	 = Validation runtime
TabularPredictor saved. To load, use: predictor = TabularPredictor.load("AutogluonModels/ag-20250414_193013-008/Predictor_S1 (SBS1 - 0.99)")
No presets specified! To achieve strong results with AutoGluon, it is recommended to use the available presets.
	Recommended Presets (For more details refer to https://auto.gluon.ai/stable/tutorials/tabular/tabular-essentials.html#presets):
	presets='best_quality'   : Maximize accuracy. Default time_limit=3600.
	presets='high_quality'   : Strong accuracy with fast inference speed. Default time_limit=3600.
	presets='good_quality'   : Good accuracy with very fast inference speed. Default time_limit=3600.
	presets='medium_quality' : Fast training time, ideal for initial prototyping.
Fitting model: WeightedEnsemble_L2 ...
Beginning AutoGluon training ...
AutoGluon will save models to "AutogluonModels/ag-20250414_193013-008/Predictor_S2 (SBS2 - 0.99)"
=================== System Info ===================
AutoGluon Version:  1.1.0
Python Version:     3.10.15
Operating System:   Linux
Platform Machine:   x86_64
Platform Version:   #1 SMP PREEMPT_DYNAMIC Thu Apr 3 12:12:16 UTC 2025
CPU Count:          272
Memory Avail:       167.59 GB / 203.90 GB (82.2%)
Disk Space Avail:   1382.16 GB / 5120.00 GB (27.0%)
===================================================
Train Data Rows:    14495
Train Data Columns: 97
Label Column:       S2 (SBS2 - 0.99)
AutoGluon infers your prediction problem is: 'binary' (because only two unique label-values observed).
	2 unique label values:  [False, True]
	If 'binary' is not the correct problem_type, please manually specify the problem_type parameter during predictor init (You may specify problem_type as one of: ['binary', 'multiclass', 'regression'])
Problem Type:       binary
Preprocessing data ...
Selected class <--> label mapping:  class 1 = True, class 0 = False
Using Feature Generators to preprocess the data ...
Fitting AutoMLPipelineFeatureGenerator...
	Available Memory:                    171639.41 MB
	Train Data (Original)  Memory Usage: 10.63 MB (0.0% of available memory)
	Inferring data type of each feature based on column values. Set feature_metadata_in to manually specify special dtypes of the features.
	Stage 1 Generators:
		Fitting AsTypeFeatureGenerator...
			Note: Converting 1 features to boolean dtype as they only contain 2 unique values.
	Stage 2 Generators:
		Fitting FillNaFeatureGenerator...
	Stage 3 Generators:
		Fitting IdentityFeatureGenerator...
	0.909	 = Validation score   (accuracy)
	128.59s	 = Training   runtime
	7.89s	 = Validation runtime
Fitting model: RandomForestEntr ...
	Stage 4 Generators:
		Fitting DropUniqueFeatureGenerator...
	Stage 5 Generators:
		Fitting DropDuplicatesFeatureGenerator...
	0.9269	 = Validation score   (accuracy)
	538.89s	 = Training   runtime
	0.71s	 = Validation runtime
Fitting model: RandomForestGini ...
	Types of features in original data (raw dtype, special dtypes):
		('bool', []) :  1 | ['S1 (SBS1 - 0.99)']
		('int', [])  : 96 | ['A[C>A]A', 'A[C>A]C', 'A[C>A]G', 'A[C>A]T', 'A[C>G]A', ...]
	Types of features in processed data (raw dtype, special dtypes):
		('int', [])       : 96 | ['A[C>A]A', 'A[C>A]C', 'A[C>A]G', 'A[C>A]T', 'A[C>G]A', ...]
		('int', ['bool']) :  1 | ['S1 (SBS1 - 0.99)']
	45.6s = Fit runtime
	97 features in original data used to generate 97 features in processed data.
	0.8855	 = Validation score   (accuracy)
	96.71s	 = Training   runtime
	9.19s	 = Validation runtime
Fitting model: CatBoost ...
	Train Data (Processed) Memory Usage: 10.63 MB (0.0% of available memory)
Data preprocessing and feature engineering runtime = 48.33s ...
AutoGluon will gauge predictive performance using evaluation metric: 'accuracy'
	To change this, specify the eval_metric parameter of Predictor()
Automatically generating train/validation split with holdout_frac=0.1, Train Rows: 13045, Val Rows: 1450
User-specified model hyperparameters to be fit:
{
	'NN_TORCH': {},
	'GBM': [{'extra_trees': True, 'ag_args': {'name_suffix': 'XT'}}, {}, 'GBMLarge'],
	'CAT': {},
	'XGB': {},
	'FASTAI': {},
	'RF': [{'criterion': 'gini', 'ag_args': {'name_suffix': 'Gini', 'problem_types': ['binary', 'multiclass']}}, {'criterion': 'entropy', 'ag_args': {'name_suffix': 'Entr', 'problem_types': ['binary', 'multiclass']}}, {'criterion': 'squared_error', 'ag_args': {'name_suffix': 'MSE', 'problem_types': ['regression', 'quantile']}}],
	'XT': [{'criterion': 'gini', 'ag_args': {'name_suffix': 'Gini', 'problem_types': ['binary', 'multiclass']}}, {'criterion': 'entropy', 'ag_args': {'name_suffix': 'Entr', 'problem_types': ['binary', 'multiclass']}}, {'criterion': 'squared_error', 'ag_args': {'name_suffix': 'MSE', 'problem_types': ['regression', 'quantile']}}],
	'KNN': [{'weights': 'uniform', 'ag_args': {'name_suffix': 'Unif'}}, {'weights': 'distance', 'ag_args': {'name_suffix': 'Dist'}}],
}
Fitting 13 L1 models ...
Fitting model: KNeighborsUnif ...
	0.9034	 = Validation score   (accuracy)
	4.95s	 = Training   runtime
	4.35s	 = Validation runtime
Fitting model: KNeighborsDist ...
	Ensemble Weights: {'NeuralNetTorch': 1.0}
	0.9807	 = Validation score   (accuracy)
	71.44s	 = Training   runtime
	0.24s	 = Validation runtime
AutoGluon training complete, total runtime = 11413.26s ... Best model: "WeightedEnsemble_L2"
TabularPredictor saved. To load, use: predictor = TabularPredictor.load("AutogluonModels/ag-20250414_193014/Predictor_S1 (SBS1 - 0.99)")
No presets specified! To achieve strong results with AutoGluon, it is recommended to use the available presets.
	Recommended Presets (For more details refer to https://auto.gluon.ai/stable/tutorials/tabular/tabular-essentials.html#presets):
	presets='best_quality'   : Maximize accuracy. Default time_limit=3600.
	presets='high_quality'   : Strong accuracy with fast inference speed. Default time_limit=3600.
	presets='good_quality'   : Good accuracy with very fast inference speed. Default time_limit=3600.
	presets='medium_quality' : Fast training time, ideal for initial prototyping.
	0.9034	 = Validation score   (accuracy)
	6.54s	 = Training   runtime
	5.83s	 = Validation runtime
Fitting model: LightGBMXT ...
Beginning AutoGluon training ...
AutoGluon will save models to "AutogluonModels/ag-20250414_193014/Predictor_S2 (SBS2 - 0.99)"
=================== System Info ===================
AutoGluon Version:  1.1.0
Python Version:     3.10.15
Operating System:   Linux
Platform Machine:   x86_64
Platform Version:   #1 SMP PREEMPT_DYNAMIC Thu Apr 3 12:12:16 UTC 2025
CPU Count:          272
Memory Avail:       167.59 GB / 203.90 GB (82.2%)
Disk Space Avail:   1382.08 GB / 5120.00 GB (27.0%)
===================================================
Train Data Rows:    14495
Train Data Columns: 97
Label Column:       S2 (SBS2 - 0.99)
AutoGluon infers your prediction problem is: 'binary' (because only two unique label-values observed).
	2 unique label values:  [False, True]
	If 'binary' is not the correct problem_type, please manually specify the problem_type parameter during predictor init (You may specify problem_type as one of: ['binary', 'multiclass', 'regression'])
Problem Type:       binary
Preprocessing data ...
Selected class <--> label mapping:  class 1 = True, class 0 = False
Using Feature Generators to preprocess the data ...
Fitting AutoMLPipelineFeatureGenerator...
	Available Memory:                    171621.66 MB
	Train Data (Original)  Memory Usage: 10.63 MB (0.0% of available memory)
	Inferring data type of each feature based on column values. Set feature_metadata_in to manually specify special dtypes of the features.
	Stage 1 Generators:
		Fitting AsTypeFeatureGenerator...
			Note: Converting 1 features to boolean dtype as they only contain 2 unique values.
	Stage 2 Generators:
		Fitting FillNaFeatureGenerator...
	Stage 3 Generators:
		Fitting IdentityFeatureGenerator...
	Stage 4 Generators:
		Fitting DropUniqueFeatureGenerator...
	Stage 5 Generators:
		Fitting DropDuplicatesFeatureGenerator...
	Types of features in original data (raw dtype, special dtypes):
		('bool', []) :  1 | ['S1 (SBS1 - 0.99)']
		('int', [])  : 96 | ['A[C>A]A', 'A[C>A]C', 'A[C>A]G', 'A[C>A]T', 'A[C>G]A', ...]
	Types of features in processed data (raw dtype, special dtypes):
		('int', [])       : 96 | ['A[C>A]A', 'A[C>A]C', 'A[C>A]G', 'A[C>A]T', 'A[C>G]A', ...]
		('int', ['bool']) :  1 | ['S1 (SBS1 - 0.99)']
	37.1s = Fit runtime
	97 features in original data used to generate 97 features in processed data.
	Train Data (Processed) Memory Usage: 10.63 MB (0.0% of available memory)
Data preprocessing and feature engineering runtime = 40.94s ...
AutoGluon will gauge predictive performance using evaluation metric: 'accuracy'
	To change this, specify the eval_metric parameter of Predictor()
Automatically generating train/validation split with holdout_frac=0.1, Train Rows: 13045, Val Rows: 1450
User-specified model hyperparameters to be fit:
{
	'NN_TORCH': {},
	'GBM': [{'extra_trees': True, 'ag_args': {'name_suffix': 'XT'}}, {}, 'GBMLarge'],
	'CAT': {},
	'XGB': {},
	'FASTAI': {},
	'RF': [{'criterion': 'gini', 'ag_args': {'name_suffix': 'Gini', 'problem_types': ['binary', 'multiclass']}}, {'criterion': 'entropy', 'ag_args': {'name_suffix': 'Entr', 'problem_types': ['binary', 'multiclass']}}, {'criterion': 'squared_error', 'ag_args': {'name_suffix': 'MSE', 'problem_types': ['regression', 'quantile']}}],
	'XT': [{'criterion': 'gini', 'ag_args': {'name_suffix': 'Gini', 'problem_types': ['binary', 'multiclass']}}, {'criterion': 'entropy', 'ag_args': {'name_suffix': 'Entr', 'problem_types': ['binary', 'multiclass']}}, {'criterion': 'squared_error', 'ag_args': {'name_suffix': 'MSE', 'problem_types': ['regression', 'quantile']}}],
	'KNN': [{'weights': 'uniform', 'ag_args': {'name_suffix': 'Unif'}}, {'weights': 'distance', 'ag_args': {'name_suffix': 'Dist'}}],
}
Fitting 13 L1 models ...
Fitting model: KNeighborsUnif ...
	0.9062	 = Validation score   (accuracy)
	5.89s	 = Training   runtime
	6.75s	 = Validation runtime
Fitting model: KNeighborsDist ...
	0.9097	 = Validation score   (accuracy)
	105.33s	 = Training   runtime
	5.83s	 = Validation runtime
Fitting model: CatBoost ...
	0.9062	 = Validation score   (accuracy)
	4.99s	 = Training   runtime
	7.78s	 = Validation runtime
Fitting model: LightGBMXT ...
	0.9172	 = Validation score   (accuracy)
	113.83s	 = Training   runtime
	4.75s	 = Validation runtime
Fitting model: RandomForestEntr ...
	0.9317	 = Validation score   (accuracy)
	464.92s	 = Training   runtime
	0.46s	 = Validation runtime
Fitting model: RandomForestGini ...
	0.9117	 = Validation score   (accuracy)
	911.94s	 = Training   runtime
	0.61s	 = Validation runtime
Fitting model: LightGBM ...
	0.9193	 = Validation score   (accuracy)
	88.33s	 = Training   runtime
	6.12s	 = Validation runtime
Fitting model: CatBoost ...
	0.9138	 = Validation score   (accuracy)
	111.45s	 = Training   runtime
	4.07s	 = Validation runtime
Fitting model: RandomForestEntr ...
	0.8848	 = Validation score   (accuracy)
	348.57s	 = Training   runtime
	1.0s	 = Validation runtime
Fitting model: ExtraTreesGini ...
	0.9179	 = Validation score   (accuracy)
	589.2s	 = Training   runtime
	0.8s	 = Validation runtime
Fitting model: RandomForestGini ...
	0.8814	 = Validation score   (accuracy)
	76.45s	 = Training   runtime
	7.6s	 = Validation runtime
Fitting model: ExtraTreesEntr ...
	0.8869	 = Validation score   (accuracy)
	632.54s	 = Training   runtime
	0.51s	 = Validation runtime
Fitting model: LightGBM ...
	0.9159	 = Validation score   (accuracy)
	101.63s	 = Training   runtime
	8.88s	 = Validation runtime
Fitting model: CatBoost ...
	0.9283	 = Validation score   (accuracy)
	1623.27s	 = Training   runtime
	1.27s	 = Validation runtime
Fitting model: LightGBM ...
	0.9062	 = Validation score   (accuracy)
	107.87s	 = Training   runtime
	8.4s	 = Validation runtime
Fitting model: RandomForestEntr ...
	0.8855	 = Validation score   (accuracy)
	77.33s	 = Training   runtime
	4.97s	 = Validation runtime
Fitting model: NeuralNetFastAI ...
	0.9007	 = Validation score   (accuracy)
	2358.14s	 = Training   runtime
	0.58s	 = Validation runtime
Fitting model: LightGBM ...
	0.8897	 = Validation score   (accuracy)
	476.93s	 = Training   runtime
	1.29s	 = Validation runtime
Fitting model: ExtraTreesGini ...
	0.9	 = Validation score   (accuracy)
	91.59s	 = Training   runtime
	13.21s	 = Validation runtime
Fitting model: CatBoost ...
	0.8848	 = Validation score   (accuracy)
	85.73s	 = Training   runtime
	6.15s	 = Validation runtime
Fitting model: ExtraTreesEntr ...
	0.8841	 = Validation score   (accuracy)
	52.54s	 = Training   runtime
	4.74s	 = Validation runtime
Fitting model: NeuralNetFastAI ...
	0.9214	 = Validation score   (accuracy)
	861.68s	 = Training   runtime
	1.11s	 = Validation runtime
Fitting model: ExtraTreesGini ...
	0.9214	 = Validation score   (accuracy)
	336.9s	 = Training   runtime
	1.09s	 = Validation runtime
Fitting model: ExtraTreesGini ...
	0.9166	 = Validation score   (accuracy)
	631.76s	 = Training   runtime
	1.22s	 = Validation runtime
Fitting model: ExtraTreesGini ...
	0.9262	 = Validation score   (accuracy)
	530.31s	 = Training   runtime
	1.31s	 = Validation runtime
Fitting model: ExtraTreesGini ...
	0.9207	 = Validation score   (accuracy)
	418.71s	 = Training   runtime
	1.0s	 = Validation runtime
Fitting model: RandomForestGini ...
	0.9269	 = Validation score   (accuracy)
	798.46s	 = Training   runtime
	0.88s	 = Validation runtime
Fitting model: LightGBM ...
	0.8931	 = Validation score   (accuracy)
	75.05s	 = Training   runtime
	24.88s	 = Validation runtime
Fitting model: ExtraTreesEntr ...
	0.9083	 = Validation score   (accuracy)
	666.2s	 = Training   runtime
	0.97s	 = Validation runtime
Fitting model: RandomForestGini ...
	0.8931	 = Validation score   (accuracy)
	89.23s	 = Training   runtime
	20.19s	 = Validation runtime
	0.8945	 = Validation score   (accuracy)
	88.04s	 = Training   runtime
	20.91s	 = Validation runtime
Fitting model: ExtraTreesEntr ...
Fitting model: ExtraTreesEntr ...
	0.8986	 = Validation score   (accuracy)
	98.27s	 = Training   runtime
	12.32s	 = Validation runtime
Fitting model: ExtraTreesEntr ...
	0.9172	 = Validation score   (accuracy)
	310.74s	 = Training   runtime
	1.55s	 = Validation runtime
Fitting model: ExtraTreesGini ...
	0.9083	 = Validation score   (accuracy)
	115.62s	 = Training   runtime
	29.51s	 = Validation runtime
Fitting model: RandomForestEntr ...
	0.8924	 = Validation score   (accuracy)
	98.46s	 = Training   runtime
	30.79s	 = Validation runtime
Fitting model: NeuralNetFastAI ...
	0.8917	 = Validation score   (accuracy)
	119.72s	 = Training   runtime
	21.91s	 = Validation runtime
Fitting model: RandomForestEntr ...
	0.8917	 = Validation score   (accuracy)
	111.38s	 = Training   runtime
	25.1s	 = Validation runtime
	0.8979	 = Validation score   (accuracy)
	111.6s	 = Training   runtime
	24.06s	 = Validation runtime
Fitting model: NeuralNetFastAI ...
Fitting model: NeuralNetFastAI ...
	0.8959	 = Validation score   (accuracy)
	122.36s	 = Training   runtime
	15.18s	 = Validation runtime
Fitting model: NeuralNetFastAI ...
	0.8897	 = Validation score   (accuracy)
	118.6s	 = Training   runtime
	9.52s	 = Validation runtime
Fitting model: ExtraTreesEntr ...
	0.8972	 = Validation score   (accuracy)
	538.19s	 = Training   runtime
	0.73s	 = Validation runtime
Fitting model: RandomForestGini ...
	0.8862	 = Validation score   (accuracy)
	653.69s	 = Training   runtime
	1.05s	 = Validation runtime
Fitting model: RandomForestGini ...
	0.9331	 = Validation score   (accuracy)
	983.58s	 = Training   runtime
	0.74s	 = Validation runtime
	0.8945	 = Validation score   (accuracy)
	69.72s	 = Training   runtime
	19.26s	 = Validation runtime
Fitting model: CatBoost ...
Fitting model: LightGBM ...
	0.9083	 = Validation score   (accuracy)
	82.7s	 = Training   runtime
	22.64s	 = Validation runtime
Fitting model: CatBoost ...
	0.891	 = Validation score   (accuracy)
	73.03s	 = Training   runtime
	18.16s	 = Validation runtime
Fitting model: NeuralNetFastAI ...
	0.8938	 = Validation score   (accuracy)
	80.95s	 = Training   runtime
	13.22s	 = Validation runtime
Fitting model: RandomForestEntr ...
	0.8834	 = Validation score   (accuracy)
	73.7s	 = Training   runtime
	5.94s	 = Validation runtime
Fitting model: RandomForestEntr ...
	0.8897	 = Validation score   (accuracy)
	39.62s	 = Training   runtime
	10.66s	 = Validation runtime
Fitting model: CatBoost ...
	0.8793	 = Validation score   (accuracy)
	55.45s	 = Training   runtime
	6.38s	 = Validation runtime
Fitting model: CatBoost ...
	0.8848	 = Validation score   (accuracy)
	170.36s	 = Training   runtime
	1.05s	 = Validation runtime
Fitting model: ExtraTreesGini ...
	0.9297	 = Validation score   (accuracy)
	308.02s	 = Training   runtime
	0.57s	 = Validation runtime
Fitting model: RandomForestGini ...
	0.8945	 = Validation score   (accuracy)
	236.88s	 = Training   runtime
	1.6s	 = Validation runtime
Fitting model: ExtraTreesGini ...
	0.8786	 = Validation score   (accuracy)
	65.09s	 = Training   runtime
	14.92s	 = Validation runtime
Fitting model: ExtraTreesEntr ...
	0.9138	 = Validation score   (accuracy)
	387.97s	 = Training   runtime
	2.25s	 = Validation runtime
Fitting model: ExtraTreesGini ...
	0.8821	 = Validation score   (accuracy)
	77.31s	 = Training   runtime
	14.02s	 = Validation runtime
Fitting model: ExtraTreesEntr ...
	0.9166	 = Validation score   (accuracy)
	98.63s	 = Training   runtime
	17.46s	 = Validation runtime
Fitting model: RandomForestEntr ...
	0.8828	 = Validation score   (accuracy)
	78.35s	 = Training   runtime
	21.63s	 = Validation runtime
Fitting model: NeuralNetFastAI ...
	0.8869	 = Validation score   (accuracy)
	71.08s	 = Training   runtime
	15.3s	 = Validation runtime
Fitting model: ExtraTreesEntr ...
	0.9352	 = Validation score   (accuracy)
	776.78s	 = Training   runtime
	0.38s	 = Validation runtime
Fitting model: RandomForestGini ...
	0.8834	 = Validation score   (accuracy)
	73.75s	 = Training   runtime
	15.52s	 = Validation runtime
Fitting model: NeuralNetFastAI ...
	0.9262	 = Validation score   (accuracy)
	526.46s	 = Training   runtime
	0.5s	 = Validation runtime
Fitting model: ExtraTreesGini ...
	0.9179	 = Validation score   (accuracy)
	85.15s	 = Training   runtime
	11.4s	 = Validation runtime
Fitting model: CatBoost ...
	0.8897	 = Validation score   (accuracy)
	52.09s	 = Training   runtime
	11.88s	 = Validation runtime
Fitting model: NeuralNetFastAI ...
	0.9152	 = Validation score   (accuracy)
	52.87s	 = Training   runtime
	5.57s	 = Validation runtime
Fitting model: RandomForestEntr ...
	0.8938	 = Validation score   (accuracy)
	46.78s	 = Training   runtime
	5.67s	 = Validation runtime
Fitting model: ExtraTreesEntr ...
	0.9166	 = Validation score   (accuracy)
	43.36s	 = Training   runtime
	6.19s	 = Validation runtime
Fitting model: CatBoost ...
	0.8938	 = Validation score   (accuracy)
	40.7s	 = Training   runtime
	5.56s	 = Validation runtime
Fitting model: NeuralNetFastAI ...
	0.9248	 = Validation score   (accuracy)
	344.09s	 = Training   runtime
	0.54s	 = Validation runtime
Fitting model: ExtraTreesGini ...
	0.9241	 = Validation score   (accuracy)
	261.53s	 = Training   runtime
	0.26s	 = Validation runtime
Fitting model: ExtraTreesGini ...
	0.8966	 = Validation score   (accuracy)
	31.32s	 = Training   runtime
	9.84s	 = Validation runtime
Fitting model: ExtraTreesEntr ...
	0.8952	 = Validation score   (accuracy)
	31.16s	 = Training   runtime
	6.22s	 = Validation runtime
Fitting model: ExtraTreesEntr ...
	0.8979	 = Validation score   (accuracy)
	23.93s	 = Training   runtime
	9.96s	 = Validation runtime
Fitting model: NeuralNetFastAI ...
	0.891	 = Validation score   (accuracy)
	31.73s	 = Training   runtime
	4.87s	 = Validation runtime
Fitting model: NeuralNetFastAI ...
	0.8869	 = Validation score   (accuracy)
	3438.27s	 = Training   runtime
	1.86s	 = Validation runtime
Fitting model: XGBoost ...
	0.8993	 = Validation score   (accuracy)
	137.8s	 = Training   runtime
	0.42s	 = Validation runtime
Fitting model: NeuralNetTorch ...
	0.889	 = Validation score   (accuracy)
	4063.74s	 = Training   runtime
	2.14s	 = Validation runtime
Fitting model: XGBoost ...
	0.9076	 = Validation score   (accuracy)
	83.94s	 = Training   runtime
	0.45s	 = Validation runtime
Fitting model: NeuralNetTorch ...
No improvement since epoch 3: early stopping
	0.8883	 = Validation score   (accuracy)
	2944.34s	 = Training   runtime
	2.05s	 = Validation runtime
Fitting model: XGBoost ...
	0.8807	 = Validation score   (accuracy)
	4036.87s	 = Training   runtime
	1.62s	 = Validation runtime
Fitting model: XGBoost ...
	0.8821	 = Validation score   (accuracy)
	88.24s	 = Training   runtime
	0.51s	 = Validation runtime
Fitting model: NeuralNetTorch ...
	0.9269	 = Validation score   (accuracy)
	132.7s	 = Training   runtime
	0.39s	 = Validation runtime
Fitting model: NeuralNetTorch ...
	0.8855	 = Validation score   (accuracy)
	3845.21s	 = Training   runtime
	2.04s	 = Validation runtime
Fitting model: XGBoost ...
	0.8862	 = Validation score   (accuracy)
	3745.23s	 = Training   runtime
	2.45s	 = Validation runtime
Fitting model: XGBoost ...
No improvement since epoch 8: early stopping
	0.8869	 = Validation score   (accuracy)
	3353.21s	 = Training   runtime
	2.55s	 = Validation runtime
Fitting model: XGBoost ...
	0.8917	 = Validation score   (accuracy)
	88.83s	 = Training   runtime
	0.49s	 = Validation runtime
Fitting model: NeuralNetTorch ...
	0.891	 = Validation score   (accuracy)
	175.55s	 = Training   runtime
	0.59s	 = Validation runtime
Fitting model: NeuralNetTorch ...
	0.889	 = Validation score   (accuracy)
	3556.05s	 = Training   runtime
	2.5s	 = Validation runtime
Fitting model: XGBoost ...
	0.8869	 = Validation score   (accuracy)
	3544.65s	 = Training   runtime
	2.39s	 = Validation runtime
Fitting model: XGBoost ...
	0.8855	 = Validation score   (accuracy)
	3556.38s	 = Training   runtime
	2.17s	 = Validation runtime
Fitting model: XGBoost ...
	0.9097	 = Validation score   (accuracy)
	88.18s	 = Training   runtime
	0.34s	 = Validation runtime
Fitting model: NeuralNetTorch ...
No improvement since epoch 7: early stopping
	0.8855	 = Validation score   (accuracy)
	2950.6s	 = Training   runtime
	2.96s	 = Validation runtime
Fitting model: XGBoost ...
	0.9193	 = Validation score   (accuracy)
	135.35s	 = Training   runtime
	0.57s	 = Validation runtime
Fitting model: NeuralNetTorch ...
No improvement since epoch 5: early stopping
	0.8883	 = Validation score   (accuracy)
	2655.34s	 = Training   runtime
	2.85s	 = Validation runtime
Fitting model: XGBoost ...
	0.9262	 = Validation score   (accuracy)
	161.5s	 = Training   runtime
	0.5s	 = Validation runtime
Fitting model: NeuralNetTorch ...
	0.9207	 = Validation score   (accuracy)
	207.5s	 = Training   runtime
	0.46s	 = Validation runtime
Fitting model: NeuralNetTorch ...
	0.9221	 = Validation score   (accuracy)
	102.91s	 = Training   runtime
	0.48s	 = Validation runtime
Fitting model: NeuralNetTorch ...
	0.8834	 = Validation score   (accuracy)
	3249.9s	 = Training   runtime
	2.4s	 = Validation runtime
Fitting model: XGBoost ...
	0.8869	 = Validation score   (accuracy)
	3201.78s	 = Training   runtime
	1.95s	 = Validation runtime
Fitting model: XGBoost ...
	0.9234	 = Validation score   (accuracy)
	108.88s	 = Training   runtime
	0.23s	 = Validation runtime
Fitting model: NeuralNetTorch ...
	0.8876	 = Validation score   (accuracy)
	3177.2s	 = Training   runtime
	1.89s	 = Validation runtime
Fitting model: XGBoost ...
	0.8848	 = Validation score   (accuracy)
	107.93s	 = Training   runtime
	0.29s	 = Validation runtime
Fitting model: NeuralNetTorch ...
	0.9055	 = Validation score   (accuracy)
	158.61s	 = Training   runtime
	0.36s	 = Validation runtime
Fitting model: NeuralNetTorch ...
	0.8952	 = Validation score   (accuracy)
	187.22s	 = Training   runtime
	0.31s	 = Validation runtime
Fitting model: NeuralNetTorch ...
	0.8876	 = Validation score   (accuracy)
	2974.12s	 = Training   runtime
	1.51s	 = Validation runtime
Fitting model: XGBoost ...
	0.9262	 = Validation score   (accuracy)
	146.32s	 = Training   runtime
	0.26s	 = Validation runtime
Fitting model: NeuralNetTorch ...
	0.8952	 = Validation score   (accuracy)
	3341.75s	 = Training   runtime
	7.75s	 = Validation runtime
Fitting model: LightGBMLarge ...
	0.8759	 = Validation score   (accuracy)
	2165.84s	 = Training   runtime
	9.4s	 = Validation runtime
Fitting model: LightGBMLarge ...
	0.9	 = Validation score   (accuracy)
	1019.29s	 = Training   runtime
	0.22s	 = Validation runtime
Fitting model: WeightedEnsemble_L2 ...
	Ensemble Weights: {'KNeighborsDist': 0.278, 'LightGBM': 0.222, 'CatBoost': 0.222, 'LightGBMXT': 0.111, 'RandomForestEntr': 0.111, 'RandomForestGini': 0.056}
	0.9124	 = Validation score   (accuracy)
	17.52s	 = Training   runtime
	0.09s	 = Validation runtime
AutoGluon training complete, total runtime = 9466.81s ... Best model: "WeightedEnsemble_L2"
TabularPredictor saved. To load, use: predictor = TabularPredictor.load("AutogluonModels/ag-20250414_193013/Predictor_S2 (SBS2 - 0.99)")
No presets specified! To achieve strong results with AutoGluon, it is recommended to use the available presets.
	Recommended Presets (For more details refer to https://auto.gluon.ai/stable/tutorials/tabular/tabular-essentials.html#presets):
	presets='best_quality'   : Maximize accuracy. Default time_limit=3600.
	presets='high_quality'   : Strong accuracy with fast inference speed. Default time_limit=3600.
	presets='good_quality'   : Good accuracy with very fast inference speed. Default time_limit=3600.
	presets='medium_quality' : Fast training time, ideal for initial prototyping.
Beginning AutoGluon training ...
AutoGluon will save models to "AutogluonModels/ag-20250414_193013/Predictor_S3 (SBS3 - 0.97)"
=================== System Info ===================
AutoGluon Version:  1.1.0
Python Version:     3.10.15
Operating System:   Linux
Platform Machine:   x86_64
Platform Version:   #1 SMP PREEMPT_DYNAMIC Thu Apr 3 12:12:16 UTC 2025
CPU Count:          272
Memory Avail:       162.33 GB / 203.90 GB (79.6%)
Disk Space Avail:   1379.64 GB / 5120.00 GB (26.9%)
===================================================
Train Data Rows:    14495
Train Data Columns: 98
Label Column:       S3 (SBS3 - 0.97)
AutoGluon infers your prediction problem is: 'binary' (because only two unique label-values observed).
	2 unique label values:  [False, True]
	If 'binary' is not the correct problem_type, please manually specify the problem_type parameter during predictor init (You may specify problem_type as one of: ['binary', 'multiclass', 'regression'])
Problem Type:       binary
Preprocessing data ...
Selected class <--> label mapping:  class 1 = True, class 0 = False
Using Feature Generators to preprocess the data ...
Fitting AutoMLPipelineFeatureGenerator...
	Available Memory:                    166173.05 MB
	Train Data (Original)  Memory Usage: 10.64 MB (0.0% of available memory)
	Inferring data type of each feature based on column values. Set feature_metadata_in to manually specify special dtypes of the features.
	Stage 1 Generators:
		Fitting AsTypeFeatureGenerator...
			Note: Converting 2 features to boolean dtype as they only contain 2 unique values.
	Stage 2 Generators:
		Fitting FillNaFeatureGenerator...
	Stage 3 Generators:
		Fitting IdentityFeatureGenerator...
	Stage 4 Generators:
		Fitting DropUniqueFeatureGenerator...
	Stage 5 Generators:
		Fitting DropDuplicatesFeatureGenerator...
	Types of features in original data (raw dtype, special dtypes):
		('bool', []) :  2 | ['S1 (SBS1 - 0.99)', 'S2 (SBS2 - 0.99)']
		('int', [])  : 96 | ['A[C>A]A', 'A[C>A]C', 'A[C>A]G', 'A[C>A]T', 'A[C>G]A', ...]
	Types of features in processed data (raw dtype, special dtypes):
		('int', [])       : 96 | ['A[C>A]A', 'A[C>A]C', 'A[C>A]G', 'A[C>A]T', 'A[C>G]A', ...]
		('int', ['bool']) :  2 | ['S1 (SBS1 - 0.99)', 'S2 (SBS2 - 0.99)']
	6.9s = Fit runtime
	98 features in original data used to generate 98 features in processed data.
	Train Data (Processed) Memory Usage: 10.64 MB (0.0% of available memory)
Data preprocessing and feature engineering runtime = 7.63s ...
AutoGluon will gauge predictive performance using evaluation metric: 'accuracy'
	To change this, specify the eval_metric parameter of Predictor()
Automatically generating train/validation split with holdout_frac=0.1, Train Rows: 13045, Val Rows: 1450
User-specified model hyperparameters to be fit:
{
	'NN_TORCH': {},
	'GBM': [{'extra_trees': True, 'ag_args': {'name_suffix': 'XT'}}, {}, 'GBMLarge'],
	'CAT': {},
	'XGB': {},
	'FASTAI': {},
	'RF': [{'criterion': 'gini', 'ag_args': {'name_suffix': 'Gini', 'problem_types': ['binary', 'multiclass']}}, {'criterion': 'entropy', 'ag_args': {'name_suffix': 'Entr', 'problem_types': ['binary', 'multiclass']}}, {'criterion': 'squared_error', 'ag_args': {'name_suffix': 'MSE', 'problem_types': ['regression', 'quantile']}}],
	'XT': [{'criterion': 'gini', 'ag_args': {'name_suffix': 'Gini', 'problem_types': ['binary', 'multiclass']}}, {'criterion': 'entropy', 'ag_args': {'name_suffix': 'Entr', 'problem_types': ['binary', 'multiclass']}}, {'criterion': 'squared_error', 'ag_args': {'name_suffix': 'MSE', 'problem_types': ['regression', 'quantile']}}],
	'KNN': [{'weights': 'uniform', 'ag_args': {'name_suffix': 'Unif'}}, {'weights': 'distance', 'ag_args': {'name_suffix': 'Dist'}}],
}
Fitting 13 L1 models ...
Fitting model: KNeighborsUnif ...
	0.7676	 = Validation score   (accuracy)
	1.45s	 = Training   runtime
	2.76s	 = Validation runtime
Fitting model: KNeighborsDist ...
	0.7683	 = Validation score   (accuracy)
	1.35s	 = Training   runtime
	2.68s	 = Validation runtime
Fitting model: LightGBMXT ...
	0.8807	 = Validation score   (accuracy)
	2178.11s	 = Training   runtime
	10.58s	 = Validation runtime
Fitting model: LightGBMLarge ...
	0.9076	 = Validation score   (accuracy)
	3075.93s	 = Training   runtime
	12.81s	 = Validation runtime
Fitting model: LightGBMLarge ...
	0.8766	 = Validation score   (accuracy)
	1806.17s	 = Training   runtime
	12.5s	 = Validation runtime
Fitting model: LightGBMLarge ...
	0.8848	 = Validation score   (accuracy)
	2349.85s	 = Training   runtime
	13.49s	 = Validation runtime
Fitting model: LightGBMLarge ...
	0.8828	 = Validation score   (accuracy)
	1940.54s	 = Training   runtime
	11.41s	 = Validation runtime
Fitting model: LightGBMLarge ...
	0.8814	 = Validation score   (accuracy)
	1071.48s	 = Training   runtime
	0.2s	 = Validation runtime
Fitting model: WeightedEnsemble_L2 ...
	Ensemble Weights: {'CatBoost': 1.0}
	0.8869	 = Validation score   (accuracy)
	23.12s	 = Training   runtime
	0.1s	 = Validation runtime
AutoGluon training complete, total runtime = 9654.56s ... Best model: "WeightedEnsemble_L2"
TabularPredictor saved. To load, use: predictor = TabularPredictor.load("AutogluonModels/ag-20250414_193013-005/Predictor_S2 (SBS2 - 0.99)")
No presets specified! To achieve strong results with AutoGluon, it is recommended to use the available presets.
	Recommended Presets (For more details refer to https://auto.gluon.ai/stable/tutorials/tabular/tabular-essentials.html#presets):
	presets='best_quality'   : Maximize accuracy. Default time_limit=3600.
	presets='high_quality'   : Strong accuracy with fast inference speed. Default time_limit=3600.
	presets='good_quality'   : Good accuracy with very fast inference speed. Default time_limit=3600.
	presets='medium_quality' : Fast training time, ideal for initial prototyping.
Beginning AutoGluon training ...
AutoGluon will save models to "AutogluonModels/ag-20250414_193013-005/Predictor_S3 (SBS3 - 0.97)"
=================== System Info ===================
AutoGluon Version:  1.1.0
Python Version:     3.10.15
Operating System:   Linux
Platform Machine:   x86_64
Platform Version:   #1 SMP PREEMPT_DYNAMIC Thu Apr 3 12:12:16 UTC 2025
CPU Count:          272
Memory Avail:       161.34 GB / 203.90 GB (79.1%)
Disk Space Avail:   1379.62 GB / 5120.00 GB (26.9%)
===================================================
Train Data Rows:    14495
Train Data Columns: 98
Label Column:       S3 (SBS3 - 0.97)
AutoGluon infers your prediction problem is: 'binary' (because only two unique label-values observed).
	2 unique label values:  [False, True]
	If 'binary' is not the correct problem_type, please manually specify the problem_type parameter during predictor init (You may specify problem_type as one of: ['binary', 'multiclass', 'regression'])
Problem Type:       binary
Preprocessing data ...
Selected class <--> label mapping:  class 1 = True, class 0 = False
Using Feature Generators to preprocess the data ...
Fitting AutoMLPipelineFeatureGenerator...
	Available Memory:                    164194.16 MB
	Train Data (Original)  Memory Usage: 10.64 MB (0.0% of available memory)
	Inferring data type of each feature based on column values. Set feature_metadata_in to manually specify special dtypes of the features.
	Stage 1 Generators:
		Fitting AsTypeFeatureGenerator...
			Note: Converting 2 features to boolean dtype as they only contain 2 unique values.
	Stage 2 Generators:
		Fitting FillNaFeatureGenerator...
	Stage 3 Generators:
		Fitting IdentityFeatureGenerator...
	Stage 4 Generators:
		Fitting DropUniqueFeatureGenerator...
	Stage 5 Generators:
		Fitting DropDuplicatesFeatureGenerator...
	Types of features in original data (raw dtype, special dtypes):
		('bool', []) :  2 | ['S1 (SBS1 - 0.99)', 'S2 (SBS2 - 0.99)']
		('int', [])  : 96 | ['A[C>A]A', 'A[C>A]C', 'A[C>A]G', 'A[C>A]T', 'A[C>G]A', ...]
	Types of features in processed data (raw dtype, special dtypes):
		('int', [])       : 96 | ['A[C>A]A', 'A[C>A]C', 'A[C>A]G', 'A[C>A]T', 'A[C>G]A', ...]
		('int', ['bool']) :  2 | ['S1 (SBS1 - 0.99)', 'S2 (SBS2 - 0.99)']
	16.8s = Fit runtime
	98 features in original data used to generate 98 features in processed data.
	Train Data (Processed) Memory Usage: 10.64 MB (0.0% of available memory)
Data preprocessing and feature engineering runtime = 17.82s ...
AutoGluon will gauge predictive performance using evaluation metric: 'accuracy'
	To change this, specify the eval_metric parameter of Predictor()
Automatically generating train/validation split with holdout_frac=0.1, Train Rows: 13045, Val Rows: 1450
User-specified model hyperparameters to be fit:
{
	'NN_TORCH': {},
	'GBM': [{'extra_trees': True, 'ag_args': {'name_suffix': 'XT'}}, {}, 'GBMLarge'],
	'CAT': {},
	'XGB': {},
	'FASTAI': {},
	'RF': [{'criterion': 'gini', 'ag_args': {'name_suffix': 'Gini', 'problem_types': ['binary', 'multiclass']}}, {'criterion': 'entropy', 'ag_args': {'name_suffix': 'Entr', 'problem_types': ['binary', 'multiclass']}}, {'criterion': 'squared_error', 'ag_args': {'name_suffix': 'MSE', 'problem_types': ['regression', 'quantile']}}],
	'XT': [{'criterion': 'gini', 'ag_args': {'name_suffix': 'Gini', 'problem_types': ['binary', 'multiclass']}}, {'criterion': 'entropy', 'ag_args': {'name_suffix': 'Entr', 'problem_types': ['binary', 'multiclass']}}, {'criterion': 'squared_error', 'ag_args': {'name_suffix': 'MSE', 'problem_types': ['regression', 'quantile']}}],
	'KNN': [{'weights': 'uniform', 'ag_args': {'name_suffix': 'Unif'}}, {'weights': 'distance', 'ag_args': {'name_suffix': 'Dist'}}],
}
Fitting 13 L1 models ...
Fitting model: KNeighborsUnif ...
	0.6524	 = Validation score   (accuracy)
	1.21s	 = Training   runtime
	3.1s	 = Validation runtime
Fitting model: KNeighborsDist ...
	0.6524	 = Validation score   (accuracy)
	1.13s	 = Training   runtime
	3.16s	 = Validation runtime
Fitting model: LightGBMXT ...
	0.9145	 = Validation score   (accuracy)
	2820.67s	 = Training   runtime
	12.52s	 = Validation runtime
Fitting model: LightGBMLarge ...
	0.9248	 = Validation score   (accuracy)
	2774.92s	 = Training   runtime
	10.0s	 = Validation runtime
Fitting model: LightGBMLarge ...
	0.9331	 = Validation score   (accuracy)
	3663.81s	 = Training   runtime
	10.96s	 = Validation runtime
Fitting model: LightGBMLarge ...
	0.9221	 = Validation score   (accuracy)
	3043.68s	 = Training   runtime
	9.84s	 = Validation runtime
Fitting model: LightGBMLarge ...
	0.9028	 = Validation score   (accuracy)
	2898.99s	 = Training   runtime
	9.33s	 = Validation runtime
Fitting model: LightGBMLarge ...
	0.8248	 = Validation score   (accuracy)
	1599.03s	 = Training   runtime
	0.78s	 = Validation runtime
Fitting model: LightGBM ...
	0.9303	 = Validation score   (accuracy)
	3217.31s	 = Training   runtime
	7.73s	 = Validation runtime
Fitting model: LightGBMLarge ...
	0.9179	 = Validation score   (accuracy)
	3799.38s	 = Training   runtime
	6.42s	 = Validation runtime
Fitting model: LightGBMLarge ...
	0.9303	 = Validation score   (accuracy)
	3881.39s	 = Training   runtime
	5.26s	 = Validation runtime
Fitting model: LightGBMLarge ...
	0.8903	 = Validation score   (accuracy)
	1869.53s	 = Training   runtime
	0.22s	 = Validation runtime
Fitting model: WeightedEnsemble_L2 ...
	Ensemble Weights: {'LightGBMXT': 0.917, 'NeuralNetFastAI': 0.083}
	0.9028	 = Validation score   (accuracy)
	8.95s	 = Training   runtime
	0.04s	 = Validation runtime
AutoGluon training complete, total runtime = 11190.18s ... Best model: "WeightedEnsemble_L2"
TabularPredictor saved. To load, use: predictor = TabularPredictor.load("AutogluonModels/ag-20250414_193013-001/Predictor_S2 (SBS2 - 0.99)")
No presets specified! To achieve strong results with AutoGluon, it is recommended to use the available presets.
	Recommended Presets (For more details refer to https://auto.gluon.ai/stable/tutorials/tabular/tabular-essentials.html#presets):
	presets='best_quality'   : Maximize accuracy. Default time_limit=3600.
	presets='high_quality'   : Strong accuracy with fast inference speed. Default time_limit=3600.
	presets='good_quality'   : Good accuracy with very fast inference speed. Default time_limit=3600.
	presets='medium_quality' : Fast training time, ideal for initial prototyping.
Beginning AutoGluon training ...
AutoGluon will save models to "AutogluonModels/ag-20250414_193013-001/Predictor_S3 (SBS3 - 0.97)"
=================== System Info ===================
AutoGluon Version:  1.1.0
Python Version:     3.10.15
Operating System:   Linux
Platform Machine:   x86_64
Platform Version:   #1 SMP PREEMPT_DYNAMIC Thu Apr 3 12:12:16 UTC 2025
CPU Count:          272
Memory Avail:       161.76 GB / 203.90 GB (79.3%)
Disk Space Avail:   1379.59 GB / 5120.00 GB (26.9%)
===================================================
Train Data Rows:    14495
Train Data Columns: 98
Label Column:       S3 (SBS3 - 0.97)
AutoGluon infers your prediction problem is: 'binary' (because only two unique label-values observed).
	2 unique label values:  [False, True]
	If 'binary' is not the correct problem_type, please manually specify the problem_type parameter during predictor init (You may specify problem_type as one of: ['binary', 'multiclass', 'regression'])
Problem Type:       binary
Preprocessing data ...
Selected class <--> label mapping:  class 1 = True, class 0 = False
Using Feature Generators to preprocess the data ...
Fitting AutoMLPipelineFeatureGenerator...
	Available Memory:                    165657.24 MB
	Train Data (Original)  Memory Usage: 10.64 MB (0.0% of available memory)
	Inferring data type of each feature based on column values. Set feature_metadata_in to manually specify special dtypes of the features.
	Stage 1 Generators:
		Fitting AsTypeFeatureGenerator...
			Note: Converting 2 features to boolean dtype as they only contain 2 unique values.
	Stage 2 Generators:
		Fitting FillNaFeatureGenerator...
	Stage 3 Generators:
		Fitting IdentityFeatureGenerator...
	Stage 4 Generators:
		Fitting DropUniqueFeatureGenerator...
	Stage 5 Generators:
		Fitting DropDuplicatesFeatureGenerator...
	Types of features in original data (raw dtype, special dtypes):
		('bool', []) :  2 | ['S1 (SBS1 - 0.99)', 'S2 (SBS2 - 0.99)']
		('int', [])  : 96 | ['A[C>A]A', 'A[C>A]C', 'A[C>A]G', 'A[C>A]T', 'A[C>G]A', ...]
	Types of features in processed data (raw dtype, special dtypes):
		('int', [])       : 96 | ['A[C>A]A', 'A[C>A]C', 'A[C>A]G', 'A[C>A]T', 'A[C>G]A', ...]
		('int', ['bool']) :  2 | ['S1 (SBS1 - 0.99)', 'S2 (SBS2 - 0.99)']
	7.5s = Fit runtime
	98 features in original data used to generate 98 features in processed data.
	Train Data (Processed) Memory Usage: 10.64 MB (0.0% of available memory)
Data preprocessing and feature engineering runtime = 8.02s ...
AutoGluon will gauge predictive performance using evaluation metric: 'accuracy'
	To change this, specify the eval_metric parameter of Predictor()
Automatically generating train/validation split with holdout_frac=0.1, Train Rows: 13045, Val Rows: 1450
User-specified model hyperparameters to be fit:
{
	'NN_TORCH': {},
	'GBM': [{'extra_trees': True, 'ag_args': {'name_suffix': 'XT'}}, {}, 'GBMLarge'],
	'CAT': {},
	'XGB': {},
	'FASTAI': {},
	'RF': [{'criterion': 'gini', 'ag_args': {'name_suffix': 'Gini', 'problem_types': ['binary', 'multiclass']}}, {'criterion': 'entropy', 'ag_args': {'name_suffix': 'Entr', 'problem_types': ['binary', 'multiclass']}}, {'criterion': 'squared_error', 'ag_args': {'name_suffix': 'MSE', 'problem_types': ['regression', 'quantile']}}],
	'XT': [{'criterion': 'gini', 'ag_args': {'name_suffix': 'Gini', 'problem_types': ['binary', 'multiclass']}}, {'criterion': 'entropy', 'ag_args': {'name_suffix': 'Entr', 'problem_types': ['binary', 'multiclass']}}, {'criterion': 'squared_error', 'ag_args': {'name_suffix': 'MSE', 'problem_types': ['regression', 'quantile']}}],
	'KNN': [{'weights': 'uniform', 'ag_args': {'name_suffix': 'Unif'}}, {'weights': 'distance', 'ag_args': {'name_suffix': 'Dist'}}],
}
Fitting 13 L1 models ...
Fitting model: KNeighborsUnif ...
	0.7503	 = Validation score   (accuracy)
	0.61s	 = Training   runtime
	3.59s	 = Validation runtime
Fitting model: KNeighborsDist ...
	0.751	 = Validation score   (accuracy)
	0.64s	 = Training   runtime
	3.65s	 = Validation runtime
Fitting model: LightGBMXT ...
	0.92	 = Validation score   (accuracy)
	1659.03s	 = Training   runtime
	0.29s	 = Validation runtime
Fitting model: WeightedEnsemble_L2 ...
	Ensemble Weights: {'LightGBMLarge': 0.75, 'NeuralNetTorch': 0.25}
	0.9248	 = Validation score   (accuracy)
	7.79s	 = Training   runtime
	0.03s	 = Validation runtime
AutoGluon training complete, total runtime = 10861.18s ... Best model: "WeightedEnsemble_L2"
TabularPredictor saved. To load, use: predictor = TabularPredictor.load("AutogluonModels/ag-20250414_193013-007/Predictor_S2 (SBS2 - 0.99)")
No presets specified! To achieve strong results with AutoGluon, it is recommended to use the available presets.
	Recommended Presets (For more details refer to https://auto.gluon.ai/stable/tutorials/tabular/tabular-essentials.html#presets):
	presets='best_quality'   : Maximize accuracy. Default time_limit=3600.
	presets='high_quality'   : Strong accuracy with fast inference speed. Default time_limit=3600.
	presets='good_quality'   : Good accuracy with very fast inference speed. Default time_limit=3600.
	presets='medium_quality' : Fast training time, ideal for initial prototyping.
Beginning AutoGluon training ...
AutoGluon will save models to "AutogluonModels/ag-20250414_193013-007/Predictor_S3 (SBS3 - 0.97)"
=================== System Info ===================
AutoGluon Version:  1.1.0
Python Version:     3.10.15
Operating System:   Linux
Platform Machine:   x86_64
Platform Version:   #1 SMP PREEMPT_DYNAMIC Thu Apr 3 12:12:16 UTC 2025
CPU Count:          272
Memory Avail:       160.08 GB / 203.90 GB (78.5%)
Disk Space Avail:   1379.57 GB / 5120.00 GB (26.9%)
===================================================
Train Data Rows:    14495
Train Data Columns: 98
Label Column:       S3 (SBS3 - 0.97)
AutoGluon infers your prediction problem is: 'binary' (because only two unique label-values observed).
	2 unique label values:  [False, True]
	If 'binary' is not the correct problem_type, please manually specify the problem_type parameter during predictor init (You may specify problem_type as one of: ['binary', 'multiclass', 'regression'])
Problem Type:       binary
Preprocessing data ...
Selected class <--> label mapping:  class 1 = True, class 0 = False
Using Feature Generators to preprocess the data ...
Fitting AutoMLPipelineFeatureGenerator...
	Available Memory:                    163931.23 MB
	Train Data (Original)  Memory Usage: 10.64 MB (0.0% of available memory)
	Inferring data type of each feature based on column values. Set feature_metadata_in to manually specify special dtypes of the features.
	Stage 1 Generators:
		Fitting AsTypeFeatureGenerator...
			Note: Converting 2 features to boolean dtype as they only contain 2 unique values.
	Stage 2 Generators:
		Fitting FillNaFeatureGenerator...
	Stage 3 Generators:
		Fitting IdentityFeatureGenerator...
	Stage 4 Generators:
		Fitting DropUniqueFeatureGenerator...
	Stage 5 Generators:
		Fitting DropDuplicatesFeatureGenerator...
	Types of features in original data (raw dtype, special dtypes):
		('bool', []) :  2 | ['S1 (SBS1 - 0.99)', 'S2 (SBS2 - 0.99)']
		('int', [])  : 96 | ['A[C>A]A', 'A[C>A]C', 'A[C>A]G', 'A[C>A]T', 'A[C>G]A', ...]
	Types of features in processed data (raw dtype, special dtypes):
		('int', [])       : 96 | ['A[C>A]A', 'A[C>A]C', 'A[C>A]G', 'A[C>A]T', 'A[C>G]A', ...]
		('int', ['bool']) :  2 | ['S1 (SBS1 - 0.99)', 'S2 (SBS2 - 0.99)']
	5.1s = Fit runtime
	98 features in original data used to generate 98 features in processed data.
	Train Data (Processed) Memory Usage: 10.64 MB (0.0% of available memory)
Data preprocessing and feature engineering runtime = 5.71s ...
AutoGluon will gauge predictive performance using evaluation metric: 'accuracy'
	To change this, specify the eval_metric parameter of Predictor()
Automatically generating train/validation split with holdout_frac=0.1, Train Rows: 13045, Val Rows: 1450
User-specified model hyperparameters to be fit:
{
	'NN_TORCH': {},
	'GBM': [{'extra_trees': True, 'ag_args': {'name_suffix': 'XT'}}, {}, 'GBMLarge'],
	'CAT': {},
	'XGB': {},
	'FASTAI': {},
	'RF': [{'criterion': 'gini', 'ag_args': {'name_suffix': 'Gini', 'problem_types': ['binary', 'multiclass']}}, {'criterion': 'entropy', 'ag_args': {'name_suffix': 'Entr', 'problem_types': ['binary', 'multiclass']}}, {'criterion': 'squared_error', 'ag_args': {'name_suffix': 'MSE', 'problem_types': ['regression', 'quantile']}}],
	'XT': [{'criterion': 'gini', 'ag_args': {'name_suffix': 'Gini', 'problem_types': ['binary', 'multiclass']}}, {'criterion': 'entropy', 'ag_args': {'name_suffix': 'Entr', 'problem_types': ['binary', 'multiclass']}}, {'criterion': 'squared_error', 'ag_args': {'name_suffix': 'MSE', 'problem_types': ['regression', 'quantile']}}],
	'KNN': [{'weights': 'uniform', 'ag_args': {'name_suffix': 'Unif'}}, {'weights': 'distance', 'ag_args': {'name_suffix': 'Dist'}}],
}
Fitting 13 L1 models ...
Fitting model: KNeighborsUnif ...
	0.7876	 = Validation score   (accuracy)
	0.62s	 = Training   runtime
	3.86s	 = Validation runtime
Fitting model: KNeighborsDist ...
	0.7897	 = Validation score   (accuracy)
	0.72s	 = Training   runtime
	3.32s	 = Validation runtime
Fitting model: LightGBMXT ...
	0.9193	 = Validation score   (accuracy)
	4491.47s	 = Training   runtime
	3.71s	 = Validation runtime
Fitting model: LightGBMLarge ...
	0.9138	 = Validation score   (accuracy)
	2504.6s	 = Training   runtime
	0.37s	 = Validation runtime
Fitting model: WeightedEnsemble_L2 ...
	Ensemble Weights: {'LightGBMXT': 0.333, 'NeuralNetTorch': 0.333, 'LightGBM': 0.267, 'CatBoost': 0.067}
	0.9255	 = Validation score   (accuracy)
	6.6s	 = Training   runtime
	0.03s	 = Validation runtime
AutoGluon training complete, total runtime = 11835.45s ... Best model: "WeightedEnsemble_L2"
TabularPredictor saved. To load, use: predictor = TabularPredictor.load("AutogluonModels/ag-20250414_193013-004/Predictor_S2 (SBS2 - 0.99)")
No presets specified! To achieve strong results with AutoGluon, it is recommended to use the available presets.
	Recommended Presets (For more details refer to https://auto.gluon.ai/stable/tutorials/tabular/tabular-essentials.html#presets):
	presets='best_quality'   : Maximize accuracy. Default time_limit=3600.
	presets='high_quality'   : Strong accuracy with fast inference speed. Default time_limit=3600.
	presets='good_quality'   : Good accuracy with very fast inference speed. Default time_limit=3600.
	presets='medium_quality' : Fast training time, ideal for initial prototyping.
Beginning AutoGluon training ...
AutoGluon will save models to "AutogluonModels/ag-20250414_193013-004/Predictor_S3 (SBS3 - 0.97)"
=================== System Info ===================
AutoGluon Version:  1.1.0
Python Version:     3.10.15
Operating System:   Linux
Platform Machine:   x86_64
Platform Version:   #1 SMP PREEMPT_DYNAMIC Thu Apr 3 12:12:16 UTC 2025
CPU Count:          272
Memory Avail:       161.01 GB / 203.90 GB (79.0%)
Disk Space Avail:   1379.54 GB / 5120.00 GB (26.9%)
===================================================
Train Data Rows:    14495
Train Data Columns: 98
Label Column:       S3 (SBS3 - 0.97)
AutoGluon infers your prediction problem is: 'binary' (because only two unique label-values observed).
	2 unique label values:  [False, True]
	If 'binary' is not the correct problem_type, please manually specify the problem_type parameter during predictor init (You may specify problem_type as one of: ['binary', 'multiclass', 'regression'])
Problem Type:       binary
Preprocessing data ...
Selected class <--> label mapping:  class 1 = True, class 0 = False
Using Feature Generators to preprocess the data ...
Fitting AutoMLPipelineFeatureGenerator...
	Available Memory:                    165016.20 MB
	Train Data (Original)  Memory Usage: 10.64 MB (0.0% of available memory)
	Inferring data type of each feature based on column values. Set feature_metadata_in to manually specify special dtypes of the features.
	Stage 1 Generators:
		Fitting AsTypeFeatureGenerator...
			Note: Converting 2 features to boolean dtype as they only contain 2 unique values.
	Stage 2 Generators:
		Fitting FillNaFeatureGenerator...
	Stage 3 Generators:
		Fitting IdentityFeatureGenerator...
	Stage 4 Generators:
		Fitting DropUniqueFeatureGenerator...
	Stage 5 Generators:
		Fitting DropDuplicatesFeatureGenerator...
	Types of features in original data (raw dtype, special dtypes):
		('bool', []) :  2 | ['S1 (SBS1 - 0.99)', 'S2 (SBS2 - 0.99)']
		('int', [])  : 96 | ['A[C>A]A', 'A[C>A]C', 'A[C>A]G', 'A[C>A]T', 'A[C>G]A', ...]
	Types of features in processed data (raw dtype, special dtypes):
		('int', [])       : 96 | ['A[C>A]A', 'A[C>A]C', 'A[C>A]G', 'A[C>A]T', 'A[C>G]A', ...]
		('int', ['bool']) :  2 | ['S1 (SBS1 - 0.99)', 'S2 (SBS2 - 0.99)']
	4.3s = Fit runtime
	98 features in original data used to generate 98 features in processed data.
	Train Data (Processed) Memory Usage: 10.64 MB (0.0% of available memory)
Data preprocessing and feature engineering runtime = 4.73s ...
AutoGluon will gauge predictive performance using evaluation metric: 'accuracy'
	To change this, specify the eval_metric parameter of Predictor()
Automatically generating train/validation split with holdout_frac=0.1, Train Rows: 13045, Val Rows: 1450
User-specified model hyperparameters to be fit:
{
	'NN_TORCH': {},
	'GBM': [{'extra_trees': True, 'ag_args': {'name_suffix': 'XT'}}, {}, 'GBMLarge'],
	'CAT': {},
	'XGB': {},
	'FASTAI': {},
	'RF': [{'criterion': 'gini', 'ag_args': {'name_suffix': 'Gini', 'problem_types': ['binary', 'multiclass']}}, {'criterion': 'entropy', 'ag_args': {'name_suffix': 'Entr', 'problem_types': ['binary', 'multiclass']}}, {'criterion': 'squared_error', 'ag_args': {'name_suffix': 'MSE', 'problem_types': ['regression', 'quantile']}}],
	'XT': [{'criterion': 'gini', 'ag_args': {'name_suffix': 'Gini', 'problem_types': ['binary', 'multiclass']}}, {'criterion': 'entropy', 'ag_args': {'name_suffix': 'Entr', 'problem_types': ['binary', 'multiclass']}}, {'criterion': 'squared_error', 'ag_args': {'name_suffix': 'MSE', 'problem_types': ['regression', 'quantile']}}],
	'KNN': [{'weights': 'uniform', 'ag_args': {'name_suffix': 'Unif'}}, {'weights': 'distance', 'ag_args': {'name_suffix': 'Dist'}}],
}
Fitting 13 L1 models ...
Fitting model: KNeighborsUnif ...
	0.769	 = Validation score   (accuracy)
	0.69s	 = Training   runtime
	3.13s	 = Validation runtime
Fitting model: KNeighborsDist ...
	0.8145	 = Validation score   (accuracy)
	998.08s	 = Training   runtime
	0.32s	 = Validation runtime
Fitting model: RandomForestGini ...
	0.7703	 = Validation score   (accuracy)
	0.64s	 = Training   runtime
	3.39s	 = Validation runtime
Fitting model: LightGBMXT ...
	0.8014	 = Validation score   (accuracy)
	64.49s	 = Training   runtime
	1.54s	 = Validation runtime
Fitting model: RandomForestEntr ...
	0.8048	 = Validation score   (accuracy)
	64.25s	 = Training   runtime
	2.37s	 = Validation runtime
Fitting model: CatBoost ...
	0.8917	 = Validation score   (accuracy)
	2687.04s	 = Training   runtime
	0.26s	 = Validation runtime
Fitting model: WeightedEnsemble_L2 ...
	Ensemble Weights: {'LightGBM': 1.0}
	0.8952	 = Validation score   (accuracy)
	10.44s	 = Training   runtime
	0.03s	 = Validation runtime
AutoGluon training complete, total runtime = 12350.52s ... Best model: "WeightedEnsemble_L2"
TabularPredictor saved. To load, use: predictor = TabularPredictor.load("AutogluonModels/ag-20250414_193013-002/Predictor_S2 (SBS2 - 0.99)")
No presets specified! To achieve strong results with AutoGluon, it is recommended to use the available presets.
	Recommended Presets (For more details refer to https://auto.gluon.ai/stable/tutorials/tabular/tabular-essentials.html#presets):
	presets='best_quality'   : Maximize accuracy. Default time_limit=3600.
	presets='high_quality'   : Strong accuracy with fast inference speed. Default time_limit=3600.
	presets='good_quality'   : Good accuracy with very fast inference speed. Default time_limit=3600.
	presets='medium_quality' : Fast training time, ideal for initial prototyping.
Beginning AutoGluon training ...
AutoGluon will save models to "AutogluonModels/ag-20250414_193013-002/Predictor_S3 (SBS3 - 0.97)"
=================== System Info ===================
AutoGluon Version:  1.1.0
Python Version:     3.10.15
Operating System:   Linux
Platform Machine:   x86_64
Platform Version:   #1 SMP PREEMPT_DYNAMIC Thu Apr 3 12:12:16 UTC 2025
CPU Count:          272
Memory Avail:       164.23 GB / 203.90 GB (80.5%)
Disk Space Avail:   1379.38 GB / 5120.00 GB (26.9%)
===================================================
Train Data Rows:    14495
Train Data Columns: 98
Label Column:       S3 (SBS3 - 0.97)
AutoGluon infers your prediction problem is: 'binary' (because only two unique label-values observed).
	2 unique label values:  [False, True]
	If 'binary' is not the correct problem_type, please manually specify the problem_type parameter during predictor init (You may specify problem_type as one of: ['binary', 'multiclass', 'regression'])
Problem Type:       binary
Preprocessing data ...
Selected class <--> label mapping:  class 1 = True, class 0 = False
Using Feature Generators to preprocess the data ...
Fitting AutoMLPipelineFeatureGenerator...
	Available Memory:                    168180.80 MB
	Train Data (Original)  Memory Usage: 10.64 MB (0.0% of available memory)
	Inferring data type of each feature based on column values. Set feature_metadata_in to manually specify special dtypes of the features.
	Stage 1 Generators:
		Fitting AsTypeFeatureGenerator...
			Note: Converting 2 features to boolean dtype as they only contain 2 unique values.
	Stage 2 Generators:
		Fitting FillNaFeatureGenerator...
	Stage 3 Generators:
		Fitting IdentityFeatureGenerator...
	Stage 4 Generators:
		Fitting DropUniqueFeatureGenerator...
	Stage 5 Generators:
		Fitting DropDuplicatesFeatureGenerator...
	Types of features in original data (raw dtype, special dtypes):
		('bool', []) :  2 | ['S1 (SBS1 - 0.99)', 'S2 (SBS2 - 0.99)']
		('int', [])  : 96 | ['A[C>A]A', 'A[C>A]C', 'A[C>A]G', 'A[C>A]T', 'A[C>G]A', ...]
	Types of features in processed data (raw dtype, special dtypes):
		('int', [])       : 96 | ['A[C>A]A', 'A[C>A]C', 'A[C>A]G', 'A[C>A]T', 'A[C>G]A', ...]
		('int', ['bool']) :  2 | ['S1 (SBS1 - 0.99)', 'S2 (SBS2 - 0.99)']
	13.5s = Fit runtime
	98 features in original data used to generate 98 features in processed data.
	Train Data (Processed) Memory Usage: 10.64 MB (0.0% of available memory)
Data preprocessing and feature engineering runtime = 14.05s ...
AutoGluon will gauge predictive performance using evaluation metric: 'accuracy'
	To change this, specify the eval_metric parameter of Predictor()
Automatically generating train/validation split with holdout_frac=0.1, Train Rows: 13045, Val Rows: 1450
User-specified model hyperparameters to be fit:
{
	'NN_TORCH': {},
	'GBM': [{'extra_trees': True, 'ag_args': {'name_suffix': 'XT'}}, {}, 'GBMLarge'],
	'CAT': {},
	'XGB': {},
	'FASTAI': {},
	'RF': [{'criterion': 'gini', 'ag_args': {'name_suffix': 'Gini', 'problem_types': ['binary', 'multiclass']}}, {'criterion': 'entropy', 'ag_args': {'name_suffix': 'Entr', 'problem_types': ['binary', 'multiclass']}}, {'criterion': 'squared_error', 'ag_args': {'name_suffix': 'MSE', 'problem_types': ['regression', 'quantile']}}],
	'XT': [{'criterion': 'gini', 'ag_args': {'name_suffix': 'Gini', 'problem_types': ['binary', 'multiclass']}}, {'criterion': 'entropy', 'ag_args': {'name_suffix': 'Entr', 'problem_types': ['binary', 'multiclass']}}, {'criterion': 'squared_error', 'ag_args': {'name_suffix': 'MSE', 'problem_types': ['regression', 'quantile']}}],
	'KNN': [{'weights': 'uniform', 'ag_args': {'name_suffix': 'Unif'}}, {'weights': 'distance', 'ag_args': {'name_suffix': 'Dist'}}],
}
Fitting 13 L1 models ...
Fitting model: KNeighborsUnif ...
	0.731	 = Validation score   (accuracy)
	0.48s	 = Training   runtime
	3.21s	 = Validation runtime
Fitting model: KNeighborsDist ...
	0.7303	 = Validation score   (accuracy)
	0.65s	 = Training   runtime
	4.16s	 = Validation runtime
Fitting model: LightGBMXT ...
	0.8917	 = Validation score   (accuracy)
	2465.77s	 = Training   runtime
	0.61s	 = Validation runtime
Fitting model: WeightedEnsemble_L2 ...
	Ensemble Weights: {'LightGBMXT': 0.3, 'CatBoost': 0.15, 'XGBoost': 0.15, 'RandomForestGini': 0.1, 'NeuralNetTorch': 0.1, 'LightGBMLarge': 0.1, 'KNeighborsUnif': 0.05, 'LightGBM': 0.05}
	0.9041	 = Validation score   (accuracy)
	12.24s	 = Training   runtime
	0.05s	 = Validation runtime
AutoGluon training complete, total runtime = 11337.09s ... Best model: "WeightedEnsemble_L2"
TabularPredictor saved. To load, use: predictor = TabularPredictor.load("AutogluonModels/ag-20250414_193013-010/Predictor_S2 (SBS2 - 0.99)")
No presets specified! To achieve strong results with AutoGluon, it is recommended to use the available presets.
	Recommended Presets (For more details refer to https://auto.gluon.ai/stable/tutorials/tabular/tabular-essentials.html#presets):
	presets='best_quality'   : Maximize accuracy. Default time_limit=3600.
	presets='high_quality'   : Strong accuracy with fast inference speed. Default time_limit=3600.
	presets='good_quality'   : Good accuracy with very fast inference speed. Default time_limit=3600.
	presets='medium_quality' : Fast training time, ideal for initial prototyping.
Beginning AutoGluon training ...
AutoGluon will save models to "AutogluonModels/ag-20250414_193013-010/Predictor_S3 (SBS3 - 0.97)"
=================== System Info ===================
AutoGluon Version:  1.1.0
Python Version:     3.10.15
Operating System:   Linux
Platform Machine:   x86_64
Platform Version:   #1 SMP PREEMPT_DYNAMIC Thu Apr 3 12:12:16 UTC 2025
CPU Count:          272
Memory Avail:       164.08 GB / 203.90 GB (80.5%)
Disk Space Avail:   1379.36 GB / 5120.00 GB (26.9%)
===================================================
Train Data Rows:    14495
Train Data Columns: 98
Label Column:       S3 (SBS3 - 0.97)
AutoGluon infers your prediction problem is: 'binary' (because only two unique label-values observed).
	2 unique label values:  [False, True]
	If 'binary' is not the correct problem_type, please manually specify the problem_type parameter during predictor init (You may specify problem_type as one of: ['binary', 'multiclass', 'regression'])
Problem Type:       binary
Preprocessing data ...
Selected class <--> label mapping:  class 1 = True, class 0 = False
Using Feature Generators to preprocess the data ...
Fitting AutoMLPipelineFeatureGenerator...
	Available Memory:                    168000.39 MB
	Train Data (Original)  Memory Usage: 10.64 MB (0.0% of available memory)
	Inferring data type of each feature based on column values. Set feature_metadata_in to manually specify special dtypes of the features.
	Stage 1 Generators:
		Fitting AsTypeFeatureGenerator...
			Note: Converting 2 features to boolean dtype as they only contain 2 unique values.
	Stage 2 Generators:
		Fitting FillNaFeatureGenerator...
	Stage 3 Generators:
		Fitting IdentityFeatureGenerator...
	Stage 4 Generators:
		Fitting DropUniqueFeatureGenerator...
	Stage 5 Generators:
		Fitting DropDuplicatesFeatureGenerator...
	Types of features in original data (raw dtype, special dtypes):
		('bool', []) :  2 | ['S1 (SBS1 - 0.99)', 'S2 (SBS2 - 0.99)']
		('int', [])  : 96 | ['A[C>A]A', 'A[C>A]C', 'A[C>A]G', 'A[C>A]T', 'A[C>G]A', ...]
	Types of features in processed data (raw dtype, special dtypes):
		('int', [])       : 96 | ['A[C>A]A', 'A[C>A]C', 'A[C>A]G', 'A[C>A]T', 'A[C>G]A', ...]
		('int', ['bool']) :  2 | ['S1 (SBS1 - 0.99)', 'S2 (SBS2 - 0.99)']
	11.4s = Fit runtime
	98 features in original data used to generate 98 features in processed data.
	Train Data (Processed) Memory Usage: 10.64 MB (0.0% of available memory)
Data preprocessing and feature engineering runtime = 12.06s ...
AutoGluon will gauge predictive performance using evaluation metric: 'accuracy'
	To change this, specify the eval_metric parameter of Predictor()
Automatically generating train/validation split with holdout_frac=0.1, Train Rows: 13045, Val Rows: 1450
User-specified model hyperparameters to be fit:
{
	'NN_TORCH': {},
	'GBM': [{'extra_trees': True, 'ag_args': {'name_suffix': 'XT'}}, {}, 'GBMLarge'],
	'CAT': {},
	'XGB': {},
	'FASTAI': {},
	'RF': [{'criterion': 'gini', 'ag_args': {'name_suffix': 'Gini', 'problem_types': ['binary', 'multiclass']}}, {'criterion': 'entropy', 'ag_args': {'name_suffix': 'Entr', 'problem_types': ['binary', 'multiclass']}}, {'criterion': 'squared_error', 'ag_args': {'name_suffix': 'MSE', 'problem_types': ['regression', 'quantile']}}],
	'XT': [{'criterion': 'gini', 'ag_args': {'name_suffix': 'Gini', 'problem_types': ['binary', 'multiclass']}}, {'criterion': 'entropy', 'ag_args': {'name_suffix': 'Entr', 'problem_types': ['binary', 'multiclass']}}, {'criterion': 'squared_error', 'ag_args': {'name_suffix': 'MSE', 'problem_types': ['regression', 'quantile']}}],
	'KNN': [{'weights': 'uniform', 'ag_args': {'name_suffix': 'Unif'}}, {'weights': 'distance', 'ag_args': {'name_suffix': 'Dist'}}],
}
Fitting 13 L1 models ...
Fitting model: KNeighborsUnif ...
	0.74	 = Validation score   (accuracy)
	0.98s	 = Training   runtime
	3.88s	 = Validation runtime
Fitting model: KNeighborsDist ...
	0.7393	 = Validation score   (accuracy)
	0.92s	 = Training   runtime
	3.46s	 = Validation runtime
Fitting model: LightGBMXT ...
	0.7648	 = Validation score   (accuracy)
	2198.57s	 = Training   runtime
	0.81s	 = Validation runtime
Fitting model: LightGBM ...
	0.9276	 = Validation score   (accuracy)
	2323.45s	 = Training   runtime
	0.48s	 = Validation runtime
Fitting model: WeightedEnsemble_L2 ...
	Ensemble Weights: {'LightGBMXT': 0.375, 'RandomForestEntr': 0.167, 'CatBoost': 0.167, 'NeuralNetTorch': 0.167, 'KNeighborsDist': 0.042, 'ExtraTreesGini': 0.042, 'NeuralNetFastAI': 0.042}
	0.9379	 = Validation score   (accuracy)
	12.61s	 = Training   runtime
	0.03s	 = Validation runtime
AutoGluon training complete, total runtime = 9913.72s ... Best model: "WeightedEnsemble_L2"
TabularPredictor saved. To load, use: predictor = TabularPredictor.load("AutogluonModels/ag-20250414_193014/Predictor_S2 (SBS2 - 0.99)")
No presets specified! To achieve strong results with AutoGluon, it is recommended to use the available presets.
	Recommended Presets (For more details refer to https://auto.gluon.ai/stable/tutorials/tabular/tabular-essentials.html#presets):
	presets='best_quality'   : Maximize accuracy. Default time_limit=3600.
	presets='high_quality'   : Strong accuracy with fast inference speed. Default time_limit=3600.
	presets='good_quality'   : Good accuracy with very fast inference speed. Default time_limit=3600.
	presets='medium_quality' : Fast training time, ideal for initial prototyping.
Beginning AutoGluon training ...
AutoGluon will save models to "AutogluonModels/ag-20250414_193014/Predictor_S3 (SBS3 - 0.97)"
=================== System Info ===================
AutoGluon Version:  1.1.0
Python Version:     3.10.15
Operating System:   Linux
Platform Machine:   x86_64
Platform Version:   #1 SMP PREEMPT_DYNAMIC Thu Apr 3 12:12:16 UTC 2025
CPU Count:          272
Memory Avail:       158.46 GB / 203.90 GB (77.7%)
Disk Space Avail:   1379.33 GB / 5120.00 GB (26.9%)
===================================================
Train Data Rows:    14495
Train Data Columns: 98
Label Column:       S3 (SBS3 - 0.97)
AutoGluon infers your prediction problem is: 'binary' (because only two unique label-values observed).
	2 unique label values:  [False, True]
	If 'binary' is not the correct problem_type, please manually specify the problem_type parameter during predictor init (You may specify problem_type as one of: ['binary', 'multiclass', 'regression'])
Problem Type:       binary
Preprocessing data ...
Selected class <--> label mapping:  class 1 = True, class 0 = False
Using Feature Generators to preprocess the data ...
Fitting AutoMLPipelineFeatureGenerator...
	Available Memory:                    161390.12 MB
	Train Data (Original)  Memory Usage: 10.64 MB (0.0% of available memory)
	Inferring data type of each feature based on column values. Set feature_metadata_in to manually specify special dtypes of the features.
	Stage 1 Generators:
		Fitting AsTypeFeatureGenerator...
			Note: Converting 2 features to boolean dtype as they only contain 2 unique values.
	Stage 2 Generators:
		Fitting FillNaFeatureGenerator...
	Stage 3 Generators:
		Fitting IdentityFeatureGenerator...
	Stage 4 Generators:
		Fitting DropUniqueFeatureGenerator...
	Stage 5 Generators:
		Fitting DropDuplicatesFeatureGenerator...
	Types of features in original data (raw dtype, special dtypes):
		('bool', []) :  2 | ['S1 (SBS1 - 0.99)', 'S2 (SBS2 - 0.99)']
		('int', [])  : 96 | ['A[C>A]A', 'A[C>A]C', 'A[C>A]G', 'A[C>A]T', 'A[C>G]A', ...]
	Types of features in processed data (raw dtype, special dtypes):
		('int', [])       : 96 | ['A[C>A]A', 'A[C>A]C', 'A[C>A]G', 'A[C>A]T', 'A[C>G]A', ...]
		('int', ['bool']) :  2 | ['S1 (SBS1 - 0.99)', 'S2 (SBS2 - 0.99)']
	8.0s = Fit runtime
	98 features in original data used to generate 98 features in processed data.
	Train Data (Processed) Memory Usage: 10.64 MB (0.0% of available memory)
Data preprocessing and feature engineering runtime = 8.6s ...
AutoGluon will gauge predictive performance using evaluation metric: 'accuracy'
	To change this, specify the eval_metric parameter of Predictor()
Automatically generating train/validation split with holdout_frac=0.1, Train Rows: 13045, Val Rows: 1450
User-specified model hyperparameters to be fit:
{
	'NN_TORCH': {},
	'GBM': [{'extra_trees': True, 'ag_args': {'name_suffix': 'XT'}}, {}, 'GBMLarge'],
	'CAT': {},
	'XGB': {},
	'FASTAI': {},
	'RF': [{'criterion': 'gini', 'ag_args': {'name_suffix': 'Gini', 'problem_types': ['binary', 'multiclass']}}, {'criterion': 'entropy', 'ag_args': {'name_suffix': 'Entr', 'problem_types': ['binary', 'multiclass']}}, {'criterion': 'squared_error', 'ag_args': {'name_suffix': 'MSE', 'problem_types': ['regression', 'quantile']}}],
	'XT': [{'criterion': 'gini', 'ag_args': {'name_suffix': 'Gini', 'problem_types': ['binary', 'multiclass']}}, {'criterion': 'entropy', 'ag_args': {'name_suffix': 'Entr', 'problem_types': ['binary', 'multiclass']}}, {'criterion': 'squared_error', 'ag_args': {'name_suffix': 'MSE', 'problem_types': ['regression', 'quantile']}}],
	'KNN': [{'weights': 'uniform', 'ag_args': {'name_suffix': 'Unif'}}, {'weights': 'distance', 'ag_args': {'name_suffix': 'Dist'}}],
}
Fitting 13 L1 models ...
Fitting model: KNeighborsUnif ...
	0.8041	 = Validation score   (accuracy)
	1.2s	 = Training   runtime
	4.37s	 = Validation runtime
Fitting model: KNeighborsDist ...
	0.8055	 = Validation score   (accuracy)
	0.99s	 = Training   runtime
	3.87s	 = Validation runtime
Fitting model: LightGBMXT ...
	0.8869	 = Validation score   (accuracy)
	3422.2s	 = Training   runtime
	0.41s	 = Validation runtime
Fitting model: WeightedEnsemble_L2 ...
	Ensemble Weights: {'LightGBMXT': 0.417, 'KNeighborsDist': 0.25, 'CatBoost': 0.083, 'NeuralNetFastAI': 0.083, 'XGBoost': 0.083, 'LightGBMLarge': 0.083}
	0.8924	 = Validation score   (accuracy)
	12.8s	 = Training   runtime
	0.03s	 = Validation runtime
AutoGluon training complete, total runtime = 10498.99s ... Best model: "WeightedEnsemble_L2"
TabularPredictor saved. To load, use: predictor = TabularPredictor.load("AutogluonModels/ag-20250414_193013-003/Predictor_S2 (SBS2 - 0.99)")
No presets specified! To achieve strong results with AutoGluon, it is recommended to use the available presets.
	Recommended Presets (For more details refer to https://auto.gluon.ai/stable/tutorials/tabular/tabular-essentials.html#presets):
	presets='best_quality'   : Maximize accuracy. Default time_limit=3600.
	presets='high_quality'   : Strong accuracy with fast inference speed. Default time_limit=3600.
	presets='good_quality'   : Good accuracy with very fast inference speed. Default time_limit=3600.
	presets='medium_quality' : Fast training time, ideal for initial prototyping.
Beginning AutoGluon training ...
AutoGluon will save models to "AutogluonModels/ag-20250414_193013-003/Predictor_S3 (SBS3 - 0.97)"
=================== System Info ===================
AutoGluon Version:  1.1.0
Python Version:     3.10.15
Operating System:   Linux
Platform Machine:   x86_64
Platform Version:   #1 SMP PREEMPT_DYNAMIC Thu Apr 3 12:12:16 UTC 2025
CPU Count:          272
Memory Avail:       159.89 GB / 203.90 GB (78.4%)
Disk Space Avail:   1379.31 GB / 5120.00 GB (26.9%)
===================================================
Train Data Rows:    14495
Train Data Columns: 98
Label Column:       S3 (SBS3 - 0.97)
AutoGluon infers your prediction problem is: 'binary' (because only two unique label-values observed).
	2 unique label values:  [False, True]
	If 'binary' is not the correct problem_type, please manually specify the problem_type parameter during predictor init (You may specify problem_type as one of: ['binary', 'multiclass', 'regression'])
Problem Type:       binary
Preprocessing data ...
Selected class <--> label mapping:  class 1 = True, class 0 = False
Using Feature Generators to preprocess the data ...
Fitting AutoMLPipelineFeatureGenerator...
	Available Memory:                    163739.14 MB
	Train Data (Original)  Memory Usage: 10.64 MB (0.0% of available memory)
	Inferring data type of each feature based on column values. Set feature_metadata_in to manually specify special dtypes of the features.
	Stage 1 Generators:
		Fitting AsTypeFeatureGenerator...
			Note: Converting 2 features to boolean dtype as they only contain 2 unique values.
	Stage 2 Generators:
		Fitting FillNaFeatureGenerator...
	Stage 3 Generators:
		Fitting IdentityFeatureGenerator...
	Stage 4 Generators:
		Fitting DropUniqueFeatureGenerator...
	Stage 5 Generators:
		Fitting DropDuplicatesFeatureGenerator...
	Types of features in original data (raw dtype, special dtypes):
		('bool', []) :  2 | ['S1 (SBS1 - 0.99)', 'S2 (SBS2 - 0.99)']
		('int', [])  : 96 | ['A[C>A]A', 'A[C>A]C', 'A[C>A]G', 'A[C>A]T', 'A[C>G]A', ...]
	Types of features in processed data (raw dtype, special dtypes):
		('int', [])       : 96 | ['A[C>A]A', 'A[C>A]C', 'A[C>A]G', 'A[C>A]T', 'A[C>G]A', ...]
		('int', ['bool']) :  2 | ['S1 (SBS1 - 0.99)', 'S2 (SBS2 - 0.99)']
	15.7s = Fit runtime
	98 features in original data used to generate 98 features in processed data.
	Train Data (Processed) Memory Usage: 10.64 MB (0.0% of available memory)
Data preprocessing and feature engineering runtime = 16.62s ...
AutoGluon will gauge predictive performance using evaluation metric: 'accuracy'
	To change this, specify the eval_metric parameter of Predictor()
Automatically generating train/validation split with holdout_frac=0.1, Train Rows: 13045, Val Rows: 1450
User-specified model hyperparameters to be fit:
{
	'NN_TORCH': {},
	'GBM': [{'extra_trees': True, 'ag_args': {'name_suffix': 'XT'}}, {}, 'GBMLarge'],
	'CAT': {},
	'XGB': {},
	'FASTAI': {},
	'RF': [{'criterion': 'gini', 'ag_args': {'name_suffix': 'Gini', 'problem_types': ['binary', 'multiclass']}}, {'criterion': 'entropy', 'ag_args': {'name_suffix': 'Entr', 'problem_types': ['binary', 'multiclass']}}, {'criterion': 'squared_error', 'ag_args': {'name_suffix': 'MSE', 'problem_types': ['regression', 'quantile']}}],
	'XT': [{'criterion': 'gini', 'ag_args': {'name_suffix': 'Gini', 'problem_types': ['binary', 'multiclass']}}, {'criterion': 'entropy', 'ag_args': {'name_suffix': 'Entr', 'problem_types': ['binary', 'multiclass']}}, {'criterion': 'squared_error', 'ag_args': {'name_suffix': 'MSE', 'problem_types': ['regression', 'quantile']}}],
	'KNN': [{'weights': 'uniform', 'ag_args': {'name_suffix': 'Unif'}}, {'weights': 'distance', 'ag_args': {'name_suffix': 'Dist'}}],
}
Fitting 13 L1 models ...
Fitting model: KNeighborsUnif ...
	0.7048	 = Validation score   (accuracy)
	1.91s	 = Training   runtime
	5.11s	 = Validation runtime
Fitting model: KNeighborsDist ...
	0.7055	 = Validation score   (accuracy)
	1.82s	 = Training   runtime
	5.29s	 = Validation runtime
Fitting model: LightGBMXT ...
	0.8214	 = Validation score   (accuracy)
	877.52s	 = Training   runtime
	0.29s	 = Validation runtime
Fitting model: ExtraTreesGini ...
	0.7848	 = Validation score   (accuracy)
	39.29s	 = Training   runtime
	2.24s	 = Validation runtime
Fitting model: ExtraTreesEntr ...
	0.7814	 = Validation score   (accuracy)
	40.02s	 = Training   runtime
	2.27s	 = Validation runtime
Fitting model: NeuralNetFastAI ...
	0.8055	 = Validation score   (accuracy)
	1674.79s	 = Training   runtime
	0.57s	 = Validation runtime
Fitting model: LightGBM ...
	0.7641	 = Validation score   (accuracy)
	913.68s	 = Training   runtime
	0.31s	 = Validation runtime
Fitting model: RandomForestGini ...
	0.9317	 = Validation score   (accuracy)
	2738.56s	 = Training   runtime
	0.46s	 = Validation runtime
Fitting model: WeightedEnsemble_L2 ...
	Ensemble Weights: {'NeuralNetTorch': 0.667, 'LightGBMXT': 0.333}
	0.9372	 = Validation score   (accuracy)
	31.92s	 = Training   runtime
	0.02s	 = Validation runtime
AutoGluon training complete, total runtime = 12198.81s ... Best model: "WeightedEnsemble_L2"
TabularPredictor saved. To load, use: predictor = TabularPredictor.load("AutogluonModels/ag-20250414_193013-006/Predictor_S2 (SBS2 - 0.99)")
No presets specified! To achieve strong results with AutoGluon, it is recommended to use the available presets.
	Recommended Presets (For more details refer to https://auto.gluon.ai/stable/tutorials/tabular/tabular-essentials.html#presets):
	presets='best_quality'   : Maximize accuracy. Default time_limit=3600.
	presets='high_quality'   : Strong accuracy with fast inference speed. Default time_limit=3600.
	presets='good_quality'   : Good accuracy with very fast inference speed. Default time_limit=3600.
	presets='medium_quality' : Fast training time, ideal for initial prototyping.
Beginning AutoGluon training ...
AutoGluon will save models to "AutogluonModels/ag-20250414_193013-006/Predictor_S3 (SBS3 - 0.97)"
=================== System Info ===================
AutoGluon Version:  1.1.0
Python Version:     3.10.15
Operating System:   Linux
Platform Machine:   x86_64
Platform Version:   #1 SMP PREEMPT_DYNAMIC Thu Apr 3 12:12:16 UTC 2025
CPU Count:          272
Memory Avail:       157.74 GB / 203.90 GB (77.4%)
Disk Space Avail:   1379.01 GB / 5120.00 GB (26.9%)
===================================================
Train Data Rows:    14495
Train Data Columns: 98
Label Column:       S3 (SBS3 - 0.97)
AutoGluon infers your prediction problem is: 'binary' (because only two unique label-values observed).
	2 unique label values:  [False, True]
	If 'binary' is not the correct problem_type, please manually specify the problem_type parameter during predictor init (You may specify problem_type as one of: ['binary', 'multiclass', 'regression'])
Problem Type:       binary
Preprocessing data ...
Selected class <--> label mapping:  class 1 = True, class 0 = False
Using Feature Generators to preprocess the data ...
Fitting AutoMLPipelineFeatureGenerator...
	Available Memory:                    161366.28 MB
	Train Data (Original)  Memory Usage: 10.64 MB (0.0% of available memory)
	Inferring data type of each feature based on column values. Set feature_metadata_in to manually specify special dtypes of the features.
	0.7297	 = Validation score   (accuracy)
	55.55s	 = Training   runtime
	3.21s	 = Validation runtime
Fitting model: RandomForestEntr ...
	Stage 1 Generators:
		Fitting AsTypeFeatureGenerator...
			Note: Converting 2 features to boolean dtype as they only contain 2 unique values.
	Stage 2 Generators:
		Fitting FillNaFeatureGenerator...
	Stage 3 Generators:
		Fitting IdentityFeatureGenerator...
	Stage 4 Generators:
		Fitting DropUniqueFeatureGenerator...
	Stage 5 Generators:
		Fitting DropDuplicatesFeatureGenerator...
	Types of features in original data (raw dtype, special dtypes):
		('bool', []) :  2 | ['S1 (SBS1 - 0.99)', 'S2 (SBS2 - 0.99)']
		('int', [])  : 96 | ['A[C>A]A', 'A[C>A]C', 'A[C>A]G', 'A[C>A]T', 'A[C>G]A', ...]
	Types of features in processed data (raw dtype, special dtypes):
		('int', [])       : 96 | ['A[C>A]A', 'A[C>A]C', 'A[C>A]G', 'A[C>A]T', 'A[C>G]A', ...]
		('int', ['bool']) :  2 | ['S1 (SBS1 - 0.99)', 'S2 (SBS2 - 0.99)']
	11.9s = Fit runtime
	98 features in original data used to generate 98 features in processed data.
	Train Data (Processed) Memory Usage: 10.64 MB (0.0% of available memory)
Data preprocessing and feature engineering runtime = 12.9s ...
AutoGluon will gauge predictive performance using evaluation metric: 'accuracy'
	To change this, specify the eval_metric parameter of Predictor()
Automatically generating train/validation split with holdout_frac=0.1, Train Rows: 13045, Val Rows: 1450
User-specified model hyperparameters to be fit:
{
	'NN_TORCH': {},
	'GBM': [{'extra_trees': True, 'ag_args': {'name_suffix': 'XT'}}, {}, 'GBMLarge'],
	'CAT': {},
	'XGB': {},
	'FASTAI': {},
	'RF': [{'criterion': 'gini', 'ag_args': {'name_suffix': 'Gini', 'problem_types': ['binary', 'multiclass']}}, {'criterion': 'entropy', 'ag_args': {'name_suffix': 'Entr', 'problem_types': ['binary', 'multiclass']}}, {'criterion': 'squared_error', 'ag_args': {'name_suffix': 'MSE', 'problem_types': ['regression', 'quantile']}}],
	'XT': [{'criterion': 'gini', 'ag_args': {'name_suffix': 'Gini', 'problem_types': ['binary', 'multiclass']}}, {'criterion': 'entropy', 'ag_args': {'name_suffix': 'Entr', 'problem_types': ['binary', 'multiclass']}}, {'criterion': 'squared_error', 'ag_args': {'name_suffix': 'MSE', 'problem_types': ['regression', 'quantile']}}],
	'KNN': [{'weights': 'uniform', 'ag_args': {'name_suffix': 'Unif'}}, {'weights': 'distance', 'ag_args': {'name_suffix': 'Dist'}}],
}
Fitting 13 L1 models ...
Fitting model: KNeighborsUnif ...
	0.8076	 = Validation score   (accuracy)
	2.35s	 = Training   runtime
	5.62s	 = Validation runtime
Fitting model: KNeighborsDist ...
	0.809	 = Validation score   (accuracy)
	3.06s	 = Training   runtime
	4.19s	 = Validation runtime
Fitting model: LightGBMXT ...
	0.7297	 = Validation score   (accuracy)
	63.05s	 = Training   runtime
	2.66s	 = Validation runtime
Fitting model: CatBoost ...
	0.931	 = Validation score   (accuracy)
	2834.45s	 = Training   runtime
	0.39s	 = Validation runtime
Fitting model: WeightedEnsemble_L2 ...
	Ensemble Weights: {'LightGBMLarge': 0.625, 'LightGBMXT': 0.25, 'NeuralNetTorch': 0.125}
	0.9338	 = Validation score   (accuracy)
	14.08s	 = Training   runtime
	0.04s	 = Validation runtime
AutoGluon training complete, total runtime = 11928.7s ... Best model: "WeightedEnsemble_L2"
TabularPredictor saved. To load, use: predictor = TabularPredictor.load("AutogluonModels/ag-20250414_193013-011/Predictor_S2 (SBS2 - 0.99)")
No presets specified! To achieve strong results with AutoGluon, it is recommended to use the available presets.
	Recommended Presets (For more details refer to https://auto.gluon.ai/stable/tutorials/tabular/tabular-essentials.html#presets):
	presets='best_quality'   : Maximize accuracy. Default time_limit=3600.
	presets='high_quality'   : Strong accuracy with fast inference speed. Default time_limit=3600.
	presets='good_quality'   : Good accuracy with very fast inference speed. Default time_limit=3600.
	presets='medium_quality' : Fast training time, ideal for initial prototyping.
Beginning AutoGluon training ...
AutoGluon will save models to "AutogluonModels/ag-20250414_193013-011/Predictor_S3 (SBS3 - 0.97)"
=================== System Info ===================
AutoGluon Version:  1.1.0
Python Version:     3.10.15
Operating System:   Linux
Platform Machine:   x86_64
Platform Version:   #1 SMP PREEMPT_DYNAMIC Thu Apr 3 12:12:16 UTC 2025
CPU Count:          272
Memory Avail:       160.21 GB / 203.90 GB (78.6%)
Disk Space Avail:   1378.83 GB / 5120.00 GB (26.9%)
===================================================
Train Data Rows:    14495
Train Data Columns: 98
Label Column:       S3 (SBS3 - 0.97)
AutoGluon infers your prediction problem is: 'binary' (because only two unique label-values observed).
	2 unique label values:  [False, True]
	If 'binary' is not the correct problem_type, please manually specify the problem_type parameter during predictor init (You may specify problem_type as one of: ['binary', 'multiclass', 'regression'])
Problem Type:       binary
Preprocessing data ...
Selected class <--> label mapping:  class 1 = True, class 0 = False
Using Feature Generators to preprocess the data ...
Fitting AutoMLPipelineFeatureGenerator...
	Available Memory:                    162530.45 MB
	Train Data (Original)  Memory Usage: 10.64 MB (0.0% of available memory)
	Inferring data type of each feature based on column values. Set feature_metadata_in to manually specify special dtypes of the features.
	Stage 1 Generators:
		Fitting AsTypeFeatureGenerator...
			Note: Converting 2 features to boolean dtype as they only contain 2 unique values.
	Stage 2 Generators:
		Fitting FillNaFeatureGenerator...
	Stage 3 Generators:
		Fitting IdentityFeatureGenerator...
	Stage 4 Generators:
		Fitting DropUniqueFeatureGenerator...
	Stage 5 Generators:
		Fitting DropDuplicatesFeatureGenerator...
	Types of features in original data (raw dtype, special dtypes):
		('bool', []) :  2 | ['S1 (SBS1 - 0.99)', 'S2 (SBS2 - 0.99)']
		('int', [])  : 96 | ['A[C>A]A', 'A[C>A]C', 'A[C>A]G', 'A[C>A]T', 'A[C>G]A', ...]
	Types of features in processed data (raw dtype, special dtypes):
		('int', [])       : 96 | ['A[C>A]A', 'A[C>A]C', 'A[C>A]G', 'A[C>A]T', 'A[C>G]A', ...]
		('int', ['bool']) :  2 | ['S1 (SBS1 - 0.99)', 'S2 (SBS2 - 0.99)']
	9.8s = Fit runtime
	98 features in original data used to generate 98 features in processed data.
	Train Data (Processed) Memory Usage: 10.64 MB (0.0% of available memory)
Data preprocessing and feature engineering runtime = 10.96s ...
AutoGluon will gauge predictive performance using evaluation metric: 'accuracy'
	To change this, specify the eval_metric parameter of Predictor()
Automatically generating train/validation split with holdout_frac=0.1, Train Rows: 13045, Val Rows: 1450
User-specified model hyperparameters to be fit:
{
	'NN_TORCH': {},
	'GBM': [{'extra_trees': True, 'ag_args': {'name_suffix': 'XT'}}, {}, 'GBMLarge'],
	'CAT': {},
	'XGB': {},
	'FASTAI': {},
	'RF': [{'criterion': 'gini', 'ag_args': {'name_suffix': 'Gini', 'problem_types': ['binary', 'multiclass']}}, {'criterion': 'entropy', 'ag_args': {'name_suffix': 'Entr', 'problem_types': ['binary', 'multiclass']}}, {'criterion': 'squared_error', 'ag_args': {'name_suffix': 'MSE', 'problem_types': ['regression', 'quantile']}}],
	'XT': [{'criterion': 'gini', 'ag_args': {'name_suffix': 'Gini', 'problem_types': ['binary', 'multiclass']}}, {'criterion': 'entropy', 'ag_args': {'name_suffix': 'Entr', 'problem_types': ['binary', 'multiclass']}}, {'criterion': 'squared_error', 'ag_args': {'name_suffix': 'MSE', 'problem_types': ['regression', 'quantile']}}],
	'KNN': [{'weights': 'uniform', 'ag_args': {'name_suffix': 'Unif'}}, {'weights': 'distance', 'ag_args': {'name_suffix': 'Dist'}}],
}
Fitting 13 L1 models ...
Fitting model: KNeighborsUnif ...
	0.811	 = Validation score   (accuracy)
	1.18s	 = Training   runtime
	3.83s	 = Validation runtime
Fitting model: KNeighborsDist ...
	0.8124	 = Validation score   (accuracy)
	1.16s	 = Training   runtime
	4.99s	 = Validation runtime
Fitting model: LightGBMXT ...
	0.8297	 = Validation score   (accuracy)
	1575.1s	 = Training   runtime
	0.51s	 = Validation runtime
Fitting model: LightGBM ...
	0.7614	 = Validation score   (accuracy)
	430.27s	 = Training   runtime
	0.37s	 = Validation runtime
Fitting model: ExtraTreesGini ...
	0.6986	 = Validation score   (accuracy)
	44.47s	 = Training   runtime
	3.05s	 = Validation runtime
Fitting model: ExtraTreesEntr ...
	0.7124	 = Validation score   (accuracy)
	44.39s	 = Training   runtime
	2.92s	 = Validation runtime
Fitting model: NeuralNetFastAI ...
	0.9234	 = Validation score   (accuracy)
	2598.91s	 = Training   runtime
	0.3s	 = Validation runtime
Fitting model: WeightedEnsemble_L2 ...
	Ensemble Weights: {'LightGBMLarge': 1.0}
	0.9234	 = Validation score   (accuracy)
	13.32s	 = Training   runtime
	0.07s	 = Validation runtime
AutoGluon training complete, total runtime = 13088.22s ... Best model: "WeightedEnsemble_L2"
TabularPredictor saved. To load, use: predictor = TabularPredictor.load("AutogluonModels/ag-20250414_193014-002/Predictor_S2 (SBS2 - 0.99)")
No presets specified! To achieve strong results with AutoGluon, it is recommended to use the available presets.
	Recommended Presets (For more details refer to https://auto.gluon.ai/stable/tutorials/tabular/tabular-essentials.html#presets):
	presets='best_quality'   : Maximize accuracy. Default time_limit=3600.
	presets='high_quality'   : Strong accuracy with fast inference speed. Default time_limit=3600.
	presets='good_quality'   : Good accuracy with very fast inference speed. Default time_limit=3600.
	presets='medium_quality' : Fast training time, ideal for initial prototyping.
Beginning AutoGluon training ...
AutoGluon will save models to "AutogluonModels/ag-20250414_193014-002/Predictor_S3 (SBS3 - 0.97)"
=================== System Info ===================
AutoGluon Version:  1.1.0
Python Version:     3.10.15
Operating System:   Linux
Platform Machine:   x86_64
Platform Version:   #1 SMP PREEMPT_DYNAMIC Thu Apr 3 12:12:16 UTC 2025
CPU Count:          272
Memory Avail:       174.99 GB / 203.90 GB (85.8%)
Disk Space Avail:   1378.54 GB / 5120.00 GB (26.9%)
===================================================
Train Data Rows:    14495
Train Data Columns: 98
Label Column:       S3 (SBS3 - 0.97)
AutoGluon infers your prediction problem is: 'binary' (because only two unique label-values observed).
	2 unique label values:  [False, True]
	If 'binary' is not the correct problem_type, please manually specify the problem_type parameter during predictor init (You may specify problem_type as one of: ['binary', 'multiclass', 'regression'])
Problem Type:       binary
Preprocessing data ...
Selected class <--> label mapping:  class 1 = True, class 0 = False
Using Feature Generators to preprocess the data ...
Fitting AutoMLPipelineFeatureGenerator...
	Available Memory:                    179194.43 MB
	Train Data (Original)  Memory Usage: 10.64 MB (0.0% of available memory)
	Inferring data type of each feature based on column values. Set feature_metadata_in to manually specify special dtypes of the features.
	Stage 1 Generators:
		Fitting AsTypeFeatureGenerator...
			Note: Converting 2 features to boolean dtype as they only contain 2 unique values.
	Stage 2 Generators:
		Fitting FillNaFeatureGenerator...
	Stage 3 Generators:
		Fitting IdentityFeatureGenerator...
	Stage 4 Generators:
		Fitting DropUniqueFeatureGenerator...
	Stage 5 Generators:
		Fitting DropDuplicatesFeatureGenerator...
	Types of features in original data (raw dtype, special dtypes):
		('bool', []) :  2 | ['S1 (SBS1 - 0.99)', 'S2 (SBS2 - 0.99)']
		('int', [])  : 96 | ['A[C>A]A', 'A[C>A]C', 'A[C>A]G', 'A[C>A]T', 'A[C>G]A', ...]
	Types of features in processed data (raw dtype, special dtypes):
		('int', [])       : 96 | ['A[C>A]A', 'A[C>A]C', 'A[C>A]G', 'A[C>A]T', 'A[C>G]A', ...]
		('int', ['bool']) :  2 | ['S1 (SBS1 - 0.99)', 'S2 (SBS2 - 0.99)']
	12.9s = Fit runtime
	98 features in original data used to generate 98 features in processed data.
	Train Data (Processed) Memory Usage: 10.64 MB (0.0% of available memory)
Data preprocessing and feature engineering runtime = 13.5s ...
AutoGluon will gauge predictive performance using evaluation metric: 'accuracy'
	To change this, specify the eval_metric parameter of Predictor()
Automatically generating train/validation split with holdout_frac=0.1, Train Rows: 13045, Val Rows: 1450
User-specified model hyperparameters to be fit:
{
	'NN_TORCH': {},
	'GBM': [{'extra_trees': True, 'ag_args': {'name_suffix': 'XT'}}, {}, 'GBMLarge'],
	'CAT': {},
	'XGB': {},
	'FASTAI': {},
	'RF': [{'criterion': 'gini', 'ag_args': {'name_suffix': 'Gini', 'problem_types': ['binary', 'multiclass']}}, {'criterion': 'entropy', 'ag_args': {'name_suffix': 'Entr', 'problem_types': ['binary', 'multiclass']}}, {'criterion': 'squared_error', 'ag_args': {'name_suffix': 'MSE', 'problem_types': ['regression', 'quantile']}}],
	'XT': [{'criterion': 'gini', 'ag_args': {'name_suffix': 'Gini', 'problem_types': ['binary', 'multiclass']}}, {'criterion': 'entropy', 'ag_args': {'name_suffix': 'Entr', 'problem_types': ['binary', 'multiclass']}}, {'criterion': 'squared_error', 'ag_args': {'name_suffix': 'MSE', 'problem_types': ['regression', 'quantile']}}],
	'KNN': [{'weights': 'uniform', 'ag_args': {'name_suffix': 'Unif'}}, {'weights': 'distance', 'ag_args': {'name_suffix': 'Dist'}}],
}
Fitting 13 L1 models ...
Fitting model: KNeighborsUnif ...
	0.7986	 = Validation score   (accuracy)
	0.84s	 = Training   runtime
	3.58s	 = Validation runtime
Fitting model: KNeighborsDist ...
	0.8	 = Validation score   (accuracy)
	1.05s	 = Training   runtime
	3.6s	 = Validation runtime
Fitting model: LightGBMXT ...
	0.9276	 = Validation score   (accuracy)
	2173.06s	 = Training   runtime
	0.25s	 = Validation runtime
Fitting model: WeightedEnsemble_L2 ...
	Ensemble Weights: {'LightGBMLarge': 0.833, 'ExtraTreesGini': 0.167}
	0.9283	 = Validation score   (accuracy)
	13.04s	 = Training   runtime
	0.03s	 = Validation runtime
AutoGluon training complete, total runtime = 13773.2s ... Best model: "WeightedEnsemble_L2"
TabularPredictor saved. To load, use: predictor = TabularPredictor.load("AutogluonModels/ag-20250414_193014-001/Predictor_S2 (SBS2 - 0.99)")
No presets specified! To achieve strong results with AutoGluon, it is recommended to use the available presets.
	Recommended Presets (For more details refer to https://auto.gluon.ai/stable/tutorials/tabular/tabular-essentials.html#presets):
	presets='best_quality'   : Maximize accuracy. Default time_limit=3600.
	presets='high_quality'   : Strong accuracy with fast inference speed. Default time_limit=3600.
	presets='good_quality'   : Good accuracy with very fast inference speed. Default time_limit=3600.
	presets='medium_quality' : Fast training time, ideal for initial prototyping.
Beginning AutoGluon training ...
AutoGluon will save models to "AutogluonModels/ag-20250414_193014-001/Predictor_S3 (SBS3 - 0.97)"
=================== System Info ===================
AutoGluon Version:  1.1.0
Python Version:     3.10.15
Operating System:   Linux
Platform Machine:   x86_64
Platform Version:   #1 SMP PREEMPT_DYNAMIC Thu Apr 3 12:12:16 UTC 2025
CPU Count:          272
Memory Avail:       174.97 GB / 203.90 GB (85.8%)
Disk Space Avail:   1378.51 GB / 5120.00 GB (26.9%)
===================================================
Train Data Rows:    14495
Train Data Columns: 98
Label Column:       S3 (SBS3 - 0.97)
AutoGluon infers your prediction problem is: 'binary' (because only two unique label-values observed).
	2 unique label values:  [False, True]
	If 'binary' is not the correct problem_type, please manually specify the problem_type parameter during predictor init (You may specify problem_type as one of: ['binary', 'multiclass', 'regression'])
Problem Type:       binary
Preprocessing data ...
Selected class <--> label mapping:  class 1 = True, class 0 = False
Using Feature Generators to preprocess the data ...
Fitting AutoMLPipelineFeatureGenerator...
	Available Memory:                    179175.84 MB
	Train Data (Original)  Memory Usage: 10.64 MB (0.0% of available memory)
	Inferring data type of each feature based on column values. Set feature_metadata_in to manually specify special dtypes of the features.
	Stage 1 Generators:
		Fitting AsTypeFeatureGenerator...
			Note: Converting 2 features to boolean dtype as they only contain 2 unique values.
	Stage 2 Generators:
		Fitting FillNaFeatureGenerator...
	Stage 3 Generators:
		Fitting IdentityFeatureGenerator...
	Stage 4 Generators:
		Fitting DropUniqueFeatureGenerator...
	Stage 5 Generators:
		Fitting DropDuplicatesFeatureGenerator...
	Types of features in original data (raw dtype, special dtypes):
		('bool', []) :  2 | ['S1 (SBS1 - 0.99)', 'S2 (SBS2 - 0.99)']
		('int', [])  : 96 | ['A[C>A]A', 'A[C>A]C', 'A[C>A]G', 'A[C>A]T', 'A[C>G]A', ...]
	Types of features in processed data (raw dtype, special dtypes):
		('int', [])       : 96 | ['A[C>A]A', 'A[C>A]C', 'A[C>A]G', 'A[C>A]T', 'A[C>G]A', ...]
		('int', ['bool']) :  2 | ['S1 (SBS1 - 0.99)', 'S2 (SBS2 - 0.99)']
	7.2s = Fit runtime
	98 features in original data used to generate 98 features in processed data.
	Train Data (Processed) Memory Usage: 10.64 MB (0.0% of available memory)
Data preprocessing and feature engineering runtime = 8.01s ...
AutoGluon will gauge predictive performance using evaluation metric: 'accuracy'
	To change this, specify the eval_metric parameter of Predictor()
Automatically generating train/validation split with holdout_frac=0.1, Train Rows: 13045, Val Rows: 1450
User-specified model hyperparameters to be fit:
{
	'NN_TORCH': {},
	'GBM': [{'extra_trees': True, 'ag_args': {'name_suffix': 'XT'}}, {}, 'GBMLarge'],
	'CAT': {},
	'XGB': {},
	'FASTAI': {},
	'RF': [{'criterion': 'gini', 'ag_args': {'name_suffix': 'Gini', 'problem_types': ['binary', 'multiclass']}}, {'criterion': 'entropy', 'ag_args': {'name_suffix': 'Entr', 'problem_types': ['binary', 'multiclass']}}, {'criterion': 'squared_error', 'ag_args': {'name_suffix': 'MSE', 'problem_types': ['regression', 'quantile']}}],
	'XT': [{'criterion': 'gini', 'ag_args': {'name_suffix': 'Gini', 'problem_types': ['binary', 'multiclass']}}, {'criterion': 'entropy', 'ag_args': {'name_suffix': 'Entr', 'problem_types': ['binary', 'multiclass']}}, {'criterion': 'squared_error', 'ag_args': {'name_suffix': 'MSE', 'problem_types': ['regression', 'quantile']}}],
	'KNN': [{'weights': 'uniform', 'ag_args': {'name_suffix': 'Unif'}}, {'weights': 'distance', 'ag_args': {'name_suffix': 'Dist'}}],
}
Fitting 13 L1 models ...
Fitting model: KNeighborsUnif ...
	0.8041	 = Validation score   (accuracy)
	1.31s	 = Training   runtime
	3.78s	 = Validation runtime
Fitting model: KNeighborsDist ...
	0.8055	 = Validation score   (accuracy)
	0.87s	 = Training   runtime
	3.57s	 = Validation runtime
Fitting model: LightGBMXT ...
	0.8041	 = Validation score   (accuracy)
	1041.95s	 = Training   runtime
	0.22s	 = Validation runtime
Fitting model: RandomForestGini ...
	0.7945	 = Validation score   (accuracy)
	2061.45s	 = Training   runtime
	0.57s	 = Validation runtime
Fitting model: LightGBM ...
	0.9083	 = Validation score   (accuracy)
	3621.09s	 = Training   runtime
	0.61s	 = Validation runtime
Fitting model: WeightedEnsemble_L2 ...
	0.7855	 = Validation score   (accuracy)
	66.13s	 = Training   runtime
	3.82s	 = Validation runtime
Fitting model: RandomForestEntr ...
	Ensemble Weights: {'CatBoost': 0.647, 'RandomForestGini': 0.235, 'KNeighborsUnif': 0.059, 'LightGBMLarge': 0.059}
	0.9166	 = Validation score   (accuracy)
	25.13s	 = Training   runtime
	0.22s	 = Validation runtime
AutoGluon training complete, total runtime = 12320.8s ... Best model: "WeightedEnsemble_L2"
TabularPredictor saved. To load, use: predictor = TabularPredictor.load("AutogluonModels/ag-20250414_193014-003/Predictor_S2 (SBS2 - 0.99)")
No presets specified! To achieve strong results with AutoGluon, it is recommended to use the available presets.
	Recommended Presets (For more details refer to https://auto.gluon.ai/stable/tutorials/tabular/tabular-essentials.html#presets):
	presets='best_quality'   : Maximize accuracy. Default time_limit=3600.
	presets='high_quality'   : Strong accuracy with fast inference speed. Default time_limit=3600.
	presets='good_quality'   : Good accuracy with very fast inference speed. Default time_limit=3600.
	presets='medium_quality' : Fast training time, ideal for initial prototyping.
Beginning AutoGluon training ...
AutoGluon will save models to "AutogluonModels/ag-20250414_193014-003/Predictor_S3 (SBS3 - 0.97)"
=================== System Info ===================
AutoGluon Version:  1.1.0
Python Version:     3.10.15
Operating System:   Linux
Platform Machine:   x86_64
Platform Version:   #1 SMP PREEMPT_DYNAMIC Thu Apr 3 12:12:16 UTC 2025
CPU Count:          272
Memory Avail:       174.96 GB / 203.90 GB (85.8%)
Disk Space Avail:   1378.41 GB / 5120.00 GB (26.9%)
===================================================
Train Data Rows:    14495
Train Data Columns: 98
Label Column:       S3 (SBS3 - 0.97)
AutoGluon infers your prediction problem is: 'binary' (because only two unique label-values observed).
	2 unique label values:  [False, True]
	If 'binary' is not the correct problem_type, please manually specify the problem_type parameter during predictor init (You may specify problem_type as one of: ['binary', 'multiclass', 'regression'])
Problem Type:       binary
Preprocessing data ...
Selected class <--> label mapping:  class 1 = True, class 0 = False
Using Feature Generators to preprocess the data ...
Fitting AutoMLPipelineFeatureGenerator...
	Available Memory:                    179174.02 MB
	Train Data (Original)  Memory Usage: 10.64 MB (0.0% of available memory)
	Inferring data type of each feature based on column values. Set feature_metadata_in to manually specify special dtypes of the features.
	Stage 1 Generators:
		Fitting AsTypeFeatureGenerator...
			Note: Converting 2 features to boolean dtype as they only contain 2 unique values.
	Stage 2 Generators:
		Fitting FillNaFeatureGenerator...
	Stage 3 Generators:
		Fitting IdentityFeatureGenerator...
	Stage 4 Generators:
		Fitting DropUniqueFeatureGenerator...
	Stage 5 Generators:
		Fitting DropDuplicatesFeatureGenerator...
	Types of features in original data (raw dtype, special dtypes):
		('bool', []) :  2 | ['S1 (SBS1 - 0.99)', 'S2 (SBS2 - 0.99)']
		('int', [])  : 96 | ['A[C>A]A', 'A[C>A]C', 'A[C>A]G', 'A[C>A]T', 'A[C>G]A', ...]
	Types of features in processed data (raw dtype, special dtypes):
		('int', [])       : 96 | ['A[C>A]A', 'A[C>A]C', 'A[C>A]G', 'A[C>A]T', 'A[C>G]A', ...]
		('int', ['bool']) :  2 | ['S1 (SBS1 - 0.99)', 'S2 (SBS2 - 0.99)']
	18.9s = Fit runtime
	98 features in original data used to generate 98 features in processed data.
	Train Data (Processed) Memory Usage: 10.64 MB (0.0% of available memory)
Data preprocessing and feature engineering runtime = 20.87s ...
AutoGluon will gauge predictive performance using evaluation metric: 'accuracy'
	To change this, specify the eval_metric parameter of Predictor()
Automatically generating train/validation split with holdout_frac=0.1, Train Rows: 13045, Val Rows: 1450
User-specified model hyperparameters to be fit:
{
	'NN_TORCH': {},
	'GBM': [{'extra_trees': True, 'ag_args': {'name_suffix': 'XT'}}, {}, 'GBMLarge'],
	'CAT': {},
	'XGB': {},
	'FASTAI': {},
	'RF': [{'criterion': 'gini', 'ag_args': {'name_suffix': 'Gini', 'problem_types': ['binary', 'multiclass']}}, {'criterion': 'entropy', 'ag_args': {'name_suffix': 'Entr', 'problem_types': ['binary', 'multiclass']}}, {'criterion': 'squared_error', 'ag_args': {'name_suffix': 'MSE', 'problem_types': ['regression', 'quantile']}}],
	'XT': [{'criterion': 'gini', 'ag_args': {'name_suffix': 'Gini', 'problem_types': ['binary', 'multiclass']}}, {'criterion': 'entropy', 'ag_args': {'name_suffix': 'Entr', 'problem_types': ['binary', 'multiclass']}}, {'criterion': 'squared_error', 'ag_args': {'name_suffix': 'MSE', 'problem_types': ['regression', 'quantile']}}],
	'KNN': [{'weights': 'uniform', 'ag_args': {'name_suffix': 'Unif'}}, {'weights': 'distance', 'ag_args': {'name_suffix': 'Dist'}}],
}
Fitting 13 L1 models ...
Fitting model: KNeighborsUnif ...
	0.7724	 = Validation score   (accuracy)
	2.5s	 = Training   runtime
	10.21s	 = Validation runtime
Fitting model: KNeighborsDist ...
	0.7731	 = Validation score   (accuracy)
	3.16s	 = Training   runtime
	12.11s	 = Validation runtime
Fitting model: LightGBMXT ...
	0.7841	 = Validation score   (accuracy)
	77.23s	 = Training   runtime
	3.46s	 = Validation runtime
Fitting model: CatBoost ...
	0.7766	 = Validation score   (accuracy)
	1609.14s	 = Training   runtime
	0.48s	 = Validation runtime
Fitting model: LightGBM ...
	0.8028	 = Validation score   (accuracy)
	1736.57s	 = Training   runtime
	2.4s	 = Validation runtime
Fitting model: XGBoost ...
	0.8034	 = Validation score   (accuracy)
	457.71s	 = Training   runtime
	0.45s	 = Validation runtime
Fitting model: ExtraTreesGini ...
	0.7821	 = Validation score   (accuracy)
	641.86s	 = Training   runtime
	0.46s	 = Validation runtime
Fitting model: RandomForestGini ...
	0.7607	 = Validation score   (accuracy)
	44.59s	 = Training   runtime
	4.22s	 = Validation runtime
Fitting model: ExtraTreesEntr ...
	0.7972	 = Validation score   (accuracy)
	2683.82s	 = Training   runtime
	1.21s	 = Validation runtime
Fitting model: LightGBM ...
	0.7614	 = Validation score   (accuracy)
	78.0s	 = Training   runtime
	5.71s	 = Validation runtime
Fitting model: RandomForestEntr ...
	0.929	 = Validation score   (accuracy)
	3800.9s	 = Training   runtime
	0.57s	 = Validation runtime
Fitting model: WeightedEnsemble_L2 ...
	0.7634	 = Validation score   (accuracy)
	72.48s	 = Training   runtime
	4.84s	 = Validation runtime
Fitting model: NeuralNetFastAI ...
	Ensemble Weights: {'LightGBM': 0.444, 'LightGBMXT': 0.333, 'RandomForestGini': 0.111, 'NeuralNetTorch': 0.111}
	0.9393	 = Validation score   (accuracy)
	36.64s	 = Training   runtime
	0.25s	 = Validation runtime
AutoGluon training complete, total runtime = 12297.77s ... Best model: "WeightedEnsemble_L2"
TabularPredictor saved. To load, use: predictor = TabularPredictor.load("AutogluonModels/ag-20250414_193013-008/Predictor_S2 (SBS2 - 0.99)")
No presets specified! To achieve strong results with AutoGluon, it is recommended to use the available presets.
	Recommended Presets (For more details refer to https://auto.gluon.ai/stable/tutorials/tabular/tabular-essentials.html#presets):
	presets='best_quality'   : Maximize accuracy. Default time_limit=3600.
	presets='high_quality'   : Strong accuracy with fast inference speed. Default time_limit=3600.
	presets='good_quality'   : Good accuracy with very fast inference speed. Default time_limit=3600.
	presets='medium_quality' : Fast training time, ideal for initial prototyping.
Beginning AutoGluon training ...
AutoGluon will save models to "AutogluonModels/ag-20250414_193013-008/Predictor_S3 (SBS3 - 0.97)"
=================== System Info ===================
AutoGluon Version:  1.1.0
Python Version:     3.10.15
Operating System:   Linux
Platform Machine:   x86_64
Platform Version:   #1 SMP PREEMPT_DYNAMIC Thu Apr 3 12:12:16 UTC 2025
CPU Count:          272
Memory Avail:       174.70 GB / 203.90 GB (85.7%)
Disk Space Avail:   1377.99 GB / 5120.00 GB (26.9%)
===================================================
Train Data Rows:    14495
Train Data Columns: 98
Label Column:       S3 (SBS3 - 0.97)
AutoGluon infers your prediction problem is: 'binary' (because only two unique label-values observed).
	2 unique label values:  [False, True]
	If 'binary' is not the correct problem_type, please manually specify the problem_type parameter during predictor init (You may specify problem_type as one of: ['binary', 'multiclass', 'regression'])
Problem Type:       binary
Preprocessing data ...
Selected class <--> label mapping:  class 1 = True, class 0 = False
Using Feature Generators to preprocess the data ...
Fitting AutoMLPipelineFeatureGenerator...
	Available Memory:                    178902.27 MB
	Train Data (Original)  Memory Usage: 10.64 MB (0.0% of available memory)
	Inferring data type of each feature based on column values. Set feature_metadata_in to manually specify special dtypes of the features.
	Stage 1 Generators:
		Fitting AsTypeFeatureGenerator...
			Note: Converting 2 features to boolean dtype as they only contain 2 unique values.
	0.8441	 = Validation score   (accuracy)
	1073.97s	 = Training   runtime
	0.74s	 = Validation runtime
Fitting model: LightGBM ...
	Stage 2 Generators:
		Fitting FillNaFeatureGenerator...
	Stage 3 Generators:
		Fitting IdentityFeatureGenerator...
	Stage 4 Generators:
		Fitting DropUniqueFeatureGenerator...
	Stage 5 Generators:
		Fitting DropDuplicatesFeatureGenerator...
	Types of features in original data (raw dtype, special dtypes):
		('bool', []) :  2 | ['S1 (SBS1 - 0.99)', 'S2 (SBS2 - 0.99)']
		('int', [])  : 96 | ['A[C>A]A', 'A[C>A]C', 'A[C>A]G', 'A[C>A]T', 'A[C>G]A', ...]
	Types of features in processed data (raw dtype, special dtypes):
		('int', [])       : 96 | ['A[C>A]A', 'A[C>A]C', 'A[C>A]G', 'A[C>A]T', 'A[C>G]A', ...]
		('int', ['bool']) :  2 | ['S1 (SBS1 - 0.99)', 'S2 (SBS2 - 0.99)']
	29.5s = Fit runtime
	98 features in original data used to generate 98 features in processed data.
	Train Data (Processed) Memory Usage: 10.64 MB (0.0% of available memory)
Data preprocessing and feature engineering runtime = 30.91s ...
AutoGluon will gauge predictive performance using evaluation metric: 'accuracy'
	To change this, specify the eval_metric parameter of Predictor()
	0.7648	 = Validation score   (accuracy)
	68.82s	 = Training   runtime
	5.7s	 = Validation runtime
Fitting model: CatBoost ...
Automatically generating train/validation split with holdout_frac=0.1, Train Rows: 13045, Val Rows: 1450
User-specified model hyperparameters to be fit:
{
	'NN_TORCH': {},
	'GBM': [{'extra_trees': True, 'ag_args': {'name_suffix': 'XT'}}, {}, 'GBMLarge'],
	'CAT': {},
	'XGB': {},
	'FASTAI': {},
	'RF': [{'criterion': 'gini', 'ag_args': {'name_suffix': 'Gini', 'problem_types': ['binary', 'multiclass']}}, {'criterion': 'entropy', 'ag_args': {'name_suffix': 'Entr', 'problem_types': ['binary', 'multiclass']}}, {'criterion': 'squared_error', 'ag_args': {'name_suffix': 'MSE', 'problem_types': ['regression', 'quantile']}}],
	'XT': [{'criterion': 'gini', 'ag_args': {'name_suffix': 'Gini', 'problem_types': ['binary', 'multiclass']}}, {'criterion': 'entropy', 'ag_args': {'name_suffix': 'Entr', 'problem_types': ['binary', 'multiclass']}}, {'criterion': 'squared_error', 'ag_args': {'name_suffix': 'MSE', 'problem_types': ['regression', 'quantile']}}],
	'KNN': [{'weights': 'uniform', 'ag_args': {'name_suffix': 'Unif'}}, {'weights': 'distance', 'ag_args': {'name_suffix': 'Dist'}}],
}
Fitting 13 L1 models ...
Fitting model: KNeighborsUnif ...
	0.8007	 = Validation score   (accuracy)
	1.63s	 = Training   runtime
	4.05s	 = Validation runtime
Fitting model: KNeighborsDist ...
	0.8021	 = Validation score   (accuracy)
	1.35s	 = Training   runtime
	4.94s	 = Validation runtime
Fitting model: LightGBMXT ...
	0.8297	 = Validation score   (accuracy)
	1490.04s	 = Training   runtime
	0.53s	 = Validation runtime
Fitting model: RandomForestGini ...
	0.9269	 = Validation score   (accuracy)
	3737.29s	 = Training   runtime
	0.74s	 = Validation runtime
Fitting model: WeightedEnsemble_L2 ...
	0.8145	 = Validation score   (accuracy)
	268.53s	 = Training   runtime
	1.1s	 = Validation runtime
Fitting model: NeuralNetTorch ...
	0.8159	 = Validation score   (accuracy)
	80.7s	 = Training   runtime
	4.38s	 = Validation runtime
Fitting model: RandomForestEntr ...
	Ensemble Weights: {'NeuralNetTorch': 0.4, 'LightGBM': 0.3, 'KNeighborsUnif': 0.1, 'CatBoost': 0.1, 'LightGBMXT': 0.05, 'XGBoost': 0.05}
	0.9372	 = Validation score   (accuracy)
	49.69s	 = Training   runtime
	0.33s	 = Validation runtime
AutoGluon training complete, total runtime = 13451.18s ... Best model: "WeightedEnsemble_L2"
TabularPredictor saved. To load, use: predictor = TabularPredictor.load("AutogluonModels/ag-20250414_193013-009/Predictor_S2 (SBS2 - 0.99)")
No presets specified! To achieve strong results with AutoGluon, it is recommended to use the available presets.
	Recommended Presets (For more details refer to https://auto.gluon.ai/stable/tutorials/tabular/tabular-essentials.html#presets):
	presets='best_quality'   : Maximize accuracy. Default time_limit=3600.
	presets='high_quality'   : Strong accuracy with fast inference speed. Default time_limit=3600.
	presets='good_quality'   : Good accuracy with very fast inference speed. Default time_limit=3600.
	presets='medium_quality' : Fast training time, ideal for initial prototyping.
Beginning AutoGluon training ...
AutoGluon will save models to "AutogluonModels/ag-20250414_193013-009/Predictor_S3 (SBS3 - 0.97)"
=================== System Info ===================
AutoGluon Version:  1.1.0
Python Version:     3.10.15
Operating System:   Linux
Platform Machine:   x86_64
Platform Version:   #1 SMP PREEMPT_DYNAMIC Thu Apr 3 12:12:16 UTC 2025
CPU Count:          272
Memory Avail:       174.71 GB / 203.90 GB (85.7%)
Disk Space Avail:   1377.82 GB / 5120.00 GB (26.9%)
===================================================
Train Data Rows:    14495
Train Data Columns: 98
Label Column:       S3 (SBS3 - 0.97)
AutoGluon infers your prediction problem is: 'binary' (because only two unique label-values observed).
	2 unique label values:  [False, True]
	If 'binary' is not the correct problem_type, please manually specify the problem_type parameter during predictor init (You may specify problem_type as one of: ['binary', 'multiclass', 'regression'])
Problem Type:       binary
Preprocessing data ...
Selected class <--> label mapping:  class 1 = True, class 0 = False
Using Feature Generators to preprocess the data ...
Fitting AutoMLPipelineFeatureGenerator...
	Available Memory:                    178925.20 MB
	Train Data (Original)  Memory Usage: 10.64 MB (0.0% of available memory)
	Inferring data type of each feature based on column values. Set feature_metadata_in to manually specify special dtypes of the features.
	Stage 1 Generators:
		Fitting AsTypeFeatureGenerator...
			Note: Converting 2 features to boolean dtype as they only contain 2 unique values.
	Stage 2 Generators:
		Fitting FillNaFeatureGenerator...
	Stage 3 Generators:
		Fitting IdentityFeatureGenerator...
	Stage 4 Generators:
		Fitting DropUniqueFeatureGenerator...
	Stage 5 Generators:
		Fitting DropDuplicatesFeatureGenerator...
	Types of features in original data (raw dtype, special dtypes):
		('bool', []) :  2 | ['S1 (SBS1 - 0.99)', 'S2 (SBS2 - 0.99)']
		('int', [])  : 96 | ['A[C>A]A', 'A[C>A]C', 'A[C>A]G', 'A[C>A]T', 'A[C>G]A', ...]
	Types of features in processed data (raw dtype, special dtypes):
		('int', [])       : 96 | ['A[C>A]A', 'A[C>A]C', 'A[C>A]G', 'A[C>A]T', 'A[C>G]A', ...]
		('int', ['bool']) :  2 | ['S1 (SBS1 - 0.99)', 'S2 (SBS2 - 0.99)']
	20.7s = Fit runtime
	98 features in original data used to generate 98 features in processed data.
	Train Data (Processed) Memory Usage: 10.64 MB (0.0% of available memory)
Data preprocessing and feature engineering runtime = 22.86s ...
AutoGluon will gauge predictive performance using evaluation metric: 'accuracy'
	To change this, specify the eval_metric parameter of Predictor()
Automatically generating train/validation split with holdout_frac=0.1, Train Rows: 13045, Val Rows: 1450
User-specified model hyperparameters to be fit:
{
	'NN_TORCH': {},
	'GBM': [{'extra_trees': True, 'ag_args': {'name_suffix': 'XT'}}, {}, 'GBMLarge'],
	'CAT': {},
	'XGB': {},
	'FASTAI': {},
	'RF': [{'criterion': 'gini', 'ag_args': {'name_suffix': 'Gini', 'problem_types': ['binary', 'multiclass']}}, {'criterion': 'entropy', 'ag_args': {'name_suffix': 'Entr', 'problem_types': ['binary', 'multiclass']}}, {'criterion': 'squared_error', 'ag_args': {'name_suffix': 'MSE', 'problem_types': ['regression', 'quantile']}}],
	'XT': [{'criterion': 'gini', 'ag_args': {'name_suffix': 'Gini', 'problem_types': ['binary', 'multiclass']}}, {'criterion': 'entropy', 'ag_args': {'name_suffix': 'Entr', 'problem_types': ['binary', 'multiclass']}}, {'criterion': 'squared_error', 'ag_args': {'name_suffix': 'MSE', 'problem_types': ['regression', 'quantile']}}],
	'KNN': [{'weights': 'uniform', 'ag_args': {'name_suffix': 'Unif'}}, {'weights': 'distance', 'ag_args': {'name_suffix': 'Dist'}}],
}
Fitting 13 L1 models ...
Fitting model: KNeighborsUnif ...
	0.8048	 = Validation score   (accuracy)
	4.35s	 = Training   runtime
	11.82s	 = Validation runtime
Fitting model: KNeighborsDist ...
	0.8062	 = Validation score   (accuracy)
	5.06s	 = Training   runtime
	11.2s	 = Validation runtime
Fitting model: LightGBMXT ...
	0.7779	 = Validation score   (accuracy)
	653.7s	 = Training   runtime
	0.67s	 = Validation runtime
Fitting model: RandomForestGini ...
	0.8166	 = Validation score   (accuracy)
	94.29s	 = Training   runtime
	4.84s	 = Validation runtime
Fitting model: CatBoost ...
	0.8586	 = Validation score   (accuracy)
	1796.36s	 = Training   runtime
	0.96s	 = Validation runtime
Fitting model: LightGBM ...
	0.751	 = Validation score   (accuracy)
	79.1s	 = Training   runtime
	3.5s	 = Validation runtime
Fitting model: RandomForestEntr ...
	0.7593	 = Validation score   (accuracy)
	69.27s	 = Training   runtime
	3.21s	 = Validation runtime
Fitting model: CatBoost ...
	0.7938	 = Validation score   (accuracy)
	738.01s	 = Training   runtime
	0.38s	 = Validation runtime
Fitting model: RandomForestGini ...
	0.7979	 = Validation score   (accuracy)
	600.74s	 = Training   runtime
	0.69s	 = Validation runtime
Fitting model: ExtraTreesGini ...
	0.7366	 = Validation score   (accuracy)
	83.74s	 = Training   runtime
	8.39s	 = Validation runtime
Fitting model: ExtraTreesEntr ...
	0.7697	 = Validation score   (accuracy)
	104.71s	 = Training   runtime
	5.31s	 = Validation runtime
Fitting model: RandomForestEntr ...
	0.8524	 = Validation score   (accuracy)
	1624.35s	 = Training   runtime
	0.6s	 = Validation runtime
	0.8697	 = Validation score   (accuracy)
	3039.48s	 = Training   runtime
	1.47s	 = Validation runtime
Fitting model: LightGBM ...
Fitting model: LightGBM ...
	0.7841	 = Validation score   (accuracy)
	367.38s	 = Training   runtime
	1.19s	 = Validation runtime
Fitting model: ExtraTreesGini ...
	0.8297	 = Validation score   (accuracy)
	566.18s	 = Training   runtime
	1.74s	 = Validation runtime
Fitting model: ExtraTreesGini ...
	0.7372	 = Validation score   (accuracy)
	78.06s	 = Training   runtime
	10.11s	 = Validation runtime
Fitting model: NeuralNetFastAI ...
No improvement since epoch 3: early stopping
	0.7683	 = Validation score   (accuracy)
	105.79s	 = Training   runtime
	6.68s	 = Validation runtime
Fitting model: CatBoost ...
	0.7269	 = Validation score   (accuracy)
	97.88s	 = Training   runtime
	6.79s	 = Validation runtime
Fitting model: ExtraTreesEntr ...
	0.7234	 = Validation score   (accuracy)
	1986.95s	 = Training   runtime
	8.18s	 = Validation runtime
Fitting model: XGBoost ...
	0.7959	 = Validation score   (accuracy)
	79.15s	 = Training   runtime
	6.59s	 = Validation runtime
Fitting model: ExtraTreesEntr ...
	0.831	 = Validation score   (accuracy)
	1608.24s	 = Training   runtime
	0.8s	 = Validation runtime
Fitting model: LightGBM ...
	0.8628	 = Validation score   (accuracy)
	2655.0s	 = Training   runtime
	1.18s	 = Validation runtime
Fitting model: LightGBM ...
	0.7414	 = Validation score   (accuracy)
	66.41s	 = Training   runtime
	8.41s	 = Validation runtime
Fitting model: NeuralNetFastAI ...
	0.8007	 = Validation score   (accuracy)
	69.75s	 = Training   runtime
	5.65s	 = Validation runtime
Fitting model: NeuralNetFastAI ...
	0.8559	 = Validation score   (accuracy)
	4343.54s	 = Training   runtime
	0.97s	 = Validation runtime
Fitting model: LightGBM ...
	0.7614	 = Validation score   (accuracy)
	320.96s	 = Training   runtime
	0.76s	 = Validation runtime
Fitting model: NeuralNetTorch ...
	0.7993	 = Validation score   (accuracy)
	425.94s	 = Training   runtime
	0.45s	 = Validation runtime
Fitting model: ExtraTreesGini ...
	0.8531	 = Validation score   (accuracy)
	1053.93s	 = Training   runtime
	0.47s	 = Validation runtime
Fitting model: RandomForestGini ...
	0.7448	 = Validation score   (accuracy)
	51.49s	 = Training   runtime
	4.05s	 = Validation runtime
Fitting model: ExtraTreesEntr ...
	0.84	 = Validation score   (accuracy)
	88.4s	 = Training   runtime
	7.8s	 = Validation runtime
Fitting model: RandomForestEntr ...
	0.7476	 = Validation score   (accuracy)
	53.24s	 = Training   runtime
	5.78s	 = Validation runtime
Fitting model: NeuralNetFastAI ...
	0.8614	 = Validation score   (accuracy)
	1252.62s	 = Training   runtime
	0.65s	 = Validation runtime
Fitting model: LightGBM ...
	0.8407	 = Validation score   (accuracy)
	79.14s	 = Training   runtime
	4.53s	 = Validation runtime
Fitting model: CatBoost ...
	0.8538	 = Validation score   (accuracy)
	820.0s	 = Training   runtime
	0.33s	 = Validation runtime
Fitting model: RandomForestGini ...
	0.8531	 = Validation score   (accuracy)
	1582.61s	 = Training   runtime
	0.68s	 = Validation runtime
Fitting model: RandomForestGini ...
	0.8359	 = Validation score   (accuracy)
	88.81s	 = Training   runtime
	6.38s	 = Validation runtime
Fitting model: RandomForestEntr ...
	0.8303	 = Validation score   (accuracy)
	92.4s	 = Training   runtime
	6.35s	 = Validation runtime
Fitting model: RandomForestEntr ...
	0.8372	 = Validation score   (accuracy)
	103.56s	 = Training   runtime
	6.95s	 = Validation runtime
Fitting model: CatBoost ...
	0.8345	 = Validation score   (accuracy)
	103.1s	 = Training   runtime
	5.02s	 = Validation runtime
Fitting model: CatBoost ...
	0.849	 = Validation score   (accuracy)
	1137.93s	 = Training   runtime
	0.45s	 = Validation runtime
Fitting model: RandomForestGini ...
	0.8462	 = Validation score   (accuracy)
	408.41s	 = Training   runtime
	1.45s	 = Validation runtime
Fitting model: ExtraTreesGini ...
	0.8228	 = Validation score   (accuracy)
	75.91s	 = Training   runtime
	7.02s	 = Validation runtime
Fitting model: ExtraTreesEntr ...
	0.8317	 = Validation score   (accuracy)
	105.27s	 = Training   runtime
	6.3s	 = Validation runtime
Fitting model: RandomForestEntr ...
	0.869	 = Validation score   (accuracy)
	2023.18s	 = Training   runtime
	0.7s	 = Validation runtime
Fitting model: LightGBM ...
	0.8241	 = Validation score   (accuracy)
	64.91s	 = Training   runtime
	8.57s	 = Validation runtime
Fitting model: NeuralNetFastAI ...
	0.8352	 = Validation score   (accuracy)
	99.08s	 = Training   runtime
	6.15s	 = Validation runtime
Fitting model: CatBoost ...
	0.8434	 = Validation score   (accuracy)
	387.96s	 = Training   runtime
	0.68s	 = Validation runtime
Fitting model: ExtraTreesGini ...
	0.8579	 = Validation score   (accuracy)
	764.39s	 = Training   runtime
	0.73s	 = Validation runtime
Fitting model: RandomForestGini ...
	0.8572	 = Validation score   (accuracy)
	459.63s	 = Training   runtime
	0.78s	 = Validation runtime
Fitting model: ExtraTreesGini ...
	0.8166	 = Validation score   (accuracy)
	51.71s	 = Training   runtime
	8.29s	 = Validation runtime
Fitting model: ExtraTreesEntr ...
	0.8317	 = Validation score   (accuracy)
	101.36s	 = Training   runtime
	17.15s	 = Validation runtime
Fitting model: RandomForestEntr ...
	0.8131	 = Validation score   (accuracy)
	70.81s	 = Training   runtime
	15.24s	 = Validation runtime
Fitting model: ExtraTreesEntr ...
	0.811	 = Validation score   (accuracy)
	77.81s	 = Training   runtime
	7.42s	 = Validation runtime
Fitting model: NeuralNetFastAI ...
	0.82	 = Validation score   (accuracy)
	69.99s	 = Training   runtime
	8.61s	 = Validation runtime
Fitting model: NeuralNetFastAI ...
	0.8366	 = Validation score   (accuracy)
	91.22s	 = Training   runtime
	7.11s	 = Validation runtime
Fitting model: CatBoost ...
	0.8297	 = Validation score   (accuracy)
	1502.36s	 = Training   runtime
	0.43s	 = Validation runtime
Fitting model: RandomForestGini ...
	0.82	 = Validation score   (accuracy)
	59.13s	 = Training   runtime
	6.62s	 = Validation runtime
Fitting model: RandomForestEntr ...
	0.8621	 = Validation score   (accuracy)
	1601.46s	 = Training   runtime
	0.77s	 = Validation runtime
Fitting model: RandomForestGini ...
	0.8545	 = Validation score   (accuracy)
	452.08s	 = Training   runtime
	0.83s	 = Validation runtime
Fitting model: ExtraTreesGini ...
	0.8097	 = Validation score   (accuracy)
	57.26s	 = Training   runtime
	9.99s	 = Validation runtime
Fitting model: CatBoost ...
	0.8186	 = Validation score   (accuracy)
	63.69s	 = Training   runtime
	9.09s	 = Validation runtime
Fitting model: ExtraTreesEntr ...
	0.8324	 = Validation score   (accuracy)
	83.31s	 = Training   runtime
	6.24s	 = Validation runtime
Fitting model: RandomForestEntr ...
	0.8269	 = Validation score   (accuracy)
	44.56s	 = Training   runtime
	8.86s	 = Validation runtime
Fitting model: NeuralNetFastAI ...
	0.84	 = Validation score   (accuracy)
	76.04s	 = Training   runtime
	6.15s	 = Validation runtime
Fitting model: CatBoost ...
	0.849	 = Validation score   (accuracy)
	394.11s	 = Training   runtime
	0.96s	 = Validation runtime
Fitting model: ExtraTreesGini ...
	0.811	 = Validation score   (accuracy)
	272.25s	 = Training   runtime
	1.49s	 = Validation runtime
Fitting model: ExtraTreesGini ...
	0.8648	 = Validation score   (accuracy)
	825.71s	 = Training   runtime
	0.88s	 = Validation runtime
Fitting model: RandomForestGini ...
	0.8207	 = Validation score   (accuracy)
	50.16s	 = Training   runtime
	11.2s	 = Validation runtime
Fitting model: ExtraTreesEntr ...
	0.7959	 = Validation score   (accuracy)
	61.29s	 = Training   runtime
	13.19s	 = Validation runtime
Fitting model: ExtraTreesEntr ...
	0.8593	 = Validation score   (accuracy)
	216.89s	 = Training   runtime
	1.42s	 = Validation runtime
Fitting model: ExtraTreesGini ...
	0.8345	 = Validation score   (accuracy)
	73.65s	 = Training   runtime
	14.64s	 = Validation runtime
Fitting model: RandomForestEntr ...
	0.8221	 = Validation score   (accuracy)
	66.88s	 = Training   runtime
	14.41s	 = Validation runtime
Fitting model: NeuralNetFastAI ...
	0.8034	 = Validation score   (accuracy)
	55.55s	 = Training   runtime
	9.32s	 = Validation runtime
Fitting model: NeuralNetFastAI ...
	0.8262	 = Validation score   (accuracy)
	53.28s	 = Training   runtime
	8.32s	 = Validation runtime
Fitting model: ExtraTreesEntr ...
	0.8372	 = Validation score   (accuracy)
	71.18s	 = Training   runtime
	11.05s	 = Validation runtime
Fitting model: CatBoost ...
	0.829	 = Validation score   (accuracy)
	41.54s	 = Training   runtime
	4.94s	 = Validation runtime
Fitting model: NeuralNetFastAI ...
	0.8524	 = Validation score   (accuracy)
	1962.68s	 = Training   runtime
	0.4s	 = Validation runtime
Fitting model: RandomForestGini ...
	0.82	 = Validation score   (accuracy)
	38.11s	 = Training   runtime
	5.05s	 = Validation runtime
Fitting model: RandomForestEntr ...
	0.8255	 = Validation score   (accuracy)
	38.99s	 = Training   runtime
	5.3s	 = Validation runtime
Fitting model: CatBoost ...
	0.8586	 = Validation score   (accuracy)
	328.63s	 = Training   runtime
	0.48s	 = Validation runtime
Fitting model: ExtraTreesGini ...
	0.8241	 = Validation score   (accuracy)
	35.19s	 = Training   runtime
	6.55s	 = Validation runtime
Fitting model: ExtraTreesEntr ...
	0.8345	 = Validation score   (accuracy)
	274.7s	 = Training   runtime
	0.31s	 = Validation runtime
Fitting model: ExtraTreesGini ...
	0.8269	 = Validation score   (accuracy)
	38.02s	 = Training   runtime
	5.6s	 = Validation runtime
Fitting model: NeuralNetFastAI ...
	0.8131	 = Validation score   (accuracy)
	22.77s	 = Training   runtime
	4.73s	 = Validation runtime
Fitting model: ExtraTreesEntr ...
	0.8103	 = Validation score   (accuracy)
	22.88s	 = Training   runtime
	5.19s	 = Validation runtime
Fitting model: NeuralNetFastAI ...
	0.7903	 = Validation score   (accuracy)
	4170.6s	 = Training   runtime
	1.94s	 = Validation runtime
Fitting model: XGBoost ...
	0.7993	 = Validation score   (accuracy)
	139.99s	 = Training   runtime
	0.41s	 = Validation runtime
Fitting model: NeuralNetTorch ...
	0.78	 = Validation score   (accuracy)
	4284.89s	 = Training   runtime
	13.34s	 = Validation runtime
Fitting model: LightGBMLarge ...
	0.7738	 = Validation score   (accuracy)
	4115.52s	 = Training   runtime
	3.08s	 = Validation runtime
Fitting model: XGBoost ...
	0.7648	 = Validation score   (accuracy)
	4045.96s	 = Training   runtime
	3.13s	 = Validation runtime
Fitting model: XGBoost ...
	0.8255	 = Validation score   (accuracy)
	4047.77s	 = Training   runtime
	3.04s	 = Validation runtime
Fitting model: XGBoost ...
	0.7807	 = Validation score   (accuracy)
	138.19s	 = Training   runtime
	0.72s	 = Validation runtime
Fitting model: NeuralNetTorch ...
	0.7828	 = Validation score   (accuracy)
	185.34s	 = Training   runtime
	0.67s	 = Validation runtime
Fitting model: NeuralNetTorch ...
	0.8179	 = Validation score   (accuracy)
	190.32s	 = Training   runtime
	0.41s	 = Validation runtime
Fitting model: NeuralNetTorch ...
	0.8166	 = Validation score   (accuracy)
	911.15s	 = Training   runtime
	0.25s	 = Validation runtime
Fitting model: WeightedEnsemble_L2 ...
	Ensemble Weights: {'NeuralNetFastAI': 0.304, 'LightGBMXT': 0.261, 'ExtraTreesEntr': 0.13, 'KNeighborsUnif': 0.087, 'ExtraTreesGini': 0.087, 'XGBoost': 0.087, 'LightGBM': 0.043}
	0.8338	 = Validation score   (accuracy)
	25.07s	 = Training   runtime
	0.13s	 = Validation runtime
AutoGluon training complete, total runtime = 10974.9s ... Best model: "WeightedEnsemble_L2"
TabularPredictor saved. To load, use: predictor = TabularPredictor.load("AutogluonModels/ag-20250414_193013/Predictor_S3 (SBS3 - 0.97)")
No presets specified! To achieve strong results with AutoGluon, it is recommended to use the available presets.
	Recommended Presets (For more details refer to https://auto.gluon.ai/stable/tutorials/tabular/tabular-essentials.html#presets):
	presets='best_quality'   : Maximize accuracy. Default time_limit=3600.
	presets='high_quality'   : Strong accuracy with fast inference speed. Default time_limit=3600.
	presets='good_quality'   : Good accuracy with very fast inference speed. Default time_limit=3600.
	presets='medium_quality' : Fast training time, ideal for initial prototyping.
Beginning AutoGluon training ...
AutoGluon will save models to "AutogluonModels/ag-20250414_193013/Predictor_S4 (SBS4 - 0.98)"
=================== System Info ===================
AutoGluon Version:  1.1.0
Python Version:     3.10.15
Operating System:   Linux
Platform Machine:   x86_64
Platform Version:   #1 SMP PREEMPT_DYNAMIC Thu Apr 3 12:12:16 UTC 2025
CPU Count:          272
Memory Avail:       188.40 GB / 203.90 GB (92.4%)
Disk Space Avail:   1373.59 GB / 5120.00 GB (26.8%)
===================================================
Train Data Rows:    14495
Train Data Columns: 99
Label Column:       S4 (SBS4 - 0.98)
AutoGluon infers your prediction problem is: 'binary' (because only two unique label-values observed).
	2 unique label values:  [False, True]
	If 'binary' is not the correct problem_type, please manually specify the problem_type parameter during predictor init (You may specify problem_type as one of: ['binary', 'multiclass', 'regression'])
Problem Type:       binary
Preprocessing data ...
Selected class <--> label mapping:  class 1 = True, class 0 = False
Using Feature Generators to preprocess the data ...
Fitting AutoMLPipelineFeatureGenerator...
	Available Memory:                    192930.56 MB
	Train Data (Original)  Memory Usage: 10.66 MB (0.0% of available memory)
	Inferring data type of each feature based on column values. Set feature_metadata_in to manually specify special dtypes of the features.
No improvement since epoch 2: early stopping
	Stage 1 Generators:
		Fitting AsTypeFeatureGenerator...
			Note: Converting 3 features to boolean dtype as they only contain 2 unique values.
	Stage 2 Generators:
		Fitting FillNaFeatureGenerator...
	Stage 3 Generators:
		Fitting IdentityFeatureGenerator...
	Stage 4 Generators:
		Fitting DropUniqueFeatureGenerator...
	Stage 5 Generators:
		Fitting DropDuplicatesFeatureGenerator...
	Types of features in original data (raw dtype, special dtypes):
		('bool', []) :  3 | ['S1 (SBS1 - 0.99)', 'S2 (SBS2 - 0.99)', 'S3 (SBS3 - 0.97)']
		('int', [])  : 96 | ['A[C>A]A', 'A[C>A]C', 'A[C>A]G', 'A[C>A]T', 'A[C>G]A', ...]
	Types of features in processed data (raw dtype, special dtypes):
		('int', [])       : 96 | ['A[C>A]A', 'A[C>A]C', 'A[C>A]G', 'A[C>A]T', 'A[C>G]A', ...]
		('int', ['bool']) :  3 | ['S1 (SBS1 - 0.99)', 'S2 (SBS2 - 0.99)', 'S3 (SBS3 - 0.97)']
	7.5s = Fit runtime
	99 features in original data used to generate 99 features in processed data.
	Train Data (Processed) Memory Usage: 10.66 MB (0.0% of available memory)
Data preprocessing and feature engineering runtime = 8.03s ...
AutoGluon will gauge predictive performance using evaluation metric: 'accuracy'
	To change this, specify the eval_metric parameter of Predictor()
Automatically generating train/validation split with holdout_frac=0.1, Train Rows: 13045, Val Rows: 1450
User-specified model hyperparameters to be fit:
{
	'NN_TORCH': {},
	'GBM': [{'extra_trees': True, 'ag_args': {'name_suffix': 'XT'}}, {}, 'GBMLarge'],
	'CAT': {},
	'XGB': {},
	'FASTAI': {},
	'RF': [{'criterion': 'gini', 'ag_args': {'name_suffix': 'Gini', 'problem_types': ['binary', 'multiclass']}}, {'criterion': 'entropy', 'ag_args': {'name_suffix': 'Entr', 'problem_types': ['binary', 'multiclass']}}, {'criterion': 'squared_error', 'ag_args': {'name_suffix': 'MSE', 'problem_types': ['regression', 'quantile']}}],
	'XT': [{'criterion': 'gini', 'ag_args': {'name_suffix': 'Gini', 'problem_types': ['binary', 'multiclass']}}, {'criterion': 'entropy', 'ag_args': {'name_suffix': 'Entr', 'problem_types': ['binary', 'multiclass']}}, {'criterion': 'squared_error', 'ag_args': {'name_suffix': 'MSE', 'problem_types': ['regression', 'quantile']}}],
	'KNN': [{'weights': 'uniform', 'ag_args': {'name_suffix': 'Unif'}}, {'weights': 'distance', 'ag_args': {'name_suffix': 'Dist'}}],
}
Fitting 13 L1 models ...
Fitting model: KNeighborsUnif ...
	0.6979	 = Validation score   (accuracy)
	1.69s	 = Training   runtime
	2.25s	 = Validation runtime
Fitting model: KNeighborsDist ...
	0.6986	 = Validation score   (accuracy)
	1.98s	 = Training   runtime
	2.19s	 = Validation runtime
Fitting model: LightGBMXT ...
	0.8276	 = Validation score   (accuracy)
	2908.37s	 = Training   runtime
	1.82s	 = Validation runtime
Fitting model: XGBoost ...
	0.7828	 = Validation score   (accuracy)
	4036.84s	 = Training   runtime
	2.68s	 = Validation runtime
Fitting model: XGBoost ...
	0.8531	 = Validation score   (accuracy)
	127.37s	 = Training   runtime
	0.47s	 = Validation runtime
Fitting model: NeuralNetTorch ...
	0.7828	 = Validation score   (accuracy)
	111.75s	 = Training   runtime
	0.57s	 = Validation runtime
Fitting model: NeuralNetTorch ...
	0.731	 = Validation score   (accuracy)
	4581.54s	 = Training   runtime
	13.9s	 = Validation runtime
Fitting model: LightGBMLarge ...
	0.7655	 = Validation score   (accuracy)
	510.53s	 = Training   runtime
	0.25s	 = Validation runtime
Fitting model: LightGBM ...
	0.8448	 = Validation score   (accuracy)
	3781.05s	 = Training   runtime
	2.49s	 = Validation runtime
Fitting model: XGBoost ...
	0.8352	 = Validation score   (accuracy)
	3660.91s	 = Training   runtime
	3.07s	 = Validation runtime
Fitting model: XGBoost ...
	0.8628	 = Validation score   (accuracy)
	218.97s	 = Training   runtime
	0.69s	 = Validation runtime
Fitting model: NeuralNetTorch ...
	0.8428	 = Validation score   (accuracy)
	204.92s	 = Training   runtime
	0.65s	 = Validation runtime
Fitting model: NeuralNetTorch ...
	0.8352	 = Validation score   (accuracy)
	3516.84s	 = Training   runtime
	2.56s	 = Validation runtime
Fitting model: XGBoost ...
	0.8538	 = Validation score   (accuracy)
	3370.58s	 = Training   runtime
	2.33s	 = Validation runtime
Fitting model: XGBoost ...
	0.811	 = Validation score   (accuracy)
	3358.34s	 = Training   runtime
	2.42s	 = Validation runtime
Fitting model: XGBoost ...
	0.7676	 = Validation score   (accuracy)
	561.33s	 = Training   runtime
	0.28s	 = Validation runtime
Fitting model: RandomForestGini ...
	0.8262	 = Validation score   (accuracy)
	3337.36s	 = Training   runtime
	4.13s	 = Validation runtime
Fitting model: XGBoost ...
	0.7448	 = Validation score   (accuracy)
	46.61s	 = Training   runtime
	4.74s	 = Validation runtime
Fitting model: RandomForestEntr ...
	0.8524	 = Validation score   (accuracy)
	237.61s	 = Training   runtime
	0.64s	 = Validation runtime
Fitting model: NeuralNetTorch ...
	0.7441	 = Validation score   (accuracy)
	48.91s	 = Training   runtime
	4.51s	 = Validation runtime
Fitting model: CatBoost ...
	0.8593	 = Validation score   (accuracy)
	251.91s	 = Training   runtime
	0.77s	 = Validation runtime
Fitting model: NeuralNetTorch ...
	0.8207	 = Validation score   (accuracy)
	328.11s	 = Training   runtime
	0.54s	 = Validation runtime
Fitting model: NeuralNetTorch ...
	0.8434	 = Validation score   (accuracy)
	3260.63s	 = Training   runtime
	2.83s	 = Validation runtime
Fitting model: XGBoost ...
	0.8152	 = Validation score   (accuracy)
	3226.92s	 = Training   runtime
	3.09s	 = Validation runtime
Fitting model: XGBoost ...
	0.8566	 = Validation score   (accuracy)
	420.41s	 = Training   runtime
	0.91s	 = Validation runtime
Fitting model: NeuralNetTorch ...
	0.8579	 = Validation score   (accuracy)
	250.33s	 = Training   runtime
	0.64s	 = Validation runtime
Fitting model: NeuralNetTorch ...
	0.8469	 = Validation score   (accuracy)
	239.66s	 = Training   runtime
	0.33s	 = Validation runtime
Fitting model: NeuralNetTorch ...
	0.769	 = Validation score   (accuracy)
	662.86s	 = Training   runtime
	0.24s	 = Validation runtime
Fitting model: ExtraTreesGini ...
	0.7214	 = Validation score   (accuracy)
	22.66s	 = Training   runtime
	3.45s	 = Validation runtime
Fitting model: ExtraTreesEntr ...
	0.7338	 = Validation score   (accuracy)
	24.73s	 = Training   runtime
	3.41s	 = Validation runtime
Fitting model: NeuralNetFastAI ...
	0.7372	 = Validation score   (accuracy)
	2643.7s	 = Training   runtime
	10.12s	 = Validation runtime
Fitting model: LightGBMLarge ...
	0.7703	 = Validation score   (accuracy)
	2121.46s	 = Training   runtime
	0.28s	 = Validation runtime
Fitting model: WeightedEnsemble_L2 ...
	Ensemble Weights: {'LightGBMLarge': 0.778, 'LightGBM': 0.111, 'XGBoost': 0.111}
	0.7731	 = Validation score   (accuracy)
	18.77s	 = Training   runtime
	0.09s	 = Validation runtime
AutoGluon training complete, total runtime = 12875.56s ... Best model: "WeightedEnsemble_L2"
TabularPredictor saved. To load, use: predictor = TabularPredictor.load("AutogluonModels/ag-20250414_193013-005/Predictor_S3 (SBS3 - 0.97)")
No presets specified! To achieve strong results with AutoGluon, it is recommended to use the available presets.
	Recommended Presets (For more details refer to https://auto.gluon.ai/stable/tutorials/tabular/tabular-essentials.html#presets):
	presets='best_quality'   : Maximize accuracy. Default time_limit=3600.
	presets='high_quality'   : Strong accuracy with fast inference speed. Default time_limit=3600.
	presets='good_quality'   : Good accuracy with very fast inference speed. Default time_limit=3600.
	presets='medium_quality' : Fast training time, ideal for initial prototyping.
Beginning AutoGluon training ...
AutoGluon will save models to "AutogluonModels/ag-20250414_193013-005/Predictor_S4 (SBS4 - 0.98)"
=================== System Info ===================
AutoGluon Version:  1.1.0
Python Version:     3.10.15
Operating System:   Linux
Platform Machine:   x86_64
Platform Version:   #1 SMP PREEMPT_DYNAMIC Thu Apr 3 12:12:16 UTC 2025
CPU Count:          272
Memory Avail:       188.08 GB / 203.90 GB (92.2%)
Disk Space Avail:   1373.13 GB / 5120.00 GB (26.8%)
===================================================
Train Data Rows:    14495
Train Data Columns: 99
Label Column:       S4 (SBS4 - 0.98)
AutoGluon infers your prediction problem is: 'binary' (because only two unique label-values observed).
	2 unique label values:  [False, True]
	If 'binary' is not the correct problem_type, please manually specify the problem_type parameter during predictor init (You may specify problem_type as one of: ['binary', 'multiclass', 'regression'])
Problem Type:       binary
Preprocessing data ...
Selected class <--> label mapping:  class 1 = True, class 0 = False
Using Feature Generators to preprocess the data ...
Fitting AutoMLPipelineFeatureGenerator...
	Available Memory:                    192602.99 MB
	Train Data (Original)  Memory Usage: 10.66 MB (0.0% of available memory)
	Inferring data type of each feature based on column values. Set feature_metadata_in to manually specify special dtypes of the features.
	Stage 1 Generators:
		Fitting AsTypeFeatureGenerator...
			Note: Converting 3 features to boolean dtype as they only contain 2 unique values.
	Stage 2 Generators:
		Fitting FillNaFeatureGenerator...
	Stage 3 Generators:
		Fitting IdentityFeatureGenerator...
	Stage 4 Generators:
		Fitting DropUniqueFeatureGenerator...
	Stage 5 Generators:
		Fitting DropDuplicatesFeatureGenerator...
	Types of features in original data (raw dtype, special dtypes):
		('bool', []) :  3 | ['S1 (SBS1 - 0.99)', 'S2 (SBS2 - 0.99)', 'S3 (SBS3 - 0.97)']
		('int', [])  : 96 | ['A[C>A]A', 'A[C>A]C', 'A[C>A]G', 'A[C>A]T', 'A[C>G]A', ...]
	Types of features in processed data (raw dtype, special dtypes):
		('int', [])       : 96 | ['A[C>A]A', 'A[C>A]C', 'A[C>A]G', 'A[C>A]T', 'A[C>G]A', ...]
		('int', ['bool']) :  3 | ['S1 (SBS1 - 0.99)', 'S2 (SBS2 - 0.99)', 'S3 (SBS3 - 0.97)']
	11.2s = Fit runtime
	99 features in original data used to generate 99 features in processed data.
	Train Data (Processed) Memory Usage: 10.66 MB (0.0% of available memory)
Data preprocessing and feature engineering runtime = 11.88s ...
AutoGluon will gauge predictive performance using evaluation metric: 'accuracy'
	To change this, specify the eval_metric parameter of Predictor()
Automatically generating train/validation split with holdout_frac=0.1, Train Rows: 13045, Val Rows: 1450
User-specified model hyperparameters to be fit:
{
	'NN_TORCH': {},
	'GBM': [{'extra_trees': True, 'ag_args': {'name_suffix': 'XT'}}, {}, 'GBMLarge'],
	'CAT': {},
	'XGB': {},
	'FASTAI': {},
	'RF': [{'criterion': 'gini', 'ag_args': {'name_suffix': 'Gini', 'problem_types': ['binary', 'multiclass']}}, {'criterion': 'entropy', 'ag_args': {'name_suffix': 'Entr', 'problem_types': ['binary', 'multiclass']}}, {'criterion': 'squared_error', 'ag_args': {'name_suffix': 'MSE', 'problem_types': ['regression', 'quantile']}}],
	'XT': [{'criterion': 'gini', 'ag_args': {'name_suffix': 'Gini', 'problem_types': ['binary', 'multiclass']}}, {'criterion': 'entropy', 'ag_args': {'name_suffix': 'Entr', 'problem_types': ['binary', 'multiclass']}}, {'criterion': 'squared_error', 'ag_args': {'name_suffix': 'MSE', 'problem_types': ['regression', 'quantile']}}],
	'KNN': [{'weights': 'uniform', 'ag_args': {'name_suffix': 'Unif'}}, {'weights': 'distance', 'ag_args': {'name_suffix': 'Dist'}}],
}
Fitting 13 L1 models ...
Fitting model: KNeighborsUnif ...
	0.6276	 = Validation score   (accuracy)
	1.16s	 = Training   runtime
	2.69s	 = Validation runtime
Fitting model: KNeighborsDist ...
	0.6276	 = Validation score   (accuracy)
	1.1s	 = Training   runtime
	2.72s	 = Validation runtime
Fitting model: LightGBMXT ...
	0.6986	 = Validation score   (accuracy)
	465.49s	 = Training   runtime
	0.23s	 = Validation runtime
Fitting model: LightGBM ...
	0.7407	 = Validation score   (accuracy)
	3317.06s	 = Training   runtime
	12.96s	 = Validation runtime
Fitting model: LightGBMLarge ...
	0.7814	 = Validation score   (accuracy)
	4367.39s	 = Training   runtime
	13.24s	 = Validation runtime
Fitting model: LightGBMLarge ...
	0.7641	 = Validation score   (accuracy)
	3339.37s	 = Training   runtime
	13.99s	 = Validation runtime
Fitting model: LightGBMLarge ...
	0.7097	 = Validation score   (accuracy)
	629.3s	 = Training   runtime
	0.26s	 = Validation runtime
Fitting model: RandomForestGini ...
	0.6903	 = Validation score   (accuracy)
	34.5s	 = Training   runtime
	3.97s	 = Validation runtime
Fitting model: RandomForestEntr ...
	0.689	 = Validation score   (accuracy)
	39.06s	 = Training   runtime
	3.84s	 = Validation runtime
Fitting model: CatBoost ...
	0.7097	 = Validation score   (accuracy)
	228.9s	 = Training   runtime
	0.45s	 = Validation runtime
Fitting model: ExtraTreesGini ...
	0.6697	 = Validation score   (accuracy)
	30.2s	 = Training   runtime
	3.78s	 = Validation runtime
Fitting model: ExtraTreesEntr ...
	0.6772	 = Validation score   (accuracy)
	32.28s	 = Training   runtime
	4.11s	 = Validation runtime
Fitting model: NeuralNetFastAI ...
	0.7531	 = Validation score   (accuracy)
	2298.49s	 = Training   runtime
	2.17s	 = Validation runtime
Fitting model: XGBoost ...
	0.7566	 = Validation score   (accuracy)
	274.48s	 = Training   runtime
	0.54s	 = Validation runtime
Fitting model: NeuralNetTorch ...
	0.8517	 = Validation score   (accuracy)
	3751.39s	 = Training   runtime
	12.81s	 = Validation runtime
Fitting model: LightGBMLarge ...
	0.8186	 = Validation score   (accuracy)
	4829.02s	 = Training   runtime
	14.15s	 = Validation runtime
Fitting model: LightGBMLarge ...
	0.8014	 = Validation score   (accuracy)
	1643.35s	 = Training   runtime
	0.21s	 = Validation runtime
Fitting model: WeightedEnsemble_L2 ...
	Ensemble Weights: {'CatBoost': 0.286, 'LightGBMLarge': 0.286, 'KNeighborsUnif': 0.143, 'LightGBMXT': 0.143, 'XGBoost': 0.143}
	0.8186	 = Validation score   (accuracy)
	28.46s	 = Training   runtime
	0.08s	 = Validation runtime
AutoGluon training complete, total runtime = 13863.03s ... Best model: "WeightedEnsemble_L2"
TabularPredictor saved. To load, use: predictor = TabularPredictor.load("AutogluonModels/ag-20250414_193013-001/Predictor_S3 (SBS3 - 0.97)")
No presets specified! To achieve strong results with AutoGluon, it is recommended to use the available presets.
	Recommended Presets (For more details refer to https://auto.gluon.ai/stable/tutorials/tabular/tabular-essentials.html#presets):
	presets='best_quality'   : Maximize accuracy. Default time_limit=3600.
	presets='high_quality'   : Strong accuracy with fast inference speed. Default time_limit=3600.
	presets='good_quality'   : Good accuracy with very fast inference speed. Default time_limit=3600.
	presets='medium_quality' : Fast training time, ideal for initial prototyping.
Beginning AutoGluon training ...
AutoGluon will save models to "AutogluonModels/ag-20250414_193013-001/Predictor_S4 (SBS4 - 0.98)"
=================== System Info ===================
AutoGluon Version:  1.1.0
Python Version:     3.10.15
Operating System:   Linux
Platform Machine:   x86_64
Platform Version:   #1 SMP PREEMPT_DYNAMIC Thu Apr 3 12:12:16 UTC 2025
CPU Count:          272
Memory Avail:       188.04 GB / 203.90 GB (92.2%)
Disk Space Avail:   1372.59 GB / 5120.00 GB (26.8%)
===================================================
Train Data Rows:    14495
Train Data Columns: 99
Label Column:       S4 (SBS4 - 0.98)
AutoGluon infers your prediction problem is: 'binary' (because only two unique label-values observed).
	2 unique label values:  [False, True]
	If 'binary' is not the correct problem_type, please manually specify the problem_type parameter during predictor init (You may specify problem_type as one of: ['binary', 'multiclass', 'regression'])
Problem Type:       binary
Preprocessing data ...
Selected class <--> label mapping:  class 1 = True, class 0 = False
Using Feature Generators to preprocess the data ...
Fitting AutoMLPipelineFeatureGenerator...
	Available Memory:                    192559.72 MB
	Train Data (Original)  Memory Usage: 10.66 MB (0.0% of available memory)
	Inferring data type of each feature based on column values. Set feature_metadata_in to manually specify special dtypes of the features.
	Stage 1 Generators:
		Fitting AsTypeFeatureGenerator...
			Note: Converting 3 features to boolean dtype as they only contain 2 unique values.
	Stage 2 Generators:
		Fitting FillNaFeatureGenerator...
	Stage 3 Generators:
		Fitting IdentityFeatureGenerator...
	Stage 4 Generators:
		Fitting DropUniqueFeatureGenerator...
	Stage 5 Generators:
		Fitting DropDuplicatesFeatureGenerator...
	Types of features in original data (raw dtype, special dtypes):
		('bool', []) :  3 | ['S1 (SBS1 - 0.99)', 'S2 (SBS2 - 0.99)', 'S3 (SBS3 - 0.97)']
		('int', [])  : 96 | ['A[C>A]A', 'A[C>A]C', 'A[C>A]G', 'A[C>A]T', 'A[C>G]A', ...]
	Types of features in processed data (raw dtype, special dtypes):
		('int', [])       : 96 | ['A[C>A]A', 'A[C>A]C', 'A[C>A]G', 'A[C>A]T', 'A[C>G]A', ...]
		('int', ['bool']) :  3 | ['S1 (SBS1 - 0.99)', 'S2 (SBS2 - 0.99)', 'S3 (SBS3 - 0.97)']
	14.2s = Fit runtime
	99 features in original data used to generate 99 features in processed data.
	Train Data (Processed) Memory Usage: 10.66 MB (0.0% of available memory)
Data preprocessing and feature engineering runtime = 15.27s ...
AutoGluon will gauge predictive performance using evaluation metric: 'accuracy'
	To change this, specify the eval_metric parameter of Predictor()
Automatically generating train/validation split with holdout_frac=0.1, Train Rows: 13045, Val Rows: 1450
User-specified model hyperparameters to be fit:
{
	'NN_TORCH': {},
	'GBM': [{'extra_trees': True, 'ag_args': {'name_suffix': 'XT'}}, {}, 'GBMLarge'],
	'CAT': {},
	'XGB': {},
	'FASTAI': {},
	'RF': [{'criterion': 'gini', 'ag_args': {'name_suffix': 'Gini', 'problem_types': ['binary', 'multiclass']}}, {'criterion': 'entropy', 'ag_args': {'name_suffix': 'Entr', 'problem_types': ['binary', 'multiclass']}}, {'criterion': 'squared_error', 'ag_args': {'name_suffix': 'MSE', 'problem_types': ['regression', 'quantile']}}],
	'XT': [{'criterion': 'gini', 'ag_args': {'name_suffix': 'Gini', 'problem_types': ['binary', 'multiclass']}}, {'criterion': 'entropy', 'ag_args': {'name_suffix': 'Entr', 'problem_types': ['binary', 'multiclass']}}, {'criterion': 'squared_error', 'ag_args': {'name_suffix': 'MSE', 'problem_types': ['regression', 'quantile']}}],
	'KNN': [{'weights': 'uniform', 'ag_args': {'name_suffix': 'Unif'}}, {'weights': 'distance', 'ag_args': {'name_suffix': 'Dist'}}],
}
Fitting 13 L1 models ...
Fitting model: KNeighborsUnif ...
	0.6876	 = Validation score   (accuracy)
	1.53s	 = Training   runtime
	3.25s	 = Validation runtime
Fitting model: KNeighborsDist ...
	0.6876	 = Validation score   (accuracy)
	1.41s	 = Training   runtime
	3.0s	 = Validation runtime
Fitting model: LightGBMXT ...
	0.8786	 = Validation score   (accuracy)
	4886.8s	 = Training   runtime
	17.55s	 = Validation runtime
Fitting model: LightGBMLarge ...
	0.8159	 = Validation score   (accuracy)
	3639.46s	 = Training   runtime
	16.81s	 = Validation runtime
Fitting model: LightGBMLarge ...
	0.8538	 = Validation score   (accuracy)
	4194.11s	 = Training   runtime
	15.62s	 = Validation runtime
Fitting model: LightGBMLarge ...
	0.7855	 = Validation score   (accuracy)
	2827.16s	 = Training   runtime
	0.52s	 = Validation runtime
Fitting model: WeightedEnsemble_L2 ...
	Ensemble Weights: {'LightGBMLarge': 0.304, 'LightGBMXT': 0.217, 'RandomForestEntr': 0.13, 'CatBoost': 0.087, 'ExtraTreesEntr': 0.087, 'NeuralNetTorch': 0.087, 'RandomForestGini': 0.043, 'XGBoost': 0.043}
	0.7903	 = Validation score   (accuracy)
	30.89s	 = Training   runtime
	0.12s	 = Validation runtime
AutoGluon training complete, total runtime = 12805.78s ... Best model: "WeightedEnsemble_L2"
TabularPredictor saved. To load, use: predictor = TabularPredictor.load("AutogluonModels/ag-20250414_193013-003/Predictor_S3 (SBS3 - 0.97)")
No presets specified! To achieve strong results with AutoGluon, it is recommended to use the available presets.
	Recommended Presets (For more details refer to https://auto.gluon.ai/stable/tutorials/tabular/tabular-essentials.html#presets):
	presets='best_quality'   : Maximize accuracy. Default time_limit=3600.
	presets='high_quality'   : Strong accuracy with fast inference speed. Default time_limit=3600.
	presets='good_quality'   : Good accuracy with very fast inference speed. Default time_limit=3600.
	presets='medium_quality' : Fast training time, ideal for initial prototyping.
Beginning AutoGluon training ...
AutoGluon will save models to "AutogluonModels/ag-20250414_193013-003/Predictor_S4 (SBS4 - 0.98)"
=================== System Info ===================
AutoGluon Version:  1.1.0
Python Version:     3.10.15
Operating System:   Linux
Platform Machine:   x86_64
Platform Version:   #1 SMP PREEMPT_DYNAMIC Thu Apr 3 12:12:16 UTC 2025
CPU Count:          272
Memory Avail:       188.07 GB / 203.90 GB (92.2%)
Disk Space Avail:   1372.56 GB / 5120.00 GB (26.8%)
===================================================
Train Data Rows:    14495
Train Data Columns: 99
Label Column:       S4 (SBS4 - 0.98)
AutoGluon infers your prediction problem is: 'binary' (because only two unique label-values observed).
	2 unique label values:  [False, True]
	If 'binary' is not the correct problem_type, please manually specify the problem_type parameter during predictor init (You may specify problem_type as one of: ['binary', 'multiclass', 'regression'])
Problem Type:       binary
Preprocessing data ...
Selected class <--> label mapping:  class 1 = True, class 0 = False
Using Feature Generators to preprocess the data ...
Fitting AutoMLPipelineFeatureGenerator...
	Available Memory:                    192595.18 MB
	Train Data (Original)  Memory Usage: 10.66 MB (0.0% of available memory)
	Inferring data type of each feature based on column values. Set feature_metadata_in to manually specify special dtypes of the features.
	Stage 1 Generators:
		Fitting AsTypeFeatureGenerator...
			Note: Converting 3 features to boolean dtype as they only contain 2 unique values.
	Stage 2 Generators:
		Fitting FillNaFeatureGenerator...
	Stage 3 Generators:
		Fitting IdentityFeatureGenerator...
	Stage 4 Generators:
		Fitting DropUniqueFeatureGenerator...
	Stage 5 Generators:
		Fitting DropDuplicatesFeatureGenerator...
	Types of features in original data (raw dtype, special dtypes):
		('bool', []) :  3 | ['S1 (SBS1 - 0.99)', 'S2 (SBS2 - 0.99)', 'S3 (SBS3 - 0.97)']
		('int', [])  : 96 | ['A[C>A]A', 'A[C>A]C', 'A[C>A]G', 'A[C>A]T', 'A[C>G]A', ...]
	Types of features in processed data (raw dtype, special dtypes):
		('int', [])       : 96 | ['A[C>A]A', 'A[C>A]C', 'A[C>A]G', 'A[C>A]T', 'A[C>G]A', ...]
		('int', ['bool']) :  3 | ['S1 (SBS1 - 0.99)', 'S2 (SBS2 - 0.99)', 'S3 (SBS3 - 0.97)']
	18.1s = Fit runtime
	99 features in original data used to generate 99 features in processed data.
	Train Data (Processed) Memory Usage: 10.66 MB (0.0% of available memory)
Data preprocessing and feature engineering runtime = 19.33s ...
AutoGluon will gauge predictive performance using evaluation metric: 'accuracy'
	To change this, specify the eval_metric parameter of Predictor()
Automatically generating train/validation split with holdout_frac=0.1, Train Rows: 13045, Val Rows: 1450
User-specified model hyperparameters to be fit:
{
	'NN_TORCH': {},
	'GBM': [{'extra_trees': True, 'ag_args': {'name_suffix': 'XT'}}, {}, 'GBMLarge'],
	'CAT': {},
	'XGB': {},
	'FASTAI': {},
	'RF': [{'criterion': 'gini', 'ag_args': {'name_suffix': 'Gini', 'problem_types': ['binary', 'multiclass']}}, {'criterion': 'entropy', 'ag_args': {'name_suffix': 'Entr', 'problem_types': ['binary', 'multiclass']}}, {'criterion': 'squared_error', 'ag_args': {'name_suffix': 'MSE', 'problem_types': ['regression', 'quantile']}}],
	'XT': [{'criterion': 'gini', 'ag_args': {'name_suffix': 'Gini', 'problem_types': ['binary', 'multiclass']}}, {'criterion': 'entropy', 'ag_args': {'name_suffix': 'Entr', 'problem_types': ['binary', 'multiclass']}}, {'criterion': 'squared_error', 'ag_args': {'name_suffix': 'MSE', 'problem_types': ['regression', 'quantile']}}],
	'KNN': [{'weights': 'uniform', 'ag_args': {'name_suffix': 'Unif'}}, {'weights': 'distance', 'ag_args': {'name_suffix': 'Dist'}}],
}
Fitting 13 L1 models ...
Fitting model: KNeighborsUnif ...
	0.6234	 = Validation score   (accuracy)
	1.64s	 = Training   runtime
	3.1s	 = Validation runtime
Fitting model: KNeighborsDist ...
	0.6234	 = Validation score   (accuracy)
	1.2s	 = Training   runtime
	3.36s	 = Validation runtime
Fitting model: LightGBMXT ...
	0.8607	 = Validation score   (accuracy)
	4750.87s	 = Training   runtime
	14.69s	 = Validation runtime
Fitting model: LightGBMLarge ...
	0.8352	 = Validation score   (accuracy)
	3849.74s	 = Training   runtime
	12.2s	 = Validation runtime
Fitting model: LightGBMLarge ...
	0.8703	 = Validation score   (accuracy)
	4228.0s	 = Training   runtime
	10.4s	 = Validation runtime
Fitting model: LightGBMLarge ...
No improvement since epoch 6: early stopping
	0.6869	 = Validation score   (accuracy)
	2020.0s	 = Training   runtime
	2.09s	 = Validation runtime
Fitting model: XGBoost ...
	0.6972	 = Validation score   (accuracy)
	218.64s	 = Training   runtime
	0.48s	 = Validation runtime
Fitting model: NeuralNetTorch ...
	0.8697	 = Validation score   (accuracy)
	5125.05s	 = Training   runtime
	7.42s	 = Validation runtime
Fitting model: LightGBMLarge ...
	0.7897	 = Validation score   (accuracy)
	3481.44s	 = Training   runtime
	0.56s	 = Validation runtime
Fitting model: WeightedEnsemble_L2 ...
	Ensemble Weights: {'CatBoost': 0.625, 'RandomForestGini': 0.312, 'LightGBM': 0.062}
	0.8021	 = Validation score   (accuracy)
	13.77s	 = Training   runtime
	0.09s	 = Validation runtime
AutoGluon training complete, total runtime = 14812.41s ... Best model: "WeightedEnsemble_L2"
TabularPredictor saved. To load, use: predictor = TabularPredictor.load("AutogluonModels/ag-20250414_193013-002/Predictor_S3 (SBS3 - 0.97)")
No presets specified! To achieve strong results with AutoGluon, it is recommended to use the available presets.
	Recommended Presets (For more details refer to https://auto.gluon.ai/stable/tutorials/tabular/tabular-essentials.html#presets):
	presets='best_quality'   : Maximize accuracy. Default time_limit=3600.
	presets='high_quality'   : Strong accuracy with fast inference speed. Default time_limit=3600.
	presets='good_quality'   : Good accuracy with very fast inference speed. Default time_limit=3600.
	presets='medium_quality' : Fast training time, ideal for initial prototyping.
Beginning AutoGluon training ...
AutoGluon will save models to "AutogluonModels/ag-20250414_193013-002/Predictor_S4 (SBS4 - 0.98)"
=================== System Info ===================
AutoGluon Version:  1.1.0
Python Version:     3.10.15
Operating System:   Linux
Platform Machine:   x86_64
Platform Version:   #1 SMP PREEMPT_DYNAMIC Thu Apr 3 12:12:16 UTC 2025
CPU Count:          272
Memory Avail:       188.03 GB / 203.90 GB (92.2%)
Disk Space Avail:   1372.53 GB / 5120.00 GB (26.8%)
===================================================
Train Data Rows:    14495
Train Data Columns: 99
Label Column:       S4 (SBS4 - 0.98)
AutoGluon infers your prediction problem is: 'binary' (because only two unique label-values observed).
	2 unique label values:  [False, True]
	If 'binary' is not the correct problem_type, please manually specify the problem_type parameter during predictor init (You may specify problem_type as one of: ['binary', 'multiclass', 'regression'])
Problem Type:       binary
Preprocessing data ...
Selected class <--> label mapping:  class 1 = True, class 0 = False
Using Feature Generators to preprocess the data ...
Fitting AutoMLPipelineFeatureGenerator...
	Available Memory:                    192548.19 MB
	Train Data (Original)  Memory Usage: 10.66 MB (0.0% of available memory)
	Inferring data type of each feature based on column values. Set feature_metadata_in to manually specify special dtypes of the features.
	Stage 1 Generators:
		Fitting AsTypeFeatureGenerator...
			Note: Converting 3 features to boolean dtype as they only contain 2 unique values.
	Stage 2 Generators:
		Fitting FillNaFeatureGenerator...
	Stage 3 Generators:
		Fitting IdentityFeatureGenerator...
	Stage 4 Generators:
		Fitting DropUniqueFeatureGenerator...
	Stage 5 Generators:
		Fitting DropDuplicatesFeatureGenerator...
	Types of features in original data (raw dtype, special dtypes):
		('bool', []) :  3 | ['S1 (SBS1 - 0.99)', 'S2 (SBS2 - 0.99)', 'S3 (SBS3 - 0.97)']
		('int', [])  : 96 | ['A[C>A]A', 'A[C>A]C', 'A[C>A]G', 'A[C>A]T', 'A[C>G]A', ...]
	Types of features in processed data (raw dtype, special dtypes):
		('int', [])       : 96 | ['A[C>A]A', 'A[C>A]C', 'A[C>A]G', 'A[C>A]T', 'A[C>G]A', ...]
		('int', ['bool']) :  3 | ['S1 (SBS1 - 0.99)', 'S2 (SBS2 - 0.99)', 'S3 (SBS3 - 0.97)']
	15.7s = Fit runtime
	99 features in original data used to generate 99 features in processed data.
	0.7566	 = Validation score   (accuracy)
	1591.99s	 = Training   runtime
	0.54s	 = Validation runtime
Fitting model: LightGBM ...
	Train Data (Processed) Memory Usage: 10.66 MB (0.0% of available memory)
Data preprocessing and feature engineering runtime = 16.84s ...
AutoGluon will gauge predictive performance using evaluation metric: 'accuracy'
	To change this, specify the eval_metric parameter of Predictor()
Automatically generating train/validation split with holdout_frac=0.1, Train Rows: 13045, Val Rows: 1450
User-specified model hyperparameters to be fit:
{
	'NN_TORCH': {},
	'GBM': [{'extra_trees': True, 'ag_args': {'name_suffix': 'XT'}}, {}, 'GBMLarge'],
	'CAT': {},
	'XGB': {},
	'FASTAI': {},
	'RF': [{'criterion': 'gini', 'ag_args': {'name_suffix': 'Gini', 'problem_types': ['binary', 'multiclass']}}, {'criterion': 'entropy', 'ag_args': {'name_suffix': 'Entr', 'problem_types': ['binary', 'multiclass']}}, {'criterion': 'squared_error', 'ag_args': {'name_suffix': 'MSE', 'problem_types': ['regression', 'quantile']}}],
	'XT': [{'criterion': 'gini', 'ag_args': {'name_suffix': 'Gini', 'problem_types': ['binary', 'multiclass']}}, {'criterion': 'entropy', 'ag_args': {'name_suffix': 'Entr', 'problem_types': ['binary', 'multiclass']}}, {'criterion': 'squared_error', 'ag_args': {'name_suffix': 'MSE', 'problem_types': ['regression', 'quantile']}}],
	'KNN': [{'weights': 'uniform', 'ag_args': {'name_suffix': 'Unif'}}, {'weights': 'distance', 'ag_args': {'name_suffix': 'Dist'}}],
}
Fitting 13 L1 models ...
Fitting model: KNeighborsUnif ...
	0.6641	 = Validation score   (accuracy)
	1.24s	 = Training   runtime
	3.83s	 = Validation runtime
Fitting model: KNeighborsDist ...
	0.6641	 = Validation score   (accuracy)
	0.92s	 = Training   runtime
	3.72s	 = Validation runtime
Fitting model: LightGBMXT ...
	0.7228	 = Validation score   (accuracy)
	1972.73s	 = Training   runtime
	0.65s	 = Validation runtime
Fitting model: LightGBM ...
	0.7952	 = Validation score   (accuracy)
	3815.05s	 = Training   runtime
	0.53s	 = Validation runtime
Fitting model: WeightedEnsemble_L2 ...
	Ensemble Weights: {'CatBoost': 0.867, 'RandomForestEntr': 0.067, 'ExtraTreesGini': 0.067}
	0.8021	 = Validation score   (accuracy)
	14.37s	 = Training   runtime
	0.05s	 = Validation runtime
AutoGluon training complete, total runtime = 15593.59s ... Best model: "WeightedEnsemble_L2"
TabularPredictor saved. To load, use: predictor = TabularPredictor.load("AutogluonModels/ag-20250414_193013-010/Predictor_S3 (SBS3 - 0.97)")
No presets specified! To achieve strong results with AutoGluon, it is recommended to use the available presets.
	Recommended Presets (For more details refer to https://auto.gluon.ai/stable/tutorials/tabular/tabular-essentials.html#presets):
	presets='best_quality'   : Maximize accuracy. Default time_limit=3600.
	presets='high_quality'   : Strong accuracy with fast inference speed. Default time_limit=3600.
	presets='good_quality'   : Good accuracy with very fast inference speed. Default time_limit=3600.
	presets='medium_quality' : Fast training time, ideal for initial prototyping.
Beginning AutoGluon training ...
AutoGluon will save models to "AutogluonModels/ag-20250414_193013-010/Predictor_S4 (SBS4 - 0.98)"
=================== System Info ===================
AutoGluon Version:  1.1.0
Python Version:     3.10.15
Operating System:   Linux
Platform Machine:   x86_64
Platform Version:   #1 SMP PREEMPT_DYNAMIC Thu Apr 3 12:12:16 UTC 2025
CPU Count:          272
Memory Avail:       188.02 GB / 203.90 GB (92.2%)
Disk Space Avail:   1372.50 GB / 5120.00 GB (26.8%)
===================================================
Train Data Rows:    14495
Train Data Columns: 99
Label Column:       S4 (SBS4 - 0.98)
AutoGluon infers your prediction problem is: 'binary' (because only two unique label-values observed).
	2 unique label values:  [False, True]
	If 'binary' is not the correct problem_type, please manually specify the problem_type parameter during predictor init (You may specify problem_type as one of: ['binary', 'multiclass', 'regression'])
Problem Type:       binary
Preprocessing data ...
Selected class <--> label mapping:  class 1 = True, class 0 = False
Using Feature Generators to preprocess the data ...
Fitting AutoMLPipelineFeatureGenerator...
	Available Memory:                    192543.97 MB
	Train Data (Original)  Memory Usage: 10.66 MB (0.0% of available memory)
	Inferring data type of each feature based on column values. Set feature_metadata_in to manually specify special dtypes of the features.
	Stage 1 Generators:
		Fitting AsTypeFeatureGenerator...
			Note: Converting 3 features to boolean dtype as they only contain 2 unique values.
	Stage 2 Generators:
		Fitting FillNaFeatureGenerator...
	Stage 3 Generators:
		Fitting IdentityFeatureGenerator...
	Stage 4 Generators:
		Fitting DropUniqueFeatureGenerator...
	Stage 5 Generators:
		Fitting DropDuplicatesFeatureGenerator...
	Types of features in original data (raw dtype, special dtypes):
		('bool', []) :  3 | ['S1 (SBS1 - 0.99)', 'S2 (SBS2 - 0.99)', 'S3 (SBS3 - 0.97)']
		('int', [])  : 96 | ['A[C>A]A', 'A[C>A]C', 'A[C>A]G', 'A[C>A]T', 'A[C>G]A', ...]
	Types of features in processed data (raw dtype, special dtypes):
		('int', [])       : 96 | ['A[C>A]A', 'A[C>A]C', 'A[C>A]G', 'A[C>A]T', 'A[C>G]A', ...]
		('int', ['bool']) :  3 | ['S1 (SBS1 - 0.99)', 'S2 (SBS2 - 0.99)', 'S3 (SBS3 - 0.97)']
	11.2s = Fit runtime
	99 features in original data used to generate 99 features in processed data.
	Train Data (Processed) Memory Usage: 10.66 MB (0.0% of available memory)
Data preprocessing and feature engineering runtime = 12.02s ...
AutoGluon will gauge predictive performance using evaluation metric: 'accuracy'
	To change this, specify the eval_metric parameter of Predictor()
Automatically generating train/validation split with holdout_frac=0.1, Train Rows: 13045, Val Rows: 1450
User-specified model hyperparameters to be fit:
{
	'NN_TORCH': {},
	'GBM': [{'extra_trees': True, 'ag_args': {'name_suffix': 'XT'}}, {}, 'GBMLarge'],
	'CAT': {},
	'XGB': {},
	'FASTAI': {},
	'RF': [{'criterion': 'gini', 'ag_args': {'name_suffix': 'Gini', 'problem_types': ['binary', 'multiclass']}}, {'criterion': 'entropy', 'ag_args': {'name_suffix': 'Entr', 'problem_types': ['binary', 'multiclass']}}, {'criterion': 'squared_error', 'ag_args': {'name_suffix': 'MSE', 'problem_types': ['regression', 'quantile']}}],
	'XT': [{'criterion': 'gini', 'ag_args': {'name_suffix': 'Gini', 'problem_types': ['binary', 'multiclass']}}, {'criterion': 'entropy', 'ag_args': {'name_suffix': 'Entr', 'problem_types': ['binary', 'multiclass']}}, {'criterion': 'squared_error', 'ag_args': {'name_suffix': 'MSE', 'problem_types': ['regression', 'quantile']}}],
	'KNN': [{'weights': 'uniform', 'ag_args': {'name_suffix': 'Unif'}}, {'weights': 'distance', 'ag_args': {'name_suffix': 'Dist'}}],
}
Fitting 13 L1 models ...
Fitting model: KNeighborsUnif ...
	0.6697	 = Validation score   (accuracy)
	0.8s	 = Training   runtime
	3.58s	 = Validation runtime
Fitting model: KNeighborsDist ...
	0.6697	 = Validation score   (accuracy)
	0.93s	 = Training   runtime
	3.38s	 = Validation runtime
Fitting model: LightGBMXT ...
	0.7455	 = Validation score   (accuracy)
	3090.92s	 = Training   runtime
	6.72s	 = Validation runtime
Fitting model: LightGBMLarge ...
	0.8676	 = Validation score   (accuracy)
	5949.58s	 = Training   runtime
	5.78s	 = Validation runtime
Fitting model: LightGBMLarge ...
	0.6814	 = Validation score   (accuracy)
	1329.45s	 = Training   runtime
	3.82s	 = Validation runtime
Fitting model: LightGBMLarge ...
	0.751	 = Validation score   (accuracy)
	1175.55s	 = Training   runtime
	0.57s	 = Validation runtime
Fitting model: RandomForestGini ...
	0.7366	 = Validation score   (accuracy)
	54.83s	 = Training   runtime
	2.8s	 = Validation runtime
Fitting model: RandomForestEntr ...
	0.7366	 = Validation score   (accuracy)
	56.04s	 = Training   runtime
	2.07s	 = Validation runtime
Fitting model: CatBoost ...
	0.7103	 = Validation score   (accuracy)
	831.9s	 = Training   runtime
	0.25s	 = Validation runtime
Fitting model: RandomForestGini ...
	0.7021	 = Validation score   (accuracy)
	58.97s	 = Training   runtime
	3.19s	 = Validation runtime
Fitting model: RandomForestEntr ...
	0.8448	 = Validation score   (accuracy)
	2958.88s	 = Training   runtime
	0.41s	 = Validation runtime
Fitting model: WeightedEnsemble_L2 ...
	Ensemble Weights: {'CatBoost': 0.333, 'NeuralNetFastAI': 0.222, 'KNeighborsUnif': 0.111, 'ExtraTreesGini': 0.111, 'XGBoost': 0.111, 'LightGBM': 0.056, 'NeuralNetTorch': 0.056}
	0.8634	 = Validation score   (accuracy)
	40.82s	 = Training   runtime
	0.12s	 = Validation runtime
AutoGluon training complete, total runtime = 14589.81s ... Best model: "WeightedEnsemble_L2"
TabularPredictor saved. To load, use: predictor = TabularPredictor.load("AutogluonModels/ag-20250414_193014-001/Predictor_S3 (SBS3 - 0.97)")
No presets specified! To achieve strong results with AutoGluon, it is recommended to use the available presets.
	Recommended Presets (For more details refer to https://auto.gluon.ai/stable/tutorials/tabular/tabular-essentials.html#presets):
	presets='best_quality'   : Maximize accuracy. Default time_limit=3600.
	presets='high_quality'   : Strong accuracy with fast inference speed. Default time_limit=3600.
	presets='good_quality'   : Good accuracy with very fast inference speed. Default time_limit=3600.
	presets='medium_quality' : Fast training time, ideal for initial prototyping.
Beginning AutoGluon training ...
AutoGluon will save models to "AutogluonModels/ag-20250414_193014-001/Predictor_S4 (SBS4 - 0.98)"
=================== System Info ===================
AutoGluon Version:  1.1.0
Python Version:     3.10.15
Operating System:   Linux
Platform Machine:   x86_64
Platform Version:   #1 SMP PREEMPT_DYNAMIC Thu Apr 3 12:12:16 UTC 2025
CPU Count:          272
Memory Avail:       187.97 GB / 203.90 GB (92.2%)
Disk Space Avail:   1372.20 GB / 5120.00 GB (26.8%)
===================================================
Train Data Rows:    14495
Train Data Columns: 99
Label Column:       S4 (SBS4 - 0.98)
AutoGluon infers your prediction problem is: 'binary' (because only two unique label-values observed).
	2 unique label values:  [False, True]
	If 'binary' is not the correct problem_type, please manually specify the problem_type parameter during predictor init (You may specify problem_type as one of: ['binary', 'multiclass', 'regression'])
Problem Type:       binary
Preprocessing data ...
Selected class <--> label mapping:  class 1 = True, class 0 = False
Using Feature Generators to preprocess the data ...
Fitting AutoMLPipelineFeatureGenerator...
	Available Memory:                    192495.78 MB
	Train Data (Original)  Memory Usage: 10.66 MB (0.0% of available memory)
	Inferring data type of each feature based on column values. Set feature_metadata_in to manually specify special dtypes of the features.
	Stage 1 Generators:
		Fitting AsTypeFeatureGenerator...
			Note: Converting 3 features to boolean dtype as they only contain 2 unique values.
	Stage 2 Generators:
		Fitting FillNaFeatureGenerator...
	Stage 3 Generators:
		Fitting IdentityFeatureGenerator...
	0.7069	 = Validation score   (accuracy)
	63.24s	 = Training   runtime
	4.15s	 = Validation runtime
Fitting model: CatBoost ...
	Stage 4 Generators:
		Fitting DropUniqueFeatureGenerator...
	Stage 5 Generators:
		Fitting DropDuplicatesFeatureGenerator...
	Types of features in original data (raw dtype, special dtypes):
		('bool', []) :  3 | ['S1 (SBS1 - 0.99)', 'S2 (SBS2 - 0.99)', 'S3 (SBS3 - 0.97)']
		('int', [])  : 96 | ['A[C>A]A', 'A[C>A]C', 'A[C>A]G', 'A[C>A]T', 'A[C>G]A', ...]
	Types of features in processed data (raw dtype, special dtypes):
		('int', [])       : 96 | ['A[C>A]A', 'A[C>A]C', 'A[C>A]G', 'A[C>A]T', 'A[C>G]A', ...]
		('int', ['bool']) :  3 | ['S1 (SBS1 - 0.99)', 'S2 (SBS2 - 0.99)', 'S3 (SBS3 - 0.97)']
	15.2s = Fit runtime
	99 features in original data used to generate 99 features in processed data.
	Train Data (Processed) Memory Usage: 10.66 MB (0.0% of available memory)
Data preprocessing and feature engineering runtime = 17.74s ...
AutoGluon will gauge predictive performance using evaluation metric: 'accuracy'
	To change this, specify the eval_metric parameter of Predictor()
Automatically generating train/validation split with holdout_frac=0.1, Train Rows: 13045, Val Rows: 1450
User-specified model hyperparameters to be fit:
{
	'NN_TORCH': {},
	'GBM': [{'extra_trees': True, 'ag_args': {'name_suffix': 'XT'}}, {}, 'GBMLarge'],
	'CAT': {},
	'XGB': {},
	'FASTAI': {},
	'RF': [{'criterion': 'gini', 'ag_args': {'name_suffix': 'Gini', 'problem_types': ['binary', 'multiclass']}}, {'criterion': 'entropy', 'ag_args': {'name_suffix': 'Entr', 'problem_types': ['binary', 'multiclass']}}, {'criterion': 'squared_error', 'ag_args': {'name_suffix': 'MSE', 'problem_types': ['regression', 'quantile']}}],
	'XT': [{'criterion': 'gini', 'ag_args': {'name_suffix': 'Gini', 'problem_types': ['binary', 'multiclass']}}, {'criterion': 'entropy', 'ag_args': {'name_suffix': 'Entr', 'problem_types': ['binary', 'multiclass']}}, {'criterion': 'squared_error', 'ag_args': {'name_suffix': 'MSE', 'problem_types': ['regression', 'quantile']}}],
	'KNN': [{'weights': 'uniform', 'ag_args': {'name_suffix': 'Unif'}}, {'weights': 'distance', 'ag_args': {'name_suffix': 'Dist'}}],
}
Fitting 13 L1 models ...
Fitting model: KNeighborsUnif ...
	0.7324	 = Validation score   (accuracy)
	2.57s	 = Training   runtime
	5.6s	 = Validation runtime
Fitting model: KNeighborsDist ...
	0.7331	 = Validation score   (accuracy)
	1.43s	 = Training   runtime
	4.9s	 = Validation runtime
Fitting model: LightGBMXT ...
	0.7648	 = Validation score   (accuracy)
	662.7s	 = Training   runtime
	0.22s	 = Validation runtime
Fitting model: ExtraTreesGini ...
	0.7103	 = Validation score   (accuracy)
	56.15s	 = Training   runtime
	3.58s	 = Validation runtime
Fitting model: ExtraTreesEntr ...
	0.7048	 = Validation score   (accuracy)
	47.45s	 = Training   runtime
	3.93s	 = Validation runtime
Fitting model: NeuralNetFastAI ...
	0.7179	 = Validation score   (accuracy)
	538.78s	 = Training   runtime
	0.39s	 = Validation runtime
Fitting model: ExtraTreesGini ...
	0.6876	 = Validation score   (accuracy)
	44.42s	 = Training   runtime
	3.31s	 = Validation runtime
Fitting model: ExtraTreesEntr ...
	0.6945	 = Validation score   (accuracy)
	43.38s	 = Training   runtime
	3.14s	 = Validation runtime
Fitting model: NeuralNetFastAI ...
	0.7407	 = Validation score   (accuracy)
	1895.56s	 = Training   runtime
	0.58s	 = Validation runtime
Fitting model: LightGBM ...
	0.7441	 = Validation score   (accuracy)
	2968.62s	 = Training   runtime
	1.17s	 = Validation runtime
Fitting model: LightGBM ...
	0.8441	 = Validation score   (accuracy)
	4063.53s	 = Training   runtime
	0.81s	 = Validation runtime
Fitting model: WeightedEnsemble_L2 ...
	Ensemble Weights: {'LightGBMXT': 0.5, 'LightGBM': 0.182, 'NeuralNetFastAI': 0.136, 'ExtraTreesGini': 0.091, 'RandomForestGini': 0.045, 'NeuralNetTorch': 0.045}
	0.8586	 = Validation score   (accuracy)
	12.24s	 = Training   runtime
	0.04s	 = Validation runtime
AutoGluon training complete, total runtime = 18170.85s ... Best model: "WeightedEnsemble_L2"
TabularPredictor saved. To load, use: predictor = TabularPredictor.load("AutogluonModels/ag-20250414_193013-007/Predictor_S3 (SBS3 - 0.97)")
No presets specified! To achieve strong results with AutoGluon, it is recommended to use the available presets.
	Recommended Presets (For more details refer to https://auto.gluon.ai/stable/tutorials/tabular/tabular-essentials.html#presets):
	presets='best_quality'   : Maximize accuracy. Default time_limit=3600.
	presets='high_quality'   : Strong accuracy with fast inference speed. Default time_limit=3600.
	presets='good_quality'   : Good accuracy with very fast inference speed. Default time_limit=3600.
	presets='medium_quality' : Fast training time, ideal for initial prototyping.
Beginning AutoGluon training ...
AutoGluon will save models to "AutogluonModels/ag-20250414_193013-007/Predictor_S4 (SBS4 - 0.98)"
=================== System Info ===================
AutoGluon Version:  1.1.0
Python Version:     3.10.15
Operating System:   Linux
Platform Machine:   x86_64
Platform Version:   #1 SMP PREEMPT_DYNAMIC Thu Apr 3 12:12:16 UTC 2025
CPU Count:          272
Memory Avail:       187.81 GB / 203.90 GB (92.1%)
Disk Space Avail:   1371.55 GB / 5120.00 GB (26.8%)
===================================================
Train Data Rows:    14495
Train Data Columns: 99
Label Column:       S4 (SBS4 - 0.98)
AutoGluon infers your prediction problem is: 'binary' (because only two unique label-values observed).
	2 unique label values:  [False, True]
	If 'binary' is not the correct problem_type, please manually specify the problem_type parameter during predictor init (You may specify problem_type as one of: ['binary', 'multiclass', 'regression'])
Problem Type:       binary
Preprocessing data ...
Selected class <--> label mapping:  class 1 = True, class 0 = False
Using Feature Generators to preprocess the data ...
Fitting AutoMLPipelineFeatureGenerator...
	Available Memory:                    192329.23 MB
	Train Data (Original)  Memory Usage: 10.66 MB (0.0% of available memory)
	Inferring data type of each feature based on column values. Set feature_metadata_in to manually specify special dtypes of the features.
	Stage 1 Generators:
		Fitting AsTypeFeatureGenerator...
			Note: Converting 3 features to boolean dtype as they only contain 2 unique values.
	Stage 2 Generators:
		Fitting FillNaFeatureGenerator...
	Stage 3 Generators:
		Fitting IdentityFeatureGenerator...
	Stage 4 Generators:
		Fitting DropUniqueFeatureGenerator...
	Stage 5 Generators:
		Fitting DropDuplicatesFeatureGenerator...
	Types of features in original data (raw dtype, special dtypes):
		('bool', []) :  3 | ['S1 (SBS1 - 0.99)', 'S2 (SBS2 - 0.99)', 'S3 (SBS3 - 0.97)']
		('int', [])  : 96 | ['A[C>A]A', 'A[C>A]C', 'A[C>A]G', 'A[C>A]T', 'A[C>G]A', ...]
	Types of features in processed data (raw dtype, special dtypes):
		('int', [])       : 96 | ['A[C>A]A', 'A[C>A]C', 'A[C>A]G', 'A[C>A]T', 'A[C>G]A', ...]
		('int', ['bool']) :  3 | ['S1 (SBS1 - 0.99)', 'S2 (SBS2 - 0.99)', 'S3 (SBS3 - 0.97)']
	8.1s = Fit runtime
	99 features in original data used to generate 99 features in processed data.
	Train Data (Processed) Memory Usage: 10.66 MB (0.0% of available memory)
Data preprocessing and feature engineering runtime = 8.76s ...
AutoGluon will gauge predictive performance using evaluation metric: 'accuracy'
	To change this, specify the eval_metric parameter of Predictor()
Automatically generating train/validation split with holdout_frac=0.1, Train Rows: 13045, Val Rows: 1450
User-specified model hyperparameters to be fit:
{
	'NN_TORCH': {},
	'GBM': [{'extra_trees': True, 'ag_args': {'name_suffix': 'XT'}}, {}, 'GBMLarge'],
	'CAT': {},
	'XGB': {},
	'FASTAI': {},
	'RF': [{'criterion': 'gini', 'ag_args': {'name_suffix': 'Gini', 'problem_types': ['binary', 'multiclass']}}, {'criterion': 'entropy', 'ag_args': {'name_suffix': 'Entr', 'problem_types': ['binary', 'multiclass']}}, {'criterion': 'squared_error', 'ag_args': {'name_suffix': 'MSE', 'problem_types': ['regression', 'quantile']}}],
	'XT': [{'criterion': 'gini', 'ag_args': {'name_suffix': 'Gini', 'problem_types': ['binary', 'multiclass']}}, {'criterion': 'entropy', 'ag_args': {'name_suffix': 'Entr', 'problem_types': ['binary', 'multiclass']}}, {'criterion': 'squared_error', 'ag_args': {'name_suffix': 'MSE', 'problem_types': ['regression', 'quantile']}}],
	'KNN': [{'weights': 'uniform', 'ag_args': {'name_suffix': 'Unif'}}, {'weights': 'distance', 'ag_args': {'name_suffix': 'Dist'}}],
}
Fitting 13 L1 models ...
Fitting model: KNeighborsUnif ...
	0.7166	 = Validation score   (accuracy)
	0.88s	 = Training   runtime
	3.86s	 = Validation runtime
Fitting model: KNeighborsDist ...
	0.7172	 = Validation score   (accuracy)
	0.77s	 = Training   runtime
	3.13s	 = Validation runtime
Fitting model: LightGBMXT ...
	0.8248	 = Validation score   (accuracy)
	4985.18s	 = Training   runtime
	0.53s	 = Validation runtime
Fitting model: WeightedEnsemble_L2 ...
	Ensemble Weights: {'LightGBMXT': 0.333, 'CatBoost': 0.267, 'NeuralNetTorch': 0.2, 'NeuralNetFastAI': 0.133, 'RandomForestGini': 0.067}
	0.8428	 = Validation score   (accuracy)
	13.58s	 = Training   runtime
	0.04s	 = Validation runtime
AutoGluon training complete, total runtime = 18114.15s ... Best model: "WeightedEnsemble_L2"
TabularPredictor saved. To load, use: predictor = TabularPredictor.load("AutogluonModels/ag-20250414_193013-004/Predictor_S3 (SBS3 - 0.97)")
No presets specified! To achieve strong results with AutoGluon, it is recommended to use the available presets.
	Recommended Presets (For more details refer to https://auto.gluon.ai/stable/tutorials/tabular/tabular-essentials.html#presets):
	presets='best_quality'   : Maximize accuracy. Default time_limit=3600.
	presets='high_quality'   : Strong accuracy with fast inference speed. Default time_limit=3600.
	presets='good_quality'   : Good accuracy with very fast inference speed. Default time_limit=3600.
	presets='medium_quality' : Fast training time, ideal for initial prototyping.
Beginning AutoGluon training ...
AutoGluon will save models to "AutogluonModels/ag-20250414_193013-004/Predictor_S4 (SBS4 - 0.98)"
=================== System Info ===================
AutoGluon Version:  1.1.0
Python Version:     3.10.15
Operating System:   Linux
Platform Machine:   x86_64
Platform Version:   #1 SMP PREEMPT_DYNAMIC Thu Apr 3 12:12:16 UTC 2025
CPU Count:          272
Memory Avail:       187.82 GB / 203.90 GB (92.1%)
Disk Space Avail:   1371.52 GB / 5120.00 GB (26.8%)
===================================================
Train Data Rows:    14495
Train Data Columns: 99
Label Column:       S4 (SBS4 - 0.98)
AutoGluon infers your prediction problem is: 'binary' (because only two unique label-values observed).
	2 unique label values:  [False, True]
	If 'binary' is not the correct problem_type, please manually specify the problem_type parameter during predictor init (You may specify problem_type as one of: ['binary', 'multiclass', 'regression'])
Problem Type:       binary
Preprocessing data ...
Selected class <--> label mapping:  class 1 = True, class 0 = False
Using Feature Generators to preprocess the data ...
Fitting AutoMLPipelineFeatureGenerator...
	Available Memory:                    192336.17 MB
	Train Data (Original)  Memory Usage: 10.66 MB (0.0% of available memory)
	Inferring data type of each feature based on column values. Set feature_metadata_in to manually specify special dtypes of the features.
	Stage 1 Generators:
		Fitting AsTypeFeatureGenerator...
			Note: Converting 3 features to boolean dtype as they only contain 2 unique values.
	Stage 2 Generators:
		Fitting FillNaFeatureGenerator...
	Stage 3 Generators:
		Fitting IdentityFeatureGenerator...
	Stage 4 Generators:
		Fitting DropUniqueFeatureGenerator...
	Stage 5 Generators:
		Fitting DropDuplicatesFeatureGenerator...
	Types of features in original data (raw dtype, special dtypes):
		('bool', []) :  3 | ['S1 (SBS1 - 0.99)', 'S2 (SBS2 - 0.99)', 'S3 (SBS3 - 0.97)']
		('int', [])  : 96 | ['A[C>A]A', 'A[C>A]C', 'A[C>A]G', 'A[C>A]T', 'A[C>G]A', ...]
	Types of features in processed data (raw dtype, special dtypes):
		('int', [])       : 96 | ['A[C>A]A', 'A[C>A]C', 'A[C>A]G', 'A[C>A]T', 'A[C>G]A', ...]
		('int', ['bool']) :  3 | ['S1 (SBS1 - 0.99)', 'S2 (SBS2 - 0.99)', 'S3 (SBS3 - 0.97)']
	7.9s = Fit runtime
	99 features in original data used to generate 99 features in processed data.
	Train Data (Processed) Memory Usage: 10.66 MB (0.0% of available memory)
Data preprocessing and feature engineering runtime = 8.51s ...
AutoGluon will gauge predictive performance using evaluation metric: 'accuracy'
	To change this, specify the eval_metric parameter of Predictor()
Automatically generating train/validation split with holdout_frac=0.1, Train Rows: 13045, Val Rows: 1450
User-specified model hyperparameters to be fit:
{
	'NN_TORCH': {},
	'GBM': [{'extra_trees': True, 'ag_args': {'name_suffix': 'XT'}}, {}, 'GBMLarge'],
	'CAT': {},
	'XGB': {},
	'FASTAI': {},
	'RF': [{'criterion': 'gini', 'ag_args': {'name_suffix': 'Gini', 'problem_types': ['binary', 'multiclass']}}, {'criterion': 'entropy', 'ag_args': {'name_suffix': 'Entr', 'problem_types': ['binary', 'multiclass']}}, {'criterion': 'squared_error', 'ag_args': {'name_suffix': 'MSE', 'problem_types': ['regression', 'quantile']}}],
	'XT': [{'criterion': 'gini', 'ag_args': {'name_suffix': 'Gini', 'problem_types': ['binary', 'multiclass']}}, {'criterion': 'entropy', 'ag_args': {'name_suffix': 'Entr', 'problem_types': ['binary', 'multiclass']}}, {'criterion': 'squared_error', 'ag_args': {'name_suffix': 'MSE', 'problem_types': ['regression', 'quantile']}}],
	'KNN': [{'weights': 'uniform', 'ag_args': {'name_suffix': 'Unif'}}, {'weights': 'distance', 'ag_args': {'name_suffix': 'Dist'}}],
}
Fitting 13 L1 models ...
Fitting model: KNeighborsUnif ...
	0.7159	 = Validation score   (accuracy)
	0.85s	 = Training   runtime
	4.17s	 = Validation runtime
Fitting model: KNeighborsDist ...
	0.7166	 = Validation score   (accuracy)
	1.35s	 = Training   runtime
	3.7s	 = Validation runtime
Fitting model: LightGBMXT ...
	0.8283	 = Validation score   (accuracy)
	5025.0s	 = Training   runtime
	0.4s	 = Validation runtime
Fitting model: WeightedEnsemble_L2 ...
	Ensemble Weights: {'LightGBM': 0.316, 'LightGBMXT': 0.263, 'NeuralNetTorch': 0.263, 'ExtraTreesEntr': 0.105, 'KNeighborsUnif': 0.053}
	0.84	 = Validation score   (accuracy)
	12.96s	 = Training   runtime
	0.08s	 = Validation runtime
AutoGluon training complete, total runtime = 16134.15s ... Best model: "WeightedEnsemble_L2"
TabularPredictor saved. To load, use: predictor = TabularPredictor.load("AutogluonModels/ag-20250414_193014-003/Predictor_S3 (SBS3 - 0.97)")
No presets specified! To achieve strong results with AutoGluon, it is recommended to use the available presets.
	Recommended Presets (For more details refer to https://auto.gluon.ai/stable/tutorials/tabular/tabular-essentials.html#presets):
	presets='best_quality'   : Maximize accuracy. Default time_limit=3600.
	presets='high_quality'   : Strong accuracy with fast inference speed. Default time_limit=3600.
	presets='good_quality'   : Good accuracy with very fast inference speed. Default time_limit=3600.
	presets='medium_quality' : Fast training time, ideal for initial prototyping.
Beginning AutoGluon training ...
AutoGluon will save models to "AutogluonModels/ag-20250414_193014-003/Predictor_S4 (SBS4 - 0.98)"
=================== System Info ===================
AutoGluon Version:  1.1.0
Python Version:     3.10.15
Operating System:   Linux
Platform Machine:   x86_64
Platform Version:   #1 SMP PREEMPT_DYNAMIC Thu Apr 3 12:12:16 UTC 2025
CPU Count:          272
Memory Avail:       187.66 GB / 203.90 GB (92.0%)
Disk Space Avail:   1371.49 GB / 5120.00 GB (26.8%)
===================================================
Train Data Rows:    14495
Train Data Columns: 99
Label Column:       S4 (SBS4 - 0.98)
AutoGluon infers your prediction problem is: 'binary' (because only two unique label-values observed).
	2 unique label values:  [False, True]
	If 'binary' is not the correct problem_type, please manually specify the problem_type parameter during predictor init (You may specify problem_type as one of: ['binary', 'multiclass', 'regression'])
Problem Type:       binary
Preprocessing data ...
Selected class <--> label mapping:  class 1 = True, class 0 = False
Using Feature Generators to preprocess the data ...
Fitting AutoMLPipelineFeatureGenerator...
	Available Memory:                    192171.65 MB
	Train Data (Original)  Memory Usage: 10.66 MB (0.0% of available memory)
	Inferring data type of each feature based on column values. Set feature_metadata_in to manually specify special dtypes of the features.
	Stage 1 Generators:
		Fitting AsTypeFeatureGenerator...
			Note: Converting 3 features to boolean dtype as they only contain 2 unique values.
	Stage 2 Generators:
		Fitting FillNaFeatureGenerator...
	Stage 3 Generators:
		Fitting IdentityFeatureGenerator...
	Stage 4 Generators:
		Fitting DropUniqueFeatureGenerator...
	Stage 5 Generators:
		Fitting DropDuplicatesFeatureGenerator...
	Types of features in original data (raw dtype, special dtypes):
		('bool', []) :  3 | ['S1 (SBS1 - 0.99)', 'S2 (SBS2 - 0.99)', 'S3 (SBS3 - 0.97)']
		('int', [])  : 96 | ['A[C>A]A', 'A[C>A]C', 'A[C>A]G', 'A[C>A]T', 'A[C>G]A', ...]
	Types of features in processed data (raw dtype, special dtypes):
		('int', [])       : 96 | ['A[C>A]A', 'A[C>A]C', 'A[C>A]G', 'A[C>A]T', 'A[C>G]A', ...]
		('int', ['bool']) :  3 | ['S1 (SBS1 - 0.99)', 'S2 (SBS2 - 0.99)', 'S3 (SBS3 - 0.97)']
	8.0s = Fit runtime
	99 features in original data used to generate 99 features in processed data.
	Train Data (Processed) Memory Usage: 10.66 MB (0.0% of available memory)
Data preprocessing and feature engineering runtime = 9.45s ...
AutoGluon will gauge predictive performance using evaluation metric: 'accuracy'
	To change this, specify the eval_metric parameter of Predictor()
Automatically generating train/validation split with holdout_frac=0.1, Train Rows: 13045, Val Rows: 1450
User-specified model hyperparameters to be fit:
{
	'NN_TORCH': {},
	'GBM': [{'extra_trees': True, 'ag_args': {'name_suffix': 'XT'}}, {}, 'GBMLarge'],
	'CAT': {},
	'XGB': {},
	'FASTAI': {},
	'RF': [{'criterion': 'gini', 'ag_args': {'name_suffix': 'Gini', 'problem_types': ['binary', 'multiclass']}}, {'criterion': 'entropy', 'ag_args': {'name_suffix': 'Entr', 'problem_types': ['binary', 'multiclass']}}, {'criterion': 'squared_error', 'ag_args': {'name_suffix': 'MSE', 'problem_types': ['regression', 'quantile']}}],
	'XT': [{'criterion': 'gini', 'ag_args': {'name_suffix': 'Gini', 'problem_types': ['binary', 'multiclass']}}, {'criterion': 'entropy', 'ag_args': {'name_suffix': 'Entr', 'problem_types': ['binary', 'multiclass']}}, {'criterion': 'squared_error', 'ag_args': {'name_suffix': 'MSE', 'problem_types': ['regression', 'quantile']}}],
	'KNN': [{'weights': 'uniform', 'ag_args': {'name_suffix': 'Unif'}}, {'weights': 'distance', 'ag_args': {'name_suffix': 'Dist'}}],
}
Fitting 13 L1 models ...
Fitting model: KNeighborsUnif ...
	0.7214	 = Validation score   (accuracy)
	1.06s	 = Training   runtime
	3.71s	 = Validation runtime
Fitting model: KNeighborsDist ...
	0.7228	 = Validation score   (accuracy)
	0.85s	 = Training   runtime
	3.47s	 = Validation runtime
Fitting model: LightGBMXT ...
	0.7414	 = Validation score   (accuracy)
	769.46s	 = Training   runtime
	0.31s	 = Validation runtime
Fitting model: RandomForestGini ...
	0.729	 = Validation score   (accuracy)
	57.6s	 = Training   runtime
	3.56s	 = Validation runtime
Fitting model: RandomForestEntr ...
	0.72	 = Validation score   (accuracy)
	67.23s	 = Training   runtime
	2.99s	 = Validation runtime
Fitting model: CatBoost ...
	0.7497	 = Validation score   (accuracy)
	1649.11s	 = Training   runtime
	1.5s	 = Validation runtime
Fitting model: XGBoost ...
No improvement since epoch 4: early stopping
	0.7097	 = Validation score   (accuracy)
	1357.25s	 = Training   runtime
	1.05s	 = Validation runtime
Fitting model: XGBoost ...
	0.7338	 = Validation score   (accuracy)
	851.51s	 = Training   runtime
	0.37s	 = Validation runtime
Fitting model: RandomForestGini ...
	0.7186	 = Validation score   (accuracy)
	58.0s	 = Training   runtime
	4.2s	 = Validation runtime
Fitting model: RandomForestEntr ...
	0.7062	 = Validation score   (accuracy)
	66.41s	 = Training   runtime
	2.71s	 = Validation runtime
Fitting model: CatBoost ...
	0.7069	 = Validation score   (accuracy)
	275.4s	 = Training   runtime
	0.38s	 = Validation runtime
Fitting model: NeuralNetTorch ...
	0.8455	 = Validation score   (accuracy)
	6139.06s	 = Training   runtime
	0.97s	 = Validation runtime
Fitting model: WeightedEnsemble_L2 ...
	Ensemble Weights: {'LightGBM': 0.5, 'NeuralNetFastAI': 0.25, 'NeuralNetTorch': 0.25}
	0.8634	 = Validation score   (accuracy)
	20.21s	 = Training   runtime
	0.07s	 = Validation runtime
AutoGluon training complete, total runtime = 17256.06s ... Best model: "WeightedEnsemble_L2"
TabularPredictor saved. To load, use: predictor = TabularPredictor.load("AutogluonModels/ag-20250414_193014-002/Predictor_S3 (SBS3 - 0.97)")
No presets specified! To achieve strong results with AutoGluon, it is recommended to use the available presets.
	Recommended Presets (For more details refer to https://auto.gluon.ai/stable/tutorials/tabular/tabular-essentials.html#presets):
	presets='best_quality'   : Maximize accuracy. Default time_limit=3600.
	presets='high_quality'   : Strong accuracy with fast inference speed. Default time_limit=3600.
	presets='good_quality'   : Good accuracy with very fast inference speed. Default time_limit=3600.
	presets='medium_quality' : Fast training time, ideal for initial prototyping.
Beginning AutoGluon training ...
AutoGluon will save models to "AutogluonModels/ag-20250414_193014-002/Predictor_S4 (SBS4 - 0.98)"
=================== System Info ===================
AutoGluon Version:  1.1.0
Python Version:     3.10.15
Operating System:   Linux
Platform Machine:   x86_64
Platform Version:   #1 SMP PREEMPT_DYNAMIC Thu Apr 3 12:12:16 UTC 2025
CPU Count:          272
Memory Avail:       187.39 GB / 203.90 GB (91.9%)
Disk Space Avail:   1371.10 GB / 5120.00 GB (26.8%)
===================================================
Train Data Rows:    14495
Train Data Columns: 99
Label Column:       S4 (SBS4 - 0.98)
AutoGluon infers your prediction problem is: 'binary' (because only two unique label-values observed).
	2 unique label values:  [False, True]
	If 'binary' is not the correct problem_type, please manually specify the problem_type parameter during predictor init (You may specify problem_type as one of: ['binary', 'multiclass', 'regression'])
Problem Type:       binary
Preprocessing data ...
Selected class <--> label mapping:  class 1 = True, class 0 = False
Using Feature Generators to preprocess the data ...
Fitting AutoMLPipelineFeatureGenerator...
	Available Memory:                    191893.64 MB
	Train Data (Original)  Memory Usage: 10.66 MB (0.0% of available memory)
	Inferring data type of each feature based on column values. Set feature_metadata_in to manually specify special dtypes of the features.
	Stage 1 Generators:
		Fitting AsTypeFeatureGenerator...
			Note: Converting 3 features to boolean dtype as they only contain 2 unique values.
	Stage 2 Generators:
		Fitting FillNaFeatureGenerator...
	Stage 3 Generators:
		Fitting IdentityFeatureGenerator...
	Stage 4 Generators:
		Fitting DropUniqueFeatureGenerator...
	Stage 5 Generators:
		Fitting DropDuplicatesFeatureGenerator...
	0.7421	 = Validation score   (accuracy)
	581.78s	 = Training   runtime
	0.44s	 = Validation runtime
Fitting model: ExtraTreesGini ...
	0.7497	 = Validation score   (accuracy)
	499.37s	 = Training   runtime
	1.63s	 = Validation runtime
Fitting model: NeuralNetTorch ...
	Types of features in original data (raw dtype, special dtypes):
		('bool', []) :  3 | ['S1 (SBS1 - 0.99)', 'S2 (SBS2 - 0.99)', 'S3 (SBS3 - 0.97)']
		('int', [])  : 96 | ['A[C>A]A', 'A[C>A]C', 'A[C>A]G', 'A[C>A]T', 'A[C>G]A', ...]
	Types of features in processed data (raw dtype, special dtypes):
		('int', [])       : 96 | ['A[C>A]A', 'A[C>A]C', 'A[C>A]G', 'A[C>A]T', 'A[C>G]A', ...]
		('int', ['bool']) :  3 | ['S1 (SBS1 - 0.99)', 'S2 (SBS2 - 0.99)', 'S3 (SBS3 - 0.97)']
	23.7s = Fit runtime
	99 features in original data used to generate 99 features in processed data.
	Train Data (Processed) Memory Usage: 10.66 MB (0.0% of available memory)
Data preprocessing and feature engineering runtime = 25.48s ...
AutoGluon will gauge predictive performance using evaluation metric: 'accuracy'
	To change this, specify the eval_metric parameter of Predictor()
Automatically generating train/validation split with holdout_frac=0.1, Train Rows: 13045, Val Rows: 1450
User-specified model hyperparameters to be fit:
{
	'NN_TORCH': {},
	'GBM': [{'extra_trees': True, 'ag_args': {'name_suffix': 'XT'}}, {}, 'GBMLarge'],
	'CAT': {},
	'XGB': {},
	'FASTAI': {},
	'RF': [{'criterion': 'gini', 'ag_args': {'name_suffix': 'Gini', 'problem_types': ['binary', 'multiclass']}}, {'criterion': 'entropy', 'ag_args': {'name_suffix': 'Entr', 'problem_types': ['binary', 'multiclass']}}, {'criterion': 'squared_error', 'ag_args': {'name_suffix': 'MSE', 'problem_types': ['regression', 'quantile']}}],
	'XT': [{'criterion': 'gini', 'ag_args': {'name_suffix': 'Gini', 'problem_types': ['binary', 'multiclass']}}, {'criterion': 'entropy', 'ag_args': {'name_suffix': 'Entr', 'problem_types': ['binary', 'multiclass']}}, {'criterion': 'squared_error', 'ag_args': {'name_suffix': 'MSE', 'problem_types': ['regression', 'quantile']}}],
	'KNN': [{'weights': 'uniform', 'ag_args': {'name_suffix': 'Unif'}}, {'weights': 'distance', 'ag_args': {'name_suffix': 'Dist'}}],
}
Fitting 13 L1 models ...
Fitting model: KNeighborsUnif ...
	0.7172	 = Validation score   (accuracy)
	3.46s	 = Training   runtime
	4.21s	 = Validation runtime
Fitting model: KNeighborsDist ...
	0.7179	 = Validation score   (accuracy)
	2.96s	 = Training   runtime
	6.94s	 = Validation runtime
Fitting model: LightGBMXT ...
	0.709	 = Validation score   (accuracy)
	64.62s	 = Training   runtime
	3.57s	 = Validation runtime
Fitting model: ExtraTreesEntr ...
	0.7028	 = Validation score   (accuracy)
	55.16s	 = Training   runtime
	3.79s	 = Validation runtime
Fitting model: NeuralNetFastAI ...
	0.7414	 = Validation score   (accuracy)
	405.65s	 = Training   runtime
	0.53s	 = Validation runtime
Fitting model: ExtraTreesGini ...
	0.6938	 = Validation score   (accuracy)
	42.5s	 = Training   runtime
	2.97s	 = Validation runtime
Fitting model: ExtraTreesEntr ...
	0.6966	 = Validation score   (accuracy)
	45.83s	 = Training   runtime
	3.1s	 = Validation runtime
Fitting model: NeuralNetFastAI ...
	0.8255	 = Validation score   (accuracy)
	2803.38s	 = Training   runtime
	0.66s	 = Validation runtime
Fitting model: LightGBM ...
	0.7124	 = Validation score   (accuracy)
	3865.09s	 = Training   runtime
	0.72s	 = Validation runtime
Fitting model: WeightedEnsemble_L2 ...
	Ensemble Weights: {'LightGBMLarge': 0.917, 'RandomForestEntr': 0.083}
	0.7131	 = Validation score   (accuracy)
	21.72s	 = Training   runtime
	0.06s	 = Validation runtime
AutoGluon training complete, total runtime = 8986.85s ... Best model: "WeightedEnsemble_L2"
TabularPredictor saved. To load, use: predictor = TabularPredictor.load("AutogluonModels/ag-20250414_193013-005/Predictor_S4 (SBS4 - 0.98)")
No presets specified! To achieve strong results with AutoGluon, it is recommended to use the available presets.
	Recommended Presets (For more details refer to https://auto.gluon.ai/stable/tutorials/tabular/tabular-essentials.html#presets):
	presets='best_quality'   : Maximize accuracy. Default time_limit=3600.
	presets='high_quality'   : Strong accuracy with fast inference speed. Default time_limit=3600.
	presets='good_quality'   : Good accuracy with very fast inference speed. Default time_limit=3600.
	presets='medium_quality' : Fast training time, ideal for initial prototyping.
Beginning AutoGluon training ...
AutoGluon will save models to "AutogluonModels/ag-20250414_193013-005/Predictor_S5 (SBS5 - 0.98)"
=================== System Info ===================
AutoGluon Version:  1.1.0
Python Version:     3.10.15
Operating System:   Linux
Platform Machine:   x86_64
Platform Version:   #1 SMP PREEMPT_DYNAMIC Thu Apr 3 12:12:16 UTC 2025
CPU Count:          272
Memory Avail:       187.19 GB / 203.90 GB (91.8%)
Disk Space Avail:   1370.55 GB / 5120.00 GB (26.8%)
===================================================
Train Data Rows:    14495
Train Data Columns: 100
Label Column:       S5 (SBS5 - 0.98)
AutoGluon infers your prediction problem is: 'binary' (because only two unique label-values observed).
	2 unique label values:  [True, False]
	If 'binary' is not the correct problem_type, please manually specify the problem_type parameter during predictor init (You may specify problem_type as one of: ['binary', 'multiclass', 'regression'])
Problem Type:       binary
Preprocessing data ...
Selected class <--> label mapping:  class 1 = True, class 0 = False
Using Feature Generators to preprocess the data ...
Fitting AutoMLPipelineFeatureGenerator...
	Available Memory:                    191691.51 MB
	Train Data (Original)  Memory Usage: 10.67 MB (0.0% of available memory)
	Inferring data type of each feature based on column values. Set feature_metadata_in to manually specify special dtypes of the features.
	Stage 1 Generators:
		Fitting AsTypeFeatureGenerator...
			Note: Converting 4 features to boolean dtype as they only contain 2 unique values.
	Stage 2 Generators:
		Fitting FillNaFeatureGenerator...
	Stage 3 Generators:
		Fitting IdentityFeatureGenerator...
	Stage 4 Generators:
		Fitting DropUniqueFeatureGenerator...
	Stage 5 Generators:
		Fitting DropDuplicatesFeatureGenerator...
	Types of features in original data (raw dtype, special dtypes):
		('bool', []) :  4 | ['S1 (SBS1 - 0.99)', 'S2 (SBS2 - 0.99)', 'S3 (SBS3 - 0.97)', 'S4 (SBS4 - 0.98)']
		('int', [])  : 96 | ['A[C>A]A', 'A[C>A]C', 'A[C>A]G', 'A[C>A]T', 'A[C>G]A', ...]
	Types of features in processed data (raw dtype, special dtypes):
		('int', [])       : 96 | ['A[C>A]A', 'A[C>A]C', 'A[C>A]G', 'A[C>A]T', 'A[C>G]A', ...]
		('int', ['bool']) :  4 | ['S1 (SBS1 - 0.99)', 'S2 (SBS2 - 0.99)', 'S3 (SBS3 - 0.97)', 'S4 (SBS4 - 0.98)']
	17.3s = Fit runtime
	100 features in original data used to generate 100 features in processed data.
	Train Data (Processed) Memory Usage: 10.67 MB (0.0% of available memory)
Data preprocessing and feature engineering runtime = 18.32s ...
AutoGluon will gauge predictive performance using evaluation metric: 'accuracy'
	To change this, specify the eval_metric parameter of Predictor()
Automatically generating train/validation split with holdout_frac=0.1, Train Rows: 13045, Val Rows: 1450
User-specified model hyperparameters to be fit:
{
	'NN_TORCH': {},
	'GBM': [{'extra_trees': True, 'ag_args': {'name_suffix': 'XT'}}, {}, 'GBMLarge'],
	'CAT': {},
	'XGB': {},
	'FASTAI': {},
	'RF': [{'criterion': 'gini', 'ag_args': {'name_suffix': 'Gini', 'problem_types': ['binary', 'multiclass']}}, {'criterion': 'entropy', 'ag_args': {'name_suffix': 'Entr', 'problem_types': ['binary', 'multiclass']}}, {'criterion': 'squared_error', 'ag_args': {'name_suffix': 'MSE', 'problem_types': ['regression', 'quantile']}}],
	'XT': [{'criterion': 'gini', 'ag_args': {'name_suffix': 'Gini', 'problem_types': ['binary', 'multiclass']}}, {'criterion': 'entropy', 'ag_args': {'name_suffix': 'Entr', 'problem_types': ['binary', 'multiclass']}}, {'criterion': 'squared_error', 'ag_args': {'name_suffix': 'MSE', 'problem_types': ['regression', 'quantile']}}],
	'KNN': [{'weights': 'uniform', 'ag_args': {'name_suffix': 'Unif'}}, {'weights': 'distance', 'ag_args': {'name_suffix': 'Dist'}}],
}
Fitting 13 L1 models ...
Fitting model: KNeighborsUnif ...
	0.8372	 = Validation score   (accuracy)
	1.02s	 = Training   runtime
	3.28s	 = Validation runtime
Fitting model: KNeighborsDist ...
	0.8034	 = Validation score   (accuracy)
	1972.4s	 = Training   runtime
	0.61s	 = Validation runtime
Fitting model: LightGBM ...
	0.8372	 = Validation score   (accuracy)
	0.94s	 = Training   runtime
	3.92s	 = Validation runtime
Fitting model: LightGBMXT ...
	0.769	 = Validation score   (accuracy)
	1590.23s	 = Training   runtime
	0.4s	 = Validation runtime
Fitting model: LightGBM ...
	0.8531	 = Validation score   (accuracy)
	6666.97s	 = Training   runtime
	0.59s	 = Validation runtime
Fitting model: WeightedEnsemble_L2 ...
	Ensemble Weights: {'NeuralNetTorch': 0.5, 'LightGBMXT': 0.333, 'NeuralNetFastAI': 0.167}
	0.8821	 = Validation score   (accuracy)
	22.61s	 = Training   runtime
	0.08s	 = Validation runtime
AutoGluon training complete, total runtime = 19392.86s ... Best model: "WeightedEnsemble_L2"
TabularPredictor saved. To load, use: predictor = TabularPredictor.load("AutogluonModels/ag-20250414_193014/Predictor_S3 (SBS3 - 0.97)")
No presets specified! To achieve strong results with AutoGluon, it is recommended to use the available presets.
	Recommended Presets (For more details refer to https://auto.gluon.ai/stable/tutorials/tabular/tabular-essentials.html#presets):
	presets='best_quality'   : Maximize accuracy. Default time_limit=3600.
	presets='high_quality'   : Strong accuracy with fast inference speed. Default time_limit=3600.
	presets='good_quality'   : Good accuracy with very fast inference speed. Default time_limit=3600.
	presets='medium_quality' : Fast training time, ideal for initial prototyping.
Beginning AutoGluon training ...
AutoGluon will save models to "AutogluonModels/ag-20250414_193014/Predictor_S4 (SBS4 - 0.98)"
=================== System Info ===================
AutoGluon Version:  1.1.0
Python Version:     3.10.15
Operating System:   Linux
Platform Machine:   x86_64
Platform Version:   #1 SMP PREEMPT_DYNAMIC Thu Apr 3 12:12:16 UTC 2025
CPU Count:          272
Memory Avail:       187.18 GB / 203.90 GB (91.8%)
Disk Space Avail:   1370.52 GB / 5120.00 GB (26.8%)
===================================================
Train Data Rows:    14495
Train Data Columns: 99
Label Column:       S4 (SBS4 - 0.98)
AutoGluon infers your prediction problem is: 'binary' (because only two unique label-values observed).
	2 unique label values:  [False, True]
	If 'binary' is not the correct problem_type, please manually specify the problem_type parameter during predictor init (You may specify problem_type as one of: ['binary', 'multiclass', 'regression'])
Problem Type:       binary
Preprocessing data ...
Selected class <--> label mapping:  class 1 = True, class 0 = False
Using Feature Generators to preprocess the data ...
Fitting AutoMLPipelineFeatureGenerator...
	Available Memory:                    191663.33 MB
	Train Data (Original)  Memory Usage: 10.66 MB (0.0% of available memory)
	Inferring data type of each feature based on column values. Set feature_metadata_in to manually specify special dtypes of the features.
	Stage 1 Generators:
		Fitting AsTypeFeatureGenerator...
			Note: Converting 3 features to boolean dtype as they only contain 2 unique values.
	Stage 2 Generators:
		Fitting FillNaFeatureGenerator...
	Stage 3 Generators:
		Fitting IdentityFeatureGenerator...
	Stage 4 Generators:
		Fitting DropUniqueFeatureGenerator...
	Stage 5 Generators:
		Fitting DropDuplicatesFeatureGenerator...
	Types of features in original data (raw dtype, special dtypes):
		('bool', []) :  3 | ['S1 (SBS1 - 0.99)', 'S2 (SBS2 - 0.99)', 'S3 (SBS3 - 0.97)']
		('int', [])  : 96 | ['A[C>A]A', 'A[C>A]C', 'A[C>A]G', 'A[C>A]T', 'A[C>G]A', ...]
	Types of features in processed data (raw dtype, special dtypes):
		('int', [])       : 96 | ['A[C>A]A', 'A[C>A]C', 'A[C>A]G', 'A[C>A]T', 'A[C>G]A', ...]
		('int', ['bool']) :  3 | ['S1 (SBS1 - 0.99)', 'S2 (SBS2 - 0.99)', 'S3 (SBS3 - 0.97)']
	9.5s = Fit runtime
	99 features in original data used to generate 99 features in processed data.
	Train Data (Processed) Memory Usage: 10.66 MB (0.0% of available memory)
Data preprocessing and feature engineering runtime = 10.59s ...
AutoGluon will gauge predictive performance using evaluation metric: 'accuracy'
	To change this, specify the eval_metric parameter of Predictor()
Automatically generating train/validation split with holdout_frac=0.1, Train Rows: 13045, Val Rows: 1450
User-specified model hyperparameters to be fit:
{
	'NN_TORCH': {},
	'GBM': [{'extra_trees': True, 'ag_args': {'name_suffix': 'XT'}}, {}, 'GBMLarge'],
	'CAT': {},
	'XGB': {},
	'FASTAI': {},
	'RF': [{'criterion': 'gini', 'ag_args': {'name_suffix': 'Gini', 'problem_types': ['binary', 'multiclass']}}, {'criterion': 'entropy', 'ag_args': {'name_suffix': 'Entr', 'problem_types': ['binary', 'multiclass']}}, {'criterion': 'squared_error', 'ag_args': {'name_suffix': 'MSE', 'problem_types': ['regression', 'quantile']}}],
	'XT': [{'criterion': 'gini', 'ag_args': {'name_suffix': 'Gini', 'problem_types': ['binary', 'multiclass']}}, {'criterion': 'entropy', 'ag_args': {'name_suffix': 'Entr', 'problem_types': ['binary', 'multiclass']}}, {'criterion': 'squared_error', 'ag_args': {'name_suffix': 'MSE', 'problem_types': ['regression', 'quantile']}}],
	'KNN': [{'weights': 'uniform', 'ag_args': {'name_suffix': 'Unif'}}, {'weights': 'distance', 'ag_args': {'name_suffix': 'Dist'}}],
}
Fitting 13 L1 models ...
Fitting model: KNeighborsUnif ...
	0.7359	 = Validation score   (accuracy)
	1.32s	 = Training   runtime
	3.21s	 = Validation runtime
Fitting model: KNeighborsDist ...
	0.7366	 = Validation score   (accuracy)
	1.4s	 = Training   runtime
	3.39s	 = Validation runtime
Fitting model: LightGBMXT ...
	0.7938	 = Validation score   (accuracy)
	2185.13s	 = Training   runtime
	0.43s	 = Validation runtime
Fitting model: LightGBM ...
	0.811	 = Validation score   (accuracy)
	1342.25s	 = Training   runtime
	0.39s	 = Validation runtime
Fitting model: LightGBM ...
	0.8476	 = Validation score   (accuracy)
	6767.42s	 = Training   runtime
	0.58s	 = Validation runtime
Fitting model: WeightedEnsemble_L2 ...
	Ensemble Weights: {'NeuralNetFastAI': 0.4, 'KNeighborsDist': 0.2, 'XGBoost': 0.2, 'NeuralNetTorch': 0.2}
	0.8738	 = Validation score   (accuracy)
	21.5s	 = Training   runtime
	0.12s	 = Validation runtime
AutoGluon training complete, total runtime = 19225.72s ... Best model: "WeightedEnsemble_L2"
TabularPredictor saved. To load, use: predictor = TabularPredictor.load("AutogluonModels/ag-20250414_193013-011/Predictor_S3 (SBS3 - 0.97)")
No presets specified! To achieve strong results with AutoGluon, it is recommended to use the available presets.
	Recommended Presets (For more details refer to https://auto.gluon.ai/stable/tutorials/tabular/tabular-essentials.html#presets):
	presets='best_quality'   : Maximize accuracy. Default time_limit=3600.
	presets='high_quality'   : Strong accuracy with fast inference speed. Default time_limit=3600.
	presets='good_quality'   : Good accuracy with very fast inference speed. Default time_limit=3600.
	presets='medium_quality' : Fast training time, ideal for initial prototyping.
Beginning AutoGluon training ...
AutoGluon will save models to "AutogluonModels/ag-20250414_193013-011/Predictor_S4 (SBS4 - 0.98)"
=================== System Info ===================
AutoGluon Version:  1.1.0
Python Version:     3.10.15
Operating System:   Linux
Platform Machine:   x86_64
Platform Version:   #1 SMP PREEMPT_DYNAMIC Thu Apr 3 12:12:16 UTC 2025
CPU Count:          272
Memory Avail:       187.16 GB / 203.90 GB (91.8%)
Disk Space Avail:   1370.48 GB / 5120.00 GB (26.8%)
===================================================
Train Data Rows:    14495
Train Data Columns: 99
Label Column:       S4 (SBS4 - 0.98)
AutoGluon infers your prediction problem is: 'binary' (because only two unique label-values observed).
	2 unique label values:  [False, True]
	If 'binary' is not the correct problem_type, please manually specify the problem_type parameter during predictor init (You may specify problem_type as one of: ['binary', 'multiclass', 'regression'])
Problem Type:       binary
Preprocessing data ...
Selected class <--> label mapping:  class 1 = True, class 0 = False
Using Feature Generators to preprocess the data ...
Fitting AutoMLPipelineFeatureGenerator...
	Available Memory:                    191658.26 MB
	Train Data (Original)  Memory Usage: 10.66 MB (0.0% of available memory)
	Inferring data type of each feature based on column values. Set feature_metadata_in to manually specify special dtypes of the features.
	0.7641	 = Validation score   (accuracy)
	4719.33s	 = Training   runtime
	0.5s	 = Validation runtime
Fitting model: WeightedEnsemble_L2 ...
	Stage 1 Generators:
		Fitting AsTypeFeatureGenerator...
			Note: Converting 3 features to boolean dtype as they only contain 2 unique values.
	Stage 2 Generators:
		Fitting FillNaFeatureGenerator...
	Stage 3 Generators:
		Fitting IdentityFeatureGenerator...
	Stage 4 Generators:
		Fitting DropUniqueFeatureGenerator...
	Stage 5 Generators:
		Fitting DropDuplicatesFeatureGenerator...
	Types of features in original data (raw dtype, special dtypes):
		('bool', []) :  3 | ['S1 (SBS1 - 0.99)', 'S2 (SBS2 - 0.99)', 'S3 (SBS3 - 0.97)']
		('int', [])  : 96 | ['A[C>A]A', 'A[C>A]C', 'A[C>A]G', 'A[C>A]T', 'A[C>G]A', ...]
	Types of features in processed data (raw dtype, special dtypes):
		('int', [])       : 96 | ['A[C>A]A', 'A[C>A]C', 'A[C>A]G', 'A[C>A]T', 'A[C>G]A', ...]
		('int', ['bool']) :  3 | ['S1 (SBS1 - 0.99)', 'S2 (SBS2 - 0.99)', 'S3 (SBS3 - 0.97)']
	13.7s = Fit runtime
	99 features in original data used to generate 99 features in processed data.
	Train Data (Processed) Memory Usage: 10.66 MB (0.0% of available memory)
Data preprocessing and feature engineering runtime = 15.31s ...
AutoGluon will gauge predictive performance using evaluation metric: 'accuracy'
	To change this, specify the eval_metric parameter of Predictor()
Automatically generating train/validation split with holdout_frac=0.1, Train Rows: 13045, Val Rows: 1450
User-specified model hyperparameters to be fit:
{
	'NN_TORCH': {},
	'GBM': [{'extra_trees': True, 'ag_args': {'name_suffix': 'XT'}}, {}, 'GBMLarge'],
	'CAT': {},
	'XGB': {},
	'FASTAI': {},
	'RF': [{'criterion': 'gini', 'ag_args': {'name_suffix': 'Gini', 'problem_types': ['binary', 'multiclass']}}, {'criterion': 'entropy', 'ag_args': {'name_suffix': 'Entr', 'problem_types': ['binary', 'multiclass']}}, {'criterion': 'squared_error', 'ag_args': {'name_suffix': 'MSE', 'problem_types': ['regression', 'quantile']}}],
	'XT': [{'criterion': 'gini', 'ag_args': {'name_suffix': 'Gini', 'problem_types': ['binary', 'multiclass']}}, {'criterion': 'entropy', 'ag_args': {'name_suffix': 'Entr', 'problem_types': ['binary', 'multiclass']}}, {'criterion': 'squared_error', 'ag_args': {'name_suffix': 'MSE', 'problem_types': ['regression', 'quantile']}}],
	'KNN': [{'weights': 'uniform', 'ag_args': {'name_suffix': 'Unif'}}, {'weights': 'distance', 'ag_args': {'name_suffix': 'Dist'}}],
}
Fitting 13 L1 models ...
Fitting model: KNeighborsUnif ...
	0.7255	 = Validation score   (accuracy)
	2.4s	 = Training   runtime
	3.44s	 = Validation runtime
Fitting model: KNeighborsDist ...
	0.7283	 = Validation score   (accuracy)
	2.53s	 = Training   runtime
	3.13s	 = Validation runtime
Fitting model: LightGBMXT ...
	Ensemble Weights: {'RandomForestEntr': 0.238, 'LightGBMXT': 0.19, 'CatBoost': 0.143, 'NeuralNetTorch': 0.143, 'LightGBM': 0.095, 'LightGBMLarge': 0.095, 'KNeighborsDist': 0.048, 'NeuralNetFastAI': 0.048}
	0.7848	 = Validation score   (accuracy)
	32.55s	 = Training   runtime
	0.11s	 = Validation runtime
AutoGluon training complete, total runtime = 12361.71s ... Best model: "WeightedEnsemble_L2"
TabularPredictor saved. To load, use: predictor = TabularPredictor.load("AutogluonModels/ag-20250414_193013/Predictor_S4 (SBS4 - 0.98)")
No presets specified! To achieve strong results with AutoGluon, it is recommended to use the available presets.
	Recommended Presets (For more details refer to https://auto.gluon.ai/stable/tutorials/tabular/tabular-essentials.html#presets):
	presets='best_quality'   : Maximize accuracy. Default time_limit=3600.
	presets='high_quality'   : Strong accuracy with fast inference speed. Default time_limit=3600.
	presets='good_quality'   : Good accuracy with very fast inference speed. Default time_limit=3600.
	presets='medium_quality' : Fast training time, ideal for initial prototyping.
Beginning AutoGluon training ...
AutoGluon will save models to "AutogluonModels/ag-20250414_193013/Predictor_S5 (SBS5 - 0.98)"
=================== System Info ===================
AutoGluon Version:  1.1.0
Python Version:     3.10.15
Operating System:   Linux
Platform Machine:   x86_64
Platform Version:   #1 SMP PREEMPT_DYNAMIC Thu Apr 3 12:12:16 UTC 2025
CPU Count:          272
Memory Avail:       187.14 GB / 203.90 GB (91.8%)
Disk Space Avail:   1370.46 GB / 5120.00 GB (26.8%)
===================================================
Train Data Rows:    14495
Train Data Columns: 100
Label Column:       S5 (SBS5 - 0.98)
AutoGluon infers your prediction problem is: 'binary' (because only two unique label-values observed).
	2 unique label values:  [True, False]
	If 'binary' is not the correct problem_type, please manually specify the problem_type parameter during predictor init (You may specify problem_type as one of: ['binary', 'multiclass', 'regression'])
Problem Type:       binary
Preprocessing data ...
Selected class <--> label mapping:  class 1 = True, class 0 = False
Using Feature Generators to preprocess the data ...
Fitting AutoMLPipelineFeatureGenerator...
	Available Memory:                    191641.00 MB
	Train Data (Original)  Memory Usage: 10.67 MB (0.0% of available memory)
	Inferring data type of each feature based on column values. Set feature_metadata_in to manually specify special dtypes of the features.
	Stage 1 Generators:
		Fitting AsTypeFeatureGenerator...
			Note: Converting 4 features to boolean dtype as they only contain 2 unique values.
	Stage 2 Generators:
		Fitting FillNaFeatureGenerator...
	Stage 3 Generators:
		Fitting IdentityFeatureGenerator...
	Stage 4 Generators:
		Fitting DropUniqueFeatureGenerator...
	Stage 5 Generators:
		Fitting DropDuplicatesFeatureGenerator...
	Types of features in original data (raw dtype, special dtypes):
		('bool', []) :  4 | ['S1 (SBS1 - 0.99)', 'S2 (SBS2 - 0.99)', 'S3 (SBS3 - 0.97)', 'S4 (SBS4 - 0.98)']
		('int', [])  : 96 | ['A[C>A]A', 'A[C>A]C', 'A[C>A]G', 'A[C>A]T', 'A[C>G]A', ...]
	Types of features in processed data (raw dtype, special dtypes):
		('int', [])       : 96 | ['A[C>A]A', 'A[C>A]C', 'A[C>A]G', 'A[C>A]T', 'A[C>G]A', ...]
		('int', ['bool']) :  4 | ['S1 (SBS1 - 0.99)', 'S2 (SBS2 - 0.99)', 'S3 (SBS3 - 0.97)', 'S4 (SBS4 - 0.98)']
	9.6s = Fit runtime
	100 features in original data used to generate 100 features in processed data.
	Train Data (Processed) Memory Usage: 10.67 MB (0.0% of available memory)
Data preprocessing and feature engineering runtime = 10.53s ...
AutoGluon will gauge predictive performance using evaluation metric: 'accuracy'
	To change this, specify the eval_metric parameter of Predictor()
Automatically generating train/validation split with holdout_frac=0.1, Train Rows: 13045, Val Rows: 1450
User-specified model hyperparameters to be fit:
{
	'NN_TORCH': {},
	'GBM': [{'extra_trees': True, 'ag_args': {'name_suffix': 'XT'}}, {}, 'GBMLarge'],
	'CAT': {},
	'XGB': {},
	'FASTAI': {},
	'RF': [{'criterion': 'gini', 'ag_args': {'name_suffix': 'Gini', 'problem_types': ['binary', 'multiclass']}}, {'criterion': 'entropy', 'ag_args': {'name_suffix': 'Entr', 'problem_types': ['binary', 'multiclass']}}, {'criterion': 'squared_error', 'ag_args': {'name_suffix': 'MSE', 'problem_types': ['regression', 'quantile']}}],
	'XT': [{'criterion': 'gini', 'ag_args': {'name_suffix': 'Gini', 'problem_types': ['binary', 'multiclass']}}, {'criterion': 'entropy', 'ag_args': {'name_suffix': 'Entr', 'problem_types': ['binary', 'multiclass']}}, {'criterion': 'squared_error', 'ag_args': {'name_suffix': 'MSE', 'problem_types': ['regression', 'quantile']}}],
	'KNN': [{'weights': 'uniform', 'ag_args': {'name_suffix': 'Unif'}}, {'weights': 'distance', 'ag_args': {'name_suffix': 'Dist'}}],
}
Fitting 13 L1 models ...
Fitting model: KNeighborsUnif ...
	0.8607	 = Validation score   (accuracy)
	1.03s	 = Training   runtime
	3.21s	 = Validation runtime
Fitting model: KNeighborsDist ...
	0.8607	 = Validation score   (accuracy)
	0.96s	 = Training   runtime
	3.45s	 = Validation runtime
Fitting model: LightGBMXT ...
	0.8179	 = Validation score   (accuracy)
	1252.24s	 = Training   runtime
	0.45s	 = Validation runtime
Fitting model: RandomForestGini ...
	0.7876	 = Validation score   (accuracy)
	75.98s	 = Training   runtime
	3.41s	 = Validation runtime
Fitting model: RandomForestEntr ...
	0.7897	 = Validation score   (accuracy)
	82.55s	 = Training   runtime
	4.06s	 = Validation runtime
Fitting model: CatBoost ...
	0.8552	 = Validation score   (accuracy)
	6978.29s	 = Training   runtime
	0.88s	 = Validation runtime
Fitting model: WeightedEnsemble_L2 ...
	Ensemble Weights: {'NeuralNetFastAI': 0.4, 'LightGBM': 0.3, 'NeuralNetTorch': 0.2, 'KNeighborsUnif': 0.1}
	0.8828	 = Validation score   (accuracy)
	27.84s	 = Training   runtime
	0.19s	 = Validation runtime
AutoGluon training complete, total runtime = 17921.57s ... Best model: "WeightedEnsemble_L2"
TabularPredictor saved. To load, use: predictor = TabularPredictor.load("AutogluonModels/ag-20250414_193013-009/Predictor_S3 (SBS3 - 0.97)")
No presets specified! To achieve strong results with AutoGluon, it is recommended to use the available presets.
	Recommended Presets (For more details refer to https://auto.gluon.ai/stable/tutorials/tabular/tabular-essentials.html#presets):
	presets='best_quality'   : Maximize accuracy. Default time_limit=3600.
	presets='high_quality'   : Strong accuracy with fast inference speed. Default time_limit=3600.
	presets='good_quality'   : Good accuracy with very fast inference speed. Default time_limit=3600.
	presets='medium_quality' : Fast training time, ideal for initial prototyping.
Beginning AutoGluon training ...
AutoGluon will save models to "AutogluonModels/ag-20250414_193013-009/Predictor_S4 (SBS4 - 0.98)"
=================== System Info ===================
AutoGluon Version:  1.1.0
Python Version:     3.10.15
Operating System:   Linux
Platform Machine:   x86_64
Platform Version:   #1 SMP PREEMPT_DYNAMIC Thu Apr 3 12:12:16 UTC 2025
CPU Count:          272
Memory Avail:       187.07 GB / 203.90 GB (91.7%)
Disk Space Avail:   1370.30 GB / 5120.00 GB (26.8%)
===================================================
Train Data Rows:    14495
Train Data Columns: 99
Label Column:       S4 (SBS4 - 0.98)
AutoGluon infers your prediction problem is: 'binary' (because only two unique label-values observed).
	2 unique label values:  [False, True]
	If 'binary' is not the correct problem_type, please manually specify the problem_type parameter during predictor init (You may specify problem_type as one of: ['binary', 'multiclass', 'regression'])
Problem Type:       binary
Preprocessing data ...
Selected class <--> label mapping:  class 1 = True, class 0 = False
Using Feature Generators to preprocess the data ...
Fitting AutoMLPipelineFeatureGenerator...
	Available Memory:                    191574.38 MB
	Train Data (Original)  Memory Usage: 10.66 MB (0.0% of available memory)
	Inferring data type of each feature based on column values. Set feature_metadata_in to manually specify special dtypes of the features.
	Stage 1 Generators:
		Fitting AsTypeFeatureGenerator...
			Note: Converting 3 features to boolean dtype as they only contain 2 unique values.
	Stage 2 Generators:
		Fitting FillNaFeatureGenerator...
	Stage 3 Generators:
		Fitting IdentityFeatureGenerator...
	Stage 4 Generators:
		Fitting DropUniqueFeatureGenerator...
	Stage 5 Generators:
		Fitting DropDuplicatesFeatureGenerator...
	Types of features in original data (raw dtype, special dtypes):
		('bool', []) :  3 | ['S1 (SBS1 - 0.99)', 'S2 (SBS2 - 0.99)', 'S3 (SBS3 - 0.97)']
		('int', [])  : 96 | ['A[C>A]A', 'A[C>A]C', 'A[C>A]G', 'A[C>A]T', 'A[C>G]A', ...]
	Types of features in processed data (raw dtype, special dtypes):
		('int', [])       : 96 | ['A[C>A]A', 'A[C>A]C', 'A[C>A]G', 'A[C>A]T', 'A[C>G]A', ...]
		('int', ['bool']) :  3 | ['S1 (SBS1 - 0.99)', 'S2 (SBS2 - 0.99)', 'S3 (SBS3 - 0.97)']
	12.3s = Fit runtime
	99 features in original data used to generate 99 features in processed data.
	Train Data (Processed) Memory Usage: 10.66 MB (0.0% of available memory)
Data preprocessing and feature engineering runtime = 14.44s ...
AutoGluon will gauge predictive performance using evaluation metric: 'accuracy'
	To change this, specify the eval_metric parameter of Predictor()
Automatically generating train/validation split with holdout_frac=0.1, Train Rows: 13045, Val Rows: 1450
User-specified model hyperparameters to be fit:
{
	'NN_TORCH': {},
	'GBM': [{'extra_trees': True, 'ag_args': {'name_suffix': 'XT'}}, {}, 'GBMLarge'],
	'CAT': {},
	'XGB': {},
	'FASTAI': {},
	'RF': [{'criterion': 'gini', 'ag_args': {'name_suffix': 'Gini', 'problem_types': ['binary', 'multiclass']}}, {'criterion': 'entropy', 'ag_args': {'name_suffix': 'Entr', 'problem_types': ['binary', 'multiclass']}}, {'criterion': 'squared_error', 'ag_args': {'name_suffix': 'MSE', 'problem_types': ['regression', 'quantile']}}],
	'XT': [{'criterion': 'gini', 'ag_args': {'name_suffix': 'Gini', 'problem_types': ['binary', 'multiclass']}}, {'criterion': 'entropy', 'ag_args': {'name_suffix': 'Entr', 'problem_types': ['binary', 'multiclass']}}, {'criterion': 'squared_error', 'ag_args': {'name_suffix': 'MSE', 'problem_types': ['regression', 'quantile']}}],
	'KNN': [{'weights': 'uniform', 'ag_args': {'name_suffix': 'Unif'}}, {'weights': 'distance', 'ag_args': {'name_suffix': 'Dist'}}],
}
Fitting 13 L1 models ...
Fitting model: KNeighborsUnif ...
	0.7331	 = Validation score   (accuracy)
	2.22s	 = Training   runtime
	4.46s	 = Validation runtime
Fitting model: KNeighborsDist ...
	0.7345	 = Validation score   (accuracy)
	2.56s	 = Training   runtime
	4.79s	 = Validation runtime
Fitting model: LightGBMXT ...
	0.7814	 = Validation score   (accuracy)
	1052.83s	 = Training   runtime
	0.41s	 = Validation runtime
Fitting model: RandomForestGini ...
	0.6807	 = Validation score   (accuracy)
	2105.32s	 = Training   runtime
	21.18s	 = Validation runtime
Fitting model: LightGBMLarge ...
No improvement since epoch 3: early stopping
	0.7234	 = Validation score   (accuracy)
	1936.89s	 = Training   runtime
	25.63s	 = Validation runtime
Fitting model: LightGBMLarge ...
	0.7262	 = Validation score   (accuracy)
	1834.0s	 = Training   runtime
	5.04s	 = Validation runtime
Fitting model: XGBoost ...
	0.7517	 = Validation score   (accuracy)
	80.29s	 = Training   runtime
	3.93s	 = Validation runtime
Fitting model: RandomForestEntr ...
	0.8021	 = Validation score   (accuracy)
	1218.57s	 = Training   runtime
	0.48s	 = Validation runtime
Fitting model: RandomForestGini ...
	0.8628	 = Validation score   (accuracy)
	1228.22s	 = Training   runtime
	0.56s	 = Validation runtime
Fitting model: LightGBM ...
	0.7559	 = Validation score   (accuracy)
	120.03s	 = Training   runtime
	6.29s	 = Validation runtime
Fitting model: CatBoost ...
	0.7786	 = Validation score   (accuracy)
	124.36s	 = Training   runtime
	3.73s	 = Validation runtime
Fitting model: RandomForestEntr ...
No improvement since epoch 4: early stopping
	0.7172	 = Validation score   (accuracy)
	1922.85s	 = Training   runtime
	4.33s	 = Validation runtime
Fitting model: XGBoost ...
	0.7876	 = Validation score   (accuracy)
	1093.27s	 = Training   runtime
	0.53s	 = Validation runtime
Fitting model: RandomForestGini ...
	0.8628	 = Validation score   (accuracy)
	6572.5s	 = Training   runtime
	1.06s	 = Validation runtime
Fitting model: WeightedEnsemble_L2 ...
	0.7759	 = Validation score   (accuracy)
	96.19s	 = Training   runtime
	5.67s	 = Validation runtime
Fitting model: CatBoost ...
	Ensemble Weights: {'NeuralNetTorch': 0.333, 'ExtraTreesEntr': 0.222, 'NeuralNetFastAI': 0.222, 'LightGBMXT': 0.111, 'LightGBM': 0.111}
	0.88	 = Validation score   (accuracy)
	49.68s	 = Training   runtime
	0.7269	 = Validation score   (accuracy)
	275.32s	 = Training   runtime
	1.21s	 = Validation runtime
	0.2s	 = Validation runtime
Fitting model: NeuralNetTorch ...
AutoGluon training complete, total runtime = 20170.21s ... Best model: "WeightedEnsemble_L2"
TabularPredictor saved. To load, use: predictor = TabularPredictor.load("AutogluonModels/ag-20250414_193013-006/Predictor_S3 (SBS3 - 0.97)")
No presets specified! To achieve strong results with AutoGluon, it is recommended to use the available presets.
	Recommended Presets (For more details refer to https://auto.gluon.ai/stable/tutorials/tabular/tabular-essentials.html#presets):
	presets='best_quality'   : Maximize accuracy. Default time_limit=3600.
	presets='high_quality'   : Strong accuracy with fast inference speed. Default time_limit=3600.
	presets='good_quality'   : Good accuracy with very fast inference speed. Default time_limit=3600.
	presets='medium_quality' : Fast training time, ideal for initial prototyping.
Beginning AutoGluon training ...
AutoGluon will save models to "AutogluonModels/ag-20250414_193013-006/Predictor_S4 (SBS4 - 0.98)"
=================== System Info ===================
AutoGluon Version:  1.1.0
Python Version:     3.10.15
Operating System:   Linux
Platform Machine:   x86_64
Platform Version:   #1 SMP PREEMPT_DYNAMIC Thu Apr 3 12:12:16 UTC 2025
CPU Count:          272
Memory Avail:       186.90 GB / 203.90 GB (91.7%)
Disk Space Avail:   1369.98 GB / 5120.00 GB (26.8%)
===================================================
Train Data Rows:    14495
Train Data Columns: 99
Label Column:       S4 (SBS4 - 0.98)
AutoGluon infers your prediction problem is: 'binary' (because only two unique label-values observed).
	2 unique label values:  [False, True]
	If 'binary' is not the correct problem_type, please manually specify the problem_type parameter during predictor init (You may specify problem_type as one of: ['binary', 'multiclass', 'regression'])
Problem Type:       binary
Preprocessing data ...
Selected class <--> label mapping:  class 1 = True, class 0 = False
Using Feature Generators to preprocess the data ...
Fitting AutoMLPipelineFeatureGenerator...
	Available Memory:                    191407.46 MB
	Train Data (Original)  Memory Usage: 10.66 MB (0.0% of available memory)
	Inferring data type of each feature based on column values. Set feature_metadata_in to manually specify special dtypes of the features.
	Stage 1 Generators:
		Fitting AsTypeFeatureGenerator...
			Note: Converting 3 features to boolean dtype as they only contain 2 unique values.
	Stage 2 Generators:
		Fitting FillNaFeatureGenerator...
	Stage 3 Generators:
		Fitting IdentityFeatureGenerator...
	Stage 4 Generators:
		Fitting DropUniqueFeatureGenerator...
	Stage 5 Generators:
		Fitting DropDuplicatesFeatureGenerator...
	Types of features in original data (raw dtype, special dtypes):
		('bool', []) :  3 | ['S1 (SBS1 - 0.99)', 'S2 (SBS2 - 0.99)', 'S3 (SBS3 - 0.97)']
		('int', [])  : 96 | ['A[C>A]A', 'A[C>A]C', 'A[C>A]G', 'A[C>A]T', 'A[C>G]A', ...]
	Types of features in processed data (raw dtype, special dtypes):
		('int', [])       : 96 | ['A[C>A]A', 'A[C>A]C', 'A[C>A]G', 'A[C>A]T', 'A[C>G]A', ...]
		('int', ['bool']) :  3 | ['S1 (SBS1 - 0.99)', 'S2 (SBS2 - 0.99)', 'S3 (SBS3 - 0.97)']
	29.6s = Fit runtime
	99 features in original data used to generate 99 features in processed data.
	Train Data (Processed) Memory Usage: 10.66 MB (0.0% of available memory)
Data preprocessing and feature engineering runtime = 32.59s ...
AutoGluon will gauge predictive performance using evaluation metric: 'accuracy'
	To change this, specify the eval_metric parameter of Predictor()
Automatically generating train/validation split with holdout_frac=0.1, Train Rows: 13045, Val Rows: 1450
User-specified model hyperparameters to be fit:
{
	'NN_TORCH': {},
	'GBM': [{'extra_trees': True, 'ag_args': {'name_suffix': 'XT'}}, {}, 'GBMLarge'],
	'CAT': {},
	'XGB': {},
	'FASTAI': {},
	'RF': [{'criterion': 'gini', 'ag_args': {'name_suffix': 'Gini', 'problem_types': ['binary', 'multiclass']}}, {'criterion': 'entropy', 'ag_args': {'name_suffix': 'Entr', 'problem_types': ['binary', 'multiclass']}}, {'criterion': 'squared_error', 'ag_args': {'name_suffix': 'MSE', 'problem_types': ['regression', 'quantile']}}],
	'XT': [{'criterion': 'gini', 'ag_args': {'name_suffix': 'Gini', 'problem_types': ['binary', 'multiclass']}}, {'criterion': 'entropy', 'ag_args': {'name_suffix': 'Entr', 'problem_types': ['binary', 'multiclass']}}, {'criterion': 'squared_error', 'ag_args': {'name_suffix': 'MSE', 'problem_types': ['regression', 'quantile']}}],
	'KNN': [{'weights': 'uniform', 'ag_args': {'name_suffix': 'Unif'}}, {'weights': 'distance', 'ag_args': {'name_suffix': 'Dist'}}],
}
Fitting 13 L1 models ...
Fitting model: KNeighborsUnif ...
	0.7724	 = Validation score   (accuracy)
	108.1s	 = Training   runtime
	4.31s	 = Validation runtime
Fitting model: RandomForestEntr ...
	0.7352	 = Validation score   (accuracy)
	4.77s	 = Training   runtime
	4.32s	 = Validation runtime
Fitting model: KNeighborsDist ...
	0.7359	 = Validation score   (accuracy)
	2.81s	 = Training   runtime
	5.81s	 = Validation runtime
Fitting model: LightGBMXT ...
	0.7641	 = Validation score   (accuracy)
	94.06s	 = Training   runtime
	4.06s	 = Validation runtime
Fitting model: CatBoost ...
	0.7683	 = Validation score   (accuracy)
	406.74s	 = Training   runtime
	0.47s	 = Validation runtime
Fitting model: ExtraTreesGini ...
	0.7193	 = Validation score   (accuracy)
	372.79s	 = Training   runtime
	0.85s	 = Validation runtime
Fitting model: NeuralNetTorch ...
	0.8131	 = Validation score   (accuracy)
	797.1s	 = Training   runtime
	1.39s	 = Validation runtime
Fitting model: ExtraTreesGini ...
	0.7262	 = Validation score   (accuracy)
	66.64s	 = Training   runtime
	4.86s	 = Validation runtime
Fitting model: ExtraTreesEntr ...
	0.7717	 = Validation score   (accuracy)
	76.51s	 = Training   runtime
	5.17s	 = Validation runtime
Fitting model: ExtraTreesEntr ...
	0.7345	 = Validation score   (accuracy)
	85.93s	 = Training   runtime
	5.37s	 = Validation runtime
Fitting model: NeuralNetFastAI ...
	0.7614	 = Validation score   (accuracy)
	82.13s	 = Training   runtime
	4.94s	 = Validation runtime
Fitting model: NeuralNetFastAI ...
	0.7807	 = Validation score   (accuracy)
	388.48s	 = Training   runtime
	0.72s	 = Validation runtime
Fitting model: ExtraTreesGini ...
	0.7352	 = Validation score   (accuracy)
	53.23s	 = Training   runtime
	3.98s	 = Validation runtime
Fitting model: ExtraTreesEntr ...
	0.829	 = Validation score   (accuracy)
	1970.13s	 = Training   runtime
	0.72s	 = Validation runtime
Fitting model: LightGBM ...
	0.8634	 = Validation score   (accuracy)
	886.25s	 = Training   runtime
	0.56s	 = Validation runtime
Fitting model: RandomForestGini ...
	0.7966	 = Validation score   (accuracy)
	674.74s	 = Training   runtime
	0.58s	 = Validation runtime
Fitting model: ExtraTreesGini ...
	0.7455	 = Validation score   (accuracy)
	52.55s	 = Training   runtime
	5.54s	 = Validation runtime
Fitting model: NeuralNetFastAI ...
	0.8103	 = Validation score   (accuracy)
	1577.87s	 = Training   runtime
	0.82s	 = Validation runtime
Fitting model: RandomForestGini ...
	0.8531	 = Validation score   (accuracy)
	73.55s	 = Training   runtime
	12.62s	 = Validation runtime
Fitting model: RandomForestEntr ...
	0.749	 = Validation score   (accuracy)
	65.84s	 = Training   runtime
	6.7s	 = Validation runtime
Fitting model: ExtraTreesEntr ...
	0.7903	 = Validation score   (accuracy)
	102.12s	 = Training   runtime
	12.4s	 = Validation runtime
Fitting model: RandomForestEntr ...
	0.8593	 = Validation score   (accuracy)
	85.13s	 = Training   runtime
	7.45s	 = Validation runtime
Fitting model: CatBoost ...
	0.7428	 = Validation score   (accuracy)
	73.09s	 = Training   runtime
	6.79s	 = Validation runtime
Fitting model: NeuralNetFastAI ...
	0.7876	 = Validation score   (accuracy)
	87.64s	 = Training   runtime
	3.98s	 = Validation runtime
Fitting model: CatBoost ...
	0.8897	 = Validation score   (accuracy)
	1723.87s	 = Training   runtime
	0.65s	 = Validation runtime
Fitting model: LightGBM ...
	0.8634	 = Validation score   (accuracy)
	365.19s	 = Training   runtime
	0.63s	 = Validation runtime
Fitting model: ExtraTreesGini ...
	0.86	 = Validation score   (accuracy)
	6680.06s	 = Training   runtime
	0.83s	 = Validation runtime
Fitting model: WeightedEnsemble_L2 ...
	0.8559	 = Validation score   (accuracy)
	55.63s	 = Training   runtime
	5.1s	 = Validation runtime
Fitting model: ExtraTreesEntr ...
	Ensemble Weights: {'KNeighborsDist': 0.25, 'LightGBMXT': 0.25, 'NeuralNetFastAI': 0.25, 'NeuralNetTorch': 0.25}
	0.88	 = Validation score   (accuracy)
	69.58s	 = Training   runtime
	0.28s	 = Validation runtime
AutoGluon training complete, total runtime = 19733.9s ... Best model: "WeightedEnsemble_L2"
TabularPredictor saved. To load, use: predictor = TabularPredictor.load("AutogluonModels/ag-20250414_193013-008/Predictor_S3 (SBS3 - 0.97)")
No presets specified! To achieve strong results with AutoGluon, it is recommended to use the available presets.
	Recommended Presets (For more details refer to https://auto.gluon.ai/stable/tutorials/tabular/tabular-essentials.html#presets):
	presets='best_quality'   : Maximize accuracy. Default time_limit=3600.
	presets='high_quality'   : Strong accuracy with fast inference speed. Default time_limit=3600.
	presets='good_quality'   : Good accuracy with very fast inference speed. Default time_limit=3600.
	presets='medium_quality' : Fast training time, ideal for initial prototyping.
Beginning AutoGluon training ...
AutoGluon will save models to "AutogluonModels/ag-20250414_193013-008/Predictor_S4 (SBS4 - 0.98)"
=================== System Info ===================
AutoGluon Version:  1.1.0
Python Version:     3.10.15
Operating System:   Linux
Platform Machine:   x86_64
Platform Version:   #1 SMP PREEMPT_DYNAMIC Thu Apr 3 12:12:16 UTC 2025
CPU Count:          272
Memory Avail:       186.61 GB / 203.90 GB (91.5%)
Disk Space Avail:   1368.46 GB / 5120.00 GB (26.7%)
===================================================
Train Data Rows:    14495
Train Data Columns: 99
Label Column:       S4 (SBS4 - 0.98)
AutoGluon infers your prediction problem is: 'binary' (because only two unique label-values observed).
	2 unique label values:  [False, True]
	If 'binary' is not the correct problem_type, please manually specify the problem_type parameter during predictor init (You may specify problem_type as one of: ['binary', 'multiclass', 'regression'])
Problem Type:       binary
Preprocessing data ...
Selected class <--> label mapping:  class 1 = True, class 0 = False
Using Feature Generators to preprocess the data ...
Fitting AutoMLPipelineFeatureGenerator...
	Available Memory:                    191100.88 MB
	Train Data (Original)  Memory Usage: 10.66 MB (0.0% of available memory)
	Inferring data type of each feature based on column values. Set feature_metadata_in to manually specify special dtypes of the features.
	Stage 1 Generators:
		Fitting AsTypeFeatureGenerator...
			Note: Converting 3 features to boolean dtype as they only contain 2 unique values.
	Stage 2 Generators:
		Fitting FillNaFeatureGenerator...
	Stage 3 Generators:
		Fitting IdentityFeatureGenerator...
	Stage 4 Generators:
		Fitting DropUniqueFeatureGenerator...
	Stage 5 Generators:
		Fitting DropDuplicatesFeatureGenerator...
	Types of features in original data (raw dtype, special dtypes):
		('bool', []) :  3 | ['S1 (SBS1 - 0.99)', 'S2 (SBS2 - 0.99)', 'S3 (SBS3 - 0.97)']
		('int', [])  : 96 | ['A[C>A]A', 'A[C>A]C', 'A[C>A]G', 'A[C>A]T', 'A[C>G]A', ...]
	Types of features in processed data (raw dtype, special dtypes):
		('int', [])       : 96 | ['A[C>A]A', 'A[C>A]C', 'A[C>A]G', 'A[C>A]T', 'A[C>G]A', ...]
		('int', ['bool']) :  3 | ['S1 (SBS1 - 0.99)', 'S2 (SBS2 - 0.99)', 'S3 (SBS3 - 0.97)']
	46.2s = Fit runtime
	99 features in original data used to generate 99 features in processed data.
	Train Data (Processed) Memory Usage: 10.66 MB (0.0% of available memory)
Data preprocessing and feature engineering runtime = 48.42s ...
AutoGluon will gauge predictive performance using evaluation metric: 'accuracy'
	To change this, specify the eval_metric parameter of Predictor()
Automatically generating train/validation split with holdout_frac=0.1, Train Rows: 13045, Val Rows: 1450
User-specified model hyperparameters to be fit:
{
	'NN_TORCH': {},
	'GBM': [{'extra_trees': True, 'ag_args': {'name_suffix': 'XT'}}, {}, 'GBMLarge'],
	'CAT': {},
	'XGB': {},
	'FASTAI': {},
	'RF': [{'criterion': 'gini', 'ag_args': {'name_suffix': 'Gini', 'problem_types': ['binary', 'multiclass']}}, {'criterion': 'entropy', 'ag_args': {'name_suffix': 'Entr', 'problem_types': ['binary', 'multiclass']}}, {'criterion': 'squared_error', 'ag_args': {'name_suffix': 'MSE', 'problem_types': ['regression', 'quantile']}}],
	'XT': [{'criterion': 'gini', 'ag_args': {'name_suffix': 'Gini', 'problem_types': ['binary', 'multiclass']}}, {'criterion': 'entropy', 'ag_args': {'name_suffix': 'Entr', 'problem_types': ['binary', 'multiclass']}}, {'criterion': 'squared_error', 'ag_args': {'name_suffix': 'MSE', 'problem_types': ['regression', 'quantile']}}],
	'KNN': [{'weights': 'uniform', 'ag_args': {'name_suffix': 'Unif'}}, {'weights': 'distance', 'ag_args': {'name_suffix': 'Dist'}}],
}
Fitting 13 L1 models ...
Fitting model: KNeighborsUnif ...
	0.8538	 = Validation score   (accuracy)
	60.03s	 = Training   runtime
	6.53s	 = Validation runtime
Fitting model: NeuralNetFastAI ...
	0.731	 = Validation score   (accuracy)
	4.31s	 = Training   runtime
	3.71s	 = Validation runtime
Fitting model: KNeighborsDist ...
	0.7317	 = Validation score   (accuracy)
	3.75s	 = Training   runtime
	3.95s	 = Validation runtime
Fitting model: LightGBMXT ...
	0.8241	 = Validation score   (accuracy)
	772.61s	 = Training   runtime
	0.4s	 = Validation runtime
Fitting model: RandomForestGini ...
	0.8207	 = Validation score   (accuracy)
	2254.38s	 = Training   runtime
	1.04s	 = Validation runtime
Fitting model: LightGBM ...
	0.7903	 = Validation score   (accuracy)
	83.81s	 = Training   runtime
	5.85s	 = Validation runtime
Fitting model: RandomForestEntr ...
	0.8083	 = Validation score   (accuracy)
	654.77s	 = Training   runtime
	1.05s	 = Validation runtime
Fitting model: ExtraTreesGini ...
	0.7903	 = Validation score   (accuracy)
	92.59s	 = Training   runtime
	10.98s	 = Validation runtime
Fitting model: CatBoost ...
	0.7593	 = Validation score   (accuracy)
	46.47s	 = Training   runtime
	4.63s	 = Validation runtime
Fitting model: ExtraTreesEntr ...
	0.76	 = Validation score   (accuracy)
	46.21s	 = Training   runtime
	4.49s	 = Validation runtime
Fitting model: NeuralNetFastAI ...
	0.8262	 = Validation score   (accuracy)
	1797.71s	 = Training   runtime
	0.5s	 = Validation runtime
Fitting model: LightGBM ...
	0.7193	 = Validation score   (accuracy)
	2336.36s	 = Training   runtime
	0.48s	 = Validation runtime
Fitting model: WeightedEnsemble_L2 ...
	Ensemble Weights: {'LightGBMXT': 0.278, 'NeuralNetFastAI': 0.278, 'LightGBMLarge': 0.278, 'RandomForestGini': 0.056, 'RandomForestEntr': 0.056, 'CatBoost': 0.056}
	0.7359	 = Validation score   (accuracy)
	49.47s	 = Training   runtime
	0.28s	 = Validation runtime
AutoGluon training complete, total runtime = 9778.09s ... Best model: "WeightedEnsemble_L2"
TabularPredictor saved. To load, use: predictor = TabularPredictor.load("AutogluonModels/ag-20250414_193013-003/Predictor_S4 (SBS4 - 0.98)")
No presets specified! To achieve strong results with AutoGluon, it is recommended to use the available presets.
	Recommended Presets (For more details refer to https://auto.gluon.ai/stable/tutorials/tabular/tabular-essentials.html#presets):
	presets='best_quality'   : Maximize accuracy. Default time_limit=3600.
	presets='high_quality'   : Strong accuracy with fast inference speed. Default time_limit=3600.
	presets='good_quality'   : Good accuracy with very fast inference speed. Default time_limit=3600.
	presets='medium_quality' : Fast training time, ideal for initial prototyping.
Beginning AutoGluon training ...
AutoGluon will save models to "AutogluonModels/ag-20250414_193013-003/Predictor_S5 (SBS5 - 0.98)"
=================== System Info ===================
AutoGluon Version:  1.1.0
Python Version:     3.10.15
Operating System:   Linux
Platform Machine:   x86_64
Platform Version:   #1 SMP PREEMPT_DYNAMIC Thu Apr 3 12:12:16 UTC 2025
CPU Count:          272
Memory Avail:       186.46 GB / 203.90 GB (91.4%)
Disk Space Avail:   1367.96 GB / 5120.00 GB (26.7%)
===================================================
Train Data Rows:    14495
Train Data Columns: 100
Label Column:       S5 (SBS5 - 0.98)
AutoGluon infers your prediction problem is: 'binary' (because only two unique label-values observed).
	2 unique label values:  [True, False]
	If 'binary' is not the correct problem_type, please manually specify the problem_type parameter during predictor init (You may specify problem_type as one of: ['binary', 'multiclass', 'regression'])
Problem Type:       binary
Preprocessing data ...
	0.8883	 = Validation score   (accuracy)
	1066.01s	 = Training   runtime
	0.58s	 = Validation runtime
Selected class <--> label mapping:  class 1 = True, class 0 = False
Fitting model: RandomForestGini ...
Using Feature Generators to preprocess the data ...
Fitting AutoMLPipelineFeatureGenerator...
	Available Memory:                    190942.52 MB
	Train Data (Original)  Memory Usage: 10.67 MB (0.0% of available memory)
	Inferring data type of each feature based on column values. Set feature_metadata_in to manually specify special dtypes of the features.
	Stage 1 Generators:
		Fitting AsTypeFeatureGenerator...
			Note: Converting 4 features to boolean dtype as they only contain 2 unique values.
	Stage 2 Generators:
		Fitting FillNaFeatureGenerator...
	Stage 3 Generators:
		Fitting IdentityFeatureGenerator...
	Stage 4 Generators:
		Fitting DropUniqueFeatureGenerator...
	Stage 5 Generators:
		Fitting DropDuplicatesFeatureGenerator...
	Types of features in original data (raw dtype, special dtypes):
		('bool', []) :  4 | ['S1 (SBS1 - 0.99)', 'S2 (SBS2 - 0.99)', 'S3 (SBS3 - 0.97)', 'S4 (SBS4 - 0.98)']
		('int', [])  : 96 | ['A[C>A]A', 'A[C>A]C', 'A[C>A]G', 'A[C>A]T', 'A[C>G]A', ...]
	Types of features in processed data (raw dtype, special dtypes):
		('int', [])       : 96 | ['A[C>A]A', 'A[C>A]C', 'A[C>A]G', 'A[C>A]T', 'A[C>G]A', ...]
		('int', ['bool']) :  4 | ['S1 (SBS1 - 0.99)', 'S2 (SBS2 - 0.99)', 'S3 (SBS3 - 0.97)', 'S4 (SBS4 - 0.98)']
	43.6s = Fit runtime
	100 features in original data used to generate 100 features in processed data.
	Train Data (Processed) Memory Usage: 10.67 MB (0.0% of available memory)
Data preprocessing and feature engineering runtime = 45.92s ...
AutoGluon will gauge predictive performance using evaluation metric: 'accuracy'
	To change this, specify the eval_metric parameter of Predictor()
Automatically generating train/validation split with holdout_frac=0.1, Train Rows: 13045, Val Rows: 1450
User-specified model hyperparameters to be fit:
{
	'NN_TORCH': {},
	'GBM': [{'extra_trees': True, 'ag_args': {'name_suffix': 'XT'}}, {}, 'GBMLarge'],
	'CAT': {},
	'XGB': {},
	'FASTAI': {},
	'RF': [{'criterion': 'gini', 'ag_args': {'name_suffix': 'Gini', 'problem_types': ['binary', 'multiclass']}}, {'criterion': 'entropy', 'ag_args': {'name_suffix': 'Entr', 'problem_types': ['binary', 'multiclass']}}, {'criterion': 'squared_error', 'ag_args': {'name_suffix': 'MSE', 'problem_types': ['regression', 'quantile']}}],
	'XT': [{'criterion': 'gini', 'ag_args': {'name_suffix': 'Gini', 'problem_types': ['binary', 'multiclass']}}, {'criterion': 'entropy', 'ag_args': {'name_suffix': 'Entr', 'problem_types': ['binary', 'multiclass']}}, {'criterion': 'squared_error', 'ag_args': {'name_suffix': 'MSE', 'problem_types': ['regression', 'quantile']}}],
	'KNN': [{'weights': 'uniform', 'ag_args': {'name_suffix': 'Unif'}}, {'weights': 'distance', 'ag_args': {'name_suffix': 'Dist'}}],
}
Fitting 13 L1 models ...
Fitting model: KNeighborsUnif ...
	0.851	 = Validation score   (accuracy)
	5.01s	 = Training   runtime
	3.71s	 = Validation runtime
Fitting model: KNeighborsDist ...
	0.851	 = Validation score   (accuracy)
	3.68s	 = Training   runtime
	4.78s	 = Validation runtime
Fitting model: LightGBMXT ...
	0.8766	 = Validation score   (accuracy)
	63.97s	 = Training   runtime
	5.93s	 = Validation runtime
Fitting model: RandomForestEntr ...
	0.8793	 = Validation score   (accuracy)
	64.71s	 = Training   runtime
	5.05s	 = Validation runtime
Fitting model: CatBoost ...
	0.8138	 = Validation score   (accuracy)
	790.76s	 = Training   runtime
	0.57s	 = Validation runtime
Fitting model: RandomForestGini ...
	0.7979	 = Validation score   (accuracy)
	72.05s	 = Training   runtime
	5.46s	 = Validation runtime
Fitting model: RandomForestEntr ...
	0.831	 = Validation score   (accuracy)
	2806.09s	 = Training   runtime
	0.79s	 = Validation runtime
Fitting model: LightGBM ...
	0.7979	 = Validation score   (accuracy)
	77.51s	 = Training   runtime
	5.32s	 = Validation runtime
Fitting model: CatBoost ...
	0.8269	 = Validation score   (accuracy)
	903.32s	 = Training   runtime
	1.01s	 = Validation runtime
Fitting model: ExtraTreesGini ...
	0.7752	 = Validation score   (accuracy)
	50.6s	 = Training   runtime
	5.34s	 = Validation runtime
Fitting model: ExtraTreesEntr ...
	0.7779	 = Validation score   (accuracy)
	58.29s	 = Training   runtime
	7.09s	 = Validation runtime
Fitting model: NeuralNetFastAI ...
	0.8903	 = Validation score   (accuracy)
	449.14s	 = Training   runtime
	0.72s	 = Validation runtime
Fitting model: ExtraTreesGini ...
	0.8738	 = Validation score   (accuracy)
	50.71s	 = Training   runtime
	6.07s	 = Validation runtime
Fitting model: ExtraTreesEntr ...
	0.8331	 = Validation score   (accuracy)
	897.08s	 = Training   runtime
	0.96s	 = Validation runtime
Fitting model: RandomForestGini ...
	0.8738	 = Validation score   (accuracy)
	51.77s	 = Training   runtime
	9.04s	 = Validation runtime
Fitting model: NeuralNetFastAI ...
	0.7938	 = Validation score   (accuracy)
	88.01s	 = Training   runtime
	6.33s	 = Validation runtime
Fitting model: RandomForestEntr ...
	0.7972	 = Validation score   (accuracy)
	86.83s	 = Training   runtime
	7.51s	 = Validation runtime
Fitting model: CatBoost ...
	0.8166	 = Validation score   (accuracy)
	592.06s	 = Training   runtime
	0.84s	 = Validation runtime
Fitting model: ExtraTreesGini ...
	0.7683	 = Validation score   (accuracy)
	46.71s	 = Training   runtime
	5.56s	 = Validation runtime
Fitting model: ExtraTreesEntr ...
	0.8221	 = Validation score   (accuracy)
	1817.39s	 = Training   runtime
	0.78s	 = Validation runtime
Fitting model: LightGBM ...
	0.7641	 = Validation score   (accuracy)
	48.46s	 = Training   runtime
	5.74s	 = Validation runtime
Fitting model: NeuralNetFastAI ...
	0.8283	 = Validation score   (accuracy)
	825.2s	 = Training   runtime
	0.39s	 = Validation runtime
Fitting model: RandomForestGini ...
	0.7966	 = Validation score   (accuracy)
	71.61s	 = Training   runtime
	8.34s	 = Validation runtime
Fitting model: RandomForestEntr ...
	0.7938	 = Validation score   (accuracy)
	80.67s	 = Training   runtime
	8.2s	 = Validation runtime
Fitting model: CatBoost ...
	0.8766	 = Validation score   (accuracy)
	1604.77s	 = Training   runtime
	0.69s	 = Validation runtime
Fitting model: LightGBM ...
	0.831	 = Validation score   (accuracy)
	946.44s	 = Training   runtime
	0.65s	 = Validation runtime
Fitting model: ExtraTreesGini ...
	0.82	 = Validation score   (accuracy)
	472.31s	 = Training   runtime
	0.89s	 = Validation runtime
Fitting model: ExtraTreesGini ...
	0.7821	 = Validation score   (accuracy)
	49.98s	 = Training   runtime
	7.71s	 = Validation runtime
Fitting model: ExtraTreesEntr ...
	0.8297	 = Validation score   (accuracy)
	822.31s	 = Training   runtime
	0.3s	 = Validation runtime
Fitting model: RandomForestGini ...
	0.7669	 = Validation score   (accuracy)
	50.26s	 = Training   runtime
	7.25s	 = Validation runtime
Fitting model: ExtraTreesEntr ...
	0.7786	 = Validation score   (accuracy)
	51.6s	 = Training   runtime
	10.08s	 = Validation runtime
Fitting model: NeuralNetFastAI ...
	0.8779	 = Validation score   (accuracy)
	336.16s	 = Training   runtime
	0.17s	 = Validation runtime
Fitting model: RandomForestGini ...
	0.7793	 = Validation score   (accuracy)
	61.05s	 = Training   runtime
	6.53s	 = Validation runtime
Fitting model: NeuralNetFastAI ...
	0.791	 = Validation score   (accuracy)
	72.93s	 = Training   runtime
	6.74s	 = Validation runtime
Fitting model: RandomForestEntr ...
	0.869	 = Validation score   (accuracy)
	38.49s	 = Training   runtime
	9.62s	 = Validation runtime
Fitting model: RandomForestEntr ...
	0.7931	 = Validation score   (accuracy)
	64.85s	 = Training   runtime
	10.06s	 = Validation runtime
Fitting model: CatBoost ...
	0.8683	 = Validation score   (accuracy)
	46.07s	 = Training   runtime
	5.28s	 = Validation runtime
Fitting model: CatBoost ...
	0.8131	 = Validation score   (accuracy)
	318.16s	 = Training   runtime
	0.53s	 = Validation runtime
Fitting model: ExtraTreesGini ...
	0.7076	 = Validation score   (accuracy)
	4462.39s	 = Training   runtime
	27.88s	 = Validation runtime
Fitting model: LightGBMLarge ...
	0.8828	 = Validation score   (accuracy)
	322.85s	 = Training   runtime
	0.24s	 = Validation runtime
Fitting model: ExtraTreesGini ...
	0.771	 = Validation score   (accuracy)
	41.3s	 = Training   runtime
	10.16s	 = Validation runtime
Fitting model: ExtraTreesEntr ...
	0.8545	 = Validation score   (accuracy)
	43.53s	 = Training   runtime
	7.98s	 = Validation runtime
Fitting model: ExtraTreesEntr ...
	0.7793	 = Validation score   (accuracy)
	41.2s	 = Training   runtime
	10.67s	 = Validation runtime
Fitting model: NeuralNetFastAI ...
	0.8552	 = Validation score   (accuracy)
	51.71s	 = Training   runtime
	5.86s	 = Validation runtime
Fitting model: NeuralNetFastAI ...
	0.76	 = Validation score   (accuracy)
	5026.76s	 = Training   runtime
	0.48s	 = Validation runtime
Fitting model: WeightedEnsemble_L2 ...
	Ensemble Weights: {'CatBoost': 0.292, 'NeuralNetFastAI': 0.292, 'LightGBMXT': 0.125, 'LightGBMLarge': 0.125, 'NeuralNetTorch': 0.083, 'KNeighborsDist': 0.042, 'RandomForestEntr': 0.042}
	0.7738	 = Validation score   (accuracy)
	33.5s	 = Training   runtime
	0.14s	 = Validation runtime
AutoGluon training complete, total runtime = 12885.15s ... Best model: "WeightedEnsemble_L2"
TabularPredictor saved. To load, use: predictor = TabularPredictor.load("AutogluonModels/ag-20250414_193013-001/Predictor_S4 (SBS4 - 0.98)")
No presets specified! To achieve strong results with AutoGluon, it is recommended to use the available presets.
	Recommended Presets (For more details refer to https://auto.gluon.ai/stable/tutorials/tabular/tabular-essentials.html#presets):
	presets='best_quality'   : Maximize accuracy. Default time_limit=3600.
	presets='high_quality'   : Strong accuracy with fast inference speed. Default time_limit=3600.
	presets='good_quality'   : Good accuracy with very fast inference speed. Default time_limit=3600.
	presets='medium_quality' : Fast training time, ideal for initial prototyping.
Beginning AutoGluon training ...
AutoGluon will save models to "AutogluonModels/ag-20250414_193013-001/Predictor_S5 (SBS5 - 0.98)"
=================== System Info ===================
AutoGluon Version:  1.1.0
Python Version:     3.10.15
Operating System:   Linux
Platform Machine:   x86_64
Platform Version:   #1 SMP PREEMPT_DYNAMIC Thu Apr 3 12:12:16 UTC 2025
CPU Count:          272
Memory Avail:       186.26 GB / 203.90 GB (91.4%)
Disk Space Avail:   1365.67 GB / 5120.00 GB (26.7%)
===================================================
Train Data Rows:    14495
Train Data Columns: 100
Label Column:       S5 (SBS5 - 0.98)
AutoGluon infers your prediction problem is: 'binary' (because only two unique label-values observed).
	2 unique label values:  [True, False]
	If 'binary' is not the correct problem_type, please manually specify the problem_type parameter during predictor init (You may specify problem_type as one of: ['binary', 'multiclass', 'regression'])
Problem Type:       binary
Preprocessing data ...
Selected class <--> label mapping:  class 1 = True, class 0 = False
Using Feature Generators to preprocess the data ...
Fitting AutoMLPipelineFeatureGenerator...
	Available Memory:                    190742.78 MB
	Train Data (Original)  Memory Usage: 10.67 MB (0.0% of available memory)
	Inferring data type of each feature based on column values. Set feature_metadata_in to manually specify special dtypes of the features.
	Stage 1 Generators:
		Fitting AsTypeFeatureGenerator...
			Note: Converting 4 features to boolean dtype as they only contain 2 unique values.
	Stage 2 Generators:
		Fitting FillNaFeatureGenerator...
	Stage 3 Generators:
		Fitting IdentityFeatureGenerator...
	Stage 4 Generators:
		Fitting DropUniqueFeatureGenerator...
	Stage 5 Generators:
		Fitting DropDuplicatesFeatureGenerator...
	Types of features in original data (raw dtype, special dtypes):
		('bool', []) :  4 | ['S1 (SBS1 - 0.99)', 'S2 (SBS2 - 0.99)', 'S3 (SBS3 - 0.97)', 'S4 (SBS4 - 0.98)']
		('int', [])  : 96 | ['A[C>A]A', 'A[C>A]C', 'A[C>A]G', 'A[C>A]T', 'A[C>G]A', ...]
	Types of features in processed data (raw dtype, special dtypes):
		('int', [])       : 96 | ['A[C>A]A', 'A[C>A]C', 'A[C>A]G', 'A[C>A]T', 'A[C>G]A', ...]
		('int', ['bool']) :  4 | ['S1 (SBS1 - 0.99)', 'S2 (SBS2 - 0.99)', 'S3 (SBS3 - 0.97)', 'S4 (SBS4 - 0.98)']
	14.9s = Fit runtime
	100 features in original data used to generate 100 features in processed data.
	Train Data (Processed) Memory Usage: 10.67 MB (0.0% of available memory)
Data preprocessing and feature engineering runtime = 16.09s ...
AutoGluon will gauge predictive performance using evaluation metric: 'accuracy'
	To change this, specify the eval_metric parameter of Predictor()
Automatically generating train/validation split with holdout_frac=0.1, Train Rows: 13045, Val Rows: 1450
User-specified model hyperparameters to be fit:
{
	'NN_TORCH': {},
	'GBM': [{'extra_trees': True, 'ag_args': {'name_suffix': 'XT'}}, {}, 'GBMLarge'],
	'CAT': {},
	'XGB': {},
	'FASTAI': {},
	'RF': [{'criterion': 'gini', 'ag_args': {'name_suffix': 'Gini', 'problem_types': ['binary', 'multiclass']}}, {'criterion': 'entropy', 'ag_args': {'name_suffix': 'Entr', 'problem_types': ['binary', 'multiclass']}}, {'criterion': 'squared_error', 'ag_args': {'name_suffix': 'MSE', 'problem_types': ['regression', 'quantile']}}],
	'XT': [{'criterion': 'gini', 'ag_args': {'name_suffix': 'Gini', 'problem_types': ['binary', 'multiclass']}}, {'criterion': 'entropy', 'ag_args': {'name_suffix': 'Entr', 'problem_types': ['binary', 'multiclass']}}, {'criterion': 'squared_error', 'ag_args': {'name_suffix': 'MSE', 'problem_types': ['regression', 'quantile']}}],
	'KNN': [{'weights': 'uniform', 'ag_args': {'name_suffix': 'Unif'}}, {'weights': 'distance', 'ag_args': {'name_suffix': 'Dist'}}],
}
Fitting 13 L1 models ...
Fitting model: KNeighborsUnif ...
	0.8552	 = Validation score   (accuracy)
	2.25s	 = Training   runtime
	2.66s	 = Validation runtime
Fitting model: KNeighborsDist ...
	0.8552	 = Validation score   (accuracy)
	2.29s	 = Training   runtime
	2.85s	 = Validation runtime
Fitting model: LightGBMXT ...
No improvement since epoch 1: early stopping
	0.8462	 = Validation score   (accuracy)
	3652.39s	 = Training   runtime
	3.48s	 = Validation runtime
Fitting model: XGBoost ...
	0.8634	 = Validation score   (accuracy)
	102.87s	 = Training   runtime
	0.53s	 = Validation runtime
Fitting model: NeuralNetTorch ...
	0.8828	 = Validation score   (accuracy)
	308.57s	 = Training   runtime
	0.34s	 = Validation runtime
Fitting model: LightGBM ...
	0.7786	 = Validation score   (accuracy)
	4776.21s	 = Training   runtime
	3.65s	 = Validation runtime
Fitting model: XGBoost ...
	0.7731	 = Validation score   (accuracy)
	4766.53s	 = Training   runtime
	3.73s	 = Validation runtime
Fitting model: XGBoost ...
	0.6979	 = Validation score   (accuracy)
	5047.6s	 = Training   runtime
	25.53s	 = Validation runtime
Fitting model: LightGBMLarge ...
	0.8834	 = Validation score   (accuracy)
	281.86s	 = Training   runtime
	0.41s	 = Validation runtime
Fitting model: RandomForestGini ...
	0.7717	 = Validation score   (accuracy)
	162.01s	 = Training   runtime
	0.73s	 = Validation runtime
Fitting model: NeuralNetTorch ...
	0.7834	 = Validation score   (accuracy)
	4772.61s	 = Training   runtime
	4.12s	 = Validation runtime
Fitting model: XGBoost ...
	0.871	 = Validation score   (accuracy)
	47.3s	 = Training   runtime
	7.01s	 = Validation runtime
Fitting model: RandomForestEntr ...
	0.8062	 = Validation score   (accuracy)
	176.47s	 = Training   runtime
	0.7s	 = Validation runtime
Fitting model: NeuralNetTorch ...
	0.8752	 = Validation score   (accuracy)
	42.88s	 = Training   runtime
	5.36s	 = Validation runtime
Fitting model: CatBoost ...
	0.7834	 = Validation score   (accuracy)
	4711.24s	 = Training   runtime
	4.15s	 = Validation runtime
Fitting model: XGBoost ...
	0.78	 = Validation score   (accuracy)
	195.74s	 = Training   runtime
	0.5s	 = Validation runtime
Fitting model: NeuralNetTorch ...
	0.7952	 = Validation score   (accuracy)
	208.35s	 = Training   runtime
	0.72s	 = Validation runtime
Fitting model: NeuralNetTorch ...
	0.8834	 = Validation score   (accuracy)
	384.38s	 = Training   runtime
	0.44s	 = Validation runtime
Fitting model: ExtraTreesGini ...
	0.7393	 = Validation score   (accuracy)
	1403.91s	 = Training   runtime
	0.39s	 = Validation runtime
Fitting model: WeightedEnsemble_L2 ...
	0.8683	 = Validation score   (accuracy)
	31.37s	 = Training   runtime
	5.27s	 = Validation runtime
Fitting model: ExtraTreesEntr ...
	Ensemble Weights: {'LightGBMXT': 0.25, 'LightGBM': 0.25, 'CatBoost': 0.25, 'NeuralNetFastAI': 0.25}
	0.7545	 = Validation score   (accuracy)
	49.99s	 = Training   runtime
	0.34s	 = Validation runtime
AutoGluon training complete, total runtime = 11625.17s ... Best model: "WeightedEnsemble_L2"
TabularPredictor saved. To load, use: predictor = TabularPredictor.load("AutogluonModels/ag-20250414_193013-010/Predictor_S4 (SBS4 - 0.98)")
No presets specified! To achieve strong results with AutoGluon, it is recommended to use the available presets.
	Recommended Presets (For more details refer to https://auto.gluon.ai/stable/tutorials/tabular/tabular-essentials.html#presets):
	presets='best_quality'   : Maximize accuracy. Default time_limit=3600.
	presets='high_quality'   : Strong accuracy with fast inference speed. Default time_limit=3600.
	presets='good_quality'   : Good accuracy with very fast inference speed. Default time_limit=3600.
	presets='medium_quality' : Fast training time, ideal for initial prototyping.
Beginning AutoGluon training ...
AutoGluon will save models to "AutogluonModels/ag-20250414_193013-010/Predictor_S5 (SBS5 - 0.98)"
=================== System Info ===================
AutoGluon Version:  1.1.0
Python Version:     3.10.15
Operating System:   Linux
Platform Machine:   x86_64
Platform Version:   #1 SMP PREEMPT_DYNAMIC Thu Apr 3 12:12:16 UTC 2025
CPU Count:          272
Memory Avail:       186.09 GB / 203.90 GB (91.3%)
Disk Space Avail:   1365.45 GB / 5120.00 GB (26.7%)
===================================================
Train Data Rows:    14495
Train Data Columns: 100
Label Column:       S5 (SBS5 - 0.98)
AutoGluon infers your prediction problem is: 'binary' (because only two unique label-values observed).
	2 unique label values:  [True, False]
	If 'binary' is not the correct problem_type, please manually specify the problem_type parameter during predictor init (You may specify problem_type as one of: ['binary', 'multiclass', 'regression'])
Problem Type:       binary
Preprocessing data ...
Selected class <--> label mapping:  class 1 = True, class 0 = False
Using Feature Generators to preprocess the data ...
Fitting AutoMLPipelineFeatureGenerator...
	Available Memory:                    190565.19 MB
	Train Data (Original)  Memory Usage: 10.67 MB (0.0% of available memory)
	Inferring data type of each feature based on column values. Set feature_metadata_in to manually specify special dtypes of the features.
	Stage 1 Generators:
		Fitting AsTypeFeatureGenerator...
			Note: Converting 4 features to boolean dtype as they only contain 2 unique values.
	Stage 2 Generators:
		Fitting FillNaFeatureGenerator...
	Stage 3 Generators:
		Fitting IdentityFeatureGenerator...
	Stage 4 Generators:
		Fitting DropUniqueFeatureGenerator...
	Stage 5 Generators:
		Fitting DropDuplicatesFeatureGenerator...
	0.8703	 = Validation score   (accuracy)
	29.09s	 = Training   runtime
	6.58s	 = Validation runtime
Fitting model: NeuralNetFastAI ...
	Types of features in original data (raw dtype, special dtypes):
		('bool', []) :  4 | ['S1 (SBS1 - 0.99)', 'S2 (SBS2 - 0.99)', 'S3 (SBS3 - 0.97)', 'S4 (SBS4 - 0.98)']
		('int', [])  : 96 | ['A[C>A]A', 'A[C>A]C', 'A[C>A]G', 'A[C>A]T', 'A[C>G]A', ...]
	Types of features in processed data (raw dtype, special dtypes):
		('int', [])       : 96 | ['A[C>A]A', 'A[C>A]C', 'A[C>A]G', 'A[C>A]T', 'A[C>G]A', ...]
		('int', ['bool']) :  4 | ['S1 (SBS1 - 0.99)', 'S2 (SBS2 - 0.99)', 'S3 (SBS3 - 0.97)', 'S4 (SBS4 - 0.98)']
	15.9s = Fit runtime
	100 features in original data used to generate 100 features in processed data.
	Train Data (Processed) Memory Usage: 10.67 MB (0.0% of available memory)
Data preprocessing and feature engineering runtime = 17.58s ...
AutoGluon will gauge predictive performance using evaluation metric: 'accuracy'
	To change this, specify the eval_metric parameter of Predictor()
Automatically generating train/validation split with holdout_frac=0.1, Train Rows: 13045, Val Rows: 1450
User-specified model hyperparameters to be fit:
{
	'NN_TORCH': {},
	'GBM': [{'extra_trees': True, 'ag_args': {'name_suffix': 'XT'}}, {}, 'GBMLarge'],
	'CAT': {},
	'XGB': {},
	'FASTAI': {},
	'RF': [{'criterion': 'gini', 'ag_args': {'name_suffix': 'Gini', 'problem_types': ['binary', 'multiclass']}}, {'criterion': 'entropy', 'ag_args': {'name_suffix': 'Entr', 'problem_types': ['binary', 'multiclass']}}, {'criterion': 'squared_error', 'ag_args': {'name_suffix': 'MSE', 'problem_types': ['regression', 'quantile']}}],
	'XT': [{'criterion': 'gini', 'ag_args': {'name_suffix': 'Gini', 'problem_types': ['binary', 'multiclass']}}, {'criterion': 'entropy', 'ag_args': {'name_suffix': 'Entr', 'problem_types': ['binary', 'multiclass']}}, {'criterion': 'squared_error', 'ag_args': {'name_suffix': 'MSE', 'problem_types': ['regression', 'quantile']}}],
	'KNN': [{'weights': 'uniform', 'ag_args': {'name_suffix': 'Unif'}}, {'weights': 'distance', 'ag_args': {'name_suffix': 'Dist'}}],
}
Fitting 13 L1 models ...
Fitting model: KNeighborsUnif ...
	0.8538	 = Validation score   (accuracy)
	1.85s	 = Training   runtime
	2.72s	 = Validation runtime
Fitting model: KNeighborsDist ...
	0.8545	 = Validation score   (accuracy)
	1.93s	 = Training   runtime
	2.72s	 = Validation runtime
Fitting model: LightGBMXT ...
	0.8814	 = Validation score   (accuracy)
	289.27s	 = Training   runtime
	0.24s	 = Validation runtime
Fitting model: LightGBM ...
	0.7731	 = Validation score   (accuracy)
	4592.74s	 = Training   runtime
	2.2s	 = Validation runtime
Fitting model: XGBoost ...
	0.8048	 = Validation score   (accuracy)
	153.59s	 = Training   runtime
	0.52s	 = Validation runtime
Fitting model: NeuralNetTorch ...
	0.8848	 = Validation score   (accuracy)
	281.26s	 = Training   runtime
	0.25s	 = Validation runtime
Fitting model: RandomForestGini ...
	0.8703	 = Validation score   (accuracy)
	33.9s	 = Training   runtime
	4.56s	 = Validation runtime
Fitting model: RandomForestEntr ...
	0.7379	 = Validation score   (accuracy)
	1222.82s	 = Training   runtime
	0.21s	 = Validation runtime
Fitting model: WeightedEnsemble_L2 ...
	0.8724	 = Validation score   (accuracy)
	28.44s	 = Training   runtime
	4.18s	 = Validation runtime
Fitting model: CatBoost ...
	Ensemble Weights: {'LightGBM': 0.292, 'LightGBMXT': 0.167, 'CatBoost': 0.167, 'NeuralNetFastAI': 0.167, 'RandomForestGini': 0.083, 'XGBoost': 0.042, 'NeuralNetTorch': 0.042, 'LightGBMLarge': 0.042}
	0.7552	 = Validation score   (accuracy)
	38.55s	 = Training   runtime
	0.13s	 = Validation runtime
AutoGluon training complete, total runtime = 13150.2s ... Best model: "WeightedEnsemble_L2"
TabularPredictor saved. To load, use: predictor = TabularPredictor.load("AutogluonModels/ag-20250414_193013-002/Predictor_S4 (SBS4 - 0.98)")
No presets specified! To achieve strong results with AutoGluon, it is recommended to use the available presets.
	Recommended Presets (For more details refer to https://auto.gluon.ai/stable/tutorials/tabular/tabular-essentials.html#presets):
	presets='best_quality'   : Maximize accuracy. Default time_limit=3600.
	presets='high_quality'   : Strong accuracy with fast inference speed. Default time_limit=3600.
	presets='good_quality'   : Good accuracy with very fast inference speed. Default time_limit=3600.
	presets='medium_quality' : Fast training time, ideal for initial prototyping.
Beginning AutoGluon training ...
AutoGluon will save models to "AutogluonModels/ag-20250414_193013-002/Predictor_S5 (SBS5 - 0.98)"
=================== System Info ===================
AutoGluon Version:  1.1.0
Python Version:     3.10.15
Operating System:   Linux
Platform Machine:   x86_64
Platform Version:   #1 SMP PREEMPT_DYNAMIC Thu Apr 3 12:12:16 UTC 2025
CPU Count:          272
Memory Avail:       186.15 GB / 203.90 GB (91.3%)
Disk Space Avail:   1365.24 GB / 5120.00 GB (26.7%)
===================================================
Train Data Rows:    14495
Train Data Columns: 100
Label Column:       S5 (SBS5 - 0.98)
AutoGluon infers your prediction problem is: 'binary' (because only two unique label-values observed).
	2 unique label values:  [True, False]
	If 'binary' is not the correct problem_type, please manually specify the problem_type parameter during predictor init (You may specify problem_type as one of: ['binary', 'multiclass', 'regression'])
Problem Type:       binary
Preprocessing data ...
Selected class <--> label mapping:  class 1 = True, class 0 = False
Using Feature Generators to preprocess the data ...
Fitting AutoMLPipelineFeatureGenerator...
	Available Memory:                    190625.57 MB
	Train Data (Original)  Memory Usage: 10.67 MB (0.0% of available memory)
	Inferring data type of each feature based on column values. Set feature_metadata_in to manually specify special dtypes of the features.
	Stage 1 Generators:
		Fitting AsTypeFeatureGenerator...
			Note: Converting 4 features to boolean dtype as they only contain 2 unique values.
	Stage 2 Generators:
		Fitting FillNaFeatureGenerator...
	Stage 3 Generators:
		Fitting IdentityFeatureGenerator...
	Stage 4 Generators:
		Fitting DropUniqueFeatureGenerator...
	Stage 5 Generators:
		Fitting DropDuplicatesFeatureGenerator...
	Types of features in original data (raw dtype, special dtypes):
		('bool', []) :  4 | ['S1 (SBS1 - 0.99)', 'S2 (SBS2 - 0.99)', 'S3 (SBS3 - 0.97)', 'S4 (SBS4 - 0.98)']
		('int', [])  : 96 | ['A[C>A]A', 'A[C>A]C', 'A[C>A]G', 'A[C>A]T', 'A[C>G]A', ...]
	Types of features in processed data (raw dtype, special dtypes):
		('int', [])       : 96 | ['A[C>A]A', 'A[C>A]C', 'A[C>A]G', 'A[C>A]T', 'A[C>G]A', ...]
		('int', ['bool']) :  4 | ['S1 (SBS1 - 0.99)', 'S2 (SBS2 - 0.99)', 'S3 (SBS3 - 0.97)', 'S4 (SBS4 - 0.98)']
	13.8s = Fit runtime
	100 features in original data used to generate 100 features in processed data.
	Train Data (Processed) Memory Usage: 10.67 MB (0.0% of available memory)
Data preprocessing and feature engineering runtime = 14.58s ...
AutoGluon will gauge predictive performance using evaluation metric: 'accuracy'
	To change this, specify the eval_metric parameter of Predictor()
Automatically generating train/validation split with holdout_frac=0.1, Train Rows: 13045, Val Rows: 1450
User-specified model hyperparameters to be fit:
{
	'NN_TORCH': {},
	'GBM': [{'extra_trees': True, 'ag_args': {'name_suffix': 'XT'}}, {}, 'GBMLarge'],
	'CAT': {},
	'XGB': {},
	'FASTAI': {},
	'RF': [{'criterion': 'gini', 'ag_args': {'name_suffix': 'Gini', 'problem_types': ['binary', 'multiclass']}}, {'criterion': 'entropy', 'ag_args': {'name_suffix': 'Entr', 'problem_types': ['binary', 'multiclass']}}, {'criterion': 'squared_error', 'ag_args': {'name_suffix': 'MSE', 'problem_types': ['regression', 'quantile']}}],
	'XT': [{'criterion': 'gini', 'ag_args': {'name_suffix': 'Gini', 'problem_types': ['binary', 'multiclass']}}, {'criterion': 'entropy', 'ag_args': {'name_suffix': 'Entr', 'problem_types': ['binary', 'multiclass']}}, {'criterion': 'squared_error', 'ag_args': {'name_suffix': 'MSE', 'problem_types': ['regression', 'quantile']}}],
	'KNN': [{'weights': 'uniform', 'ag_args': {'name_suffix': 'Unif'}}, {'weights': 'distance', 'ag_args': {'name_suffix': 'Dist'}}],
}
Fitting 13 L1 models ...
Fitting model: KNeighborsUnif ...
	0.8545	 = Validation score   (accuracy)
	1.57s	 = Training   runtime
	2.71s	 = Validation runtime
Fitting model: KNeighborsDist ...
	0.8552	 = Validation score   (accuracy)
	1.88s	 = Training   runtime
	2.65s	 = Validation runtime
Fitting model: LightGBMXT ...
	0.8841	 = Validation score   (accuracy)
	282.24s	 = Training   runtime
	0.3s	 = Validation runtime
Fitting model: ExtraTreesGini ...
	0.8662	 = Validation score   (accuracy)
	26.73s	 = Training   runtime
	4.58s	 = Validation runtime
Fitting model: ExtraTreesEntr ...
	0.8697	 = Validation score   (accuracy)
	26.94s	 = Training   runtime
	5.29s	 = Validation runtime
Fitting model: NeuralNetFastAI ...
	0.7869	 = Validation score   (accuracy)
	4373.63s	 = Training   runtime
	2.57s	 = Validation runtime
Fitting model: XGBoost ...
No improvement since epoch 7: early stopping
	0.7883	 = Validation score   (accuracy)
	3924.14s	 = Training   runtime
	2.7s	 = Validation runtime
Fitting model: XGBoost ...
	0.8883	 = Validation score   (accuracy)
	4334.28s	 = Training   runtime
	3.08s	 = Validation runtime
Fitting model: XGBoost ...
	0.8103	 = Validation score   (accuracy)
	131.32s	 = Training   runtime
	0.58s	 = Validation runtime
Fitting model: NeuralNetTorch ...
	0.8276	 = Validation score   (accuracy)
	269.25s	 = Training   runtime
	0.56s	 = Validation runtime
Fitting model: NeuralNetTorch ...
	0.8855	 = Validation score   (accuracy)
	186.51s	 = Training   runtime
	0.35s	 = Validation runtime
Fitting model: NeuralNetTorch ...
	0.8841	 = Validation score   (accuracy)
	736.55s	 = Training   runtime
	0.33s	 = Validation runtime
Fitting model: LightGBM ...
	0.8793	 = Validation score   (accuracy)
	286.97s	 = Training   runtime
	0.19s	 = Validation runtime
Fitting model: RandomForestGini ...
	0.8697	 = Validation score   (accuracy)
	26.56s	 = Training   runtime
	3.82s	 = Validation runtime
Fitting model: RandomForestEntr ...
	0.8703	 = Validation score   (accuracy)
	26.67s	 = Training   runtime
	3.98s	 = Validation runtime
Fitting model: CatBoost ...
	0.7876	 = Validation score   (accuracy)
	3724.06s	 = Training   runtime
	2.18s	 = Validation runtime
Fitting model: XGBoost ...
	0.811	 = Validation score   (accuracy)
	3689.74s	 = Training   runtime
	2.2s	 = Validation runtime
Fitting model: XGBoost ...
	0.8834	 = Validation score   (accuracy)
	270.23s	 = Training   runtime
	0.26s	 = Validation runtime
Fitting model: ExtraTreesGini ...
	0.8214	 = Validation score   (accuracy)
	268.0s	 = Training   runtime
	1.28s	 = Validation runtime
Fitting model: NeuralNetTorch ...
	0.8193	 = Validation score   (accuracy)
	272.88s	 = Training   runtime
	0.84s	 = Validation runtime
Fitting model: NeuralNetTorch ...
	0.8607	 = Validation score   (accuracy)
	26.25s	 = Training   runtime
	3.42s	 = Validation runtime
Fitting model: ExtraTreesEntr ...
	0.8634	 = Validation score   (accuracy)
	19.68s	 = Training   runtime
	3.43s	 = Validation runtime
Fitting model: NeuralNetFastAI ...
	0.8186	 = Validation score   (accuracy)
	3514.25s	 = Training   runtime
	1.89s	 = Validation runtime
Fitting model: XGBoost ...
	0.8683	 = Validation score   (accuracy)
	3515.65s	 = Training   runtime
	2.34s	 = Validation runtime
Fitting model: XGBoost ...
	0.8131	 = Validation score   (accuracy)
	114.03s	 = Training   runtime
	0.33s	 = Validation runtime
Fitting model: NeuralNetTorch ...
	0.8745	 = Validation score   (accuracy)
	111.12s	 = Training   runtime
	0.31s	 = Validation runtime
Fitting model: NeuralNetTorch ...
	0.8352	 = Validation score   (accuracy)
	3382.36s	 = Training   runtime
	9.19s	 = Validation runtime
Fitting model: LightGBMLarge ...
	0.8828	 = Validation score   (accuracy)
	2857.81s	 = Training   runtime
	1.92s	 = Validation runtime
Fitting model: XGBoost ...
	0.8759	 = Validation score   (accuracy)
	86.72s	 = Training   runtime
	0.33s	 = Validation runtime
Fitting model: NeuralNetTorch ...
	0.8628	 = Validation score   (accuracy)
	734.56s	 = Training   runtime
	0.18s	 = Validation runtime
Fitting model: WeightedEnsemble_L2 ...
	Ensemble Weights: {'LightGBM': 0.474, 'ExtraTreesGini': 0.316, 'NeuralNetTorch': 0.105, 'LightGBMXT': 0.053, 'RandomForestEntr': 0.053}
	0.8683	 = Validation score   (accuracy)
	17.19s	 = Training   runtime
	0.07s	 = Validation runtime
AutoGluon training complete, total runtime = 10759.0s ... Best model: "WeightedEnsemble_L2"
TabularPredictor saved. To load, use: predictor = TabularPredictor.load("AutogluonModels/ag-20250414_193013-005/Predictor_S5 (SBS5 - 0.98)")
No presets specified! To achieve strong results with AutoGluon, it is recommended to use the available presets.
	Recommended Presets (For more details refer to https://auto.gluon.ai/stable/tutorials/tabular/tabular-essentials.html#presets):
	presets='best_quality'   : Maximize accuracy. Default time_limit=3600.
	presets='high_quality'   : Strong accuracy with fast inference speed. Default time_limit=3600.
	presets='good_quality'   : Good accuracy with very fast inference speed. Default time_limit=3600.
	presets='medium_quality' : Fast training time, ideal for initial prototyping.
Beginning AutoGluon training ...
AutoGluon will save models to "AutogluonModels/ag-20250414_193013-005/Predictor_S6 (SBS7a - 1.00)"
=================== System Info ===================
AutoGluon Version:  1.1.0
Python Version:     3.10.15
Operating System:   Linux
Platform Machine:   x86_64
Platform Version:   #1 SMP PREEMPT_DYNAMIC Thu Apr 3 12:12:16 UTC 2025
CPU Count:          272
Memory Avail:       186.21 GB / 203.90 GB (91.3%)
Disk Space Avail:   1364.73 GB / 5120.00 GB (26.7%)
===================================================
Train Data Rows:    14495
Train Data Columns: 101
Label Column:       S6 (SBS7a - 1.00)
AutoGluon infers your prediction problem is: 'binary' (because only two unique label-values observed).
	2 unique label values:  [False, True]
	If 'binary' is not the correct problem_type, please manually specify the problem_type parameter during predictor init (You may specify problem_type as one of: ['binary', 'multiclass', 'regression'])
Problem Type:       binary
Preprocessing data ...
Selected class <--> label mapping:  class 1 = True, class 0 = False
Using Feature Generators to preprocess the data ...
Fitting AutoMLPipelineFeatureGenerator...
	Available Memory:                    190686.87 MB
	Train Data (Original)  Memory Usage: 10.69 MB (0.0% of available memory)
	Inferring data type of each feature based on column values. Set feature_metadata_in to manually specify special dtypes of the features.
	Stage 1 Generators:
		Fitting AsTypeFeatureGenerator...
			Note: Converting 5 features to boolean dtype as they only contain 2 unique values.
	Stage 2 Generators:
		Fitting FillNaFeatureGenerator...
	Stage 3 Generators:
		Fitting IdentityFeatureGenerator...
	Stage 4 Generators:
		Fitting DropUniqueFeatureGenerator...
	Stage 5 Generators:
		Fitting DropDuplicatesFeatureGenerator...
	Types of features in original data (raw dtype, special dtypes):
		('bool', []) :  5 | ['S1 (SBS1 - 0.99)', 'S2 (SBS2 - 0.99)', 'S3 (SBS3 - 0.97)', 'S4 (SBS4 - 0.98)', 'S5 (SBS5 - 0.98)']
		('int', [])  : 96 | ['A[C>A]A', 'A[C>A]C', 'A[C>A]G', 'A[C>A]T', 'A[C>G]A', ...]
	Types of features in processed data (raw dtype, special dtypes):
		('int', [])       : 96 | ['A[C>A]A', 'A[C>A]C', 'A[C>A]G', 'A[C>A]T', 'A[C>G]A', ...]
		('int', ['bool']) :  5 | ['S1 (SBS1 - 0.99)', 'S2 (SBS2 - 0.99)', 'S3 (SBS3 - 0.97)', 'S4 (SBS4 - 0.98)', 'S5 (SBS5 - 0.98)']
	10.0s = Fit runtime
	101 features in original data used to generate 101 features in processed data.
	Train Data (Processed) Memory Usage: 10.69 MB (0.0% of available memory)
Data preprocessing and feature engineering runtime = 10.53s ...
AutoGluon will gauge predictive performance using evaluation metric: 'accuracy'
	To change this, specify the eval_metric parameter of Predictor()
Automatically generating train/validation split with holdout_frac=0.1, Train Rows: 13045, Val Rows: 1450
User-specified model hyperparameters to be fit:
{
	'NN_TORCH': {},
	'GBM': [{'extra_trees': True, 'ag_args': {'name_suffix': 'XT'}}, {}, 'GBMLarge'],
	'CAT': {},
	'XGB': {},
	'FASTAI': {},
	'RF': [{'criterion': 'gini', 'ag_args': {'name_suffix': 'Gini', 'problem_types': ['binary', 'multiclass']}}, {'criterion': 'entropy', 'ag_args': {'name_suffix': 'Entr', 'problem_types': ['binary', 'multiclass']}}, {'criterion': 'squared_error', 'ag_args': {'name_suffix': 'MSE', 'problem_types': ['regression', 'quantile']}}],
	'XT': [{'criterion': 'gini', 'ag_args': {'name_suffix': 'Gini', 'problem_types': ['binary', 'multiclass']}}, {'criterion': 'entropy', 'ag_args': {'name_suffix': 'Entr', 'problem_types': ['binary', 'multiclass']}}, {'criterion': 'squared_error', 'ag_args': {'name_suffix': 'MSE', 'problem_types': ['regression', 'quantile']}}],
	'KNN': [{'weights': 'uniform', 'ag_args': {'name_suffix': 'Unif'}}, {'weights': 'distance', 'ag_args': {'name_suffix': 'Dist'}}],
}
Fitting 13 L1 models ...
Fitting model: KNeighborsUnif ...
	0.7883	 = Validation score   (accuracy)
	1.0s	 = Training   runtime
	2.3s	 = Validation runtime
Fitting model: KNeighborsDist ...
	0.7876	 = Validation score   (accuracy)
	0.93s	 = Training   runtime
	2.43s	 = Validation runtime
Fitting model: LightGBMXT ...
	0.8841	 = Validation score   (accuracy)
	2449.79s	 = Training   runtime
	1.7s	 = Validation runtime
Fitting model: XGBoost ...
	0.8786	 = Validation score   (accuracy)
	118.32s	 = Training   runtime
	0.35s	 = Validation runtime
Fitting model: NeuralNetTorch ...
	0.7772	 = Validation score   (accuracy)
	3928.04s	 = Training   runtime
	10.69s	 = Validation runtime
Fitting model: LightGBMLarge ...
	0.8448	 = Validation score   (accuracy)
	489.46s	 = Training   runtime
	0.26s	 = Validation runtime
Fitting model: LightGBM ...
	0.7993	 = Validation score   (accuracy)
	3429.52s	 = Training   runtime
	12.16s	 = Validation runtime
Fitting model: LightGBMLarge ...
	0.7621	 = Validation score   (accuracy)
	4491.47s	 = Training   runtime
	12.92s	 = Validation runtime
Fitting model: LightGBMLarge ...
	0.8476	 = Validation score   (accuracy)
	404.38s	 = Training   runtime
	0.2s	 = Validation runtime
Fitting model: RandomForestGini ...
	0.8338	 = Validation score   (accuracy)
	34.75s	 = Training   runtime
	3.69s	 = Validation runtime
Fitting model: RandomForestEntr ...
	0.8338	 = Validation score   (accuracy)
	35.33s	 = Training   runtime
	3.88s	 = Validation runtime
Fitting model: CatBoost ...
	0.7869	 = Validation score   (accuracy)
	4539.42s	 = Training   runtime
	17.02s	 = Validation runtime
Fitting model: LightGBMLarge ...
	0.8738	 = Validation score   (accuracy)
	2244.49s	 = Training   runtime
	4.18s	 = Validation runtime
Fitting model: XGBoost ...
	0.8386	 = Validation score   (accuracy)
	189.61s	 = Training   runtime
	0.36s	 = Validation runtime
Fitting model: ExtraTreesGini ...
	0.8283	 = Validation score   (accuracy)
	32.39s	 = Training   runtime
	3.95s	 = Validation runtime
Fitting model: ExtraTreesEntr ...
	0.8276	 = Validation score   (accuracy)
	32.37s	 = Training   runtime
	3.67s	 = Validation runtime
Fitting model: NeuralNetFastAI ...
	0.8841	 = Validation score   (accuracy)
	453.5s	 = Training   runtime
	0.69s	 = Validation runtime
Fitting model: NeuralNetTorch ...
	0.7759	 = Validation score   (accuracy)
	1211.12s	 = Training   runtime
	0.17s	 = Validation runtime
Fitting model: WeightedEnsemble_L2 ...
	Ensemble Weights: {'NeuralNetFastAI': 0.48, 'LightGBMXT': 0.2, 'XGBoost': 0.16, 'KNeighborsUnif': 0.04, 'LightGBM': 0.04, 'CatBoost': 0.04, 'NeuralNetTorch': 0.04}
	0.8048	 = Validation score   (accuracy)
	26.21s	 = Training   runtime
	0.16s	 = Validation runtime
AutoGluon training complete, total runtime = 14197.38s ... Best model: "WeightedEnsemble_L2"
TabularPredictor saved. To load, use: predictor = TabularPredictor.load("AutogluonModels/ag-20250414_193013-004/Predictor_S4 (SBS4 - 0.98)")
No presets specified! To achieve strong results with AutoGluon, it is recommended to use the available presets.
	Recommended Presets (For more details refer to https://auto.gluon.ai/stable/tutorials/tabular/tabular-essentials.html#presets):
	presets='best_quality'   : Maximize accuracy. Default time_limit=3600.
	presets='high_quality'   : Strong accuracy with fast inference speed. Default time_limit=3600.
	presets='good_quality'   : Good accuracy with very fast inference speed. Default time_limit=3600.
	presets='medium_quality' : Fast training time, ideal for initial prototyping.
Beginning AutoGluon training ...
AutoGluon will save models to "AutogluonModels/ag-20250414_193013-004/Predictor_S5 (SBS5 - 0.98)"
=================== System Info ===================
AutoGluon Version:  1.1.0
Python Version:     3.10.15
Operating System:   Linux
Platform Machine:   x86_64
Platform Version:   #1 SMP PREEMPT_DYNAMIC Thu Apr 3 12:12:16 UTC 2025
CPU Count:          272
Memory Avail:       186.18 GB / 203.90 GB (91.3%)
Disk Space Avail:   1364.34 GB / 5120.00 GB (26.6%)
===================================================
Train Data Rows:    14495
Train Data Columns: 100
Label Column:       S5 (SBS5 - 0.98)
AutoGluon infers your prediction problem is: 'binary' (because only two unique label-values observed).
	2 unique label values:  [True, False]
	If 'binary' is not the correct problem_type, please manually specify the problem_type parameter during predictor init (You may specify problem_type as one of: ['binary', 'multiclass', 'regression'])
Problem Type:       binary
Preprocessing data ...
Selected class <--> label mapping:  class 1 = True, class 0 = False
Using Feature Generators to preprocess the data ...
Fitting AutoMLPipelineFeatureGenerator...
	Available Memory:                    190651.18 MB
	Train Data (Original)  Memory Usage: 10.67 MB (0.0% of available memory)
	Inferring data type of each feature based on column values. Set feature_metadata_in to manually specify special dtypes of the features.
	Stage 1 Generators:
		Fitting AsTypeFeatureGenerator...
			Note: Converting 4 features to boolean dtype as they only contain 2 unique values.
	Stage 2 Generators:
		Fitting FillNaFeatureGenerator...
	Stage 3 Generators:
		Fitting IdentityFeatureGenerator...
	Stage 4 Generators:
		Fitting DropUniqueFeatureGenerator...
	Stage 5 Generators:
		Fitting DropDuplicatesFeatureGenerator...
	Types of features in original data (raw dtype, special dtypes):
		('bool', []) :  4 | ['S1 (SBS1 - 0.99)', 'S2 (SBS2 - 0.99)', 'S3 (SBS3 - 0.97)', 'S4 (SBS4 - 0.98)']
		('int', [])  : 96 | ['A[C>A]A', 'A[C>A]C', 'A[C>A]G', 'A[C>A]T', 'A[C>G]A', ...]
	Types of features in processed data (raw dtype, special dtypes):
		('int', [])       : 96 | ['A[C>A]A', 'A[C>A]C', 'A[C>A]G', 'A[C>A]T', 'A[C>G]A', ...]
		('int', ['bool']) :  4 | ['S1 (SBS1 - 0.99)', 'S2 (SBS2 - 0.99)', 'S3 (SBS3 - 0.97)', 'S4 (SBS4 - 0.98)']
	10.7s = Fit runtime
	100 features in original data used to generate 100 features in processed data.
	Train Data (Processed) Memory Usage: 10.67 MB (0.0% of available memory)
Data preprocessing and feature engineering runtime = 11.65s ...
AutoGluon will gauge predictive performance using evaluation metric: 'accuracy'
	To change this, specify the eval_metric parameter of Predictor()
Automatically generating train/validation split with holdout_frac=0.1, Train Rows: 13045, Val Rows: 1450
User-specified model hyperparameters to be fit:
{
	'NN_TORCH': {},
	'GBM': [{'extra_trees': True, 'ag_args': {'name_suffix': 'XT'}}, {}, 'GBMLarge'],
	'CAT': {},
	'XGB': {},
	'FASTAI': {},
	'RF': [{'criterion': 'gini', 'ag_args': {'name_suffix': 'Gini', 'problem_types': ['binary', 'multiclass']}}, {'criterion': 'entropy', 'ag_args': {'name_suffix': 'Entr', 'problem_types': ['binary', 'multiclass']}}, {'criterion': 'squared_error', 'ag_args': {'name_suffix': 'MSE', 'problem_types': ['regression', 'quantile']}}],
	'XT': [{'criterion': 'gini', 'ag_args': {'name_suffix': 'Gini', 'problem_types': ['binary', 'multiclass']}}, {'criterion': 'entropy', 'ag_args': {'name_suffix': 'Entr', 'problem_types': ['binary', 'multiclass']}}, {'criterion': 'squared_error', 'ag_args': {'name_suffix': 'MSE', 'problem_types': ['regression', 'quantile']}}],
	'KNN': [{'weights': 'uniform', 'ag_args': {'name_suffix': 'Unif'}}, {'weights': 'distance', 'ag_args': {'name_suffix': 'Dist'}}],
}
Fitting 13 L1 models ...
Fitting model: KNeighborsUnif ...
	0.8745	 = Validation score   (accuracy)
	1.95s	 = Training   runtime
	2.86s	 = Validation runtime
Fitting model: KNeighborsDist ...
	0.8752	 = Validation score   (accuracy)
	2.24s	 = Training   runtime
	2.88s	 = Validation runtime
Fitting model: LightGBMXT ...
	0.8062	 = Validation score   (accuracy)
	5755.84s	 = Training   runtime
	12.84s	 = Validation runtime
Fitting model: LightGBMLarge ...
	0.8131	 = Validation score   (accuracy)
	4064.99s	 = Training   runtime
	13.95s	 = Validation runtime
Fitting model: LightGBMLarge ...
	0.9	 = Validation score   (accuracy)
	493.7s	 = Training   runtime
	0.26s	 = Validation runtime
Fitting model: LightGBM ...
	0.829	 = Validation score   (accuracy)
	4139.98s	 = Training   runtime
	14.6s	 = Validation runtime
Fitting model: LightGBMLarge ...
	0.8366	 = Validation score   (accuracy)
	3205.34s	 = Training   runtime
	15.41s	 = Validation runtime
Fitting model: LightGBMLarge ...
	0.8593	 = Validation score   (accuracy)
	3044.81s	 = Training   runtime
	13.75s	 = Validation runtime
Fitting model: LightGBMLarge ...
	0.8055	 = Validation score   (accuracy)
	2196.55s	 = Training   runtime
	0.41s	 = Validation runtime
Fitting model: WeightedEnsemble_L2 ...
	0.8779	 = Validation score   (accuracy)
	4751.6s	 = Training   runtime
	15.05s	 = Validation runtime
Fitting model: LightGBMLarge ...
	Ensemble Weights: {'NeuralNetTorch': 0.273, 'LightGBMXT': 0.227, 'XGBoost': 0.182, 'KNeighborsUnif': 0.091, 'LightGBM': 0.091, 'LightGBMLarge': 0.091, 'CatBoost': 0.045}
	0.8241	 = Validation score   (accuracy)
	29.85s	 = Training   runtime
	0.09s	 = Validation runtime
AutoGluon training complete, total runtime = 14387.99s ... Best model: "WeightedEnsemble_L2"
TabularPredictor saved. To load, use: predictor = TabularPredictor.load("AutogluonModels/ag-20250414_193014-002/Predictor_S4 (SBS4 - 0.98)")
No presets specified! To achieve strong results with AutoGluon, it is recommended to use the available presets.
	Recommended Presets (For more details refer to https://auto.gluon.ai/stable/tutorials/tabular/tabular-essentials.html#presets):
	presets='best_quality'   : Maximize accuracy. Default time_limit=3600.
	presets='high_quality'   : Strong accuracy with fast inference speed. Default time_limit=3600.
	presets='good_quality'   : Good accuracy with very fast inference speed. Default time_limit=3600.
	presets='medium_quality' : Fast training time, ideal for initial prototyping.
Beginning AutoGluon training ...
AutoGluon will save models to "AutogluonModels/ag-20250414_193014-002/Predictor_S5 (SBS5 - 0.98)"
=================== System Info ===================
AutoGluon Version:  1.1.0
Python Version:     3.10.15
Operating System:   Linux
Platform Machine:   x86_64
Platform Version:   #1 SMP PREEMPT_DYNAMIC Thu Apr 3 12:12:16 UTC 2025
CPU Count:          272
Memory Avail:       186.18 GB / 203.90 GB (91.3%)
Disk Space Avail:   1364.32 GB / 5120.00 GB (26.6%)
===================================================
Train Data Rows:    14495
Train Data Columns: 100
Label Column:       S5 (SBS5 - 0.98)
AutoGluon infers your prediction problem is: 'binary' (because only two unique label-values observed).
	2 unique label values:  [True, False]
	If 'binary' is not the correct problem_type, please manually specify the problem_type parameter during predictor init (You may specify problem_type as one of: ['binary', 'multiclass', 'regression'])
Problem Type:       binary
Preprocessing data ...
Selected class <--> label mapping:  class 1 = True, class 0 = False
Using Feature Generators to preprocess the data ...
Fitting AutoMLPipelineFeatureGenerator...
	Available Memory:                    190653.16 MB
	Train Data (Original)  Memory Usage: 10.67 MB (0.0% of available memory)
	Inferring data type of each feature based on column values. Set feature_metadata_in to manually specify special dtypes of the features.
	Stage 1 Generators:
		Fitting AsTypeFeatureGenerator...
			Note: Converting 4 features to boolean dtype as they only contain 2 unique values.
	Stage 2 Generators:
		Fitting FillNaFeatureGenerator...
	Stage 3 Generators:
		Fitting IdentityFeatureGenerator...
	Stage 4 Generators:
		Fitting DropUniqueFeatureGenerator...
	Stage 5 Generators:
		Fitting DropDuplicatesFeatureGenerator...
	Types of features in original data (raw dtype, special dtypes):
		('bool', []) :  4 | ['S1 (SBS1 - 0.99)', 'S2 (SBS2 - 0.99)', 'S3 (SBS3 - 0.97)', 'S4 (SBS4 - 0.98)']
		('int', [])  : 96 | ['A[C>A]A', 'A[C>A]C', 'A[C>A]G', 'A[C>A]T', 'A[C>G]A', ...]
	Types of features in processed data (raw dtype, special dtypes):
		('int', [])       : 96 | ['A[C>A]A', 'A[C>A]C', 'A[C>A]G', 'A[C>A]T', 'A[C>G]A', ...]
		('int', ['bool']) :  4 | ['S1 (SBS1 - 0.99)', 'S2 (SBS2 - 0.99)', 'S3 (SBS3 - 0.97)', 'S4 (SBS4 - 0.98)']
	19.2s = Fit runtime
	100 features in original data used to generate 100 features in processed data.
	Train Data (Processed) Memory Usage: 10.67 MB (0.0% of available memory)
Data preprocessing and feature engineering runtime = 20.5s ...
AutoGluon will gauge predictive performance using evaluation metric: 'accuracy'
	To change this, specify the eval_metric parameter of Predictor()
Automatically generating train/validation split with holdout_frac=0.1, Train Rows: 13045, Val Rows: 1450
User-specified model hyperparameters to be fit:
{
	'NN_TORCH': {},
	'GBM': [{'extra_trees': True, 'ag_args': {'name_suffix': 'XT'}}, {}, 'GBMLarge'],
	'CAT': {},
	'XGB': {},
	'FASTAI': {},
	'RF': [{'criterion': 'gini', 'ag_args': {'name_suffix': 'Gini', 'problem_types': ['binary', 'multiclass']}}, {'criterion': 'entropy', 'ag_args': {'name_suffix': 'Entr', 'problem_types': ['binary', 'multiclass']}}, {'criterion': 'squared_error', 'ag_args': {'name_suffix': 'MSE', 'problem_types': ['regression', 'quantile']}}],
	'XT': [{'criterion': 'gini', 'ag_args': {'name_suffix': 'Gini', 'problem_types': ['binary', 'multiclass']}}, {'criterion': 'entropy', 'ag_args': {'name_suffix': 'Entr', 'problem_types': ['binary', 'multiclass']}}, {'criterion': 'squared_error', 'ag_args': {'name_suffix': 'MSE', 'problem_types': ['regression', 'quantile']}}],
	'KNN': [{'weights': 'uniform', 'ag_args': {'name_suffix': 'Unif'}}, {'weights': 'distance', 'ag_args': {'name_suffix': 'Dist'}}],
}
Fitting 13 L1 models ...
Fitting model: KNeighborsUnif ...
	0.8731	 = Validation score   (accuracy)
	1.38s	 = Training   runtime
	3.54s	 = Validation runtime
Fitting model: KNeighborsDist ...
	0.8745	 = Validation score   (accuracy)
	1.5s	 = Training   runtime
	3.54s	 = Validation runtime
Fitting model: LightGBMXT ...
	0.7731	 = Validation score   (accuracy)
	2568.0s	 = Training   runtime
	0.58s	 = Validation runtime
Fitting model: WeightedEnsemble_L2 ...
	0.8559	 = Validation score   (accuracy)
	2940.1s	 = Training   runtime
	17.71s	 = Validation runtime
Fitting model: LightGBMLarge ...
	Ensemble Weights: {'RandomForestEntr': 0.261, 'LightGBM': 0.174, 'NeuralNetFastAI': 0.174, 'RandomForestGini': 0.13, 'KNeighborsDist': 0.087, 'LightGBMXT': 0.087, 'XGBoost': 0.043, 'LightGBMLarge': 0.043}
	0.7945	 = Validation score   (accuracy)
	29.87s	 = Training   runtime
	0.13s	 = Validation runtime
AutoGluon training complete, total runtime = 15534.07s ... Best model: "WeightedEnsemble_L2"
TabularPredictor saved. To load, use: predictor = TabularPredictor.load("AutogluonModels/ag-20250414_193014-003/Predictor_S4 (SBS4 - 0.98)")
No presets specified! To achieve strong results with AutoGluon, it is recommended to use the available presets.
	Recommended Presets (For more details refer to https://auto.gluon.ai/stable/tutorials/tabular/tabular-essentials.html#presets):
	presets='best_quality'   : Maximize accuracy. Default time_limit=3600.
	presets='high_quality'   : Strong accuracy with fast inference speed. Default time_limit=3600.
	presets='good_quality'   : Good accuracy with very fast inference speed. Default time_limit=3600.
	presets='medium_quality' : Fast training time, ideal for initial prototyping.
Beginning AutoGluon training ...
AutoGluon will save models to "AutogluonModels/ag-20250414_193014-003/Predictor_S5 (SBS5 - 0.98)"
=================== System Info ===================
AutoGluon Version:  1.1.0
Python Version:     3.10.15
Operating System:   Linux
Platform Machine:   x86_64
Platform Version:   #1 SMP PREEMPT_DYNAMIC Thu Apr 3 12:12:16 UTC 2025
CPU Count:          272
Memory Avail:       186.18 GB / 203.90 GB (91.3%)
Disk Space Avail:   1364.29 GB / 5120.00 GB (26.6%)
===================================================
Train Data Rows:    14495
Train Data Columns: 100
Label Column:       S5 (SBS5 - 0.98)
AutoGluon infers your prediction problem is: 'binary' (because only two unique label-values observed).
	2 unique label values:  [True, False]
	If 'binary' is not the correct problem_type, please manually specify the problem_type parameter during predictor init (You may specify problem_type as one of: ['binary', 'multiclass', 'regression'])
Problem Type:       binary
Preprocessing data ...
Selected class <--> label mapping:  class 1 = True, class 0 = False
Using Feature Generators to preprocess the data ...
Fitting AutoMLPipelineFeatureGenerator...
	Available Memory:                    190662.95 MB
	Train Data (Original)  Memory Usage: 10.67 MB (0.0% of available memory)
	Inferring data type of each feature based on column values. Set feature_metadata_in to manually specify special dtypes of the features.
	Stage 1 Generators:
		Fitting AsTypeFeatureGenerator...
			Note: Converting 4 features to boolean dtype as they only contain 2 unique values.
	Stage 2 Generators:
		Fitting FillNaFeatureGenerator...
	Stage 3 Generators:
		Fitting IdentityFeatureGenerator...
	Stage 4 Generators:
		Fitting DropUniqueFeatureGenerator...
	Stage 5 Generators:
		Fitting DropDuplicatesFeatureGenerator...
	Types of features in original data (raw dtype, special dtypes):
		('bool', []) :  4 | ['S1 (SBS1 - 0.99)', 'S2 (SBS2 - 0.99)', 'S3 (SBS3 - 0.97)', 'S4 (SBS4 - 0.98)']
		('int', [])  : 96 | ['A[C>A]A', 'A[C>A]C', 'A[C>A]G', 'A[C>A]T', 'A[C>G]A', ...]
	Types of features in processed data (raw dtype, special dtypes):
		('int', [])       : 96 | ['A[C>A]A', 'A[C>A]C', 'A[C>A]G', 'A[C>A]T', 'A[C>G]A', ...]
		('int', ['bool']) :  4 | ['S1 (SBS1 - 0.99)', 'S2 (SBS2 - 0.99)', 'S3 (SBS3 - 0.97)', 'S4 (SBS4 - 0.98)']
	12.9s = Fit runtime
	100 features in original data used to generate 100 features in processed data.
	Train Data (Processed) Memory Usage: 10.67 MB (0.0% of available memory)
Data preprocessing and feature engineering runtime = 13.81s ...
AutoGluon will gauge predictive performance using evaluation metric: 'accuracy'
	To change this, specify the eval_metric parameter of Predictor()
Automatically generating train/validation split with holdout_frac=0.1, Train Rows: 13045, Val Rows: 1450
User-specified model hyperparameters to be fit:
{
	'NN_TORCH': {},
	'GBM': [{'extra_trees': True, 'ag_args': {'name_suffix': 'XT'}}, {}, 'GBMLarge'],
	'CAT': {},
	'XGB': {},
	'FASTAI': {},
	'RF': [{'criterion': 'gini', 'ag_args': {'name_suffix': 'Gini', 'problem_types': ['binary', 'multiclass']}}, {'criterion': 'entropy', 'ag_args': {'name_suffix': 'Entr', 'problem_types': ['binary', 'multiclass']}}, {'criterion': 'squared_error', 'ag_args': {'name_suffix': 'MSE', 'problem_types': ['regression', 'quantile']}}],
	'XT': [{'criterion': 'gini', 'ag_args': {'name_suffix': 'Gini', 'problem_types': ['binary', 'multiclass']}}, {'criterion': 'entropy', 'ag_args': {'name_suffix': 'Entr', 'problem_types': ['binary', 'multiclass']}}, {'criterion': 'squared_error', 'ag_args': {'name_suffix': 'MSE', 'problem_types': ['regression', 'quantile']}}],
	'KNN': [{'weights': 'uniform', 'ag_args': {'name_suffix': 'Unif'}}, {'weights': 'distance', 'ag_args': {'name_suffix': 'Dist'}}],
}
Fitting 13 L1 models ...
Fitting model: KNeighborsUnif ...
	0.8703	 = Validation score   (accuracy)
	0.89s	 = Training   runtime
	3.3s	 = Validation runtime
Fitting model: KNeighborsDist ...
	0.8703	 = Validation score   (accuracy)
	1.22s	 = Training   runtime
	3.23s	 = Validation runtime
Fitting model: LightGBMXT ...
	0.8241	 = Validation score   (accuracy)
	4613.32s	 = Training   runtime
	10.23s	 = Validation runtime
Fitting model: LightGBMLarge ...
	0.8372	 = Validation score   (accuracy)
	4694.01s	 = Training   runtime
	9.11s	 = Validation runtime
Fitting model: LightGBMLarge ...
	0.9097	 = Validation score   (accuracy)
	1399.51s	 = Training   runtime
	0.65s	 = Validation runtime
Fitting model: RandomForestGini ...
	0.8828	 = Validation score   (accuracy)
	69.58s	 = Training   runtime
	3.0s	 = Validation runtime
Fitting model: RandomForestEntr ...
	0.8828	 = Validation score   (accuracy)
	68.86s	 = Training   runtime
	3.16s	 = Validation runtime
Fitting model: CatBoost ...
	0.8324	 = Validation score   (accuracy)
	2392.3s	 = Training   runtime
	2.28s	 = Validation runtime
Fitting model: XGBoost ...
	0.82	 = Validation score   (accuracy)
	4687.87s	 = Training   runtime
	7.31s	 = Validation runtime
Fitting model: LightGBMLarge ...
	0.8428	 = Validation score   (accuracy)
	311.42s	 = Training   runtime
	0.56s	 = Validation runtime
Fitting model: NeuralNetTorch ...
	0.9097	 = Validation score   (accuracy)
	1400.77s	 = Training   runtime
	0.82s	 = Validation runtime
Fitting model: LightGBM ...
	0.8517	 = Validation score   (accuracy)
	2774.05s	 = Training   runtime
	9.18s	 = Validation runtime
Fitting model: LightGBMLarge ...
	0.8959	 = Validation score   (accuracy)
	1186.58s	 = Training   runtime
	0.33s	 = Validation runtime
Fitting model: LightGBM ...
	0.9048	 = Validation score   (accuracy)
	968.05s	 = Training   runtime
	0.35s	 = Validation runtime
Fitting model: ExtraTreesGini ...
	0.8752	 = Validation score   (accuracy)
	42.6s	 = Training   runtime
	2.58s	 = Validation runtime
Fitting model: ExtraTreesEntr ...
	0.8738	 = Validation score   (accuracy)
	41.85s	 = Training   runtime
	3.32s	 = Validation runtime
Fitting model: NeuralNetFastAI ...
	0.8269	 = Validation score   (accuracy)
	3056.43s	 = Training   runtime
	0.45s	 = Validation runtime
Fitting model: WeightedEnsemble_L2 ...
	Ensemble Weights: {'NeuralNetTorch': 0.4, 'KNeighborsDist': 0.2, 'XGBoost': 0.2, 'LightGBMXT': 0.1, 'LightGBM': 0.1}
	0.8462	 = Validation score   (accuracy)
	10.51s	 = Training   runtime
	0.09s	 = Validation runtime
AutoGluon training complete, total runtime = 15890.28s ... Best model: "WeightedEnsemble_L2"
TabularPredictor saved. To load, use: predictor = TabularPredictor.load("AutogluonModels/ag-20250414_193014/Predictor_S4 (SBS4 - 0.98)")
No presets specified! To achieve strong results with AutoGluon, it is recommended to use the available presets.
	Recommended Presets (For more details refer to https://auto.gluon.ai/stable/tutorials/tabular/tabular-essentials.html#presets):
	presets='best_quality'   : Maximize accuracy. Default time_limit=3600.
	presets='high_quality'   : Strong accuracy with fast inference speed. Default time_limit=3600.
	presets='good_quality'   : Good accuracy with very fast inference speed. Default time_limit=3600.
	presets='medium_quality' : Fast training time, ideal for initial prototyping.
Beginning AutoGluon training ...
AutoGluon will save models to "AutogluonModels/ag-20250414_193014/Predictor_S5 (SBS5 - 0.98)"
=================== System Info ===================
AutoGluon Version:  1.1.0
Python Version:     3.10.15
Operating System:   Linux
Platform Machine:   x86_64
Platform Version:   #1 SMP PREEMPT_DYNAMIC Thu Apr 3 12:12:16 UTC 2025
CPU Count:          272
Memory Avail:       186.21 GB / 203.90 GB (91.3%)
Disk Space Avail:   1364.02 GB / 5120.00 GB (26.6%)
===================================================
Train Data Rows:    14495
Train Data Columns: 100
Label Column:       S5 (SBS5 - 0.98)
AutoGluon infers your prediction problem is: 'binary' (because only two unique label-values observed).
	2 unique label values:  [True, False]
	If 'binary' is not the correct problem_type, please manually specify the problem_type parameter during predictor init (You may specify problem_type as one of: ['binary', 'multiclass', 'regression'])
Problem Type:       binary
Preprocessing data ...
Selected class <--> label mapping:  class 1 = True, class 0 = False
Using Feature Generators to preprocess the data ...
Fitting AutoMLPipelineFeatureGenerator...
	Available Memory:                    190689.41 MB
	Train Data (Original)  Memory Usage: 10.67 MB (0.0% of available memory)
	Inferring data type of each feature based on column values. Set feature_metadata_in to manually specify special dtypes of the features.
	Stage 1 Generators:
		Fitting AsTypeFeatureGenerator...
			Note: Converting 4 features to boolean dtype as they only contain 2 unique values.
	Stage 2 Generators:
		Fitting FillNaFeatureGenerator...
	Stage 3 Generators:
		Fitting IdentityFeatureGenerator...
	Stage 4 Generators:
		Fitting DropUniqueFeatureGenerator...
	Stage 5 Generators:
		Fitting DropDuplicatesFeatureGenerator...
	Types of features in original data (raw dtype, special dtypes):
		('bool', []) :  4 | ['S1 (SBS1 - 0.99)', 'S2 (SBS2 - 0.99)', 'S3 (SBS3 - 0.97)', 'S4 (SBS4 - 0.98)']
		('int', [])  : 96 | ['A[C>A]A', 'A[C>A]C', 'A[C>A]G', 'A[C>A]T', 'A[C>G]A', ...]
	Types of features in processed data (raw dtype, special dtypes):
		('int', [])       : 96 | ['A[C>A]A', 'A[C>A]C', 'A[C>A]G', 'A[C>A]T', 'A[C>G]A', ...]
		('int', ['bool']) :  4 | ['S1 (SBS1 - 0.99)', 'S2 (SBS2 - 0.99)', 'S3 (SBS3 - 0.97)', 'S4 (SBS4 - 0.98)']
	6.5s = Fit runtime
	100 features in original data used to generate 100 features in processed data.
	Train Data (Processed) Memory Usage: 10.67 MB (0.0% of available memory)
Data preprocessing and feature engineering runtime = 7.12s ...
AutoGluon will gauge predictive performance using evaluation metric: 'accuracy'
	To change this, specify the eval_metric parameter of Predictor()
Automatically generating train/validation split with holdout_frac=0.1, Train Rows: 13045, Val Rows: 1450
User-specified model hyperparameters to be fit:
{
	'NN_TORCH': {},
	'GBM': [{'extra_trees': True, 'ag_args': {'name_suffix': 'XT'}}, {}, 'GBMLarge'],
	'CAT': {},
	'XGB': {},
	'FASTAI': {},
	'RF': [{'criterion': 'gini', 'ag_args': {'name_suffix': 'Gini', 'problem_types': ['binary', 'multiclass']}}, {'criterion': 'entropy', 'ag_args': {'name_suffix': 'Entr', 'problem_types': ['binary', 'multiclass']}}, {'criterion': 'squared_error', 'ag_args': {'name_suffix': 'MSE', 'problem_types': ['regression', 'quantile']}}],
	'XT': [{'criterion': 'gini', 'ag_args': {'name_suffix': 'Gini', 'problem_types': ['binary', 'multiclass']}}, {'criterion': 'entropy', 'ag_args': {'name_suffix': 'Entr', 'problem_types': ['binary', 'multiclass']}}, {'criterion': 'squared_error', 'ag_args': {'name_suffix': 'MSE', 'problem_types': ['regression', 'quantile']}}],
	'KNN': [{'weights': 'uniform', 'ag_args': {'name_suffix': 'Unif'}}, {'weights': 'distance', 'ag_args': {'name_suffix': 'Dist'}}],
}
Fitting 13 L1 models ...
Fitting model: KNeighborsUnif ...
	0.8834	 = Validation score   (accuracy)
	1.03s	 = Training   runtime
	3.71s	 = Validation runtime
Fitting model: KNeighborsDist ...
	0.7945	 = Validation score   (accuracy)
	4212.01s	 = Training   runtime
	0.8s	 = Validation runtime
Fitting model: WeightedEnsemble_L2 ...
	0.8855	 = Validation score   (accuracy)
	2.13s	 = Training   runtime
	3.21s	 = Validation runtime
Fitting model: LightGBMXT ...
	Ensemble Weights: {'NeuralNetFastAI': 0.333, 'NeuralNetTorch': 0.267, 'LightGBM': 0.133, 'LightGBMXT': 0.067, 'RandomForestGini': 0.067, 'RandomForestEntr': 0.067, 'ExtraTreesEntr': 0.067}
	0.8193	 = Validation score   (accuracy)
	17.45s	 = Training   runtime
	0.04s	 = Validation runtime
AutoGluon training complete, total runtime = 18030.93s ... Best model: "WeightedEnsemble_L2"
	0.8241	 = Validation score   (accuracy)
	1315.55s	 = Training   runtime
	11.15s	 = Validation runtime
Fitting model: LightGBMLarge ...
TabularPredictor saved. To load, use: predictor = TabularPredictor.load("AutogluonModels/ag-20250414_193013-007/Predictor_S4 (SBS4 - 0.98)")
No presets specified! To achieve strong results with AutoGluon, it is recommended to use the available presets.
	Recommended Presets (For more details refer to https://auto.gluon.ai/stable/tutorials/tabular/tabular-essentials.html#presets):
	presets='best_quality'   : Maximize accuracy. Default time_limit=3600.
	presets='high_quality'   : Strong accuracy with fast inference speed. Default time_limit=3600.
	presets='good_quality'   : Good accuracy with very fast inference speed. Default time_limit=3600.
	presets='medium_quality' : Fast training time, ideal for initial prototyping.
Beginning AutoGluon training ...
AutoGluon will save models to "AutogluonModels/ag-20250414_193013-007/Predictor_S5 (SBS5 - 0.98)"
=================== System Info ===================
AutoGluon Version:  1.1.0
Python Version:     3.10.15
Operating System:   Linux
Platform Machine:   x86_64
Platform Version:   #1 SMP PREEMPT_DYNAMIC Thu Apr 3 12:12:16 UTC 2025
CPU Count:          272
Memory Avail:       186.23 GB / 203.90 GB (91.3%)
Disk Space Avail:   1363.99 GB / 5120.00 GB (26.6%)
===================================================
Train Data Rows:    14495
Train Data Columns: 100
Label Column:       S5 (SBS5 - 0.98)
AutoGluon infers your prediction problem is: 'binary' (because only two unique label-values observed).
	2 unique label values:  [True, False]
	If 'binary' is not the correct problem_type, please manually specify the problem_type parameter during predictor init (You may specify problem_type as one of: ['binary', 'multiclass', 'regression'])
Problem Type:       binary
Preprocessing data ...
Selected class <--> label mapping:  class 1 = True, class 0 = False
Using Feature Generators to preprocess the data ...
Fitting AutoMLPipelineFeatureGenerator...
	Available Memory:                    190701.16 MB
	Train Data (Original)  Memory Usage: 10.67 MB (0.0% of available memory)
	Inferring data type of each feature based on column values. Set feature_metadata_in to manually specify special dtypes of the features.
	Stage 1 Generators:
		Fitting AsTypeFeatureGenerator...
			Note: Converting 4 features to boolean dtype as they only contain 2 unique values.
	Stage 2 Generators:
		Fitting FillNaFeatureGenerator...
	Stage 3 Generators:
		Fitting IdentityFeatureGenerator...
	Stage 4 Generators:
		Fitting DropUniqueFeatureGenerator...
	Stage 5 Generators:
		Fitting DropDuplicatesFeatureGenerator...
	Types of features in original data (raw dtype, special dtypes):
		('bool', []) :  4 | ['S1 (SBS1 - 0.99)', 'S2 (SBS2 - 0.99)', 'S3 (SBS3 - 0.97)', 'S4 (SBS4 - 0.98)']
		('int', [])  : 96 | ['A[C>A]A', 'A[C>A]C', 'A[C>A]G', 'A[C>A]T', 'A[C>G]A', ...]
	Types of features in processed data (raw dtype, special dtypes):
		('int', [])       : 96 | ['A[C>A]A', 'A[C>A]C', 'A[C>A]G', 'A[C>A]T', 'A[C>G]A', ...]
		('int', ['bool']) :  4 | ['S1 (SBS1 - 0.99)', 'S2 (SBS2 - 0.99)', 'S3 (SBS3 - 0.97)', 'S4 (SBS4 - 0.98)']
	7.9s = Fit runtime
	100 features in original data used to generate 100 features in processed data.
	Train Data (Processed) Memory Usage: 10.67 MB (0.0% of available memory)
Data preprocessing and feature engineering runtime = 8.76s ...
AutoGluon will gauge predictive performance using evaluation metric: 'accuracy'
	To change this, specify the eval_metric parameter of Predictor()
Automatically generating train/validation split with holdout_frac=0.1, Train Rows: 13045, Val Rows: 1450
User-specified model hyperparameters to be fit:
{
	'NN_TORCH': {},
	'GBM': [{'extra_trees': True, 'ag_args': {'name_suffix': 'XT'}}, {}, 'GBMLarge'],
	'CAT': {},
	'XGB': {},
	'FASTAI': {},
	'RF': [{'criterion': 'gini', 'ag_args': {'name_suffix': 'Gini', 'problem_types': ['binary', 'multiclass']}}, {'criterion': 'entropy', 'ag_args': {'name_suffix': 'Entr', 'problem_types': ['binary', 'multiclass']}}, {'criterion': 'squared_error', 'ag_args': {'name_suffix': 'MSE', 'problem_types': ['regression', 'quantile']}}],
	'XT': [{'criterion': 'gini', 'ag_args': {'name_suffix': 'Gini', 'problem_types': ['binary', 'multiclass']}}, {'criterion': 'entropy', 'ag_args': {'name_suffix': 'Entr', 'problem_types': ['binary', 'multiclass']}}, {'criterion': 'squared_error', 'ag_args': {'name_suffix': 'MSE', 'problem_types': ['regression', 'quantile']}}],
	'KNN': [{'weights': 'uniform', 'ag_args': {'name_suffix': 'Unif'}}, {'weights': 'distance', 'ag_args': {'name_suffix': 'Dist'}}],
}
Fitting 13 L1 models ...
Fitting model: KNeighborsUnif ...
	0.8766	 = Validation score   (accuracy)
	0.64s	 = Training   runtime
	3.42s	 = Validation runtime
Fitting model: KNeighborsDist ...
	0.8779	 = Validation score   (accuracy)
	0.8s	 = Training   runtime
	3.5s	 = Validation runtime
Fitting model: LightGBMXT ...
	0.9041	 = Validation score   (accuracy)
	1234.54s	 = Training   runtime
	0.44s	 = Validation runtime
Fitting model: RandomForestGini ...
	0.8807	 = Validation score   (accuracy)
	77.86s	 = Training   runtime
	4.21s	 = Validation runtime
Fitting model: RandomForestEntr ...
	0.8821	 = Validation score   (accuracy)
	58.88s	 = Training   runtime
	3.06s	 = Validation runtime
Fitting model: CatBoost ...
	0.9124	 = Validation score   (accuracy)
	1598.02s	 = Training   runtime
	0.42s	 = Validation runtime
Fitting model: RandomForestGini ...
	0.8924	 = Validation score   (accuracy)
	94.63s	 = Training   runtime
	2.85s	 = Validation runtime
Fitting model: RandomForestEntr ...
	0.8924	 = Validation score   (accuracy)
	90.46s	 = Training   runtime
	4.49s	 = Validation runtime
Fitting model: CatBoost ...
	0.8883	 = Validation score   (accuracy)
	3262.21s	 = Training   runtime
	0.57s	 = Validation runtime
Fitting model: WeightedEnsemble_L2 ...
	Ensemble Weights: {'CatBoost': 0.412, 'NeuralNetFastAI': 0.235, 'LightGBMXT': 0.118, 'NeuralNetTorch': 0.118, 'LightGBMLarge': 0.118}
	0.8938	 = Validation score   (accuracy)
	23.79s	 = Training   runtime
	0.1s	 = Validation runtime
AutoGluon training complete, total runtime = 16124.03s ... Best model: "WeightedEnsemble_L2"
TabularPredictor saved. To load, use: predictor = TabularPredictor.load("AutogluonModels/ag-20250414_193013/Predictor_S5 (SBS5 - 0.98)")
No presets specified! To achieve strong results with AutoGluon, it is recommended to use the available presets.
	Recommended Presets (For more details refer to https://auto.gluon.ai/stable/tutorials/tabular/tabular-essentials.html#presets):
	presets='best_quality'   : Maximize accuracy. Default time_limit=3600.
	presets='high_quality'   : Strong accuracy with fast inference speed. Default time_limit=3600.
	presets='good_quality'   : Good accuracy with very fast inference speed. Default time_limit=3600.
	presets='medium_quality' : Fast training time, ideal for initial prototyping.
Beginning AutoGluon training ...
AutoGluon will save models to "AutogluonModels/ag-20250414_193013/Predictor_S6 (SBS7a - 1.00)"
=================== System Info ===================
AutoGluon Version:  1.1.0
Python Version:     3.10.15
Operating System:   Linux
Platform Machine:   x86_64
Platform Version:   #1 SMP PREEMPT_DYNAMIC Thu Apr 3 12:12:16 UTC 2025
CPU Count:          272
Memory Avail:       186.12 GB / 203.90 GB (91.3%)
Disk Space Avail:   1363.80 GB / 5120.00 GB (26.6%)
===================================================
Train Data Rows:    14495
Train Data Columns: 101
Label Column:       S6 (SBS7a - 1.00)
AutoGluon infers your prediction problem is: 'binary' (because only two unique label-values observed).
	2 unique label values:  [False, True]
	If 'binary' is not the correct problem_type, please manually specify the problem_type parameter during predictor init (You may specify problem_type as one of: ['binary', 'multiclass', 'regression'])
Problem Type:       binary
Preprocessing data ...
Selected class <--> label mapping:  class 1 = True, class 0 = False
Using Feature Generators to preprocess the data ...
Fitting AutoMLPipelineFeatureGenerator...
	Available Memory:                    190593.67 MB
	Train Data (Original)  Memory Usage: 10.69 MB (0.0% of available memory)
	Inferring data type of each feature based on column values. Set feature_metadata_in to manually specify special dtypes of the features.
	Stage 1 Generators:
		Fitting AsTypeFeatureGenerator...
			Note: Converting 5 features to boolean dtype as they only contain 2 unique values.
	Stage 2 Generators:
		Fitting FillNaFeatureGenerator...
	Stage 3 Generators:
		Fitting IdentityFeatureGenerator...
	Stage 4 Generators:
		Fitting DropUniqueFeatureGenerator...
	Stage 5 Generators:
		Fitting DropDuplicatesFeatureGenerator...
	Types of features in original data (raw dtype, special dtypes):
		('bool', []) :  5 | ['S1 (SBS1 - 0.99)', 'S2 (SBS2 - 0.99)', 'S3 (SBS3 - 0.97)', 'S4 (SBS4 - 0.98)', 'S5 (SBS5 - 0.98)']
		('int', [])  : 96 | ['A[C>A]A', 'A[C>A]C', 'A[C>A]G', 'A[C>A]T', 'A[C>G]A', ...]
	Types of features in processed data (raw dtype, special dtypes):
		('int', [])       : 96 | ['A[C>A]A', 'A[C>A]C', 'A[C>A]G', 'A[C>A]T', 'A[C>G]A', ...]
		('int', ['bool']) :  5 | ['S1 (SBS1 - 0.99)', 'S2 (SBS2 - 0.99)', 'S3 (SBS3 - 0.97)', 'S4 (SBS4 - 0.98)', 'S5 (SBS5 - 0.98)']
	14.6s = Fit runtime
	101 features in original data used to generate 101 features in processed data.
	Train Data (Processed) Memory Usage: 10.69 MB (0.0% of available memory)
Data preprocessing and feature engineering runtime = 15.93s ...
AutoGluon will gauge predictive performance using evaluation metric: 'accuracy'
	To change this, specify the eval_metric parameter of Predictor()
Automatically generating train/validation split with holdout_frac=0.1, Train Rows: 13045, Val Rows: 1450
User-specified model hyperparameters to be fit:
{
	'NN_TORCH': {},
	'GBM': [{'extra_trees': True, 'ag_args': {'name_suffix': 'XT'}}, {}, 'GBMLarge'],
	'CAT': {},
	'XGB': {},
	'FASTAI': {},
	'RF': [{'criterion': 'gini', 'ag_args': {'name_suffix': 'Gini', 'problem_types': ['binary', 'multiclass']}}, {'criterion': 'entropy', 'ag_args': {'name_suffix': 'Entr', 'problem_types': ['binary', 'multiclass']}}, {'criterion': 'squared_error', 'ag_args': {'name_suffix': 'MSE', 'problem_types': ['regression', 'quantile']}}],
	'XT': [{'criterion': 'gini', 'ag_args': {'name_suffix': 'Gini', 'problem_types': ['binary', 'multiclass']}}, {'criterion': 'entropy', 'ag_args': {'name_suffix': 'Entr', 'problem_types': ['binary', 'multiclass']}}, {'criterion': 'squared_error', 'ag_args': {'name_suffix': 'MSE', 'problem_types': ['regression', 'quantile']}}],
	'KNN': [{'weights': 'uniform', 'ag_args': {'name_suffix': 'Unif'}}, {'weights': 'distance', 'ag_args': {'name_suffix': 'Dist'}}],
}
Fitting 13 L1 models ...
Fitting model: KNeighborsUnif ...
	0.8028	 = Validation score   (accuracy)
	1.18s	 = Training   runtime
	6.42s	 = Validation runtime
Fitting model: KNeighborsDist ...
	0.8021	 = Validation score   (accuracy)
	1.77s	 = Training   runtime
	3.83s	 = Validation runtime
Fitting model: LightGBMXT ...
	0.8786	 = Validation score   (accuracy)
	3959.87s	 = Training   runtime
	0.48s	 = Validation runtime
Fitting model: WeightedEnsemble_L2 ...
	Ensemble Weights: {'CatBoost': 0.474, 'NeuralNetFastAI': 0.316, 'LightGBM': 0.105, 'LightGBMLarge': 0.105}
	0.8855	 = Validation score   (accuracy)
	19.6s	 = Training   runtime
	0.07s	 = Validation runtime
AutoGluon training complete, total runtime = 13397.4s ... Best model: "WeightedEnsemble_L2"
TabularPredictor saved. To load, use: predictor = TabularPredictor.load("AutogluonModels/ag-20250414_193013-003/Predictor_S5 (SBS5 - 0.98)")
No presets specified! To achieve strong results with AutoGluon, it is recommended to use the available presets.
	Recommended Presets (For more details refer to https://auto.gluon.ai/stable/tutorials/tabular/tabular-essentials.html#presets):
	presets='best_quality'   : Maximize accuracy. Default time_limit=3600.
	presets='high_quality'   : Strong accuracy with fast inference speed. Default time_limit=3600.
	presets='good_quality'   : Good accuracy with very fast inference speed. Default time_limit=3600.
	presets='medium_quality' : Fast training time, ideal for initial prototyping.
Beginning AutoGluon training ...
AutoGluon will save models to "AutogluonModels/ag-20250414_193013-003/Predictor_S6 (SBS7a - 1.00)"
=================== System Info ===================
AutoGluon Version:  1.1.0
Python Version:     3.10.15
Operating System:   Linux
Platform Machine:   x86_64
Platform Version:   #1 SMP PREEMPT_DYNAMIC Thu Apr 3 12:12:16 UTC 2025
CPU Count:          272
Memory Avail:       186.09 GB / 203.90 GB (91.3%)
Disk Space Avail:   1363.78 GB / 5120.00 GB (26.6%)
===================================================
Train Data Rows:    14495
Train Data Columns: 101
Label Column:       S6 (SBS7a - 1.00)
AutoGluon infers your prediction problem is: 'binary' (because only two unique label-values observed).
	2 unique label values:  [False, True]
	If 'binary' is not the correct problem_type, please manually specify the problem_type parameter during predictor init (You may specify problem_type as one of: ['binary', 'multiclass', 'regression'])
Problem Type:       binary
Preprocessing data ...
Selected class <--> label mapping:  class 1 = True, class 0 = False
Using Feature Generators to preprocess the data ...
Fitting AutoMLPipelineFeatureGenerator...
	Available Memory:                    190570.04 MB
	Train Data (Original)  Memory Usage: 10.69 MB (0.0% of available memory)
	Inferring data type of each feature based on column values. Set feature_metadata_in to manually specify special dtypes of the features.
	Stage 1 Generators:
		Fitting AsTypeFeatureGenerator...
			Note: Converting 5 features to boolean dtype as they only contain 2 unique values.
	Stage 2 Generators:
		Fitting FillNaFeatureGenerator...
	Stage 3 Generators:
		Fitting IdentityFeatureGenerator...
	Stage 4 Generators:
		Fitting DropUniqueFeatureGenerator...
	Stage 5 Generators:
		Fitting DropDuplicatesFeatureGenerator...
	Types of features in original data (raw dtype, special dtypes):
		('bool', []) :  5 | ['S1 (SBS1 - 0.99)', 'S2 (SBS2 - 0.99)', 'S3 (SBS3 - 0.97)', 'S4 (SBS4 - 0.98)', 'S5 (SBS5 - 0.98)']
		('int', [])  : 96 | ['A[C>A]A', 'A[C>A]C', 'A[C>A]G', 'A[C>A]T', 'A[C>G]A', ...]
	Types of features in processed data (raw dtype, special dtypes):
		('int', [])       : 96 | ['A[C>A]A', 'A[C>A]C', 'A[C>A]G', 'A[C>A]T', 'A[C>G]A', ...]
		('int', ['bool']) :  5 | ['S1 (SBS1 - 0.99)', 'S2 (SBS2 - 0.99)', 'S3 (SBS3 - 0.97)', 'S4 (SBS4 - 0.98)', 'S5 (SBS5 - 0.98)']
	26.6s = Fit runtime
	101 features in original data used to generate 101 features in processed data.
	Train Data (Processed) Memory Usage: 10.69 MB (0.0% of available memory)
Data preprocessing and feature engineering runtime = 28.89s ...
AutoGluon will gauge predictive performance using evaluation metric: 'accuracy'
	To change this, specify the eval_metric parameter of Predictor()
Automatically generating train/validation split with holdout_frac=0.1, Train Rows: 13045, Val Rows: 1450
User-specified model hyperparameters to be fit:
{
	'NN_TORCH': {},
	'GBM': [{'extra_trees': True, 'ag_args': {'name_suffix': 'XT'}}, {}, 'GBMLarge'],
	'CAT': {},
	'XGB': {},
	'FASTAI': {},
	'RF': [{'criterion': 'gini', 'ag_args': {'name_suffix': 'Gini', 'problem_types': ['binary', 'multiclass']}}, {'criterion': 'entropy', 'ag_args': {'name_suffix': 'Entr', 'problem_types': ['binary', 'multiclass']}}, {'criterion': 'squared_error', 'ag_args': {'name_suffix': 'MSE', 'problem_types': ['regression', 'quantile']}}],
	'XT': [{'criterion': 'gini', 'ag_args': {'name_suffix': 'Gini', 'problem_types': ['binary', 'multiclass']}}, {'criterion': 'entropy', 'ag_args': {'name_suffix': 'Entr', 'problem_types': ['binary', 'multiclass']}}, {'criterion': 'squared_error', 'ag_args': {'name_suffix': 'MSE', 'problem_types': ['regression', 'quantile']}}],
	'KNN': [{'weights': 'uniform', 'ag_args': {'name_suffix': 'Unif'}}, {'weights': 'distance', 'ag_args': {'name_suffix': 'Dist'}}],
}
Fitting 13 L1 models ...
Fitting model: KNeighborsUnif ...
	0.7917	 = Validation score   (accuracy)
	2.37s	 = Training   runtime
	5.07s	 = Validation runtime
Fitting model: KNeighborsDist ...
	0.791	 = Validation score   (accuracy)
	1.97s	 = Training   runtime
	3.8s	 = Validation runtime
Fitting model: LightGBMXT ...
	0.9	 = Validation score   (accuracy)
	1569.55s	 = Training   runtime
	2.5s	 = Validation runtime
Fitting model: XGBoost ...
	0.8241	 = Validation score   (accuracy)
	2967.16s	 = Training   runtime
	0.24s	 = Validation runtime
Fitting model: WeightedEnsemble_L2 ...
	Ensemble Weights: {'LightGBMXT': 0.333, 'LightGBM': 0.19, 'NeuralNetFastAI': 0.143, 'ExtraTreesEntr': 0.095, 'NeuralNetTorch': 0.095, 'KNeighborsUnif': 0.048, 'CatBoost': 0.048, 'ExtraTreesGini': 0.048}
	0.8407	 = Validation score   (accuracy)
	19.11s	 = Training   runtime
	0.08s	 = Validation runtime
AutoGluon training complete, total runtime = 16043.65s ... Best model: "WeightedEnsemble_L2"
TabularPredictor saved. To load, use: predictor = TabularPredictor.load("AutogluonModels/ag-20250414_193013-009/Predictor_S4 (SBS4 - 0.98)")
No presets specified! To achieve strong results with AutoGluon, it is recommended to use the available presets.
	Recommended Presets (For more details refer to https://auto.gluon.ai/stable/tutorials/tabular/tabular-essentials.html#presets):
	presets='best_quality'   : Maximize accuracy. Default time_limit=3600.
	presets='high_quality'   : Strong accuracy with fast inference speed. Default time_limit=3600.
	presets='good_quality'   : Good accuracy with very fast inference speed. Default time_limit=3600.
	presets='medium_quality' : Fast training time, ideal for initial prototyping.
Beginning AutoGluon training ...
AutoGluon will save models to "AutogluonModels/ag-20250414_193013-009/Predictor_S5 (SBS5 - 0.98)"
=================== System Info ===================
AutoGluon Version:  1.1.0
Python Version:     3.10.15
Operating System:   Linux
Platform Machine:   x86_64
Platform Version:   #1 SMP PREEMPT_DYNAMIC Thu Apr 3 12:12:16 UTC 2025
CPU Count:          272
Memory Avail:       186.11 GB / 203.90 GB (91.3%)
Disk Space Avail:   1363.76 GB / 5120.00 GB (26.6%)
===================================================
Train Data Rows:    14495
Train Data Columns: 100
Label Column:       S5 (SBS5 - 0.98)
AutoGluon infers your prediction problem is: 'binary' (because only two unique label-values observed).
	2 unique label values:  [True, False]
	If 'binary' is not the correct problem_type, please manually specify the problem_type parameter during predictor init (You may specify problem_type as one of: ['binary', 'multiclass', 'regression'])
Problem Type:       binary
Preprocessing data ...
Selected class <--> label mapping:  class 1 = True, class 0 = False
Using Feature Generators to preprocess the data ...
Fitting AutoMLPipelineFeatureGenerator...
	Available Memory:                    190585.04 MB
	Train Data (Original)  Memory Usage: 10.67 MB (0.0% of available memory)
	Inferring data type of each feature based on column values. Set feature_metadata_in to manually specify special dtypes of the features.
	Stage 1 Generators:
		Fitting AsTypeFeatureGenerator...
			Note: Converting 4 features to boolean dtype as they only contain 2 unique values.
	Stage 2 Generators:
		Fitting FillNaFeatureGenerator...
	Stage 3 Generators:
		Fitting IdentityFeatureGenerator...
	Stage 4 Generators:
		Fitting DropUniqueFeatureGenerator...
	Stage 5 Generators:
		Fitting DropDuplicatesFeatureGenerator...
	Types of features in original data (raw dtype, special dtypes):
		('bool', []) :  4 | ['S1 (SBS1 - 0.99)', 'S2 (SBS2 - 0.99)', 'S3 (SBS3 - 0.97)', 'S4 (SBS4 - 0.98)']
		('int', [])  : 96 | ['A[C>A]A', 'A[C>A]C', 'A[C>A]G', 'A[C>A]T', 'A[C>G]A', ...]
	Types of features in processed data (raw dtype, special dtypes):
		('int', [])       : 96 | ['A[C>A]A', 'A[C>A]C', 'A[C>A]G', 'A[C>A]T', 'A[C>G]A', ...]
		('int', ['bool']) :  4 | ['S1 (SBS1 - 0.99)', 'S2 (SBS2 - 0.99)', 'S3 (SBS3 - 0.97)', 'S4 (SBS4 - 0.98)']
	15.5s = Fit runtime
	100 features in original data used to generate 100 features in processed data.
	Train Data (Processed) Memory Usage: 10.67 MB (0.0% of available memory)
Data preprocessing and feature engineering runtime = 16.89s ...
AutoGluon will gauge predictive performance using evaluation metric: 'accuracy'
	To change this, specify the eval_metric parameter of Predictor()
Automatically generating train/validation split with holdout_frac=0.1, Train Rows: 13045, Val Rows: 1450
User-specified model hyperparameters to be fit:
{
	'NN_TORCH': {},
	'GBM': [{'extra_trees': True, 'ag_args': {'name_suffix': 'XT'}}, {}, 'GBMLarge'],
	'CAT': {},
	'XGB': {},
	'FASTAI': {},
	'RF': [{'criterion': 'gini', 'ag_args': {'name_suffix': 'Gini', 'problem_types': ['binary', 'multiclass']}}, {'criterion': 'entropy', 'ag_args': {'name_suffix': 'Entr', 'problem_types': ['binary', 'multiclass']}}, {'criterion': 'squared_error', 'ag_args': {'name_suffix': 'MSE', 'problem_types': ['regression', 'quantile']}}],
	'XT': [{'criterion': 'gini', 'ag_args': {'name_suffix': 'Gini', 'problem_types': ['binary', 'multiclass']}}, {'criterion': 'entropy', 'ag_args': {'name_suffix': 'Entr', 'problem_types': ['binary', 'multiclass']}}, {'criterion': 'squared_error', 'ag_args': {'name_suffix': 'MSE', 'problem_types': ['regression', 'quantile']}}],
	'KNN': [{'weights': 'uniform', 'ag_args': {'name_suffix': 'Unif'}}, {'weights': 'distance', 'ag_args': {'name_suffix': 'Dist'}}],
}
Fitting 13 L1 models ...
Fitting model: KNeighborsUnif ...
	0.8807	 = Validation score   (accuracy)
	2.71s	 = Training   runtime
	5.02s	 = Validation runtime
Fitting model: KNeighborsDist ...
	0.8834	 = Validation score   (accuracy)
	2.8s	 = Training   runtime
	7.16s	 = Validation runtime
Fitting model: LightGBMXT ...
	0.9076	 = Validation score   (accuracy)
	573.96s	 = Training   runtime
	0.46s	 = Validation runtime
Fitting model: ExtraTreesGini ...
	0.9083	 = Validation score   (accuracy)
	431.51s	 = Training   runtime
	1.46s	 = Validation runtime
Fitting model: NeuralNetTorch ...
	0.8766	 = Validation score   (accuracy)
	50.28s	 = Training   runtime
	3.69s	 = Validation runtime
Fitting model: ExtraTreesEntr ...
	0.8779	 = Validation score   (accuracy)
	54.47s	 = Training   runtime
	4.75s	 = Validation runtime
Fitting model: NeuralNetFastAI ...
	0.8993	 = Validation score   (accuracy)
	1044.38s	 = Training   runtime
	0.37s	 = Validation runtime
Fitting model: ExtraTreesGini ...
	0.88	 = Validation score   (accuracy)
	40.92s	 = Training   runtime
	3.28s	 = Validation runtime
Fitting model: ExtraTreesEntr ...
	0.8738	 = Validation score   (accuracy)
	40.5s	 = Training   runtime
	3.09s	 = Validation runtime
Fitting model: NeuralNetFastAI ...
	0.92	 = Validation score   (accuracy)
	1822.86s	 = Training   runtime
	0.52s	 = Validation runtime
Fitting model: LightGBM ...
	0.8834	 = Validation score   (accuracy)
	4802.37s	 = Training   runtime
	0.46s	 = Validation runtime
Fitting model: WeightedEnsemble_L2 ...
	0.8586	 = Validation score   (accuracy)
	1385.96s	 = Training   runtime
	0.53s	 = Validation runtime
Fitting model: LightGBM ...
	Ensemble Weights: {'NeuralNetFastAI': 0.462, 'LightGBM': 0.308, 'LightGBMXT': 0.154, 'CatBoost': 0.077}
	0.8897	 = Validation score   (accuracy)
	21.47s	 = Training   runtime
	0.04s	 = Validation runtime
AutoGluon training complete, total runtime = 12028.71s ... Best model: "WeightedEnsemble_L2"
TabularPredictor saved. To load, use: predictor = TabularPredictor.load("AutogluonModels/ag-20250414_193013-001/Predictor_S5 (SBS5 - 0.98)")
No presets specified! To achieve strong results with AutoGluon, it is recommended to use the available presets.
	Recommended Presets (For more details refer to https://auto.gluon.ai/stable/tutorials/tabular/tabular-essentials.html#presets):
	presets='best_quality'   : Maximize accuracy. Default time_limit=3600.
	presets='high_quality'   : Strong accuracy with fast inference speed. Default time_limit=3600.
	presets='good_quality'   : Good accuracy with very fast inference speed. Default time_limit=3600.
	presets='medium_quality' : Fast training time, ideal for initial prototyping.
Beginning AutoGluon training ...
AutoGluon will save models to "AutogluonModels/ag-20250414_193013-001/Predictor_S6 (SBS7a - 1.00)"
=================== System Info ===================
AutoGluon Version:  1.1.0
Python Version:     3.10.15
Operating System:   Linux
Platform Machine:   x86_64
Platform Version:   #1 SMP PREEMPT_DYNAMIC Thu Apr 3 12:12:16 UTC 2025
CPU Count:          272
Memory Avail:       186.03 GB / 203.90 GB (91.2%)
Disk Space Avail:   1363.42 GB / 5120.00 GB (26.6%)
===================================================
Train Data Rows:    14495
Train Data Columns: 101
Label Column:       S6 (SBS7a - 1.00)
AutoGluon infers your prediction problem is: 'binary' (because only two unique label-values observed).
	2 unique label values:  [False, True]
	If 'binary' is not the correct problem_type, please manually specify the problem_type parameter during predictor init (You may specify problem_type as one of: ['binary', 'multiclass', 'regression'])
Problem Type:       binary
Preprocessing data ...
Selected class <--> label mapping:  class 1 = True, class 0 = False
Using Feature Generators to preprocess the data ...
Fitting AutoMLPipelineFeatureGenerator...
	Available Memory:                    190501.14 MB
	Train Data (Original)  Memory Usage: 10.69 MB (0.0% of available memory)
	Inferring data type of each feature based on column values. Set feature_metadata_in to manually specify special dtypes of the features.
	Stage 1 Generators:
		Fitting AsTypeFeatureGenerator...
			Note: Converting 5 features to boolean dtype as they only contain 2 unique values.
	Stage 2 Generators:
		Fitting FillNaFeatureGenerator...
	Stage 3 Generators:
		Fitting IdentityFeatureGenerator...
	Stage 4 Generators:
		Fitting DropUniqueFeatureGenerator...
	Stage 5 Generators:
		Fitting DropDuplicatesFeatureGenerator...
	Types of features in original data (raw dtype, special dtypes):
		('bool', []) :  5 | ['S1 (SBS1 - 0.99)', 'S2 (SBS2 - 0.99)', 'S3 (SBS3 - 0.97)', 'S4 (SBS4 - 0.98)', 'S5 (SBS5 - 0.98)']
		('int', [])  : 96 | ['A[C>A]A', 'A[C>A]C', 'A[C>A]G', 'A[C>A]T', 'A[C>G]A', ...]
	Types of features in processed data (raw dtype, special dtypes):
		('int', [])       : 96 | ['A[C>A]A', 'A[C>A]C', 'A[C>A]G', 'A[C>A]T', 'A[C>G]A', ...]
		('int', ['bool']) :  5 | ['S1 (SBS1 - 0.99)', 'S2 (SBS2 - 0.99)', 'S3 (SBS3 - 0.97)', 'S4 (SBS4 - 0.98)', 'S5 (SBS5 - 0.98)']
	13.2s = Fit runtime
	101 features in original data used to generate 101 features in processed data.
	Train Data (Processed) Memory Usage: 10.69 MB (0.0% of available memory)
Data preprocessing and feature engineering runtime = 14.1s ...
AutoGluon will gauge predictive performance using evaluation metric: 'accuracy'
	To change this, specify the eval_metric parameter of Predictor()
Automatically generating train/validation split with holdout_frac=0.1, Train Rows: 13045, Val Rows: 1450
User-specified model hyperparameters to be fit:
{
	'NN_TORCH': {},
	'GBM': [{'extra_trees': True, 'ag_args': {'name_suffix': 'XT'}}, {}, 'GBMLarge'],
	'CAT': {},
	'XGB': {},
	'FASTAI': {},
	'RF': [{'criterion': 'gini', 'ag_args': {'name_suffix': 'Gini', 'problem_types': ['binary', 'multiclass']}}, {'criterion': 'entropy', 'ag_args': {'name_suffix': 'Entr', 'problem_types': ['binary', 'multiclass']}}, {'criterion': 'squared_error', 'ag_args': {'name_suffix': 'MSE', 'problem_types': ['regression', 'quantile']}}],
	'XT': [{'criterion': 'gini', 'ag_args': {'name_suffix': 'Gini', 'problem_types': ['binary', 'multiclass']}}, {'criterion': 'entropy', 'ag_args': {'name_suffix': 'Entr', 'problem_types': ['binary', 'multiclass']}}, {'criterion': 'squared_error', 'ag_args': {'name_suffix': 'MSE', 'problem_types': ['regression', 'quantile']}}],
	'KNN': [{'weights': 'uniform', 'ag_args': {'name_suffix': 'Unif'}}, {'weights': 'distance', 'ag_args': {'name_suffix': 'Dist'}}],
}
Fitting 13 L1 models ...
Fitting model: KNeighborsUnif ...
	0.8048	 = Validation score   (accuracy)
	1.04s	 = Training   runtime
	3.2s	 = Validation runtime
Fitting model: KNeighborsDist ...
	0.8041	 = Validation score   (accuracy)
	0.92s	 = Training   runtime
	3.09s	 = Validation runtime
Fitting model: LightGBMXT ...
	0.8207	 = Validation score   (accuracy)
	5627.01s	 = Training   runtime
	0.49s	 = Validation runtime
Fitting model: WeightedEnsemble_L2 ...
	Ensemble Weights: {'LightGBMXT': 0.667, 'RandomForestGini': 0.167, 'NeuralNetTorch': 0.167}
	0.8345	 = Validation score   (accuracy)
	17.25s	 = Training   runtime
	0.16s	 = Validation runtime
AutoGluon training complete, total runtime = 21629.34s ... Best model: "WeightedEnsemble_L2"
TabularPredictor saved. To load, use: predictor = TabularPredictor.load("AutogluonModels/ag-20250414_193014-001/Predictor_S4 (SBS4 - 0.98)")
No presets specified! To achieve strong results with AutoGluon, it is recommended to use the available presets.
	Recommended Presets (For more details refer to https://auto.gluon.ai/stable/tutorials/tabular/tabular-essentials.html#presets):
	presets='best_quality'   : Maximize accuracy. Default time_limit=3600.
	presets='high_quality'   : Strong accuracy with fast inference speed. Default time_limit=3600.
	presets='good_quality'   : Good accuracy with very fast inference speed. Default time_limit=3600.
	presets='medium_quality' : Fast training time, ideal for initial prototyping.
Beginning AutoGluon training ...
AutoGluon will save models to "AutogluonModels/ag-20250414_193014-001/Predictor_S5 (SBS5 - 0.98)"
=================== System Info ===================
AutoGluon Version:  1.1.0
Python Version:     3.10.15
Operating System:   Linux
Platform Machine:   x86_64
Platform Version:   #1 SMP PREEMPT_DYNAMIC Thu Apr 3 12:12:16 UTC 2025
CPU Count:          272
Memory Avail:       186.03 GB / 203.90 GB (91.2%)
Disk Space Avail:   1363.39 GB / 5120.00 GB (26.6%)
===================================================
Train Data Rows:    14495
Train Data Columns: 100
Label Column:       S5 (SBS5 - 0.98)
AutoGluon infers your prediction problem is: 'binary' (because only two unique label-values observed).
	2 unique label values:  [True, False]
	If 'binary' is not the correct problem_type, please manually specify the problem_type parameter during predictor init (You may specify problem_type as one of: ['binary', 'multiclass', 'regression'])
Problem Type:       binary
Preprocessing data ...
Selected class <--> label mapping:  class 1 = True, class 0 = False
Using Feature Generators to preprocess the data ...
Fitting AutoMLPipelineFeatureGenerator...
	Available Memory:                    190500.46 MB
	Train Data (Original)  Memory Usage: 10.67 MB (0.0% of available memory)
	Inferring data type of each feature based on column values. Set feature_metadata_in to manually specify special dtypes of the features.
	Stage 1 Generators:
		Fitting AsTypeFeatureGenerator...
			Note: Converting 4 features to boolean dtype as they only contain 2 unique values.
	Stage 2 Generators:
		Fitting FillNaFeatureGenerator...
	Stage 3 Generators:
		Fitting IdentityFeatureGenerator...
	Stage 4 Generators:
		Fitting DropUniqueFeatureGenerator...
	Stage 5 Generators:
		Fitting DropDuplicatesFeatureGenerator...
	Types of features in original data (raw dtype, special dtypes):
		('bool', []) :  4 | ['S1 (SBS1 - 0.99)', 'S2 (SBS2 - 0.99)', 'S3 (SBS3 - 0.97)', 'S4 (SBS4 - 0.98)']
		('int', [])  : 96 | ['A[C>A]A', 'A[C>A]C', 'A[C>A]G', 'A[C>A]T', 'A[C>G]A', ...]
	Types of features in processed data (raw dtype, special dtypes):
		('int', [])       : 96 | ['A[C>A]A', 'A[C>A]C', 'A[C>A]G', 'A[C>A]T', 'A[C>G]A', ...]
		('int', ['bool']) :  4 | ['S1 (SBS1 - 0.99)', 'S2 (SBS2 - 0.99)', 'S3 (SBS3 - 0.97)', 'S4 (SBS4 - 0.98)']
	9.3s = Fit runtime
	100 features in original data used to generate 100 features in processed data.
	Train Data (Processed) Memory Usage: 10.67 MB (0.0% of available memory)
Data preprocessing and feature engineering runtime = 10.24s ...
AutoGluon will gauge predictive performance using evaluation metric: 'accuracy'
	To change this, specify the eval_metric parameter of Predictor()
Automatically generating train/validation split with holdout_frac=0.1, Train Rows: 13045, Val Rows: 1450
User-specified model hyperparameters to be fit:
{
	'NN_TORCH': {},
	'GBM': [{'extra_trees': True, 'ag_args': {'name_suffix': 'XT'}}, {}, 'GBMLarge'],
	'CAT': {},
	'XGB': {},
	'FASTAI': {},
	'RF': [{'criterion': 'gini', 'ag_args': {'name_suffix': 'Gini', 'problem_types': ['binary', 'multiclass']}}, {'criterion': 'entropy', 'ag_args': {'name_suffix': 'Entr', 'problem_types': ['binary', 'multiclass']}}, {'criterion': 'squared_error', 'ag_args': {'name_suffix': 'MSE', 'problem_types': ['regression', 'quantile']}}],
	'XT': [{'criterion': 'gini', 'ag_args': {'name_suffix': 'Gini', 'problem_types': ['binary', 'multiclass']}}, {'criterion': 'entropy', 'ag_args': {'name_suffix': 'Entr', 'problem_types': ['binary', 'multiclass']}}, {'criterion': 'squared_error', 'ag_args': {'name_suffix': 'MSE', 'problem_types': ['regression', 'quantile']}}],
	'KNN': [{'weights': 'uniform', 'ag_args': {'name_suffix': 'Unif'}}, {'weights': 'distance', 'ag_args': {'name_suffix': 'Dist'}}],
}
Fitting 13 L1 models ...
Fitting model: KNeighborsUnif ...
	0.9083	 = Validation score   (accuracy)
	2314.84s	 = Training   runtime
	0.61s	 = Validation runtime
Fitting model: LightGBM ...
	0.8779	 = Validation score   (accuracy)
	1.28s	 = Training   runtime
	3.43s	 = Validation runtime
Fitting model: KNeighborsDist ...
	0.88	 = Validation score   (accuracy)
	3.26s	 = Training   runtime
	3.79s	 = Validation runtime
Fitting model: LightGBMXT ...
	0.8483	 = Validation score   (accuracy)
	1405.57s	 = Training   runtime
	0.63s	 = Validation runtime
Fitting model: LightGBM ...
	0.8897	 = Validation score   (accuracy)
	4415.06s	 = Training   runtime
	0.41s	 = Validation runtime
Fitting model: WeightedEnsemble_L2 ...
	Ensemble Weights: {'LightGBMLarge': 1.0}
	0.8897	 = Validation score   (accuracy)
	18.1s	 = Training   runtime
	0.11s	 = Validation runtime
AutoGluon training complete, total runtime = 10996.08s ... Best model: "WeightedEnsemble_L2"
TabularPredictor saved. To load, use: predictor = TabularPredictor.load("AutogluonModels/ag-20250414_193013-010/Predictor_S5 (SBS5 - 0.98)")
No presets specified! To achieve strong results with AutoGluon, it is recommended to use the available presets.
	Recommended Presets (For more details refer to https://auto.gluon.ai/stable/tutorials/tabular/tabular-essentials.html#presets):
	presets='best_quality'   : Maximize accuracy. Default time_limit=3600.
	presets='high_quality'   : Strong accuracy with fast inference speed. Default time_limit=3600.
	presets='good_quality'   : Good accuracy with very fast inference speed. Default time_limit=3600.
	presets='medium_quality' : Fast training time, ideal for initial prototyping.
Beginning AutoGluon training ...
AutoGluon will save models to "AutogluonModels/ag-20250414_193013-010/Predictor_S6 (SBS7a - 1.00)"
=================== System Info ===================
AutoGluon Version:  1.1.0
Python Version:     3.10.15
Operating System:   Linux
Platform Machine:   x86_64
Platform Version:   #1 SMP PREEMPT_DYNAMIC Thu Apr 3 12:12:16 UTC 2025
CPU Count:          272
Memory Avail:       186.05 GB / 203.90 GB (91.2%)
Disk Space Avail:   1363.36 GB / 5120.00 GB (26.6%)
===================================================
Train Data Rows:    14495
Train Data Columns: 101
Label Column:       S6 (SBS7a - 1.00)
AutoGluon infers your prediction problem is: 'binary' (because only two unique label-values observed).
	2 unique label values:  [False, True]
	If 'binary' is not the correct problem_type, please manually specify the problem_type parameter during predictor init (You may specify problem_type as one of: ['binary', 'multiclass', 'regression'])
Problem Type:       binary
Preprocessing data ...
Selected class <--> label mapping:  class 1 = True, class 0 = False
Using Feature Generators to preprocess the data ...
Fitting AutoMLPipelineFeatureGenerator...
	Available Memory:                    190526.85 MB
	Train Data (Original)  Memory Usage: 10.69 MB (0.0% of available memory)
	Inferring data type of each feature based on column values. Set feature_metadata_in to manually specify special dtypes of the features.
	Stage 1 Generators:
		Fitting AsTypeFeatureGenerator...
			Note: Converting 5 features to boolean dtype as they only contain 2 unique values.
	Stage 2 Generators:
		Fitting FillNaFeatureGenerator...
	Stage 3 Generators:
		Fitting IdentityFeatureGenerator...
	Stage 4 Generators:
		Fitting DropUniqueFeatureGenerator...
	Stage 5 Generators:
		Fitting DropDuplicatesFeatureGenerator...
	Types of features in original data (raw dtype, special dtypes):
		('bool', []) :  5 | ['S1 (SBS1 - 0.99)', 'S2 (SBS2 - 0.99)', 'S3 (SBS3 - 0.97)', 'S4 (SBS4 - 0.98)', 'S5 (SBS5 - 0.98)']
		('int', [])  : 96 | ['A[C>A]A', 'A[C>A]C', 'A[C>A]G', 'A[C>A]T', 'A[C>G]A', ...]
	Types of features in processed data (raw dtype, special dtypes):
		('int', [])       : 96 | ['A[C>A]A', 'A[C>A]C', 'A[C>A]G', 'A[C>A]T', 'A[C>G]A', ...]
		('int', ['bool']) :  5 | ['S1 (SBS1 - 0.99)', 'S2 (SBS2 - 0.99)', 'S3 (SBS3 - 0.97)', 'S4 (SBS4 - 0.98)', 'S5 (SBS5 - 0.98)']
	11.9s = Fit runtime
	101 features in original data used to generate 101 features in processed data.
	Train Data (Processed) Memory Usage: 10.69 MB (0.0% of available memory)
Data preprocessing and feature engineering runtime = 12.74s ...
AutoGluon will gauge predictive performance using evaluation metric: 'accuracy'
	To change this, specify the eval_metric parameter of Predictor()
Automatically generating train/validation split with holdout_frac=0.1, Train Rows: 13045, Val Rows: 1450
User-specified model hyperparameters to be fit:
{
	'NN_TORCH': {},
	'GBM': [{'extra_trees': True, 'ag_args': {'name_suffix': 'XT'}}, {}, 'GBMLarge'],
	'CAT': {},
	'XGB': {},
	'FASTAI': {},
	'RF': [{'criterion': 'gini', 'ag_args': {'name_suffix': 'Gini', 'problem_types': ['binary', 'multiclass']}}, {'criterion': 'entropy', 'ag_args': {'name_suffix': 'Entr', 'problem_types': ['binary', 'multiclass']}}, {'criterion': 'squared_error', 'ag_args': {'name_suffix': 'MSE', 'problem_types': ['regression', 'quantile']}}],
	'XT': [{'criterion': 'gini', 'ag_args': {'name_suffix': 'Gini', 'problem_types': ['binary', 'multiclass']}}, {'criterion': 'entropy', 'ag_args': {'name_suffix': 'Entr', 'problem_types': ['binary', 'multiclass']}}, {'criterion': 'squared_error', 'ag_args': {'name_suffix': 'MSE', 'problem_types': ['regression', 'quantile']}}],
	'KNN': [{'weights': 'uniform', 'ag_args': {'name_suffix': 'Unif'}}, {'weights': 'distance', 'ag_args': {'name_suffix': 'Dist'}}],
}
Fitting 13 L1 models ...
Fitting model: KNeighborsUnif ...
	0.7986	 = Validation score   (accuracy)
	1.13s	 = Training   runtime
	3.15s	 = Validation runtime
Fitting model: KNeighborsDist ...
	0.7979	 = Validation score   (accuracy)
	0.68s	 = Training   runtime
	3.34s	 = Validation runtime
Fitting model: LightGBMXT ...
	0.8407	 = Validation score   (accuracy)
	2431.15s	 = Training   runtime
	0.22s	 = Validation runtime
Fitting model: WeightedEnsemble_L2 ...
	Ensemble Weights: {'LightGBM': 0.818, 'LightGBMXT': 0.091, 'XGBoost': 0.091}
	0.849	 = Validation score   (accuracy)
	16.47s	 = Training   runtime
	0.04s	 = Validation runtime
AutoGluon training complete, total runtime = 7756.57s ... Best model: "WeightedEnsemble_L2"
TabularPredictor saved. To load, use: predictor = TabularPredictor.load("AutogluonModels/ag-20250414_193013-005/Predictor_S6 (SBS7a - 1.00)")
No presets specified! To achieve strong results with AutoGluon, it is recommended to use the available presets.
	Recommended Presets (For more details refer to https://auto.gluon.ai/stable/tutorials/tabular/tabular-essentials.html#presets):
	presets='best_quality'   : Maximize accuracy. Default time_limit=3600.
	presets='high_quality'   : Strong accuracy with fast inference speed. Default time_limit=3600.
	presets='good_quality'   : Good accuracy with very fast inference speed. Default time_limit=3600.
	presets='medium_quality' : Fast training time, ideal for initial prototyping.
Beginning AutoGluon training ...
AutoGluon will save models to "AutogluonModels/ag-20250414_193013-005/Predictor_S7 (SBS7b - 0.96)"
=================== System Info ===================
AutoGluon Version:  1.1.0
Python Version:     3.10.15
Operating System:   Linux
Platform Machine:   x86_64
Platform Version:   #1 SMP PREEMPT_DYNAMIC Thu Apr 3 12:12:16 UTC 2025
CPU Count:          272
Memory Avail:       186.03 GB / 203.90 GB (91.2%)
Disk Space Avail:   1363.33 GB / 5120.00 GB (26.6%)
===================================================
Train Data Rows:    14495
Train Data Columns: 102
Label Column:       S7 (SBS7b - 0.96)
AutoGluon infers your prediction problem is: 'binary' (because only two unique label-values observed).
	2 unique label values:  [False, True]
	If 'binary' is not the correct problem_type, please manually specify the problem_type parameter during predictor init (You may specify problem_type as one of: ['binary', 'multiclass', 'regression'])
Problem Type:       binary
Preprocessing data ...
Selected class <--> label mapping:  class 1 = True, class 0 = False
Using Feature Generators to preprocess the data ...
Fitting AutoMLPipelineFeatureGenerator...
	Available Memory:                    190504.70 MB
	Train Data (Original)  Memory Usage: 10.70 MB (0.0% of available memory)
	Inferring data type of each feature based on column values. Set feature_metadata_in to manually specify special dtypes of the features.
	Stage 1 Generators:
		Fitting AsTypeFeatureGenerator...
			Note: Converting 6 features to boolean dtype as they only contain 2 unique values.
	Stage 2 Generators:
		Fitting FillNaFeatureGenerator...
	Stage 3 Generators:
		Fitting IdentityFeatureGenerator...
	Stage 4 Generators:
		Fitting DropUniqueFeatureGenerator...
	Stage 5 Generators:
		Fitting DropDuplicatesFeatureGenerator...
	Types of features in original data (raw dtype, special dtypes):
		('bool', []) :  6 | ['S1 (SBS1 - 0.99)', 'S2 (SBS2 - 0.99)', 'S3 (SBS3 - 0.97)', 'S4 (SBS4 - 0.98)', 'S5 (SBS5 - 0.98)', ...]
		('int', [])  : 96 | ['A[C>A]A', 'A[C>A]C', 'A[C>A]G', 'A[C>A]T', 'A[C>G]A', ...]
	Types of features in processed data (raw dtype, special dtypes):
		('int', [])       : 96 | ['A[C>A]A', 'A[C>A]C', 'A[C>A]G', 'A[C>A]T', 'A[C>G]A', ...]
		('int', ['bool']) :  6 | ['S1 (SBS1 - 0.99)', 'S2 (SBS2 - 0.99)', 'S3 (SBS3 - 0.97)', 'S4 (SBS4 - 0.98)', 'S5 (SBS5 - 0.98)', ...]
	20.5s = Fit runtime
	102 features in original data used to generate 102 features in processed data.
	Train Data (Processed) Memory Usage: 10.70 MB (0.0% of available memory)
Data preprocessing and feature engineering runtime = 21.23s ...
AutoGluon will gauge predictive performance using evaluation metric: 'accuracy'
	To change this, specify the eval_metric parameter of Predictor()
Automatically generating train/validation split with holdout_frac=0.1, Train Rows: 13045, Val Rows: 1450
User-specified model hyperparameters to be fit:
{
	'NN_TORCH': {},
	'GBM': [{'extra_trees': True, 'ag_args': {'name_suffix': 'XT'}}, {}, 'GBMLarge'],
	'CAT': {},
	'XGB': {},
	'FASTAI': {},
	'RF': [{'criterion': 'gini', 'ag_args': {'name_suffix': 'Gini', 'problem_types': ['binary', 'multiclass']}}, {'criterion': 'entropy', 'ag_args': {'name_suffix': 'Entr', 'problem_types': ['binary', 'multiclass']}}, {'criterion': 'squared_error', 'ag_args': {'name_suffix': 'MSE', 'problem_types': ['regression', 'quantile']}}],
	'XT': [{'criterion': 'gini', 'ag_args': {'name_suffix': 'Gini', 'problem_types': ['binary', 'multiclass']}}, {'criterion': 'entropy', 'ag_args': {'name_suffix': 'Entr', 'problem_types': ['binary', 'multiclass']}}, {'criterion': 'squared_error', 'ag_args': {'name_suffix': 'MSE', 'problem_types': ['regression', 'quantile']}}],
	'KNN': [{'weights': 'uniform', 'ag_args': {'name_suffix': 'Unif'}}, {'weights': 'distance', 'ag_args': {'name_suffix': 'Dist'}}],
}
Fitting 13 L1 models ...
Fitting model: KNeighborsUnif ...
	0.7076	 = Validation score   (accuracy)
	0.94s	 = Training   runtime
	3.5s	 = Validation runtime
Fitting model: KNeighborsDist ...
	0.7076	 = Validation score   (accuracy)
	1.16s	 = Training   runtime
	3.33s	 = Validation runtime
Fitting model: LightGBMXT ...
	0.8276	 = Validation score   (accuracy)
	4396.78s	 = Training   runtime
	0.47s	 = Validation runtime
Fitting model: WeightedEnsemble_L2 ...
	Ensemble Weights: {'NeuralNetFastAI': 0.375, 'NeuralNetTorch': 0.208, 'LightGBMLarge': 0.125, 'KNeighborsDist': 0.083, 'LightGBMXT': 0.083, 'LightGBM': 0.083, 'RandomForestGini': 0.042}
	0.8497	 = Validation score   (accuracy)
	17.14s	 = Training   runtime
	0.07s	 = Validation runtime
AutoGluon training complete, total runtime = 17156.09s ... Best model: "WeightedEnsemble_L2"
TabularPredictor saved. To load, use: predictor = TabularPredictor.load("AutogluonModels/ag-20250414_193013-006/Predictor_S4 (SBS4 - 0.98)")
No presets specified! To achieve strong results with AutoGluon, it is recommended to use the available presets.
	Recommended Presets (For more details refer to https://auto.gluon.ai/stable/tutorials/tabular/tabular-essentials.html#presets):
	presets='best_quality'   : Maximize accuracy. Default time_limit=3600.
	presets='high_quality'   : Strong accuracy with fast inference speed. Default time_limit=3600.
	presets='good_quality'   : Good accuracy with very fast inference speed. Default time_limit=3600.
	presets='medium_quality' : Fast training time, ideal for initial prototyping.
Beginning AutoGluon training ...
AutoGluon will save models to "AutogluonModels/ag-20250414_193013-006/Predictor_S5 (SBS5 - 0.98)"
=================== System Info ===================
AutoGluon Version:  1.1.0
Python Version:     3.10.15
Operating System:   Linux
Platform Machine:   x86_64
Platform Version:   #1 SMP PREEMPT_DYNAMIC Thu Apr 3 12:12:16 UTC 2025
CPU Count:          272
Memory Avail:       186.05 GB / 203.90 GB (91.2%)
Disk Space Avail:   1363.31 GB / 5120.00 GB (26.6%)
===================================================
Train Data Rows:    14495
Train Data Columns: 100
Label Column:       S5 (SBS5 - 0.98)
AutoGluon infers your prediction problem is: 'binary' (because only two unique label-values observed).
	2 unique label values:  [True, False]
	If 'binary' is not the correct problem_type, please manually specify the problem_type parameter during predictor init (You may specify problem_type as one of: ['binary', 'multiclass', 'regression'])
Problem Type:       binary
Preprocessing data ...
Selected class <--> label mapping:  class 1 = True, class 0 = False
Using Feature Generators to preprocess the data ...
Fitting AutoMLPipelineFeatureGenerator...
	Available Memory:                    190527.50 MB
	Train Data (Original)  Memory Usage: 10.67 MB (0.0% of available memory)
	Inferring data type of each feature based on column values. Set feature_metadata_in to manually specify special dtypes of the features.
	Stage 1 Generators:
		Fitting AsTypeFeatureGenerator...
			Note: Converting 4 features to boolean dtype as they only contain 2 unique values.
	Stage 2 Generators:
		Fitting FillNaFeatureGenerator...
	Stage 3 Generators:
		Fitting IdentityFeatureGenerator...
	Stage 4 Generators:
		Fitting DropUniqueFeatureGenerator...
	Stage 5 Generators:
		Fitting DropDuplicatesFeatureGenerator...
	Types of features in original data (raw dtype, special dtypes):
		('bool', []) :  4 | ['S1 (SBS1 - 0.99)', 'S2 (SBS2 - 0.99)', 'S3 (SBS3 - 0.97)', 'S4 (SBS4 - 0.98)']
		('int', [])  : 96 | ['A[C>A]A', 'A[C>A]C', 'A[C>A]G', 'A[C>A]T', 'A[C>G]A', ...]
	Types of features in processed data (raw dtype, special dtypes):
		('int', [])       : 96 | ['A[C>A]A', 'A[C>A]C', 'A[C>A]G', 'A[C>A]T', 'A[C>G]A', ...]
		('int', ['bool']) :  4 | ['S1 (SBS1 - 0.99)', 'S2 (SBS2 - 0.99)', 'S3 (SBS3 - 0.97)', 'S4 (SBS4 - 0.98)']
	10.4s = Fit runtime
	100 features in original data used to generate 100 features in processed data.
	Train Data (Processed) Memory Usage: 10.67 MB (0.0% of available memory)
Data preprocessing and feature engineering runtime = 11.36s ...
AutoGluon will gauge predictive performance using evaluation metric: 'accuracy'
	To change this, specify the eval_metric parameter of Predictor()
Automatically generating train/validation split with holdout_frac=0.1, Train Rows: 13045, Val Rows: 1450
User-specified model hyperparameters to be fit:
{
	'NN_TORCH': {},
	'GBM': [{'extra_trees': True, 'ag_args': {'name_suffix': 'XT'}}, {}, 'GBMLarge'],
	'CAT': {},
	'XGB': {},
	'FASTAI': {},
	'RF': [{'criterion': 'gini', 'ag_args': {'name_suffix': 'Gini', 'problem_types': ['binary', 'multiclass']}}, {'criterion': 'entropy', 'ag_args': {'name_suffix': 'Entr', 'problem_types': ['binary', 'multiclass']}}, {'criterion': 'squared_error', 'ag_args': {'name_suffix': 'MSE', 'problem_types': ['regression', 'quantile']}}],
	'XT': [{'criterion': 'gini', 'ag_args': {'name_suffix': 'Gini', 'problem_types': ['binary', 'multiclass']}}, {'criterion': 'entropy', 'ag_args': {'name_suffix': 'Entr', 'problem_types': ['binary', 'multiclass']}}, {'criterion': 'squared_error', 'ag_args': {'name_suffix': 'MSE', 'problem_types': ['regression', 'quantile']}}],
	'KNN': [{'weights': 'uniform', 'ag_args': {'name_suffix': 'Unif'}}, {'weights': 'distance', 'ag_args': {'name_suffix': 'Dist'}}],
}
Fitting 13 L1 models ...
Fitting model: KNeighborsUnif ...
	0.8807	 = Validation score   (accuracy)
	1.01s	 = Training   runtime
	3.25s	 = Validation runtime
Fitting model: KNeighborsDist ...
	0.8828	 = Validation score   (accuracy)
	1.08s	 = Training   runtime
	3.55s	 = Validation runtime
Fitting model: LightGBMXT ...
	0.9228	 = Validation score   (accuracy)
	1585.45s	 = Training   runtime
	0.34s	 = Validation runtime
Fitting model: LightGBM ...
	0.8772	 = Validation score   (accuracy)
	3778.58s	 = Training   runtime
	0.27s	 = Validation runtime
Fitting model: WeightedEnsemble_L2 ...
	Ensemble Weights: {'CatBoost': 0.455, 'LightGBMXT': 0.273, 'NeuralNetFastAI': 0.182, 'RandomForestEntr': 0.091}
	0.8876	 = Validation score   (accuracy)
	18.78s	 = Training   runtime
	0.06s	 = Validation runtime
AutoGluon training complete, total runtime = 10734.13s ... Best model: "WeightedEnsemble_L2"
TabularPredictor saved. To load, use: predictor = TabularPredictor.load("AutogluonModels/ag-20250414_193013-002/Predictor_S5 (SBS5 - 0.98)")
No presets specified! To achieve strong results with AutoGluon, it is recommended to use the available presets.
	Recommended Presets (For more details refer to https://auto.gluon.ai/stable/tutorials/tabular/tabular-essentials.html#presets):
	presets='best_quality'   : Maximize accuracy. Default time_limit=3600.
	presets='high_quality'   : Strong accuracy with fast inference speed. Default time_limit=3600.
	presets='good_quality'   : Good accuracy with very fast inference speed. Default time_limit=3600.
	presets='medium_quality' : Fast training time, ideal for initial prototyping.
Beginning AutoGluon training ...
AutoGluon will save models to "AutogluonModels/ag-20250414_193013-002/Predictor_S6 (SBS7a - 1.00)"
=================== System Info ===================
AutoGluon Version:  1.1.0
Python Version:     3.10.15
Operating System:   Linux
Platform Machine:   x86_64
Platform Version:   #1 SMP PREEMPT_DYNAMIC Thu Apr 3 12:12:16 UTC 2025
CPU Count:          272
Memory Avail:       186.05 GB / 203.90 GB (91.2%)
Disk Space Avail:   1363.28 GB / 5120.00 GB (26.6%)
===================================================
Train Data Rows:    14495
Train Data Columns: 101
Label Column:       S6 (SBS7a - 1.00)
AutoGluon infers your prediction problem is: 'binary' (because only two unique label-values observed).
	2 unique label values:  [False, True]
	If 'binary' is not the correct problem_type, please manually specify the problem_type parameter during predictor init (You may specify problem_type as one of: ['binary', 'multiclass', 'regression'])
Problem Type:       binary
Preprocessing data ...
Selected class <--> label mapping:  class 1 = True, class 0 = False
Using Feature Generators to preprocess the data ...
Fitting AutoMLPipelineFeatureGenerator...
	Available Memory:                    190521.86 MB
	Train Data (Original)  Memory Usage: 10.69 MB (0.0% of available memory)
	Inferring data type of each feature based on column values. Set feature_metadata_in to manually specify special dtypes of the features.
	Stage 1 Generators:
		Fitting AsTypeFeatureGenerator...
			Note: Converting 5 features to boolean dtype as they only contain 2 unique values.
	Stage 2 Generators:
		Fitting FillNaFeatureGenerator...
	Stage 3 Generators:
		Fitting IdentityFeatureGenerator...
	Stage 4 Generators:
		Fitting DropUniqueFeatureGenerator...
	Stage 5 Generators:
		Fitting DropDuplicatesFeatureGenerator...
	Types of features in original data (raw dtype, special dtypes):
		('bool', []) :  5 | ['S1 (SBS1 - 0.99)', 'S2 (SBS2 - 0.99)', 'S3 (SBS3 - 0.97)', 'S4 (SBS4 - 0.98)', 'S5 (SBS5 - 0.98)']
		('int', [])  : 96 | ['A[C>A]A', 'A[C>A]C', 'A[C>A]G', 'A[C>A]T', 'A[C>G]A', ...]
	Types of features in processed data (raw dtype, special dtypes):
		('int', [])       : 96 | ['A[C>A]A', 'A[C>A]C', 'A[C>A]G', 'A[C>A]T', 'A[C>G]A', ...]
		('int', ['bool']) :  5 | ['S1 (SBS1 - 0.99)', 'S2 (SBS2 - 0.99)', 'S3 (SBS3 - 0.97)', 'S4 (SBS4 - 0.98)', 'S5 (SBS5 - 0.98)']
	22.2s = Fit runtime
	101 features in original data used to generate 101 features in processed data.
	Train Data (Processed) Memory Usage: 10.69 MB (0.0% of available memory)
Data preprocessing and feature engineering runtime = 22.93s ...
AutoGluon will gauge predictive performance using evaluation metric: 'accuracy'
	To change this, specify the eval_metric parameter of Predictor()
Automatically generating train/validation split with holdout_frac=0.1, Train Rows: 13045, Val Rows: 1450
User-specified model hyperparameters to be fit:
{
	'NN_TORCH': {},
	'GBM': [{'extra_trees': True, 'ag_args': {'name_suffix': 'XT'}}, {}, 'GBMLarge'],
	'CAT': {},
	'XGB': {},
	'FASTAI': {},
	'RF': [{'criterion': 'gini', 'ag_args': {'name_suffix': 'Gini', 'problem_types': ['binary', 'multiclass']}}, {'criterion': 'entropy', 'ag_args': {'name_suffix': 'Entr', 'problem_types': ['binary', 'multiclass']}}, {'criterion': 'squared_error', 'ag_args': {'name_suffix': 'MSE', 'problem_types': ['regression', 'quantile']}}],
	'XT': [{'criterion': 'gini', 'ag_args': {'name_suffix': 'Gini', 'problem_types': ['binary', 'multiclass']}}, {'criterion': 'entropy', 'ag_args': {'name_suffix': 'Entr', 'problem_types': ['binary', 'multiclass']}}, {'criterion': 'squared_error', 'ag_args': {'name_suffix': 'MSE', 'problem_types': ['regression', 'quantile']}}],
	'KNN': [{'weights': 'uniform', 'ag_args': {'name_suffix': 'Unif'}}, {'weights': 'distance', 'ag_args': {'name_suffix': 'Dist'}}],
}
Fitting 13 L1 models ...
Fitting model: KNeighborsUnif ...
	0.7862	 = Validation score   (accuracy)
	1.21s	 = Training   runtime
	3.66s	 = Validation runtime
Fitting model: KNeighborsDist ...
	0.7855	 = Validation score   (accuracy)
	1.11s	 = Training   runtime
	3.27s	 = Validation runtime
Fitting model: LightGBMXT ...
	0.9179	 = Validation score   (accuracy)
	1106.3s	 = Training   runtime
	0.34s	 = Validation runtime
Fitting model: RandomForestGini ...
	0.8421	 = Validation score   (accuracy)
	618.46s	 = Training   runtime
	0.49s	 = Validation runtime
Fitting model: RandomForestGini ...
	0.8952	 = Validation score   (accuracy)
	81.85s	 = Training   runtime
	5.08s	 = Validation runtime
Fitting model: RandomForestEntr ...
	0.8407	 = Validation score   (accuracy)
	69.81s	 = Training   runtime
	3.25s	 = Validation runtime
Fitting model: RandomForestEntr ...
	0.8972	 = Validation score   (accuracy)
	131.23s	 = Training   runtime
	4.55s	 = Validation runtime
Fitting model: CatBoost ...
	0.8386	 = Validation score   (accuracy)
	96.36s	 = Training   runtime
	3.98s	 = Validation runtime
Fitting model: CatBoost ...
	0.7683	 = Validation score   (accuracy)
	1076.27s	 = Training   runtime
	0.78s	 = Validation runtime
Fitting model: LightGBM ...
No improvement since epoch 6: early stopping
	0.8924	 = Validation score   (accuracy)
	1968.77s	 = Training   runtime
	3.47s	 = Validation runtime
Fitting model: XGBoost ...
	0.9034	 = Validation score   (accuracy)
	2200.52s	 = Training   runtime
	3.0s	 = Validation runtime
Fitting model: XGBoost ...
	0.8421	 = Validation score   (accuracy)
	595.07s	 = Training   runtime
	0.44s	 = Validation runtime
Fitting model: ExtraTreesGini ...
	0.8628	 = Validation score   (accuracy)
	1542.08s	 = Training   runtime
	0.92s	 = Validation runtime
Fitting model: RandomForestGini ...
	0.9159	 = Validation score   (accuracy)
	634.28s	 = Training   runtime
	1.28s	 = Validation runtime
Fitting model: ExtraTreesGini ...
	0.8345	 = Validation score   (accuracy)
	50.0s	 = Training   runtime
	5.4s	 = Validation runtime
Fitting model: ExtraTreesEntr ...
	0.8841	 = Validation score   (accuracy)
	81.98s	 = Training   runtime
	5.29s	 = Validation runtime
Fitting model: ExtraTreesEntr ...
	0.8421	 = Validation score   (accuracy)
	134.25s	 = Training   runtime
	6.28s	 = Validation runtime
Fitting model: RandomForestEntr ...
	0.8359	 = Validation score   (accuracy)
	95.12s	 = Training   runtime
	6.11s	 = Validation runtime
Fitting model: NeuralNetFastAI ...
	0.851	 = Validation score   (accuracy)
	1686.66s	 = Training   runtime
	0.67s	 = Validation runtime
Fitting model: LightGBM ...
	0.8855	 = Validation score   (accuracy)
	63.39s	 = Training   runtime
	4.57s	 = Validation runtime
Fitting model: NeuralNetFastAI ...
	0.8538	 = Validation score   (accuracy)
	1552.79s	 = Training   runtime
	0.92s	 = Validation runtime
Fitting model: LightGBM ...
	0.9138	 = Validation score   (accuracy)
	1643.72s	 = Training   runtime
	0.59s	 = Validation runtime
Fitting model: LightGBM ...
	0.9166	 = Validation score   (accuracy)
	1277.48s	 = Training   runtime
	0.46s	 = Validation runtime
Fitting model: RandomForestGini ...
	0.8462	 = Validation score   (accuracy)
	94.35s	 = Training   runtime
	5.17s	 = Validation runtime
Fitting model: CatBoost ...
	0.8945	 = Validation score   (accuracy)
	93.86s	 = Training   runtime
	3.37s	 = Validation runtime
Fitting model: RandomForestEntr ...
	0.8959	 = Validation score   (accuracy)
	89.65s	 = Training   runtime
	3.95s	 = Validation runtime
Fitting model: CatBoost ...
	0.9276	 = Validation score   (accuracy)
	1623.43s	 = Training   runtime
	0.45s	 = Validation runtime
Fitting model: LightGBM ...
	0.9097	 = Validation score   (accuracy)
	562.39s	 = Training   runtime
	1.23s	 = Validation runtime
Fitting model: NeuralNetTorch ...
	0.8986	 = Validation score   (accuracy)
	598.52s	 = Training   runtime
	0.71s	 = Validation runtime
Fitting model: NeuralNetTorch ...
	0.7621	 = Validation score   (accuracy)
	722.34s	 = Training   runtime
	0.29s	 = Validation runtime
Fitting model: RandomForestGini ...
	0.851	 = Validation score   (accuracy)
	1442.1s	 = Training   runtime
	0.45s	 = Validation runtime
Fitting model: LightGBM ...
	0.8241	 = Validation score   (accuracy)
	7567.17s	 = Training   runtime
	1.07s	 = Validation runtime
Fitting model: WeightedEnsemble_L2 ...
	0.7552	 = Validation score   (accuracy)
	65.33s	 = Training   runtime
	4.79s	 = Validation runtime
Fitting model: RandomForestEntr ...
	Ensemble Weights: {'LightGBMXT': 0.375, 'NeuralNetFastAI': 0.25, 'KNeighborsDist': 0.125, 'NeuralNetTorch': 0.125, 'RandomForestGini': 0.062, 'LightGBMLarge': 0.062}
	0.8379	 = Validation score   (accuracy)
	60.15s	 = Training   runtime
	0.33s	 = Validation runtime
AutoGluon training complete, total runtime = 19742.62s ... Best model: "WeightedEnsemble_L2"
TabularPredictor saved. To load, use: predictor = TabularPredictor.load("AutogluonModels/ag-20250414_193013-011/Predictor_S4 (SBS4 - 0.98)")
No presets specified! To achieve strong results with AutoGluon, it is recommended to use the available presets.
	Recommended Presets (For more details refer to https://auto.gluon.ai/stable/tutorials/tabular/tabular-essentials.html#presets):
	presets='best_quality'   : Maximize accuracy. Default time_limit=3600.
	presets='high_quality'   : Strong accuracy with fast inference speed. Default time_limit=3600.
	presets='good_quality'   : Good accuracy with very fast inference speed. Default time_limit=3600.
	presets='medium_quality' : Fast training time, ideal for initial prototyping.
Beginning AutoGluon training ...
AutoGluon will save models to "AutogluonModels/ag-20250414_193013-011/Predictor_S5 (SBS5 - 0.98)"
=================== System Info ===================
AutoGluon Version:  1.1.0
Python Version:     3.10.15
Operating System:   Linux
Platform Machine:   x86_64
Platform Version:   #1 SMP PREEMPT_DYNAMIC Thu Apr 3 12:12:16 UTC 2025
CPU Count:          272
Memory Avail:       185.71 GB / 203.90 GB (91.1%)
Disk Space Avail:   1362.40 GB / 5120.00 GB (26.6%)
===================================================
Train Data Rows:    14495
Train Data Columns: 100
Label Column:       S5 (SBS5 - 0.98)
AutoGluon infers your prediction problem is: 'binary' (because only two unique label-values observed).
	2 unique label values:  [True, False]
	If 'binary' is not the correct problem_type, please manually specify the problem_type parameter during predictor init (You may specify problem_type as one of: ['binary', 'multiclass', 'regression'])
Problem Type:       binary
Preprocessing data ...
Selected class <--> label mapping:  class 1 = True, class 0 = False
Using Feature Generators to preprocess the data ...
Fitting AutoMLPipelineFeatureGenerator...
	Available Memory:                    190176.57 MB
	Train Data (Original)  Memory Usage: 10.67 MB (0.0% of available memory)
	Inferring data type of each feature based on column values. Set feature_metadata_in to manually specify special dtypes of the features.
	Stage 1 Generators:
		Fitting AsTypeFeatureGenerator...
			Note: Converting 4 features to boolean dtype as they only contain 2 unique values.
	Stage 2 Generators:
		Fitting FillNaFeatureGenerator...
	Stage 3 Generators:
		Fitting IdentityFeatureGenerator...
	Stage 4 Generators:
		Fitting DropUniqueFeatureGenerator...
	Stage 5 Generators:
		Fitting DropDuplicatesFeatureGenerator...
	Types of features in original data (raw dtype, special dtypes):
		('bool', []) :  4 | ['S1 (SBS1 - 0.99)', 'S2 (SBS2 - 0.99)', 'S3 (SBS3 - 0.97)', 'S4 (SBS4 - 0.98)']
		('int', [])  : 96 | ['A[C>A]A', 'A[C>A]C', 'A[C>A]G', 'A[C>A]T', 'A[C>G]A', ...]
	Types of features in processed data (raw dtype, special dtypes):
		('int', [])       : 96 | ['A[C>A]A', 'A[C>A]C', 'A[C>A]G', 'A[C>A]T', 'A[C>G]A', ...]
		('int', ['bool']) :  4 | ['S1 (SBS1 - 0.99)', 'S2 (SBS2 - 0.99)', 'S3 (SBS3 - 0.97)', 'S4 (SBS4 - 0.98)']
	27.4s = Fit runtime
	100 features in original data used to generate 100 features in processed data.
	Train Data (Processed) Memory Usage: 10.67 MB (0.0% of available memory)
Data preprocessing and feature engineering runtime = 29.6s ...
AutoGluon will gauge predictive performance using evaluation metric: 'accuracy'
	To change this, specify the eval_metric parameter of Predictor()
Automatically generating train/validation split with holdout_frac=0.1, Train Rows: 13045, Val Rows: 1450
User-specified model hyperparameters to be fit:
{
	'NN_TORCH': {},
	'GBM': [{'extra_trees': True, 'ag_args': {'name_suffix': 'XT'}}, {}, 'GBMLarge'],
	'CAT': {},
	'XGB': {},
	'FASTAI': {},
	'RF': [{'criterion': 'gini', 'ag_args': {'name_suffix': 'Gini', 'problem_types': ['binary', 'multiclass']}}, {'criterion': 'entropy', 'ag_args': {'name_suffix': 'Entr', 'problem_types': ['binary', 'multiclass']}}, {'criterion': 'squared_error', 'ag_args': {'name_suffix': 'MSE', 'problem_types': ['regression', 'quantile']}}],
	'XT': [{'criterion': 'gini', 'ag_args': {'name_suffix': 'Gini', 'problem_types': ['binary', 'multiclass']}}, {'criterion': 'entropy', 'ag_args': {'name_suffix': 'Entr', 'problem_types': ['binary', 'multiclass']}}, {'criterion': 'squared_error', 'ag_args': {'name_suffix': 'MSE', 'problem_types': ['regression', 'quantile']}}],
	'KNN': [{'weights': 'uniform', 'ag_args': {'name_suffix': 'Unif'}}, {'weights': 'distance', 'ag_args': {'name_suffix': 'Dist'}}],
}
Fitting 13 L1 models ...
Fitting model: KNeighborsUnif ...
	0.8814	 = Validation score   (accuracy)
	3.11s	 = Training   runtime
	3.74s	 = Validation runtime
Fitting model: KNeighborsDist ...
	0.7559	 = Validation score   (accuracy)
	63.42s	 = Training   runtime
	4.23s	 = Validation runtime
Fitting model: CatBoost ...
	0.8834	 = Validation score   (accuracy)
	2.87s	 = Training   runtime
	4.29s	 = Validation runtime
Fitting model: LightGBMXT ...
	0.9124	 = Validation score   (accuracy)
	2201.45s	 = Training   runtime
	0.7s	 = Validation runtime
Fitting model: RandomForestGini ...
	0.8586	 = Validation score   (accuracy)
	581.47s	 = Training   runtime
	1.18s	 = Validation runtime
Fitting model: ExtraTreesGini ...
	0.8876	 = Validation score   (accuracy)
	80.77s	 = Training   runtime
	6.22s	 = Validation runtime
Fitting model: RandomForestEntr ...
	0.8407	 = Validation score   (accuracy)
	57.98s	 = Training   runtime
	6.9s	 = Validation runtime
Fitting model: ExtraTreesEntr ...
	0.7662	 = Validation score   (accuracy)
	265.17s	 = Training   runtime
	0.97s	 = Validation runtime
Fitting model: ExtraTreesGini ...
	0.889	 = Validation score   (accuracy)
	101.29s	 = Training   runtime
	13.82s	 = Validation runtime
Fitting model: CatBoost ...
	0.9172	 = Validation score   (accuracy)
	551.25s	 = Training   runtime
	2.59s	 = Validation runtime
Fitting model: ExtraTreesGini ...
	0.8469	 = Validation score   (accuracy)
	70.04s	 = Training   runtime
	10.06s	 = Validation runtime
Fitting model: NeuralNetFastAI ...
	0.7428	 = Validation score   (accuracy)
	72.48s	 = Training   runtime
	7.43s	 = Validation runtime
Fitting model: ExtraTreesEntr ...
	0.8814	 = Validation score   (accuracy)
	55.02s	 = Training   runtime
	5.73s	 = Validation runtime
Fitting model: ExtraTreesEntr ...
	0.7476	 = Validation score   (accuracy)
	61.77s	 = Training   runtime
	6.21s	 = Validation runtime
Fitting model: NeuralNetFastAI ...
	0.8841	 = Validation score   (accuracy)
	60.65s	 = Training   runtime
	4.02s	 = Validation runtime
Fitting model: NeuralNetFastAI ...
	0.8566	 = Validation score   (accuracy)
	990.09s	 = Training   runtime
	0.58s	 = Validation runtime
Fitting model: RandomForestGini ...
	0.8434	 = Validation score   (accuracy)
	702.42s	 = Training   runtime
	0.61s	 = Validation runtime
Fitting model: RandomForestGini ...
	0.8448	 = Validation score   (accuracy)
	59.72s	 = Training   runtime
	6.87s	 = Validation runtime
Fitting model: RandomForestEntr ...
	0.8345	 = Validation score   (accuracy)
	65.43s	 = Training   runtime
	6.92s	 = Validation runtime
Fitting model: RandomForestEntr ...
	0.8428	 = Validation score   (accuracy)
	75.31s	 = Training   runtime
	6.71s	 = Validation runtime
Fitting model: CatBoost ...
	0.8393	 = Validation score   (accuracy)
	68.76s	 = Training   runtime
	4.83s	 = Validation runtime
Fitting model: CatBoost ...
	0.8379	 = Validation score   (accuracy)
	187.06s	 = Training   runtime
	0.86s	 = Validation runtime
Fitting model: ExtraTreesGini ...
	0.8476	 = Validation score   (accuracy)
	1424.31s	 = Training   runtime
	1.17s	 = Validation runtime
Fitting model: RandomForestGini ...
	0.9166	 = Validation score   (accuracy)
	958.31s	 = Training   runtime
	0.57s	 = Validation runtime
Fitting model: LightGBM ...
	0.8393	 = Validation score   (accuracy)
	56.48s	 = Training   runtime
	9.07s	 = Validation runtime
Fitting model: ExtraTreesEntr ...
	0.92	 = Validation score   (accuracy)
	1187.61s	 = Training   runtime
	0.97s	 = Validation runtime
Fitting model: RandomForestGini ...
	0.8524	 = Validation score   (accuracy)
	347.27s	 = Training   runtime
	1.56s	 = Validation runtime
Fitting model: ExtraTreesGini ...
	0.8441	 = Validation score   (accuracy)
	76.89s	 = Training   runtime
	21.85s	 = Validation runtime
Fitting model: RandomForestEntr ...
	0.8338	 = Validation score   (accuracy)
	79.08s	 = Training   runtime
	12.37s	 = Validation runtime
Fitting model: NeuralNetFastAI ...
	0.8379	 = Validation score   (accuracy)
	94.19s	 = Training   runtime
	10.62s	 = Validation runtime
Fitting model: ExtraTreesEntr ...
	0.8972	 = Validation score   (accuracy)
	123.53s	 = Training   runtime
	11.94s	 = Validation runtime
Fitting model: RandomForestEntr ...
	0.9214	 = Validation score   (accuracy)
	1607.17s	 = Training   runtime
	0.66s	 = Validation runtime
Fitting model: RandomForestGini ...
	0.8421	 = Validation score   (accuracy)
	87.28s	 = Training   runtime
	12.62s	 = Validation runtime
Fitting model: CatBoost ...
	0.9055	 = Validation score   (accuracy)
	872.63s	 = Training   runtime
	1.04s	 = Validation runtime
Fitting model: ExtraTreesGini ...
	0.8345	 = Validation score   (accuracy)
	69.58s	 = Training   runtime
	12.03s	 = Validation runtime
Fitting model: NeuralNetFastAI ...
	0.8979	 = Validation score   (accuracy)
	112.83s	 = Training   runtime
	11.23s	 = Validation runtime
Fitting model: CatBoost ...
	0.8779	 = Validation score   (accuracy)
	72.44s	 = Training   runtime
	8.17s	 = Validation runtime
Fitting model: ExtraTreesEntr ...
	0.8959	 = Validation score   (accuracy)
	108.79s	 = Training   runtime
	7.48s	 = Validation runtime
Fitting model: RandomForestEntr ...
	0.8793	 = Validation score   (accuracy)
	44.01s	 = Training   runtime
	7.46s	 = Validation runtime
Fitting model: NeuralNetFastAI ...
	0.8938	 = Validation score   (accuracy)
	67.33s	 = Training   runtime
	5.31s	 = Validation runtime
Fitting model: CatBoost ...
	0.8524	 = Validation score   (accuracy)
	352.54s	 = Training   runtime
	0.86s	 = Validation runtime
Fitting model: ExtraTreesGini ...
	0.8386	 = Validation score   (accuracy)
	53.23s	 = Training   runtime
	8.55s	 = Validation runtime
Fitting model: ExtraTreesEntr ...
	0.8359	 = Validation score   (accuracy)
	57.59s	 = Training   runtime
	9.71s	 = Validation runtime
Fitting model: NeuralNetFastAI ...
	0.9166	 = Validation score   (accuracy)
	753.61s	 = Training   runtime
	0.64s	 = Validation runtime
Fitting model: RandomForestGini ...
	0.8241	 = Validation score   (accuracy)
	7785.76s	 = Training   runtime
	0.63s	 = Validation runtime
Fitting model: WeightedEnsemble_L2 ...
	0.9103	 = Validation score   (accuracy)
	389.33s	 = Training   runtime
	0.8s	 = Validation runtime
Fitting model: ExtraTreesGini ...
	0.8945	 = Validation score   (accuracy)
	63.86s	 = Training   runtime
	15.34s	 = Validation runtime
Fitting model: RandomForestEntr ...
	0.8793	 = Validation score   (accuracy)
	57.65s	 = Training   runtime
	10.25s	 = Validation runtime
Fitting model: ExtraTreesEntr ...
	Ensemble Weights: {'NeuralNetFastAI': 0.429, 'LightGBM': 0.286, 'LightGBMXT': 0.143, 'NeuralNetTorch': 0.143}
	0.8393	 = Validation score   (accuracy)
	92.55s	 = Training   runtime
	0.25s	 = Validation runtime
AutoGluon training complete, total runtime = 19536.2s ... Best model: "WeightedEnsemble_L2"
TabularPredictor saved. To load, use: predictor = TabularPredictor.load("AutogluonModels/ag-20250414_193013-008/Predictor_S4 (SBS4 - 0.98)")
No presets specified! To achieve strong results with AutoGluon, it is recommended to use the available presets.
	Recommended Presets (For more details refer to https://auto.gluon.ai/stable/tutorials/tabular/tabular-essentials.html#presets):
	presets='best_quality'   : Maximize accuracy. Default time_limit=3600.
	presets='high_quality'   : Strong accuracy with fast inference speed. Default time_limit=3600.
	presets='good_quality'   : Good accuracy with very fast inference speed. Default time_limit=3600.
	presets='medium_quality' : Fast training time, ideal for initial prototyping.
Beginning AutoGluon training ...
AutoGluon will save models to "AutogluonModels/ag-20250414_193013-008/Predictor_S5 (SBS5 - 0.98)"
=================== System Info ===================
AutoGluon Version:  1.1.0
Python Version:     3.10.15
Operating System:   Linux
Platform Machine:   x86_64
Platform Version:   #1 SMP PREEMPT_DYNAMIC Thu Apr 3 12:12:16 UTC 2025
CPU Count:          272
Memory Avail:       185.45 GB / 203.90 GB (91.0%)
Disk Space Avail:   1360.27 GB / 5120.00 GB (26.6%)
===================================================
Train Data Rows:    14495
Train Data Columns: 100
Label Column:       S5 (SBS5 - 0.98)
AutoGluon infers your prediction problem is: 'binary' (because only two unique label-values observed).
	2 unique label values:  [True, False]
	If 'binary' is not the correct problem_type, please manually specify the problem_type parameter during predictor init (You may specify problem_type as one of: ['binary', 'multiclass', 'regression'])
Problem Type:       binary
Preprocessing data ...
Selected class <--> label mapping:  class 1 = True, class 0 = False
Using Feature Generators to preprocess the data ...
Fitting AutoMLPipelineFeatureGenerator...
	Available Memory:                    189925.00 MB
	Train Data (Original)  Memory Usage: 10.67 MB (0.0% of available memory)
	Inferring data type of each feature based on column values. Set feature_metadata_in to manually specify special dtypes of the features.
	Stage 1 Generators:
		Fitting AsTypeFeatureGenerator...
			Note: Converting 4 features to boolean dtype as they only contain 2 unique values.
	Stage 2 Generators:
		Fitting FillNaFeatureGenerator...
	Stage 3 Generators:
		Fitting IdentityFeatureGenerator...
	Stage 4 Generators:
		Fitting DropUniqueFeatureGenerator...
	Stage 5 Generators:
		Fitting DropDuplicatesFeatureGenerator...
	Types of features in original data (raw dtype, special dtypes):
		('bool', []) :  4 | ['S1 (SBS1 - 0.99)', 'S2 (SBS2 - 0.99)', 'S3 (SBS3 - 0.97)', 'S4 (SBS4 - 0.98)']
		('int', [])  : 96 | ['A[C>A]A', 'A[C>A]C', 'A[C>A]G', 'A[C>A]T', 'A[C>G]A', ...]
	Types of features in processed data (raw dtype, special dtypes):
		('int', [])       : 96 | ['A[C>A]A', 'A[C>A]C', 'A[C>A]G', 'A[C>A]T', 'A[C>G]A', ...]
		('int', ['bool']) :  4 | ['S1 (SBS1 - 0.99)', 'S2 (SBS2 - 0.99)', 'S3 (SBS3 - 0.97)', 'S4 (SBS4 - 0.98)']
	49.4s = Fit runtime
	100 features in original data used to generate 100 features in processed data.
	Train Data (Processed) Memory Usage: 10.67 MB (0.0% of available memory)
Data preprocessing and feature engineering runtime = 51.74s ...
AutoGluon will gauge predictive performance using evaluation metric: 'accuracy'
	To change this, specify the eval_metric parameter of Predictor()
	0.8938	 = Validation score   (accuracy)
	56.54s	 = Training   runtime
	18.24s	 = Validation runtime
Fitting model: CatBoost ...
Automatically generating train/validation split with holdout_frac=0.1, Train Rows: 13045, Val Rows: 1450
User-specified model hyperparameters to be fit:
{
	'NN_TORCH': {},
	'GBM': [{'extra_trees': True, 'ag_args': {'name_suffix': 'XT'}}, {}, 'GBMLarge'],
	'CAT': {},
	'XGB': {},
	'FASTAI': {},
	'RF': [{'criterion': 'gini', 'ag_args': {'name_suffix': 'Gini', 'problem_types': ['binary', 'multiclass']}}, {'criterion': 'entropy', 'ag_args': {'name_suffix': 'Entr', 'problem_types': ['binary', 'multiclass']}}, {'criterion': 'squared_error', 'ag_args': {'name_suffix': 'MSE', 'problem_types': ['regression', 'quantile']}}],
	'XT': [{'criterion': 'gini', 'ag_args': {'name_suffix': 'Gini', 'problem_types': ['binary', 'multiclass']}}, {'criterion': 'entropy', 'ag_args': {'name_suffix': 'Entr', 'problem_types': ['binary', 'multiclass']}}, {'criterion': 'squared_error', 'ag_args': {'name_suffix': 'MSE', 'problem_types': ['regression', 'quantile']}}],
	'KNN': [{'weights': 'uniform', 'ag_args': {'name_suffix': 'Unif'}}, {'weights': 'distance', 'ag_args': {'name_suffix': 'Dist'}}],
}
Fitting 13 L1 models ...
Fitting model: KNeighborsUnif ...
	0.8834	 = Validation score   (accuracy)
	4.83s	 = Training   runtime
	3.18s	 = Validation runtime
Fitting model: KNeighborsDist ...
	0.8793	 = Validation score   (accuracy)
	59.8s	 = Training   runtime
	8.76s	 = Validation runtime
Fitting model: NeuralNetFastAI ...
	0.8855	 = Validation score   (accuracy)
	3.74s	 = Training   runtime
	2.88s	 = Validation runtime
Fitting model: LightGBMXT ...
	0.9234	 = Validation score   (accuracy)
	661.15s	 = Training   runtime
	0.56s	 = Validation runtime
Fitting model: ExtraTreesGini ...
	0.8862	 = Validation score   (accuracy)
	41.32s	 = Training   runtime
	6.32s	 = Validation runtime
Fitting model: ExtraTreesEntr ...
	0.8821	 = Validation score   (accuracy)
	41.64s	 = Training   runtime
	6.42s	 = Validation runtime
Fitting model: NeuralNetFastAI ...
	0.9117	 = Validation score   (accuracy)
	309.52s	 = Training   runtime
	0.36s	 = Validation runtime
Fitting model: ExtraTreesGini ...
	0.8793	 = Validation score   (accuracy)
	28.13s	 = Training   runtime
	5.23s	 = Validation runtime
Fitting model: ExtraTreesEntr ...
	0.8821	 = Validation score   (accuracy)
	28.44s	 = Training   runtime
	5.57s	 = Validation runtime
Fitting model: NeuralNetFastAI ...
	0.9221	 = Validation score   (accuracy)
	562.31s	 = Training   runtime
	0.3s	 = Validation runtime
Fitting model: LightGBM ...
	0.9214	 = Validation score   (accuracy)
	378.24s	 = Training   runtime
	0.27s	 = Validation runtime
Fitting model: RandomForestGini ...
	0.8966	 = Validation score   (accuracy)
	38.92s	 = Training   runtime
	4.53s	 = Validation runtime
Fitting model: RandomForestEntr ...
	0.8986	 = Validation score   (accuracy)
	38.7s	 = Training   runtime
	4.6s	 = Validation runtime
Fitting model: CatBoost ...
	0.9186	 = Validation score   (accuracy)
	352.08s	 = Training   runtime
	0.26s	 = Validation runtime
Fitting model: ExtraTreesGini ...
	0.8814	 = Validation score   (accuracy)
	22.19s	 = Training   runtime
	4.53s	 = Validation runtime
Fitting model: ExtraTreesEntr ...
	0.891	 = Validation score   (accuracy)
	6319.51s	 = Training   runtime
	23.62s	 = Validation runtime
Fitting model: LightGBMLarge ...
	0.8834	 = Validation score   (accuracy)
	22.15s	 = Training   runtime
	6.07s	 = Validation runtime
Fitting model: NeuralNetFastAI ...
	0.9193	 = Validation score   (accuracy)
	4313.58s	 = Training   runtime
	2.94s	 = Validation runtime
Fitting model: XGBoost ...
	0.8338	 = Validation score   (accuracy)
	4347.0s	 = Training   runtime
	3.13s	 = Validation runtime
Fitting model: XGBoost ...
	0.8455	 = Validation score   (accuracy)
	219.77s	 = Training   runtime
	0.8s	 = Validation runtime
Fitting model: NeuralNetTorch ...
	0.9207	 = Validation score   (accuracy)
	263.06s	 = Training   runtime
	0.64s	 = Validation runtime
Fitting model: NeuralNetTorch ...
No improvement since epoch 6: early stopping
	0.7517	 = Validation score   (accuracy)
	3846.16s	 = Training   runtime
	2.66s	 = Validation runtime
Fitting model: XGBoost ...
	0.7593	 = Validation score   (accuracy)
	99.15s	 = Training   runtime
	0.48s	 = Validation runtime
Fitting model: NeuralNetTorch ...
	0.8359	 = Validation score   (accuracy)
	4211.99s	 = Training   runtime
	2.52s	 = Validation runtime
Fitting model: XGBoost ...
	0.9159	 = Validation score   (accuracy)
	4155.9s	 = Training   runtime
	3.28s	 = Validation runtime
Fitting model: XGBoost ...
	0.9083	 = Validation score   (accuracy)
	1343.87s	 = Training   runtime
	0.37s	 = Validation runtime
Fitting model: WeightedEnsemble_L2 ...
	0.8586	 = Validation score   (accuracy)
	139.23s	 = Training   runtime
	0.52s	 = Validation runtime
Fitting model: NeuralNetTorch ...
	Ensemble Weights: {'NeuralNetFastAI': 0.5, 'LightGBM': 0.167, 'CatBoost': 0.167, 'LightGBMLarge': 0.167}
	0.9172	 = Validation score   (accuracy)
	36.37s	 = Training   runtime
	0.13s	 = Validation runtime
AutoGluon training complete, total runtime = 12868.3s ... Best model: "WeightedEnsemble_L2"
TabularPredictor saved. To load, use: predictor = TabularPredictor.load("AutogluonModels/ag-20250414_193013-004/Predictor_S5 (SBS5 - 0.98)")
No presets specified! To achieve strong results with AutoGluon, it is recommended to use the available presets.
	Recommended Presets (For more details refer to https://auto.gluon.ai/stable/tutorials/tabular/tabular-essentials.html#presets):
	presets='best_quality'   : Maximize accuracy. Default time_limit=3600.
	presets='high_quality'   : Strong accuracy with fast inference speed. Default time_limit=3600.
	presets='good_quality'   : Good accuracy with very fast inference speed. Default time_limit=3600.
	presets='medium_quality' : Fast training time, ideal for initial prototyping.
Beginning AutoGluon training ...
AutoGluon will save models to "AutogluonModels/ag-20250414_193013-004/Predictor_S6 (SBS7a - 1.00)"
=================== System Info ===================
AutoGluon Version:  1.1.0
Python Version:     3.10.15
Operating System:   Linux
Platform Machine:   x86_64
Platform Version:   #1 SMP PREEMPT_DYNAMIC Thu Apr 3 12:12:16 UTC 2025
CPU Count:          272
Memory Avail:       185.31 GB / 203.90 GB (90.9%)
Disk Space Avail:   1359.61 GB / 5120.00 GB (26.6%)
===================================================
Train Data Rows:    14495
Train Data Columns: 101
Label Column:       S6 (SBS7a - 1.00)
AutoGluon infers your prediction problem is: 'binary' (because only two unique label-values observed).
	2 unique label values:  [False, True]
	If 'binary' is not the correct problem_type, please manually specify the problem_type parameter during predictor init (You may specify problem_type as one of: ['binary', 'multiclass', 'regression'])
Problem Type:       binary
Preprocessing data ...
Selected class <--> label mapping:  class 1 = True, class 0 = False
Using Feature Generators to preprocess the data ...
Fitting AutoMLPipelineFeatureGenerator...
	Available Memory:                    189766.31 MB
	Train Data (Original)  Memory Usage: 10.69 MB (0.0% of available memory)
	Inferring data type of each feature based on column values. Set feature_metadata_in to manually specify special dtypes of the features.
	Stage 1 Generators:
		Fitting AsTypeFeatureGenerator...
			Note: Converting 5 features to boolean dtype as they only contain 2 unique values.
	Stage 2 Generators:
		Fitting FillNaFeatureGenerator...
	Stage 3 Generators:
		Fitting IdentityFeatureGenerator...
	Stage 4 Generators:
		Fitting DropUniqueFeatureGenerator...
	Stage 5 Generators:
		Fitting DropDuplicatesFeatureGenerator...
	Types of features in original data (raw dtype, special dtypes):
		('bool', []) :  5 | ['S1 (SBS1 - 0.99)', 'S2 (SBS2 - 0.99)', 'S3 (SBS3 - 0.97)', 'S4 (SBS4 - 0.98)', 'S5 (SBS5 - 0.98)']
		('int', [])  : 96 | ['A[C>A]A', 'A[C>A]C', 'A[C>A]G', 'A[C>A]T', 'A[C>G]A', ...]
	Types of features in processed data (raw dtype, special dtypes):
		('int', [])       : 96 | ['A[C>A]A', 'A[C>A]C', 'A[C>A]G', 'A[C>A]T', 'A[C>G]A', ...]
		('int', ['bool']) :  5 | ['S1 (SBS1 - 0.99)', 'S2 (SBS2 - 0.99)', 'S3 (SBS3 - 0.97)', 'S4 (SBS4 - 0.98)', 'S5 (SBS5 - 0.98)']
	10.1s = Fit runtime
	101 features in original data used to generate 101 features in processed data.
	Train Data (Processed) Memory Usage: 10.69 MB (0.0% of available memory)
Data preprocessing and feature engineering runtime = 11.16s ...
AutoGluon will gauge predictive performance using evaluation metric: 'accuracy'
	To change this, specify the eval_metric parameter of Predictor()
Automatically generating train/validation split with holdout_frac=0.1, Train Rows: 13045, Val Rows: 1450
User-specified model hyperparameters to be fit:
{
	'NN_TORCH': {},
	'GBM': [{'extra_trees': True, 'ag_args': {'name_suffix': 'XT'}}, {}, 'GBMLarge'],
	'CAT': {},
	'XGB': {},
	'FASTAI': {},
	'RF': [{'criterion': 'gini', 'ag_args': {'name_suffix': 'Gini', 'problem_types': ['binary', 'multiclass']}}, {'criterion': 'entropy', 'ag_args': {'name_suffix': 'Entr', 'problem_types': ['binary', 'multiclass']}}, {'criterion': 'squared_error', 'ag_args': {'name_suffix': 'MSE', 'problem_types': ['regression', 'quantile']}}],
	'XT': [{'criterion': 'gini', 'ag_args': {'name_suffix': 'Gini', 'problem_types': ['binary', 'multiclass']}}, {'criterion': 'entropy', 'ag_args': {'name_suffix': 'Entr', 'problem_types': ['binary', 'multiclass']}}, {'criterion': 'squared_error', 'ag_args': {'name_suffix': 'MSE', 'problem_types': ['regression', 'quantile']}}],
	'KNN': [{'weights': 'uniform', 'ag_args': {'name_suffix': 'Unif'}}, {'weights': 'distance', 'ag_args': {'name_suffix': 'Dist'}}],
}
Fitting 13 L1 models ...
Fitting model: KNeighborsUnif ...
	0.8172	 = Validation score   (accuracy)
	2.24s	 = Training   runtime
	2.57s	 = Validation runtime
Fitting model: KNeighborsDist ...
	0.8166	 = Validation score   (accuracy)
	2.38s	 = Training   runtime
	2.68s	 = Validation runtime
Fitting model: LightGBMXT ...
	0.9145	 = Validation score   (accuracy)
	177.89s	 = Training   runtime
	0.5s	 = Validation runtime
Fitting model: NeuralNetTorch ...
	0.8634	 = Validation score   (accuracy)
	221.84s	 = Training   runtime
	0.19s	 = Validation runtime
Fitting model: LightGBM ...
	0.84	 = Validation score   (accuracy)
	3921.4s	 = Training   runtime
	2.48s	 = Validation runtime
Fitting model: XGBoost ...
	0.8352	 = Validation score   (accuracy)
	3813.65s	 = Training   runtime
	2.76s	 = Validation runtime
Fitting model: XGBoost ...
	0.9041	 = Validation score   (accuracy)
	3745.27s	 = Training   runtime
	3.25s	 = Validation runtime
Fitting model: XGBoost ...
	0.8407	 = Validation score   (accuracy)
	108.67s	 = Training   runtime
	0.36s	 = Validation runtime
Fitting model: NeuralNetTorch ...
	0.8531	 = Validation score   (accuracy)
	150.65s	 = Training   runtime
	0.54s	 = Validation runtime
Fitting model: NeuralNetTorch ...
	0.86	 = Validation score   (accuracy)
	273.04s	 = Training   runtime
	0.15s	 = Validation runtime
Fitting model: RandomForestGini ...
	0.8497	 = Validation score   (accuracy)
	40.28s	 = Training   runtime
	4.37s	 = Validation runtime
Fitting model: RandomForestEntr ...
	0.8538	 = Validation score   (accuracy)
	39.7s	 = Training   runtime
	4.55s	 = Validation runtime
Fitting model: CatBoost ...
	0.8407	 = Validation score   (accuracy)
	3655.1s	 = Training   runtime
	2.9s	 = Validation runtime
Fitting model: XGBoost ...
	0.9097	 = Validation score   (accuracy)
	261.38s	 = Training   runtime
	0.6s	 = Validation runtime
Fitting model: NeuralNetTorch ...
	0.9069	 = Validation score   (accuracy)
	3515.33s	 = Training   runtime
	2.66s	 = Validation runtime
Fitting model: XGBoost ...
	0.8455	 = Validation score   (accuracy)
	100.16s	 = Training   runtime
	0.4s	 = Validation runtime
Fitting model: NeuralNetTorch ...
	0.9166	 = Validation score   (accuracy)
	3456.43s	 = Training   runtime
	2.83s	 = Validation runtime
Fitting model: XGBoost ...
	0.9124	 = Validation score   (accuracy)
	138.69s	 = Training   runtime
	0.52s	 = Validation runtime
Fitting model: NeuralNetTorch ...
	0.8614	 = Validation score   (accuracy)
	291.67s	 = Training   runtime
	0.21s	 = Validation runtime
Fitting model: ExtraTreesGini ...
	0.8483	 = Validation score   (accuracy)
	24.57s	 = Training   runtime
	3.89s	 = Validation runtime
Fitting model: ExtraTreesEntr ...
	0.9048	 = Validation score   (accuracy)
	3396.19s	 = Training   runtime
	2.27s	 = Validation runtime
Fitting model: XGBoost ...
	0.8428	 = Validation score   (accuracy)
	24.9s	 = Training   runtime
	4.24s	 = Validation runtime
Fitting model: NeuralNetFastAI ...
	0.9186	 = Validation score   (accuracy)
	192.64s	 = Training   runtime
	0.46s	 = Validation runtime
Fitting model: NeuralNetTorch ...
	0.8841	 = Validation score   (accuracy)
	5937.29s	 = Training   runtime
	11.62s	 = Validation runtime
Fitting model: LightGBMLarge ...
	0.9124	 = Validation score   (accuracy)
	193.83s	 = Training   runtime
	0.49s	 = Validation runtime
Fitting model: NeuralNetTorch ...
	0.9062	 = Validation score   (accuracy)
	6454.99s	 = Training   runtime
	10.21s	 = Validation runtime
Fitting model: LightGBMLarge ...
	0.9083	 = Validation score   (accuracy)
	2999.86s	 = Training   runtime
	2.23s	 = Validation runtime
Fitting model: XGBoost ...
	0.9159	 = Validation score   (accuracy)
	194.04s	 = Training   runtime
	0.48s	 = Validation runtime
Fitting model: NeuralNetTorch ...
	0.8303	 = Validation score   (accuracy)
	3231.55s	 = Training   runtime
	12.58s	 = Validation runtime
Fitting model: LightGBMLarge ...
	0.7324	 = Validation score   (accuracy)
	2932.84s	 = Training   runtime
	13.63s	 = Validation runtime
Fitting model: LightGBMLarge ...
	0.9076	 = Validation score   (accuracy)
	3310.66s	 = Training   runtime
	13.2s	 = Validation runtime
Fitting model: LightGBMLarge ...
	0.8379	 = Validation score   (accuracy)
	2740.53s	 = Training   runtime
	14.2s	 = Validation runtime
Fitting model: LightGBMLarge ...
No improvement since epoch 6: early stopping
	0.8372	 = Validation score   (accuracy)
	2063.45s	 = Training   runtime
	2.31s	 = Validation runtime
Fitting model: XGBoost ...
	0.8221	 = Validation score   (accuracy)
	2680.09s	 = Training   runtime
	14.15s	 = Validation runtime
Fitting model: LightGBMLarge ...
	0.8379	 = Validation score   (accuracy)
	2729.27s	 = Training   runtime
	11.99s	 = Validation runtime
Fitting model: LightGBMLarge ...
	0.851	 = Validation score   (accuracy)
	262.5s	 = Training   runtime
	0.52s	 = Validation runtime
Fitting model: NeuralNetTorch ...
	0.911	 = Validation score   (accuracy)
	1789.56s	 = Training   runtime
	0.37s	 = Validation runtime
Fitting model: WeightedEnsemble_L2 ...
	Ensemble Weights: {'NeuralNetFastAI': 0.357, 'LightGBM': 0.214, 'NeuralNetTorch': 0.214, 'LightGBMXT': 0.071, 'CatBoost': 0.071, 'LightGBMLarge': 0.071}
	0.9207	 = Validation score   (accuracy)
	26.55s	 = Training   runtime
	0.12s	 = Validation runtime
AutoGluon training complete, total runtime = 14988.31s ... Best model: "WeightedEnsemble_L2"
TabularPredictor saved. To load, use: predictor = TabularPredictor.load("AutogluonModels/ag-20250414_193014-002/Predictor_S5 (SBS5 - 0.98)")
No presets specified! To achieve strong results with AutoGluon, it is recommended to use the available presets.
	Recommended Presets (For more details refer to https://auto.gluon.ai/stable/tutorials/tabular/tabular-essentials.html#presets):
	presets='best_quality'   : Maximize accuracy. Default time_limit=3600.
	presets='high_quality'   : Strong accuracy with fast inference speed. Default time_limit=3600.
	presets='good_quality'   : Good accuracy with very fast inference speed. Default time_limit=3600.
	presets='medium_quality' : Fast training time, ideal for initial prototyping.
Beginning AutoGluon training ...
AutoGluon will save models to "AutogluonModels/ag-20250414_193014-002/Predictor_S6 (SBS7a - 1.00)"
=================== System Info ===================
AutoGluon Version:  1.1.0
Python Version:     3.10.15
Operating System:   Linux
Platform Machine:   x86_64
Platform Version:   #1 SMP PREEMPT_DYNAMIC Thu Apr 3 12:12:16 UTC 2025
CPU Count:          272
Memory Avail:       185.34 GB / 203.90 GB (90.9%)
Disk Space Avail:   1359.27 GB / 5120.00 GB (26.5%)
===================================================
Train Data Rows:    14495
Train Data Columns: 101
Label Column:       S6 (SBS7a - 1.00)
AutoGluon infers your prediction problem is: 'binary' (because only two unique label-values observed).
	2 unique label values:  [False, True]
	If 'binary' is not the correct problem_type, please manually specify the problem_type parameter during predictor init (You may specify problem_type as one of: ['binary', 'multiclass', 'regression'])
Problem Type:       binary
Preprocessing data ...
Selected class <--> label mapping:  class 1 = True, class 0 = False
Using Feature Generators to preprocess the data ...
Fitting AutoMLPipelineFeatureGenerator...
	Available Memory:                    189800.59 MB
	Train Data (Original)  Memory Usage: 10.69 MB (0.0% of available memory)
	Inferring data type of each feature based on column values. Set feature_metadata_in to manually specify special dtypes of the features.
	Stage 1 Generators:
		Fitting AsTypeFeatureGenerator...
			Note: Converting 5 features to boolean dtype as they only contain 2 unique values.
	Stage 2 Generators:
		Fitting FillNaFeatureGenerator...
	Stage 3 Generators:
		Fitting IdentityFeatureGenerator...
	Stage 4 Generators:
		Fitting DropUniqueFeatureGenerator...
	Stage 5 Generators:
		Fitting DropDuplicatesFeatureGenerator...
	Types of features in original data (raw dtype, special dtypes):
		('bool', []) :  5 | ['S1 (SBS1 - 0.99)', 'S2 (SBS2 - 0.99)', 'S3 (SBS3 - 0.97)', 'S4 (SBS4 - 0.98)', 'S5 (SBS5 - 0.98)']
		('int', [])  : 96 | ['A[C>A]A', 'A[C>A]C', 'A[C>A]G', 'A[C>A]T', 'A[C>G]A', ...]
	Types of features in processed data (raw dtype, special dtypes):
		('int', [])       : 96 | ['A[C>A]A', 'A[C>A]C', 'A[C>A]G', 'A[C>A]T', 'A[C>G]A', ...]
		('int', ['bool']) :  5 | ['S1 (SBS1 - 0.99)', 'S2 (SBS2 - 0.99)', 'S3 (SBS3 - 0.97)', 'S4 (SBS4 - 0.98)', 'S5 (SBS5 - 0.98)']
	19.8s = Fit runtime
	101 features in original data used to generate 101 features in processed data.
	Train Data (Processed) Memory Usage: 10.69 MB (0.0% of available memory)
Data preprocessing and feature engineering runtime = 20.77s ...
AutoGluon will gauge predictive performance using evaluation metric: 'accuracy'
	To change this, specify the eval_metric parameter of Predictor()
Automatically generating train/validation split with holdout_frac=0.1, Train Rows: 13045, Val Rows: 1450
User-specified model hyperparameters to be fit:
{
	'NN_TORCH': {},
	'GBM': [{'extra_trees': True, 'ag_args': {'name_suffix': 'XT'}}, {}, 'GBMLarge'],
	'CAT': {},
	'XGB': {},
	'FASTAI': {},
	'RF': [{'criterion': 'gini', 'ag_args': {'name_suffix': 'Gini', 'problem_types': ['binary', 'multiclass']}}, {'criterion': 'entropy', 'ag_args': {'name_suffix': 'Entr', 'problem_types': ['binary', 'multiclass']}}, {'criterion': 'squared_error', 'ag_args': {'name_suffix': 'MSE', 'problem_types': ['regression', 'quantile']}}],
	'XT': [{'criterion': 'gini', 'ag_args': {'name_suffix': 'Gini', 'problem_types': ['binary', 'multiclass']}}, {'criterion': 'entropy', 'ag_args': {'name_suffix': 'Entr', 'problem_types': ['binary', 'multiclass']}}, {'criterion': 'squared_error', 'ag_args': {'name_suffix': 'MSE', 'problem_types': ['regression', 'quantile']}}],
	'KNN': [{'weights': 'uniform', 'ag_args': {'name_suffix': 'Unif'}}, {'weights': 'distance', 'ag_args': {'name_suffix': 'Dist'}}],
}
Fitting 13 L1 models ...
Fitting model: KNeighborsUnif ...
	0.8283	 = Validation score   (accuracy)
	1.54s	 = Training   runtime
	3.31s	 = Validation runtime
Fitting model: KNeighborsDist ...
	0.8276	 = Validation score   (accuracy)
	1.62s	 = Training   runtime
	3.32s	 = Validation runtime
Fitting model: LightGBMXT ...
	0.8317	 = Validation score   (accuracy)
	2909.98s	 = Training   runtime
	12.06s	 = Validation runtime
Fitting model: LightGBMLarge ...
slurmstepd: error: *** JOB 36878 ON dc01 CANCELLED AT 2025-04-15T10:51:21 ***
