Warning: path already exists! This predictor may overwrite an existing predictor! path="/home/baderlab/mzarant/SignatureInference/models/default/Predictor_S1 (SBS1 - 0.99)"
Warning: path already exists! This predictor may overwrite an existing predictor! path="/home/baderlab/mzarant/SignatureInference/models/default/Predictor_S2 (SBS2 - 0.99)"
Warning: path already exists! This predictor may overwrite an existing predictor! path="/home/baderlab/mzarant/SignatureInference/models/default/Predictor_S3 (SBS3 - 0.97)"
Warning: path already exists! This predictor may overwrite an existing predictor! path="/home/baderlab/mzarant/SignatureInference/models/default/Predictor_S4 (SBS4 - 0.98)"
Warning: path already exists! This predictor may overwrite an existing predictor! path="/home/baderlab/mzarant/SignatureInference/models/default/Predictor_S5 (SBS5 - 0.98)"
Warning: path already exists! This predictor may overwrite an existing predictor! path="/home/baderlab/mzarant/SignatureInference/models/default/Predictor_S6 (SBS7a - 1.00)"
Warning: path already exists! This predictor may overwrite an existing predictor! path="/home/baderlab/mzarant/SignatureInference/models/default/Predictor_S7 (SBS7b - 0.96)"
Warning: path already exists! This predictor may overwrite an existing predictor! path="/home/baderlab/mzarant/SignatureInference/models/default/Predictor_S8 (SBS8 - 0.92)"
Warning: path already exists! This predictor may overwrite an existing predictor! path="/home/baderlab/mzarant/SignatureInference/models/default/Predictor_S9 (SBS9 - 0.94)"
Warning: path already exists! This predictor may overwrite an existing predictor! path="/home/baderlab/mzarant/SignatureInference/models/default/Predictor_S10 (SBS10a - 1.00)"
Warning: path already exists! This predictor may overwrite an existing predictor! path="/home/baderlab/mzarant/SignatureInference/models/default/Predictor_S11 (SBS10d - 0.98)"
Warning: path already exists! This predictor may overwrite an existing predictor! path="/home/baderlab/mzarant/SignatureInference/models/default/Predictor_S12 (SBS11 - 0.99)"
Warning: path already exists! This predictor may overwrite an existing predictor! path="/home/baderlab/mzarant/SignatureInference/models/default/Predictor_S13 (SBS13 - 0.99)"
Warning: path already exists! This predictor may overwrite an existing predictor! path="/home/baderlab/mzarant/SignatureInference/models/default/Predictor_S14 (SBS14 - 0.98)"
Warning: path already exists! This predictor may overwrite an existing predictor! path="/home/baderlab/mzarant/SignatureInference/models/default/Predictor_S15 (SBS15 - 0.97)"
Warning: path already exists! This predictor may overwrite an existing predictor! path="/home/baderlab/mzarant/SignatureInference/models/default/Predictor_S16 (SBS17 - 0.99)"
Warning: path already exists! This predictor may overwrite an existing predictor! path="/home/baderlab/mzarant/SignatureInference/models/default/Predictor_S17 (SBS18 - 0.97)"
Warning: path already exists! This predictor may overwrite an existing predictor! path="/home/baderlab/mzarant/SignatureInference/models/default/Predictor_S18 (SBS19 - 0.95)"
Warning: path already exists! This predictor may overwrite an existing predictor! path="/home/baderlab/mzarant/SignatureInference/models/default/Predictor_S19 (SBS20 - 0.98)"
Warning: path already exists! This predictor may overwrite an existing predictor! path="/home/baderlab/mzarant/SignatureInference/models/default/Predictor_S20 (SBS22 - 0.99)"
Warning: path already exists! This predictor may overwrite an existing predictor! path="/home/baderlab/mzarant/SignatureInference/models/default/Predictor_S21 (SBS23 - 0.94)"
Warning: path already exists! This predictor may overwrite an existing predictor! path="/home/baderlab/mzarant/SignatureInference/models/default/Predictor_S22 (SBS26 - 0.94)"
Warning: path already exists! This predictor may overwrite an existing predictor! path="/home/baderlab/mzarant/SignatureInference/models/default/Predictor_S23 (SBS28 - 0.96)"
Warning: path already exists! This predictor may overwrite an existing predictor! path="/home/baderlab/mzarant/SignatureInference/models/default/Predictor_S24 (SBS31 - 0.98)"
Warning: path already exists! This predictor may overwrite an existing predictor! path="/home/baderlab/mzarant/SignatureInference/models/default/Predictor_S25 (SBS32 - 0.94)"
Warning: path already exists! This predictor may overwrite an existing predictor! path="/home/baderlab/mzarant/SignatureInference/models/default/Predictor_S26 (SBS44 - 0.97)"
Warning: path already exists! This predictor may overwrite an existing predictor! path="/home/baderlab/mzarant/SignatureInference/models/default/Predictor_S27 (SBS88 - 0.92)"
Warning: path already exists! This predictor may overwrite an existing predictor! path="/home/baderlab/mzarant/SignatureInference/models/default/Predictor_S28 (SBS92 - 0.95)"
Warning: path already exists! This predictor may overwrite an existing predictor! path="/home/baderlab/mzarant/SignatureInference/models/default/Predictor_S29 (SBS97 - 0.95)"
Verbosity: 2 (Standard Logging)
=================== System Info ===================
AutoGluon Version:  1.2
Python Version:     3.10.15
Operating System:   Linux
Platform Machine:   x86_64
Platform Version:   #1 SMP PREEMPT_DYNAMIC Thu Apr 3 12:12:16 UTC 2025
CPU Count:          272
Memory Avail:       199.56 GB / 203.90 GB (97.9%)
Disk Space Avail:   1382.07 GB / 5120.00 GB (27.0%)
===================================================
Presets specified: ['medium_quality']
Verbosity: 2 (Standard Logging)
=================== System Info ===================
AutoGluon Version:  1.2
Python Version:     3.10.15
Operating System:   Linux
Platform Machine:   x86_64
Platform Version:   #1 SMP PREEMPT_DYNAMIC Thu Apr 3 12:12:16 UTC 2025
CPU Count:          272
Memory Avail:       199.55 GB / 203.90 GB (97.9%)
Disk Space Avail:   1382.07 GB / 5120.00 GB (27.0%)
===================================================
Presets specified: ['medium_quality']
Beginning AutoGluon training ... Time limit = 300s
AutoGluon will save models to "/home/baderlab/mzarant/SignatureInference/models/default/Predictor_S1 (SBS1 - 0.99)"
Train Data Rows:    14495
Train Data Columns: 96
Label Column:       S1 (SBS1 - 0.99)
Problem Type:       binary
Preprocessing data ...
Beginning AutoGluon training ... Time limit = 300s
AutoGluon will save models to "/home/baderlab/mzarant/SignatureInference/models/default/Predictor_S1 (SBS1 - 0.99)"
Train Data Rows:    14495
Train Data Columns: 96
Label Column:       S1 (SBS1 - 0.99)
Problem Type:       binary
Preprocessing data ...
Selected class <--> label mapping:  class 1 = True, class 0 = False
Using Feature Generators to preprocess the data ...
Fitting AutoMLPipelineFeatureGenerator...
Selected class <--> label mapping:  class 1 = True, class 0 = False
Using Feature Generators to preprocess the data ...
Fitting AutoMLPipelineFeatureGenerator...
	Available Memory:                    204313.95 MB
	Train Data (Original)  Memory Usage: 10.62 MB (0.0% of available memory)
	Inferring data type of each feature based on column values. Set feature_metadata_in to manually specify special dtypes of the features.
	Available Memory:                    204313.95 MB
	Train Data (Original)  Memory Usage: 10.62 MB (0.0% of available memory)
	Inferring data type of each feature based on column values. Set feature_metadata_in to manually specify special dtypes of the features.
	Stage 1 Generators:
		Fitting AsTypeFeatureGenerator...
	Stage 1 Generators:
		Fitting AsTypeFeatureGenerator...
	Stage 2 Generators:
		Fitting FillNaFeatureGenerator...
	Stage 2 Generators:
		Fitting FillNaFeatureGenerator...
	Stage 3 Generators:
		Fitting IdentityFeatureGenerator...
	Stage 3 Generators:
		Fitting IdentityFeatureGenerator...
	Stage 4 Generators:
		Fitting DropUniqueFeatureGenerator...
	Stage 4 Generators:
		Fitting DropUniqueFeatureGenerator...
	Stage 5 Generators:
	Stage 5 Generators:
		Fitting DropDuplicatesFeatureGenerator...
		Fitting DropDuplicatesFeatureGenerator...
	Types of features in original data (raw dtype, special dtypes):
	Types of features in original data (raw dtype, special dtypes):
		('int', []) : 96 | ['A[C>A]A', 'A[C>A]C', 'A[C>A]G', 'A[C>A]T', 'A[C>G]A', ...]
		('int', []) : 96 | ['A[C>A]A', 'A[C>A]C', 'A[C>A]G', 'A[C>A]T', 'A[C>G]A', ...]
	Types of features in processed data (raw dtype, special dtypes):
	Types of features in processed data (raw dtype, special dtypes):
		('int', []) : 96 | ['A[C>A]A', 'A[C>A]C', 'A[C>A]G', 'A[C>A]T', 'A[C>G]A', ...]
		('int', []) : 96 | ['A[C>A]A', 'A[C>A]C', 'A[C>A]G', 'A[C>A]T', 'A[C>G]A', ...]
	2.8s = Fit runtime
	2.5s = Fit runtime
	96 features in original data used to generate 96 features in processed data.
	96 features in original data used to generate 96 features in processed data.
	Train Data (Processed) Memory Usage: 10.62 MB (0.0% of available memory)
	Train Data (Processed) Memory Usage: 10.62 MB (0.0% of available memory)
Data preprocessing and feature engineering runtime = 2.97s ...
Data preprocessing and feature engineering runtime = 2.98s ...
AutoGluon will gauge predictive performance using evaluation metric: 'accuracy'
AutoGluon will gauge predictive performance using evaluation metric: 'accuracy'
	To change this, specify the eval_metric parameter of Predictor()
	To change this, specify the eval_metric parameter of Predictor()
Automatically generating train/validation split with holdout_frac=0.1, Train Rows: 13045, Val Rows: 1450
User-specified model hyperparameters to be fit:
{
	'GBM': [{'extra_trees': True, 'ag_args': {'name_suffix': 'XT'}}],
}
Automatically generating train/validation split with holdout_frac=0.1, Train Rows: 13045, Val Rows: 1450
User-specified model hyperparameters to be fit:
{
	'GBM': [{'extra_trees': True, 'ag_args': {'name_suffix': 'XT'}}],
}
Fitting 1 L1 models, fit_strategy="sequential" ...
Fitting model: LightGBMXT ... Training model for up to 297.02s of the 297.02s of remaining time.
Fitting 1 L1 models, fit_strategy="sequential" ...
Fitting model: LightGBMXT ... Training model for up to 297.02s of the 297.02s of remaining time.
	0.9779	 = Validation score   (accuracy)
	25.63s	 = Training   runtime
	0.03s	 = Validation runtime
Fitting model: WeightedEnsemble_L2 ... Training model for up to 297.02s of the 271.19s of remaining time.
	Ensemble Weights: {'LightGBMXT': 1.0}
	0.9779	 = Validation score   (accuracy)
	0.05s	 = Training   runtime
	0.01s	 = Validation runtime
AutoGluon training complete, total runtime = 29.31s ... Best model: WeightedEnsemble_L2 | Estimated inference throughput: 33132.2 rows/s (1450 batch size)
Disabling decision threshold calibration for metric `accuracy` due to having fewer than 10000 rows of validation data for calibration, to avoid overfitting (1450 rows).
	`accuracy` is generally not improved through threshold calibration. Force calibration via specifying `calibrate_decision_threshold=True`.
TabularPredictor saved. To load, use: predictor = TabularPredictor.load("/home/baderlab/mzarant/SignatureInference/models/default/Predictor_S1 (SBS1 - 0.99)")
Verbosity: 2 (Standard Logging)
=================== System Info ===================
AutoGluon Version:  1.2
Python Version:     3.10.15
Operating System:   Linux
Platform Machine:   x86_64
Platform Version:   #1 SMP PREEMPT_DYNAMIC Thu Apr 3 12:12:16 UTC 2025
CPU Count:          272
Memory Avail:       199.26 GB / 203.90 GB (97.7%)
Disk Space Avail:   1382.06 GB / 5120.00 GB (27.0%)
===================================================
Presets specified: ['medium_quality']
Beginning AutoGluon training ... Time limit = 300s
AutoGluon will save models to "/home/baderlab/mzarant/SignatureInference/models/default/Predictor_S2 (SBS2 - 0.99)"
Train Data Rows:    14495
Train Data Columns: 97
Label Column:       S2 (SBS2 - 0.99)
Problem Type:       binary
Preprocessing data ...
Selected class <--> label mapping:  class 1 = True, class 0 = False
Using Feature Generators to preprocess the data ...
Fitting AutoMLPipelineFeatureGenerator...
	Available Memory:                    204036.27 MB
	Train Data (Original)  Memory Usage: 10.63 MB (0.0% of available memory)
	Inferring data type of each feature based on column values. Set feature_metadata_in to manually specify special dtypes of the features.
	Stage 1 Generators:
		Fitting AsTypeFeatureGenerator...
			Note: Converting 1 features to boolean dtype as they only contain 2 unique values.
	Stage 2 Generators:
		Fitting FillNaFeatureGenerator...
	Stage 3 Generators:
		Fitting IdentityFeatureGenerator...
	Stage 4 Generators:
		Fitting DropUniqueFeatureGenerator...
	Stage 5 Generators:
		Fitting DropDuplicatesFeatureGenerator...
	Types of features in original data (raw dtype, special dtypes):
		('bool', []) :  1 | ['S1 (SBS1 - 0.99)']
		('int', [])  : 96 | ['A[C>A]A', 'A[C>A]C', 'A[C>A]G', 'A[C>A]T', 'A[C>G]A', ...]
	Types of features in processed data (raw dtype, special dtypes):
		('int', [])       : 96 | ['A[C>A]A', 'A[C>A]C', 'A[C>A]G', 'A[C>A]T', 'A[C>G]A', ...]
		('int', ['bool']) :  1 | ['S1 (SBS1 - 0.99)']
	1.4s = Fit runtime
	97 features in original data used to generate 97 features in processed data.
	Train Data (Processed) Memory Usage: 10.63 MB (0.0% of available memory)
Data preprocessing and feature engineering runtime = 1.5s ...
AutoGluon will gauge predictive performance using evaluation metric: 'accuracy'
	To change this, specify the eval_metric parameter of Predictor()
Automatically generating train/validation split with holdout_frac=0.1, Train Rows: 13045, Val Rows: 1450
User-specified model hyperparameters to be fit:
{
	'GBM': [{'extra_trees': True, 'ag_args': {'name_suffix': 'XT'}}],
}
Fitting 1 L1 models, fit_strategy="sequential" ...
Fitting model: LightGBMXT ... Training model for up to 298.49s of the 298.49s of remaining time.
	0.9786	 = Validation score   (accuracy)
	0.8938	 = Validation score   (accuracy)
	34.57s	 = Training   runtime
	6.66s	 = Training   runtime
	0.05s	 = Validation runtime
	0.05s	 = Validation runtime
Fitting model: WeightedEnsemble_L2 ... Training model for up to 298.49s of the 291.68s of remaining time.
Fitting model: WeightedEnsemble_L2 ... Training model for up to 297.02s of the 262.28s of remaining time.
	Ensemble Weights: {'LightGBMXT': 1.0}
	0.9786	 = Validation score   (accuracy)
	0.05s	 = Training   runtime
	0.03s	 = Validation runtime
	Ensemble Weights: {'LightGBMXT': 1.0}
	0.8938	 = Validation score   (accuracy)
	0.05s	 = Training   runtime
	0.02s	 = Validation runtime
AutoGluon training complete, total runtime = 38.21s ... Best model: WeightedEnsemble_L2 | Estimated inference throughput: 18125.3 rows/s (1450 batch size)
AutoGluon training complete, total runtime = 8.75s ... Best model: WeightedEnsemble_L2 | Estimated inference throughput: 22307.9 rows/s (1450 batch size)
Disabling decision threshold calibration for metric `accuracy` due to having fewer than 10000 rows of validation data for calibration, to avoid overfitting (1450 rows).
	`accuracy` is generally not improved through threshold calibration. Force calibration via specifying `calibrate_decision_threshold=True`.
Disabling decision threshold calibration for metric `accuracy` due to having fewer than 10000 rows of validation data for calibration, to avoid overfitting (1450 rows).
	`accuracy` is generally not improved through threshold calibration. Force calibration via specifying `calibrate_decision_threshold=True`.
TabularPredictor saved. To load, use: predictor = TabularPredictor.load("/home/baderlab/mzarant/SignatureInference/models/default/Predictor_S1 (SBS1 - 0.99)")
TabularPredictor saved. To load, use: predictor = TabularPredictor.load("/home/baderlab/mzarant/SignatureInference/models/default/Predictor_S2 (SBS2 - 0.99)")
Verbosity: 2 (Standard Logging)
Verbosity: 2 (Standard Logging)
=================== System Info ===================
AutoGluon Version:  1.2
Python Version:     3.10.15
Operating System:   Linux
Platform Machine:   x86_64
Platform Version:   #1 SMP PREEMPT_DYNAMIC Thu Apr 3 12:12:16 UTC 2025
CPU Count:          272
Memory Avail:       199.20 GB / 203.90 GB (97.7%)
Disk Space Avail:   1382.05 GB / 5120.00 GB (27.0%)
===================================================
=================== System Info ===================
AutoGluon Version:  1.2
Python Version:     3.10.15
Operating System:   Linux
Platform Machine:   x86_64
Platform Version:   #1 SMP PREEMPT_DYNAMIC Thu Apr 3 12:12:16 UTC 2025
CPU Count:          272
Memory Avail:       199.20 GB / 203.90 GB (97.7%)
Disk Space Avail:   1382.05 GB / 5120.00 GB (27.0%)
===================================================
Presets specified: ['medium_quality']
Presets specified: ['medium_quality']
Beginning AutoGluon training ... Time limit = 300s
AutoGluon will save models to "/home/baderlab/mzarant/SignatureInference/models/default/Predictor_S2 (SBS2 - 0.99)"
Train Data Rows:    14495
Train Data Columns: 97
Label Column:       S2 (SBS2 - 0.99)
Problem Type:       binary
Beginning AutoGluon training ... Time limit = 300s
Preprocessing data ...
AutoGluon will save models to "/home/baderlab/mzarant/SignatureInference/models/default/Predictor_S3 (SBS3 - 0.97)"
Train Data Rows:    14495
Train Data Columns: 98
Label Column:       S3 (SBS3 - 0.97)
Problem Type:       binary
Preprocessing data ...
Selected class <--> label mapping:  class 1 = True, class 0 = False
Using Feature Generators to preprocess the data ...
Selected class <--> label mapping:  class 1 = True, class 0 = False
Fitting AutoMLPipelineFeatureGenerator...
Using Feature Generators to preprocess the data ...
Fitting AutoMLPipelineFeatureGenerator...
	Available Memory:                    203982.38 MB
	Train Data (Original)  Memory Usage: 10.64 MB (0.0% of available memory)
	Available Memory:                    203982.36 MB
	Train Data (Original)  Memory Usage: 10.63 MB (0.0% of available memory)
	Inferring data type of each feature based on column values. Set feature_metadata_in to manually specify special dtypes of the features.
	Inferring data type of each feature based on column values. Set feature_metadata_in to manually specify special dtypes of the features.
	Stage 1 Generators:
		Fitting AsTypeFeatureGenerator...
	Stage 1 Generators:
		Fitting AsTypeFeatureGenerator...
			Note: Converting 2 features to boolean dtype as they only contain 2 unique values.
			Note: Converting 1 features to boolean dtype as they only contain 2 unique values.
	Stage 2 Generators:
		Fitting FillNaFeatureGenerator...
	Stage 2 Generators:
		Fitting FillNaFeatureGenerator...
	Stage 3 Generators:
		Fitting IdentityFeatureGenerator...
	Stage 3 Generators:
		Fitting IdentityFeatureGenerator...
	Stage 4 Generators:
		Fitting DropUniqueFeatureGenerator...
	Stage 4 Generators:
		Fitting DropUniqueFeatureGenerator...
	Stage 5 Generators:
		Fitting DropDuplicatesFeatureGenerator...
	Stage 5 Generators:
		Fitting DropDuplicatesFeatureGenerator...
	Types of features in original data (raw dtype, special dtypes):
		('bool', []) :  2 | ['S1 (SBS1 - 0.99)', 'S2 (SBS2 - 0.99)']
	Types of features in original data (raw dtype, special dtypes):
		('int', [])  : 96 | ['A[C>A]A', 'A[C>A]C', 'A[C>A]G', 'A[C>A]T', 'A[C>G]A', ...]
		('bool', []) :  1 | ['S1 (SBS1 - 0.99)']
	Types of features in processed data (raw dtype, special dtypes):
		('int', [])  : 96 | ['A[C>A]A', 'A[C>A]C', 'A[C>A]G', 'A[C>A]T', 'A[C>G]A', ...]
		('int', [])       : 96 | ['A[C>A]A', 'A[C>A]C', 'A[C>A]G', 'A[C>A]T', 'A[C>G]A', ...]
	Types of features in processed data (raw dtype, special dtypes):
		('int', ['bool']) :  2 | ['S1 (SBS1 - 0.99)', 'S2 (SBS2 - 0.99)']
		('int', [])       : 96 | ['A[C>A]A', 'A[C>A]C', 'A[C>A]G', 'A[C>A]T', 'A[C>G]A', ...]
	2.7s = Fit runtime
		('int', ['bool']) :  1 | ['S1 (SBS1 - 0.99)']
	98 features in original data used to generate 98 features in processed data.
	2.7s = Fit runtime
	97 features in original data used to generate 97 features in processed data.
	Train Data (Processed) Memory Usage: 10.64 MB (0.0% of available memory)
	Train Data (Processed) Memory Usage: 10.63 MB (0.0% of available memory)
Data preprocessing and feature engineering runtime = 2.89s ...
Data preprocessing and feature engineering runtime = 2.9s ...
AutoGluon will gauge predictive performance using evaluation metric: 'accuracy'
AutoGluon will gauge predictive performance using evaluation metric: 'accuracy'
	To change this, specify the eval_metric parameter of Predictor()
	To change this, specify the eval_metric parameter of Predictor()
Automatically generating train/validation split with holdout_frac=0.1, Train Rows: 13045, Val Rows: 1450
User-specified model hyperparameters to be fit:
{
	'GBM': [{'extra_trees': True, 'ag_args': {'name_suffix': 'XT'}}],
}
Automatically generating train/validation split with holdout_frac=0.1, Train Rows: 13045, Val Rows: 1450
User-specified model hyperparameters to be fit:
{
	'GBM': [{'extra_trees': True, 'ag_args': {'name_suffix': 'XT'}}],
}
Fitting 1 L1 models, fit_strategy="sequential" ...
Fitting 1 L1 models, fit_strategy="sequential" ...
Fitting model: LightGBMXT ... Training model for up to 297.10s of the 297.10s of remaining time.
Fitting model: LightGBMXT ... Training model for up to 297.10s of the 297.09s of remaining time.
	0.88	 = Validation score   (accuracy)
	7.03s	 = Training   runtime
	0.02s	 = Validation runtime
Fitting model: WeightedEnsemble_L2 ... Training model for up to 297.09s of the 289.94s of remaining time.
	Ensemble Weights: {'LightGBMXT': 1.0}
	0.88	 = Validation score   (accuracy)
	0.04s	 = Training   runtime
	0.01s	 = Validation runtime
AutoGluon training complete, total runtime = 10.67s ... Best model: WeightedEnsemble_L2 | Estimated inference throughput: 43235.9 rows/s (1450 batch size)
Disabling decision threshold calibration for metric `accuracy` due to having fewer than 10000 rows of validation data for calibration, to avoid overfitting (1450 rows).
	`accuracy` is generally not improved through threshold calibration. Force calibration via specifying `calibrate_decision_threshold=True`.
TabularPredictor saved. To load, use: predictor = TabularPredictor.load("/home/baderlab/mzarant/SignatureInference/models/default/Predictor_S2 (SBS2 - 0.99)")
Verbosity: 2 (Standard Logging)
=================== System Info ===================
AutoGluon Version:  1.2
Python Version:     3.10.15
Operating System:   Linux
Platform Machine:   x86_64
Platform Version:   #1 SMP PREEMPT_DYNAMIC Thu Apr 3 12:12:16 UTC 2025
CPU Count:          272
Memory Avail:       199.18 GB / 203.90 GB (97.7%)
Disk Space Avail:   1382.03 GB / 5120.00 GB (27.0%)
===================================================
Presets specified: ['medium_quality']
Beginning AutoGluon training ... Time limit = 300s
AutoGluon will save models to "/home/baderlab/mzarant/SignatureInference/models/default/Predictor_S3 (SBS3 - 0.97)"
Train Data Rows:    14495
Train Data Columns: 98
Label Column:       S3 (SBS3 - 0.97)
Problem Type:       binary
Preprocessing data ...
Selected class <--> label mapping:  class 1 = True, class 0 = False
Using Feature Generators to preprocess the data ...
Fitting AutoMLPipelineFeatureGenerator...
	Available Memory:                    203970.62 MB
	Train Data (Original)  Memory Usage: 10.64 MB (0.0% of available memory)
	Inferring data type of each feature based on column values. Set feature_metadata_in to manually specify special dtypes of the features.
	Stage 1 Generators:
		Fitting AsTypeFeatureGenerator...
			Note: Converting 2 features to boolean dtype as they only contain 2 unique values.
	Stage 2 Generators:
		Fitting FillNaFeatureGenerator...
	Stage 3 Generators:
		Fitting IdentityFeatureGenerator...
	Stage 4 Generators:
		Fitting DropUniqueFeatureGenerator...
	Stage 5 Generators:
		Fitting DropDuplicatesFeatureGenerator...
	Types of features in original data (raw dtype, special dtypes):
		('bool', []) :  2 | ['S1 (SBS1 - 0.99)', 'S2 (SBS2 - 0.99)']
		('int', [])  : 96 | ['A[C>A]A', 'A[C>A]C', 'A[C>A]G', 'A[C>A]T', 'A[C>G]A', ...]
	Types of features in processed data (raw dtype, special dtypes):
		('int', [])       : 96 | ['A[C>A]A', 'A[C>A]C', 'A[C>A]G', 'A[C>A]T', 'A[C>G]A', ...]
		('int', ['bool']) :  2 | ['S1 (SBS1 - 0.99)', 'S2 (SBS2 - 0.99)']
	1.6s = Fit runtime
	98 features in original data used to generate 98 features in processed data.
	Train Data (Processed) Memory Usage: 10.64 MB (0.0% of available memory)
Data preprocessing and feature engineering runtime = 1.69s ...
AutoGluon will gauge predictive performance using evaluation metric: 'accuracy'
	To change this, specify the eval_metric parameter of Predictor()
Automatically generating train/validation split with holdout_frac=0.1, Train Rows: 13045, Val Rows: 1450
User-specified model hyperparameters to be fit:
{
	'GBM': [{'extra_trees': True, 'ag_args': {'name_suffix': 'XT'}}],
}
Fitting 1 L1 models, fit_strategy="sequential" ...
Fitting model: LightGBMXT ... Training model for up to 298.30s of the 298.30s of remaining time.
	0.7945	 = Validation score   (accuracy)
	23.59s	 = Training   runtime
	0.16s	 = Validation runtime
Fitting model: WeightedEnsemble_L2 ... Training model for up to 297.10s of the 273.10s of remaining time.
	Ensemble Weights: {'LightGBMXT': 1.0}
	0.7945	 = Validation score   (accuracy)
	0.03s	 = Training   runtime
	0.01s	 = Validation runtime
AutoGluon training complete, total runtime = 27.45s ... Best model: WeightedEnsemble_L2 | Estimated inference throughput: 8769.3 rows/s (1450 batch size)
Disabling decision threshold calibration for metric `accuracy` due to having fewer than 10000 rows of validation data for calibration, to avoid overfitting (1450 rows).
	`accuracy` is generally not improved through threshold calibration. Force calibration via specifying `calibrate_decision_threshold=True`.
TabularPredictor saved. To load, use: predictor = TabularPredictor.load("/home/baderlab/mzarant/SignatureInference/models/default/Predictor_S3 (SBS3 - 0.97)")
Verbosity: 2 (Standard Logging)
=================== System Info ===================
AutoGluon Version:  1.2
Python Version:     3.10.15
Operating System:   Linux
Platform Machine:   x86_64
Platform Version:   #1 SMP PREEMPT_DYNAMIC Thu Apr 3 12:12:16 UTC 2025
CPU Count:          272
Memory Avail:       199.19 GB / 203.90 GB (97.7%)
Disk Space Avail:   1382.03 GB / 5120.00 GB (27.0%)
===================================================
Presets specified: ['medium_quality']
Beginning AutoGluon training ... Time limit = 300s
AutoGluon will save models to "/home/baderlab/mzarant/SignatureInference/models/default/Predictor_S4 (SBS4 - 0.98)"
Train Data Rows:    14495
Train Data Columns: 99
Label Column:       S4 (SBS4 - 0.98)
Problem Type:       binary
Preprocessing data ...
Selected class <--> label mapping:  class 1 = True, class 0 = False
Using Feature Generators to preprocess the data ...
Fitting AutoMLPipelineFeatureGenerator...
	Available Memory:                    203967.24 MB
	Train Data (Original)  Memory Usage: 10.66 MB (0.0% of available memory)
	Inferring data type of each feature based on column values. Set feature_metadata_in to manually specify special dtypes of the features.
	Stage 1 Generators:
		Fitting AsTypeFeatureGenerator...
			Note: Converting 3 features to boolean dtype as they only contain 2 unique values.
	Stage 2 Generators:
		Fitting FillNaFeatureGenerator...
	Stage 3 Generators:
		Fitting IdentityFeatureGenerator...
	Stage 4 Generators:
		Fitting DropUniqueFeatureGenerator...
	Stage 5 Generators:
		Fitting DropDuplicatesFeatureGenerator...
	Types of features in original data (raw dtype, special dtypes):
		('bool', []) :  3 | ['S1 (SBS1 - 0.99)', 'S2 (SBS2 - 0.99)', 'S3 (SBS3 - 0.97)']
		('int', [])  : 96 | ['A[C>A]A', 'A[C>A]C', 'A[C>A]G', 'A[C>A]T', 'A[C>G]A', ...]
	Types of features in processed data (raw dtype, special dtypes):
		('int', [])       : 96 | ['A[C>A]A', 'A[C>A]C', 'A[C>A]G', 'A[C>A]T', 'A[C>G]A', ...]
		('int', ['bool']) :  3 | ['S1 (SBS1 - 0.99)', 'S2 (SBS2 - 0.99)', 'S3 (SBS3 - 0.97)']
	1.7s = Fit runtime
	99 features in original data used to generate 99 features in processed data.
	Train Data (Processed) Memory Usage: 10.66 MB (0.0% of available memory)
Data preprocessing and feature engineering runtime = 1.86s ...
AutoGluon will gauge predictive performance using evaluation metric: 'accuracy'
	To change this, specify the eval_metric parameter of Predictor()
Automatically generating train/validation split with holdout_frac=0.1, Train Rows: 13045, Val Rows: 1450
User-specified model hyperparameters to be fit:
{
	'GBM': [{'extra_trees': True, 'ag_args': {'name_suffix': 'XT'}}],
}
Fitting 1 L1 models, fit_strategy="sequential" ...
Fitting model: LightGBMXT ... Training model for up to 298.14s of the 298.13s of remaining time.
	0.7648	 = Validation score   (accuracy)
	30.23s	 = Training   runtime
	0.19s	 = Validation runtime
Fitting model: WeightedEnsemble_L2 ... Training model for up to 298.30s of the 267.53s of remaining time.
	Ensemble Weights: {'LightGBMXT': 1.0}
	0.7648	 = Validation score   (accuracy)
	0.03s	 = Training   runtime
	0.01s	 = Validation runtime
AutoGluon training complete, total runtime = 32.86s ... Best model: WeightedEnsemble_L2 | Estimated inference throughput: 7264.3 rows/s (1450 batch size)
Disabling decision threshold calibration for metric `accuracy` due to having fewer than 10000 rows of validation data for calibration, to avoid overfitting (1450 rows).
	`accuracy` is generally not improved through threshold calibration. Force calibration via specifying `calibrate_decision_threshold=True`.
TabularPredictor saved. To load, use: predictor = TabularPredictor.load("/home/baderlab/mzarant/SignatureInference/models/default/Predictor_S3 (SBS3 - 0.97)")
Verbosity: 2 (Standard Logging)
=================== System Info ===================
AutoGluon Version:  1.2
Python Version:     3.10.15
Operating System:   Linux
Platform Machine:   x86_64
Platform Version:   #1 SMP PREEMPT_DYNAMIC Thu Apr 3 12:12:16 UTC 2025
CPU Count:          272
Memory Avail:       199.18 GB / 203.90 GB (97.7%)
Disk Space Avail:   1382.02 GB / 5120.00 GB (27.0%)
===================================================
Presets specified: ['medium_quality']
Beginning AutoGluon training ... Time limit = 300s
AutoGluon will save models to "/home/baderlab/mzarant/SignatureInference/models/default/Predictor_S4 (SBS4 - 0.98)"
Train Data Rows:    14495
Train Data Columns: 99
Label Column:       S4 (SBS4 - 0.98)
Problem Type:       binary
Preprocessing data ...
Selected class <--> label mapping:  class 1 = True, class 0 = False
Using Feature Generators to preprocess the data ...
Fitting AutoMLPipelineFeatureGenerator...
	Available Memory:                    203974.56 MB
	Train Data (Original)  Memory Usage: 10.66 MB (0.0% of available memory)
	Inferring data type of each feature based on column values. Set feature_metadata_in to manually specify special dtypes of the features.
	Stage 1 Generators:
		Fitting AsTypeFeatureGenerator...
			Note: Converting 3 features to boolean dtype as they only contain 2 unique values.
	Stage 2 Generators:
		Fitting FillNaFeatureGenerator...
	Stage 3 Generators:
		Fitting IdentityFeatureGenerator...
	Stage 4 Generators:
		Fitting DropUniqueFeatureGenerator...
	Stage 5 Generators:
		Fitting DropDuplicatesFeatureGenerator...
	Types of features in original data (raw dtype, special dtypes):
		('bool', []) :  3 | ['S1 (SBS1 - 0.99)', 'S2 (SBS2 - 0.99)', 'S3 (SBS3 - 0.97)']
		('int', [])  : 96 | ['A[C>A]A', 'A[C>A]C', 'A[C>A]G', 'A[C>A]T', 'A[C>G]A', ...]
	Types of features in processed data (raw dtype, special dtypes):
		('int', [])       : 96 | ['A[C>A]A', 'A[C>A]C', 'A[C>A]G', 'A[C>A]T', 'A[C>G]A', ...]
		('int', ['bool']) :  3 | ['S1 (SBS1 - 0.99)', 'S2 (SBS2 - 0.99)', 'S3 (SBS3 - 0.97)']
	1.5s = Fit runtime
	99 features in original data used to generate 99 features in processed data.
	Train Data (Processed) Memory Usage: 10.66 MB (0.0% of available memory)
Data preprocessing and feature engineering runtime = 1.56s ...
AutoGluon will gauge predictive performance using evaluation metric: 'accuracy'
	To change this, specify the eval_metric parameter of Predictor()
Automatically generating train/validation split with holdout_frac=0.1, Train Rows: 13045, Val Rows: 1450
User-specified model hyperparameters to be fit:
{
	'GBM': [{'extra_trees': True, 'ag_args': {'name_suffix': 'XT'}}],
}
Fitting 1 L1 models, fit_strategy="sequential" ...
Fitting model: LightGBMXT ... Training model for up to 298.44s of the 298.44s of remaining time.
	0.6986	 = Validation score   (accuracy)
	11.97s	 = Training   runtime
	0.09s	 = Validation runtime
Fitting model: WeightedEnsemble_L2 ... Training model for up to 298.44s of the 286.23s of remaining time.
	Ensemble Weights: {'LightGBMXT': 1.0}
	0.6986	 = Validation score   (accuracy)
	0.02s	 = Training   runtime
	0.01s	 = Validation runtime
AutoGluon training complete, total runtime = 14.17s ... Best model: WeightedEnsemble_L2 | Estimated inference throughput: 14173.7 rows/s (1450 batch size)
Disabling decision threshold calibration for metric `accuracy` due to having fewer than 10000 rows of validation data for calibration, to avoid overfitting (1450 rows).
	`accuracy` is generally not improved through threshold calibration. Force calibration via specifying `calibrate_decision_threshold=True`.
TabularPredictor saved. To load, use: predictor = TabularPredictor.load("/home/baderlab/mzarant/SignatureInference/models/default/Predictor_S4 (SBS4 - 0.98)")
Verbosity: 2 (Standard Logging)
=================== System Info ===================
AutoGluon Version:  1.2
Python Version:     3.10.15
Operating System:   Linux
Platform Machine:   x86_64
Platform Version:   #1 SMP PREEMPT_DYNAMIC Thu Apr 3 12:12:16 UTC 2025
CPU Count:          272
Memory Avail:       199.20 GB / 203.90 GB (97.7%)
Disk Space Avail:   1382.02 GB / 5120.00 GB (27.0%)
===================================================
Presets specified: ['medium_quality']
Beginning AutoGluon training ... Time limit = 300s
AutoGluon will save models to "/home/baderlab/mzarant/SignatureInference/models/default/Predictor_S5 (SBS5 - 0.98)"
Train Data Rows:    14495
Train Data Columns: 100
Label Column:       S5 (SBS5 - 0.98)
Problem Type:       binary
Preprocessing data ...
Selected class <--> label mapping:  class 1 = True, class 0 = False
Using Feature Generators to preprocess the data ...
Fitting AutoMLPipelineFeatureGenerator...
	Available Memory:                    203980.94 MB
	Train Data (Original)  Memory Usage: 10.67 MB (0.0% of available memory)
	Inferring data type of each feature based on column values. Set feature_metadata_in to manually specify special dtypes of the features.
	Stage 1 Generators:
		Fitting AsTypeFeatureGenerator...
			Note: Converting 4 features to boolean dtype as they only contain 2 unique values.
	Stage 2 Generators:
		Fitting FillNaFeatureGenerator...
	Stage 3 Generators:
		Fitting IdentityFeatureGenerator...
	Stage 4 Generators:
		Fitting DropUniqueFeatureGenerator...
	Stage 5 Generators:
		Fitting DropDuplicatesFeatureGenerator...
	Types of features in original data (raw dtype, special dtypes):
		('bool', []) :  4 | ['S1 (SBS1 - 0.99)', 'S2 (SBS2 - 0.99)', 'S3 (SBS3 - 0.97)', 'S4 (SBS4 - 0.98)']
		('int', [])  : 96 | ['A[C>A]A', 'A[C>A]C', 'A[C>A]G', 'A[C>A]T', 'A[C>G]A', ...]
	Types of features in processed data (raw dtype, special dtypes):
		('int', [])       : 96 | ['A[C>A]A', 'A[C>A]C', 'A[C>A]G', 'A[C>A]T', 'A[C>G]A', ...]
		('int', ['bool']) :  4 | ['S1 (SBS1 - 0.99)', 'S2 (SBS2 - 0.99)', 'S3 (SBS3 - 0.97)', 'S4 (SBS4 - 0.98)']
	1.8s = Fit runtime
	100 features in original data used to generate 100 features in processed data.
	Train Data (Processed) Memory Usage: 10.67 MB (0.0% of available memory)
Data preprocessing and feature engineering runtime = 1.96s ...
AutoGluon will gauge predictive performance using evaluation metric: 'accuracy'
	To change this, specify the eval_metric parameter of Predictor()
Automatically generating train/validation split with holdout_frac=0.1, Train Rows: 13045, Val Rows: 1450
User-specified model hyperparameters to be fit:
{
	'GBM': [{'extra_trees': True, 'ag_args': {'name_suffix': 'XT'}}],
}
Fitting 1 L1 models, fit_strategy="sequential" ...
Fitting model: LightGBMXT ... Training model for up to 298.04s of the 298.04s of remaining time.
	0.7441	 = Validation score   (accuracy)
	34.09s	 = Training   runtime
	0.22s	 = Validation runtime
Fitting model: WeightedEnsemble_L2 ... Training model for up to 298.14s of the 263.46s of remaining time.
	Ensemble Weights: {'LightGBMXT': 1.0}
	0.7441	 = Validation score   (accuracy)
	0.03s	 = Training   runtime
	0.01s	 = Validation runtime
AutoGluon training complete, total runtime = 36.92s ... Best model: WeightedEnsemble_L2 | Estimated inference throughput: 6467.4 rows/s (1450 batch size)
Disabling decision threshold calibration for metric `accuracy` due to having fewer than 10000 rows of validation data for calibration, to avoid overfitting (1450 rows).
	`accuracy` is generally not improved through threshold calibration. Force calibration via specifying `calibrate_decision_threshold=True`.
TabularPredictor saved. To load, use: predictor = TabularPredictor.load("/home/baderlab/mzarant/SignatureInference/models/default/Predictor_S4 (SBS4 - 0.98)")
Verbosity: 2 (Standard Logging)
=================== System Info ===================
AutoGluon Version:  1.2
Python Version:     3.10.15
Operating System:   Linux
Platform Machine:   x86_64
Platform Version:   #1 SMP PREEMPT_DYNAMIC Thu Apr 3 12:12:16 UTC 2025
CPU Count:          272
Memory Avail:       199.09 GB / 203.90 GB (97.6%)
Disk Space Avail:   1382.01 GB / 5120.00 GB (27.0%)
===================================================
Presets specified: ['medium_quality']
Beginning AutoGluon training ... Time limit = 300s
AutoGluon will save models to "/home/baderlab/mzarant/SignatureInference/models/default/Predictor_S5 (SBS5 - 0.98)"
Train Data Rows:    14495
Train Data Columns: 100
Label Column:       S5 (SBS5 - 0.98)
Problem Type:       binary
Preprocessing data ...
Selected class <--> label mapping:  class 1 = True, class 0 = False
Using Feature Generators to preprocess the data ...
Fitting AutoMLPipelineFeatureGenerator...
	Available Memory:                    203885.55 MB
	Train Data (Original)  Memory Usage: 10.67 MB (0.0% of available memory)
	Inferring data type of each feature based on column values. Set feature_metadata_in to manually specify special dtypes of the features.
	Stage 1 Generators:
		Fitting AsTypeFeatureGenerator...
			Note: Converting 4 features to boolean dtype as they only contain 2 unique values.
	Stage 2 Generators:
		Fitting FillNaFeatureGenerator...
	Stage 3 Generators:
		Fitting IdentityFeatureGenerator...
	Stage 4 Generators:
		Fitting DropUniqueFeatureGenerator...
	Stage 5 Generators:
		Fitting DropDuplicatesFeatureGenerator...
	Types of features in original data (raw dtype, special dtypes):
		('bool', []) :  4 | ['S1 (SBS1 - 0.99)', 'S2 (SBS2 - 0.99)', 'S3 (SBS3 - 0.97)', 'S4 (SBS4 - 0.98)']
		('int', [])  : 96 | ['A[C>A]A', 'A[C>A]C', 'A[C>A]G', 'A[C>A]T', 'A[C>G]A', ...]
	Types of features in processed data (raw dtype, special dtypes):
		('int', [])       : 96 | ['A[C>A]A', 'A[C>A]C', 'A[C>A]G', 'A[C>A]T', 'A[C>G]A', ...]
		('int', ['bool']) :  4 | ['S1 (SBS1 - 0.99)', 'S2 (SBS2 - 0.99)', 'S3 (SBS3 - 0.97)', 'S4 (SBS4 - 0.98)']
	1.4s = Fit runtime
	100 features in original data used to generate 100 features in processed data.
	Train Data (Processed) Memory Usage: 10.67 MB (0.0% of available memory)
Data preprocessing and feature engineering runtime = 1.5s ...
AutoGluon will gauge predictive performance using evaluation metric: 'accuracy'
	To change this, specify the eval_metric parameter of Predictor()
Automatically generating train/validation split with holdout_frac=0.1, Train Rows: 13045, Val Rows: 1450
User-specified model hyperparameters to be fit:
{
	'GBM': [{'extra_trees': True, 'ag_args': {'name_suffix': 'XT'}}],
}
Fitting 1 L1 models, fit_strategy="sequential" ...
Fitting model: LightGBMXT ... Training model for up to 298.50s of the 298.50s of remaining time.
	0.8628	 = Validation score   (accuracy)
	18.89s	 = Training   runtime
	0.09s	 = Validation runtime
Fitting model: WeightedEnsemble_L2 ... Training model for up to 298.04s of the 278.85s of remaining time.
	Ensemble Weights: {'LightGBMXT': 1.0}
	0.8628	 = Validation score   (accuracy)
	0.03s	 = Training   runtime
	0.01s	 = Validation runtime
AutoGluon training complete, total runtime = 21.56s ... Best model: WeightedEnsemble_L2 | Estimated inference throughput: 14762.5 rows/s (1450 batch size)
Disabling decision threshold calibration for metric `accuracy` due to having fewer than 10000 rows of validation data for calibration, to avoid overfitting (1450 rows).
	`accuracy` is generally not improved through threshold calibration. Force calibration via specifying `calibrate_decision_threshold=True`.
TabularPredictor saved. To load, use: predictor = TabularPredictor.load("/home/baderlab/mzarant/SignatureInference/models/default/Predictor_S5 (SBS5 - 0.98)")
Verbosity: 2 (Standard Logging)
=================== System Info ===================
AutoGluon Version:  1.2
Python Version:     3.10.15
Operating System:   Linux
Platform Machine:   x86_64
Platform Version:   #1 SMP PREEMPT_DYNAMIC Thu Apr 3 12:12:16 UTC 2025
CPU Count:          272
Memory Avail:       199.16 GB / 203.90 GB (97.7%)
Disk Space Avail:   1382.00 GB / 5120.00 GB (27.0%)
===================================================
Presets specified: ['medium_quality']
Beginning AutoGluon training ... Time limit = 300s
AutoGluon will save models to "/home/baderlab/mzarant/SignatureInference/models/default/Predictor_S6 (SBS7a - 1.00)"
Train Data Rows:    14495
Train Data Columns: 101
Label Column:       S6 (SBS7a - 1.00)
Problem Type:       binary
Preprocessing data ...
Selected class <--> label mapping:  class 1 = True, class 0 = False
Using Feature Generators to preprocess the data ...
Fitting AutoMLPipelineFeatureGenerator...
	Available Memory:                    203943.41 MB
	Train Data (Original)  Memory Usage: 10.69 MB (0.0% of available memory)
	Inferring data type of each feature based on column values. Set feature_metadata_in to manually specify special dtypes of the features.
	Stage 1 Generators:
		Fitting AsTypeFeatureGenerator...
			Note: Converting 5 features to boolean dtype as they only contain 2 unique values.
	Stage 2 Generators:
		Fitting FillNaFeatureGenerator...
	Stage 3 Generators:
		Fitting IdentityFeatureGenerator...
	Stage 4 Generators:
		Fitting DropUniqueFeatureGenerator...
	Stage 5 Generators:
		Fitting DropDuplicatesFeatureGenerator...
	Types of features in original data (raw dtype, special dtypes):
		('bool', []) :  5 | ['S1 (SBS1 - 0.99)', 'S2 (SBS2 - 0.99)', 'S3 (SBS3 - 0.97)', 'S4 (SBS4 - 0.98)', 'S5 (SBS5 - 0.98)']
		('int', [])  : 96 | ['A[C>A]A', 'A[C>A]C', 'A[C>A]G', 'A[C>A]T', 'A[C>G]A', ...]
	Types of features in processed data (raw dtype, special dtypes):
		('int', [])       : 96 | ['A[C>A]A', 'A[C>A]C', 'A[C>A]G', 'A[C>A]T', 'A[C>G]A', ...]
		('int', ['bool']) :  5 | ['S1 (SBS1 - 0.99)', 'S2 (SBS2 - 0.99)', 'S3 (SBS3 - 0.97)', 'S4 (SBS4 - 0.98)', 'S5 (SBS5 - 0.98)']
	1.5s = Fit runtime
	101 features in original data used to generate 101 features in processed data.
	Train Data (Processed) Memory Usage: 10.69 MB (0.0% of available memory)
Data preprocessing and feature engineering runtime = 1.59s ...
AutoGluon will gauge predictive performance using evaluation metric: 'accuracy'
	To change this, specify the eval_metric parameter of Predictor()
Automatically generating train/validation split with holdout_frac=0.1, Train Rows: 13045, Val Rows: 1450
User-specified model hyperparameters to be fit:
{
	'GBM': [{'extra_trees': True, 'ag_args': {'name_suffix': 'XT'}}],
}
Fitting 1 L1 models, fit_strategy="sequential" ...
Fitting model: LightGBMXT ... Training model for up to 298.41s of the 298.41s of remaining time.
	0.8448	 = Validation score   (accuracy)
	15.77s	 = Training   runtime
	0.13s	 = Validation runtime
Fitting model: WeightedEnsemble_L2 ... Training model for up to 298.41s of the 282.28s of remaining time.
	Ensemble Weights: {'LightGBMXT': 1.0}
	0.8448	 = Validation score   (accuracy)
	0.03s	 = Training   runtime
	0.01s	 = Validation runtime
AutoGluon training complete, total runtime = 18.12s ... Best model: WeightedEnsemble_L2 | Estimated inference throughput: 10682.5 rows/s (1450 batch size)
Disabling decision threshold calibration for metric `accuracy` due to having fewer than 10000 rows of validation data for calibration, to avoid overfitting (1450 rows).
	`accuracy` is generally not improved through threshold calibration. Force calibration via specifying `calibrate_decision_threshold=True`.
TabularPredictor saved. To load, use: predictor = TabularPredictor.load("/home/baderlab/mzarant/SignatureInference/models/default/Predictor_S6 (SBS7a - 1.00)")
Verbosity: 2 (Standard Logging)
=================== System Info ===================
AutoGluon Version:  1.2
Python Version:     3.10.15
Operating System:   Linux
Platform Machine:   x86_64
Platform Version:   #1 SMP PREEMPT_DYNAMIC Thu Apr 3 12:12:16 UTC 2025
CPU Count:          272
Memory Avail:       199.17 GB / 203.90 GB (97.7%)
Disk Space Avail:   1381.99 GB / 5120.00 GB (27.0%)
===================================================
Presets specified: ['medium_quality']
Beginning AutoGluon training ... Time limit = 300s
AutoGluon will save models to "/home/baderlab/mzarant/SignatureInference/models/default/Predictor_S7 (SBS7b - 0.96)"
Train Data Rows:    14495
Train Data Columns: 102
Label Column:       S7 (SBS7b - 0.96)
Problem Type:       binary
Preprocessing data ...
Selected class <--> label mapping:  class 1 = True, class 0 = False
Using Feature Generators to preprocess the data ...
Fitting AutoMLPipelineFeatureGenerator...
	Available Memory:                    203953.94 MB
	Train Data (Original)  Memory Usage: 10.70 MB (0.0% of available memory)
	Inferring data type of each feature based on column values. Set feature_metadata_in to manually specify special dtypes of the features.
	Stage 1 Generators:
		Fitting AsTypeFeatureGenerator...
			Note: Converting 6 features to boolean dtype as they only contain 2 unique values.
	Stage 2 Generators:
		Fitting FillNaFeatureGenerator...
	Stage 3 Generators:
		Fitting IdentityFeatureGenerator...
	Stage 4 Generators:
		Fitting DropUniqueFeatureGenerator...
	Stage 5 Generators:
		Fitting DropDuplicatesFeatureGenerator...
	Types of features in original data (raw dtype, special dtypes):
		('bool', []) :  6 | ['S1 (SBS1 - 0.99)', 'S2 (SBS2 - 0.99)', 'S3 (SBS3 - 0.97)', 'S4 (SBS4 - 0.98)', 'S5 (SBS5 - 0.98)', ...]
		('int', [])  : 96 | ['A[C>A]A', 'A[C>A]C', 'A[C>A]G', 'A[C>A]T', 'A[C>G]A', ...]
	Types of features in processed data (raw dtype, special dtypes):
		('int', [])       : 96 | ['A[C>A]A', 'A[C>A]C', 'A[C>A]G', 'A[C>A]T', 'A[C>G]A', ...]
		('int', ['bool']) :  6 | ['S1 (SBS1 - 0.99)', 'S2 (SBS2 - 0.99)', 'S3 (SBS3 - 0.97)', 'S4 (SBS4 - 0.98)', 'S5 (SBS5 - 0.98)', ...]
	1.5s = Fit runtime
	102 features in original data used to generate 102 features in processed data.
	Train Data (Processed) Memory Usage: 10.70 MB (0.0% of available memory)
Data preprocessing and feature engineering runtime = 1.66s ...
AutoGluon will gauge predictive performance using evaluation metric: 'accuracy'
	To change this, specify the eval_metric parameter of Predictor()
Automatically generating train/validation split with holdout_frac=0.1, Train Rows: 13045, Val Rows: 1450
User-specified model hyperparameters to be fit:
{
	'GBM': [{'extra_trees': True, 'ag_args': {'name_suffix': 'XT'}}],
}
Fitting 1 L1 models, fit_strategy="sequential" ...
Fitting model: LightGBMXT ... Training model for up to 298.34s of the 298.33s of remaining time.
	0.8841	 = Validation score   (accuracy)
	44.71s	 = Training   runtime
	0.21s	 = Validation runtime
Fitting model: WeightedEnsemble_L2 ... Training model for up to 298.50s of the 253.20s of remaining time.
	Ensemble Weights: {'LightGBMXT': 1.0}
	0.8841	 = Validation score   (accuracy)
	0.02s	 = Training   runtime
	0.01s	 = Validation runtime
AutoGluon training complete, total runtime = 47.27s ... Best model: WeightedEnsemble_L2 | Estimated inference throughput: 6576.9 rows/s (1450 batch size)
Disabling decision threshold calibration for metric `accuracy` due to having fewer than 10000 rows of validation data for calibration, to avoid overfitting (1450 rows).
	`accuracy` is generally not improved through threshold calibration. Force calibration via specifying `calibrate_decision_threshold=True`.
TabularPredictor saved. To load, use: predictor = TabularPredictor.load("/home/baderlab/mzarant/SignatureInference/models/default/Predictor_S5 (SBS5 - 0.98)")
Verbosity: 2 (Standard Logging)
=================== System Info ===================
AutoGluon Version:  1.2
Python Version:     3.10.15
Operating System:   Linux
Platform Machine:   x86_64
Platform Version:   #1 SMP PREEMPT_DYNAMIC Thu Apr 3 12:12:16 UTC 2025
CPU Count:          272
Memory Avail:       199.14 GB / 203.90 GB (97.7%)
Disk Space Avail:   1381.98 GB / 5120.00 GB (27.0%)
===================================================
Presets specified: ['medium_quality']
Beginning AutoGluon training ... Time limit = 300s
AutoGluon will save models to "/home/baderlab/mzarant/SignatureInference/models/default/Predictor_S6 (SBS7a - 1.00)"
Train Data Rows:    14495
Train Data Columns: 101
Label Column:       S6 (SBS7a - 1.00)
Problem Type:       binary
Preprocessing data ...
Selected class <--> label mapping:  class 1 = True, class 0 = False
Using Feature Generators to preprocess the data ...
Fitting AutoMLPipelineFeatureGenerator...
	Available Memory:                    203929.32 MB
	Train Data (Original)  Memory Usage: 10.69 MB (0.0% of available memory)
	Inferring data type of each feature based on column values. Set feature_metadata_in to manually specify special dtypes of the features.
	Stage 1 Generators:
		Fitting AsTypeFeatureGenerator...
			Note: Converting 5 features to boolean dtype as they only contain 2 unique values.
	Stage 2 Generators:
		Fitting FillNaFeatureGenerator...
	Stage 3 Generators:
		Fitting IdentityFeatureGenerator...
	Stage 4 Generators:
		Fitting DropUniqueFeatureGenerator...
	Stage 5 Generators:
		Fitting DropDuplicatesFeatureGenerator...
	Types of features in original data (raw dtype, special dtypes):
		('bool', []) :  5 | ['S1 (SBS1 - 0.99)', 'S2 (SBS2 - 0.99)', 'S3 (SBS3 - 0.97)', 'S4 (SBS4 - 0.98)', 'S5 (SBS5 - 0.98)']
		('int', [])  : 96 | ['A[C>A]A', 'A[C>A]C', 'A[C>A]G', 'A[C>A]T', 'A[C>G]A', ...]
	Types of features in processed data (raw dtype, special dtypes):
		('int', [])       : 96 | ['A[C>A]A', 'A[C>A]C', 'A[C>A]G', 'A[C>A]T', 'A[C>G]A', ...]
		('int', ['bool']) :  5 | ['S1 (SBS1 - 0.99)', 'S2 (SBS2 - 0.99)', 'S3 (SBS3 - 0.97)', 'S4 (SBS4 - 0.98)', 'S5 (SBS5 - 0.98)']
	1.4s = Fit runtime
	101 features in original data used to generate 101 features in processed data.
	Train Data (Processed) Memory Usage: 10.69 MB (0.0% of available memory)
Data preprocessing and feature engineering runtime = 1.53s ...
AutoGluon will gauge predictive performance using evaluation metric: 'accuracy'
	To change this, specify the eval_metric parameter of Predictor()
Automatically generating train/validation split with holdout_frac=0.1, Train Rows: 13045, Val Rows: 1450
User-specified model hyperparameters to be fit:
{
	'GBM': [{'extra_trees': True, 'ag_args': {'name_suffix': 'XT'}}],
}
Fitting 1 L1 models, fit_strategy="sequential" ...
Fitting model: LightGBMXT ... Training model for up to 298.47s of the 298.47s of remaining time.
	0.7683	 = Validation score   (accuracy)
	15.15s	 = Training   runtime
	0.08s	 = Validation runtime
Fitting model: WeightedEnsemble_L2 ... Training model for up to 298.33s of the 282.97s of remaining time.
	Ensemble Weights: {'LightGBMXT': 1.0}
	0.7683	 = Validation score   (accuracy)
	0.03s	 = Training   runtime
	0.01s	 = Validation runtime
AutoGluon training complete, total runtime = 17.41s ... Best model: WeightedEnsemble_L2 | Estimated inference throughput: 17164.5 rows/s (1450 batch size)
Disabling decision threshold calibration for metric `accuracy` due to having fewer than 10000 rows of validation data for calibration, to avoid overfitting (1450 rows).
	`accuracy` is generally not improved through threshold calibration. Force calibration via specifying `calibrate_decision_threshold=True`.
TabularPredictor saved. To load, use: predictor = TabularPredictor.load("/home/baderlab/mzarant/SignatureInference/models/default/Predictor_S7 (SBS7b - 0.96)")
Verbosity: 2 (Standard Logging)
=================== System Info ===================
AutoGluon Version:  1.2
Python Version:     3.10.15
Operating System:   Linux
Platform Machine:   x86_64
Platform Version:   #1 SMP PREEMPT_DYNAMIC Thu Apr 3 12:12:16 UTC 2025
CPU Count:          272
Memory Avail:       199.08 GB / 203.90 GB (97.6%)
Disk Space Avail:   1381.97 GB / 5120.00 GB (27.0%)
===================================================
Presets specified: ['medium_quality']
Beginning AutoGluon training ... Time limit = 300s
AutoGluon will save models to "/home/baderlab/mzarant/SignatureInference/models/default/Predictor_S8 (SBS8 - 0.92)"
Train Data Rows:    14495
Train Data Columns: 103
Label Column:       S8 (SBS8 - 0.92)
Problem Type:       binary
Preprocessing data ...
Selected class <--> label mapping:  class 1 = True, class 0 = False
Using Feature Generators to preprocess the data ...
Fitting AutoMLPipelineFeatureGenerator...
	Available Memory:                    203862.65 MB
	Train Data (Original)  Memory Usage: 10.71 MB (0.0% of available memory)
	Inferring data type of each feature based on column values. Set feature_metadata_in to manually specify special dtypes of the features.
	Stage 1 Generators:
		Fitting AsTypeFeatureGenerator...
			Note: Converting 7 features to boolean dtype as they only contain 2 unique values.
	Stage 2 Generators:
		Fitting FillNaFeatureGenerator...
	Stage 3 Generators:
		Fitting IdentityFeatureGenerator...
	Stage 4 Generators:
		Fitting DropUniqueFeatureGenerator...
	Stage 5 Generators:
		Fitting DropDuplicatesFeatureGenerator...
	Types of features in original data (raw dtype, special dtypes):
		('bool', []) :  7 | ['S1 (SBS1 - 0.99)', 'S2 (SBS2 - 0.99)', 'S3 (SBS3 - 0.97)', 'S4 (SBS4 - 0.98)', 'S5 (SBS5 - 0.98)', ...]
		('int', [])  : 96 | ['A[C>A]A', 'A[C>A]C', 'A[C>A]G', 'A[C>A]T', 'A[C>G]A', ...]
	Types of features in processed data (raw dtype, special dtypes):
		('int', [])       : 96 | ['A[C>A]A', 'A[C>A]C', 'A[C>A]G', 'A[C>A]T', 'A[C>G]A', ...]
		('int', ['bool']) :  7 | ['S1 (SBS1 - 0.99)', 'S2 (SBS2 - 0.99)', 'S3 (SBS3 - 0.97)', 'S4 (SBS4 - 0.98)', 'S5 (SBS5 - 0.98)', ...]
	1.9s = Fit runtime
	103 features in original data used to generate 103 features in processed data.
	Train Data (Processed) Memory Usage: 10.71 MB (0.0% of available memory)
Data preprocessing and feature engineering runtime = 2.02s ...
AutoGluon will gauge predictive performance using evaluation metric: 'accuracy'
	To change this, specify the eval_metric parameter of Predictor()
Automatically generating train/validation split with holdout_frac=0.1, Train Rows: 13045, Val Rows: 1450
User-specified model hyperparameters to be fit:
{
	'GBM': [{'extra_trees': True, 'ag_args': {'name_suffix': 'XT'}}],
}
Fitting 1 L1 models, fit_strategy="sequential" ...
Fitting model: LightGBMXT ... Training model for up to 297.98s of the 297.98s of remaining time.
	0.851	 = Validation score   (accuracy)
	18.03s	 = Training   runtime
	0.11s	 = Validation runtime
Fitting model: WeightedEnsemble_L2 ... Training model for up to 298.47s of the 280.08s of remaining time.
	Ensemble Weights: {'LightGBMXT': 1.0}
	0.851	 = Validation score   (accuracy)
	0.05s	 = Training   runtime
	0.01s	 = Validation runtime
AutoGluon training complete, total runtime = 20.39s ... Best model: WeightedEnsemble_L2 | Estimated inference throughput: 11704.1 rows/s (1450 batch size)
Disabling decision threshold calibration for metric `accuracy` due to having fewer than 10000 rows of validation data for calibration, to avoid overfitting (1450 rows).
	`accuracy` is generally not improved through threshold calibration. Force calibration via specifying `calibrate_decision_threshold=True`.
TabularPredictor saved. To load, use: predictor = TabularPredictor.load("/home/baderlab/mzarant/SignatureInference/models/default/Predictor_S6 (SBS7a - 1.00)")
Verbosity: 2 (Standard Logging)
=================== System Info ===================
AutoGluon Version:  1.2
Python Version:     3.10.15
Operating System:   Linux
Platform Machine:   x86_64
Platform Version:   #1 SMP PREEMPT_DYNAMIC Thu Apr 3 12:12:16 UTC 2025
CPU Count:          272
Memory Avail:       199.18 GB / 203.90 GB (97.7%)
Disk Space Avail:   1381.96 GB / 5120.00 GB (27.0%)
===================================================
Presets specified: ['medium_quality']
Beginning AutoGluon training ... Time limit = 300s
AutoGluon will save models to "/home/baderlab/mzarant/SignatureInference/models/default/Predictor_S7 (SBS7b - 0.96)"
Train Data Rows:    14495
Train Data Columns: 102
Label Column:       S7 (SBS7b - 0.96)
Problem Type:       binary
Preprocessing data ...
Selected class <--> label mapping:  class 1 = True, class 0 = False
Using Feature Generators to preprocess the data ...
Fitting AutoMLPipelineFeatureGenerator...
	Available Memory:                    203971.79 MB
	Train Data (Original)  Memory Usage: 10.70 MB (0.0% of available memory)
	Inferring data type of each feature based on column values. Set feature_metadata_in to manually specify special dtypes of the features.
	Stage 1 Generators:
		Fitting AsTypeFeatureGenerator...
			Note: Converting 6 features to boolean dtype as they only contain 2 unique values.
	Stage 2 Generators:
		Fitting FillNaFeatureGenerator...
	Stage 3 Generators:
		Fitting IdentityFeatureGenerator...
	Stage 4 Generators:
		Fitting DropUniqueFeatureGenerator...
	Stage 5 Generators:
		Fitting DropDuplicatesFeatureGenerator...
	Types of features in original data (raw dtype, special dtypes):
		('bool', []) :  6 | ['S1 (SBS1 - 0.99)', 'S2 (SBS2 - 0.99)', 'S3 (SBS3 - 0.97)', 'S4 (SBS4 - 0.98)', 'S5 (SBS5 - 0.98)', ...]
		('int', [])  : 96 | ['A[C>A]A', 'A[C>A]C', 'A[C>A]G', 'A[C>A]T', 'A[C>G]A', ...]
	Types of features in processed data (raw dtype, special dtypes):
		('int', [])       : 96 | ['A[C>A]A', 'A[C>A]C', 'A[C>A]G', 'A[C>A]T', 'A[C>G]A', ...]
		('int', ['bool']) :  6 | ['S1 (SBS1 - 0.99)', 'S2 (SBS2 - 0.99)', 'S3 (SBS3 - 0.97)', 'S4 (SBS4 - 0.98)', 'S5 (SBS5 - 0.98)', ...]
	1.9s = Fit runtime
	102 features in original data used to generate 102 features in processed data.
	Train Data (Processed) Memory Usage: 10.70 MB (0.0% of available memory)
Data preprocessing and feature engineering runtime = 2.1s ...
AutoGluon will gauge predictive performance using evaluation metric: 'accuracy'
	To change this, specify the eval_metric parameter of Predictor()
Automatically generating train/validation split with holdout_frac=0.1, Train Rows: 13045, Val Rows: 1450
User-specified model hyperparameters to be fit:
{
	'GBM': [{'extra_trees': True, 'ag_args': {'name_suffix': 'XT'}}],
}
Fitting 1 L1 models, fit_strategy="sequential" ...
Fitting model: LightGBMXT ... Training model for up to 297.90s of the 297.89s of remaining time.
	0.7317	 = Validation score   (accuracy)
	22.88s	 = Training   runtime
	0.11s	 = Validation runtime
Fitting model: WeightedEnsemble_L2 ... Training model for up to 297.98s of the 274.72s of remaining time.
	Ensemble Weights: {'LightGBMXT': 1.0}
	0.7317	 = Validation score   (accuracy)
	0.03s	 = Training   runtime
	0.01s	 = Validation runtime
AutoGluon training complete, total runtime = 25.68s ... Best model: WeightedEnsemble_L2 | Estimated inference throughput: 11699.6 rows/s (1450 batch size)
Disabling decision threshold calibration for metric `accuracy` due to having fewer than 10000 rows of validation data for calibration, to avoid overfitting (1450 rows).
	`accuracy` is generally not improved through threshold calibration. Force calibration via specifying `calibrate_decision_threshold=True`.
TabularPredictor saved. To load, use: predictor = TabularPredictor.load("/home/baderlab/mzarant/SignatureInference/models/default/Predictor_S8 (SBS8 - 0.92)")
Verbosity: 2 (Standard Logging)
=================== System Info ===================
AutoGluon Version:  1.2
Python Version:     3.10.15
Operating System:   Linux
Platform Machine:   x86_64
Platform Version:   #1 SMP PREEMPT_DYNAMIC Thu Apr 3 12:12:16 UTC 2025
CPU Count:          272
Memory Avail:       199.12 GB / 203.90 GB (97.7%)
Disk Space Avail:   1381.96 GB / 5120.00 GB (27.0%)
===================================================
Presets specified: ['medium_quality']
Beginning AutoGluon training ... Time limit = 300s
AutoGluon will save models to "/home/baderlab/mzarant/SignatureInference/models/default/Predictor_S9 (SBS9 - 0.94)"
Train Data Rows:    14495
Train Data Columns: 104
Label Column:       S9 (SBS9 - 0.94)
Problem Type:       binary
Preprocessing data ...
Selected class <--> label mapping:  class 1 = True, class 0 = False
Using Feature Generators to preprocess the data ...
Fitting AutoMLPipelineFeatureGenerator...
	Available Memory:                    203900.71 MB
	Train Data (Original)  Memory Usage: 10.73 MB (0.0% of available memory)
	Inferring data type of each feature based on column values. Set feature_metadata_in to manually specify special dtypes of the features.
	Stage 1 Generators:
		Fitting AsTypeFeatureGenerator...
			Note: Converting 8 features to boolean dtype as they only contain 2 unique values.
	Stage 2 Generators:
		Fitting FillNaFeatureGenerator...
	Stage 3 Generators:
		Fitting IdentityFeatureGenerator...
	Stage 4 Generators:
		Fitting DropUniqueFeatureGenerator...
	Stage 5 Generators:
		Fitting DropDuplicatesFeatureGenerator...
	Types of features in original data (raw dtype, special dtypes):
		('bool', []) :  8 | ['S1 (SBS1 - 0.99)', 'S2 (SBS2 - 0.99)', 'S3 (SBS3 - 0.97)', 'S4 (SBS4 - 0.98)', 'S5 (SBS5 - 0.98)', ...]
		('int', [])  : 96 | ['A[C>A]A', 'A[C>A]C', 'A[C>A]G', 'A[C>A]T', 'A[C>G]A', ...]
	Types of features in processed data (raw dtype, special dtypes):
		('int', [])       : 96 | ['A[C>A]A', 'A[C>A]C', 'A[C>A]G', 'A[C>A]T', 'A[C>G]A', ...]
		('int', ['bool']) :  8 | ['S1 (SBS1 - 0.99)', 'S2 (SBS2 - 0.99)', 'S3 (SBS3 - 0.97)', 'S4 (SBS4 - 0.98)', 'S5 (SBS5 - 0.98)', ...]
	2.0s = Fit runtime
	104 features in original data used to generate 104 features in processed data.
	Train Data (Processed) Memory Usage: 10.73 MB (0.0% of available memory)
Data preprocessing and feature engineering runtime = 2.17s ...
AutoGluon will gauge predictive performance using evaluation metric: 'accuracy'
	To change this, specify the eval_metric parameter of Predictor()
Automatically generating train/validation split with holdout_frac=0.1, Train Rows: 13045, Val Rows: 1450
User-specified model hyperparameters to be fit:
{
	'GBM': [{'extra_trees': True, 'ag_args': {'name_suffix': 'XT'}}],
}
Fitting 1 L1 models, fit_strategy="sequential" ...
Fitting model: LightGBMXT ... Training model for up to 297.83s of the 297.83s of remaining time.
	0.771	 = Validation score   (accuracy)
	11.53s	 = Training   runtime
	0.08s	 = Validation runtime
Fitting model: WeightedEnsemble_L2 ... Training model for up to 297.83s of the 286.00s of remaining time.
	Ensemble Weights: {'LightGBMXT': 1.0}
	0.771	 = Validation score   (accuracy)
	0.03s	 = Training   runtime
	0.01s	 = Validation runtime
AutoGluon training complete, total runtime = 14.4s ... Best model: WeightedEnsemble_L2 | Estimated inference throughput: 17162.2 rows/s (1450 batch size)
Disabling decision threshold calibration for metric `accuracy` due to having fewer than 10000 rows of validation data for calibration, to avoid overfitting (1450 rows).
	`accuracy` is generally not improved through threshold calibration. Force calibration via specifying `calibrate_decision_threshold=True`.
TabularPredictor saved. To load, use: predictor = TabularPredictor.load("/home/baderlab/mzarant/SignatureInference/models/default/Predictor_S9 (SBS9 - 0.94)")
Verbosity: 2 (Standard Logging)
=================== System Info ===================
AutoGluon Version:  1.2
Python Version:     3.10.15
Operating System:   Linux
Platform Machine:   x86_64
Platform Version:   #1 SMP PREEMPT_DYNAMIC Thu Apr 3 12:12:16 UTC 2025
CPU Count:          272
Memory Avail:       199.15 GB / 203.90 GB (97.7%)
Disk Space Avail:   1381.95 GB / 5120.00 GB (27.0%)
===================================================
Presets specified: ['medium_quality']
Beginning AutoGluon training ... Time limit = 300s
AutoGluon will save models to "/home/baderlab/mzarant/SignatureInference/models/default/Predictor_S10 (SBS10a - 1.00)"
Train Data Rows:    14495
Train Data Columns: 105
Label Column:       S10 (SBS10a - 1.00)
Problem Type:       binary
Preprocessing data ...
Selected class <--> label mapping:  class 1 = True, class 0 = False
Using Feature Generators to preprocess the data ...
Fitting AutoMLPipelineFeatureGenerator...
	Available Memory:                    203928.89 MB
	Train Data (Original)  Memory Usage: 10.74 MB (0.0% of available memory)
	Inferring data type of each feature based on column values. Set feature_metadata_in to manually specify special dtypes of the features.
	Stage 1 Generators:
		Fitting AsTypeFeatureGenerator...
			Note: Converting 9 features to boolean dtype as they only contain 2 unique values.
	Stage 2 Generators:
		Fitting FillNaFeatureGenerator...
	Stage 3 Generators:
		Fitting IdentityFeatureGenerator...
	Stage 4 Generators:
		Fitting DropUniqueFeatureGenerator...
	Stage 5 Generators:
		Fitting DropDuplicatesFeatureGenerator...
	Types of features in original data (raw dtype, special dtypes):
		('bool', []) :  9 | ['S1 (SBS1 - 0.99)', 'S2 (SBS2 - 0.99)', 'S3 (SBS3 - 0.97)', 'S4 (SBS4 - 0.98)', 'S5 (SBS5 - 0.98)', ...]
		('int', [])  : 96 | ['A[C>A]A', 'A[C>A]C', 'A[C>A]G', 'A[C>A]T', 'A[C>G]A', ...]
	Types of features in processed data (raw dtype, special dtypes):
		('int', [])       : 96 | ['A[C>A]A', 'A[C>A]C', 'A[C>A]G', 'A[C>A]T', 'A[C>G]A', ...]
		('int', ['bool']) :  9 | ['S1 (SBS1 - 0.99)', 'S2 (SBS2 - 0.99)', 'S3 (SBS3 - 0.97)', 'S4 (SBS4 - 0.98)', 'S5 (SBS5 - 0.98)', ...]
	2.2s = Fit runtime
	105 features in original data used to generate 105 features in processed data.
	Train Data (Processed) Memory Usage: 10.74 MB (0.0% of available memory)
Data preprocessing and feature engineering runtime = 2.35s ...
AutoGluon will gauge predictive performance using evaluation metric: 'accuracy'
	To change this, specify the eval_metric parameter of Predictor()
Automatically generating train/validation split with holdout_frac=0.1, Train Rows: 13045, Val Rows: 1450
User-specified model hyperparameters to be fit:
{
	'GBM': [{'extra_trees': True, 'ag_args': {'name_suffix': 'XT'}}],
}
Fitting 1 L1 models, fit_strategy="sequential" ...
Fitting model: LightGBMXT ... Training model for up to 297.65s of the 297.64s of remaining time.
	0.7924	 = Validation score   (accuracy)
	25.28s	 = Training   runtime
	0.13s	 = Validation runtime
Fitting model: WeightedEnsemble_L2 ... Training model for up to 297.90s of the 272.24s of remaining time.
	Ensemble Weights: {'LightGBMXT': 1.0}
	0.7924	 = Validation score   (accuracy)
	0.02s	 = Training   runtime
	0.01s	 = Validation runtime
AutoGluon training complete, total runtime = 28.26s ... Best model: WeightedEnsemble_L2 | Estimated inference throughput: 10599.7 rows/s (1450 batch size)
Disabling decision threshold calibration for metric `accuracy` due to having fewer than 10000 rows of validation data for calibration, to avoid overfitting (1450 rows).
	`accuracy` is generally not improved through threshold calibration. Force calibration via specifying `calibrate_decision_threshold=True`.
TabularPredictor saved. To load, use: predictor = TabularPredictor.load("/home/baderlab/mzarant/SignatureInference/models/default/Predictor_S7 (SBS7b - 0.96)")
Verbosity: 2 (Standard Logging)
=================== System Info ===================
AutoGluon Version:  1.2
Python Version:     3.10.15
Operating System:   Linux
Platform Machine:   x86_64
Platform Version:   #1 SMP PREEMPT_DYNAMIC Thu Apr 3 12:12:16 UTC 2025
CPU Count:          272
Memory Avail:       199.11 GB / 203.90 GB (97.7%)
Disk Space Avail:   1381.95 GB / 5120.00 GB (27.0%)
===================================================
Presets specified: ['medium_quality']
Beginning AutoGluon training ... Time limit = 300s
AutoGluon will save models to "/home/baderlab/mzarant/SignatureInference/models/default/Predictor_S8 (SBS8 - 0.92)"
Train Data Rows:    14495
Train Data Columns: 103
Label Column:       S8 (SBS8 - 0.92)
Problem Type:       binary
Preprocessing data ...
Selected class <--> label mapping:  class 1 = True, class 0 = False
Using Feature Generators to preprocess the data ...
Fitting AutoMLPipelineFeatureGenerator...
	Available Memory:                    203878.63 MB
	Train Data (Original)  Memory Usage: 10.71 MB (0.0% of available memory)
	Inferring data type of each feature based on column values. Set feature_metadata_in to manually specify special dtypes of the features.
	Stage 1 Generators:
		Fitting AsTypeFeatureGenerator...
			Note: Converting 7 features to boolean dtype as they only contain 2 unique values.
	Stage 2 Generators:
		Fitting FillNaFeatureGenerator...
	Stage 3 Generators:
		Fitting IdentityFeatureGenerator...
	Stage 4 Generators:
		Fitting DropUniqueFeatureGenerator...
	Stage 5 Generators:
		Fitting DropDuplicatesFeatureGenerator...
	Types of features in original data (raw dtype, special dtypes):
		('bool', []) :  7 | ['S1 (SBS1 - 0.99)', 'S2 (SBS2 - 0.99)', 'S3 (SBS3 - 0.97)', 'S4 (SBS4 - 0.98)', 'S5 (SBS5 - 0.98)', ...]
		('int', [])  : 96 | ['A[C>A]A', 'A[C>A]C', 'A[C>A]G', 'A[C>A]T', 'A[C>G]A', ...]
	Types of features in processed data (raw dtype, special dtypes):
		('int', [])       : 96 | ['A[C>A]A', 'A[C>A]C', 'A[C>A]G', 'A[C>A]T', 'A[C>G]A', ...]
		('int', ['bool']) :  7 | ['S1 (SBS1 - 0.99)', 'S2 (SBS2 - 0.99)', 'S3 (SBS3 - 0.97)', 'S4 (SBS4 - 0.98)', 'S5 (SBS5 - 0.98)', ...]
	1.5s = Fit runtime
	103 features in original data used to generate 103 features in processed data.
	Train Data (Processed) Memory Usage: 10.71 MB (0.0% of available memory)
Data preprocessing and feature engineering runtime = 1.57s ...
AutoGluon will gauge predictive performance using evaluation metric: 'accuracy'
	To change this, specify the eval_metric parameter of Predictor()
Automatically generating train/validation split with holdout_frac=0.1, Train Rows: 13045, Val Rows: 1450
User-specified model hyperparameters to be fit:
{
	'GBM': [{'extra_trees': True, 'ag_args': {'name_suffix': 'XT'}}],
}
Fitting 1 L1 models, fit_strategy="sequential" ...
Fitting model: LightGBMXT ... Training model for up to 298.43s of the 298.42s of remaining time.
	0.7717	 = Validation score   (accuracy)
	17.98s	 = Training   runtime
	0.11s	 = Validation runtime
Fitting model: WeightedEnsemble_L2 ... Training model for up to 297.65s of the 279.31s of remaining time.
	Ensemble Weights: {'LightGBMXT': 1.0}
	0.7717	 = Validation score   (accuracy)
	0.03s	 = Training   runtime
	0.01s	 = Validation runtime
AutoGluon training complete, total runtime = 21.11s ... Best model: WeightedEnsemble_L2 | Estimated inference throughput: 12684.0 rows/s (1450 batch size)
Disabling decision threshold calibration for metric `accuracy` due to having fewer than 10000 rows of validation data for calibration, to avoid overfitting (1450 rows).
	`accuracy` is generally not improved through threshold calibration. Force calibration via specifying `calibrate_decision_threshold=True`.
TabularPredictor saved. To load, use: predictor = TabularPredictor.load("/home/baderlab/mzarant/SignatureInference/models/default/Predictor_S10 (SBS10a - 1.00)")
Verbosity: 2 (Standard Logging)
=================== System Info ===================
AutoGluon Version:  1.2
Python Version:     3.10.15
Operating System:   Linux
Platform Machine:   x86_64
Platform Version:   #1 SMP PREEMPT_DYNAMIC Thu Apr 3 12:12:16 UTC 2025
CPU Count:          272
Memory Avail:       199.16 GB / 203.90 GB (97.7%)
Disk Space Avail:   1381.94 GB / 5120.00 GB (27.0%)
===================================================
Presets specified: ['medium_quality']
Beginning AutoGluon training ... Time limit = 300s
AutoGluon will save models to "/home/baderlab/mzarant/SignatureInference/models/default/Predictor_S11 (SBS10d - 0.98)"
Train Data Rows:    14495
Train Data Columns: 106
Label Column:       S11 (SBS10d - 0.98)
Problem Type:       binary
Preprocessing data ...
Selected class <--> label mapping:  class 1 = True, class 0 = False
Using Feature Generators to preprocess the data ...
Fitting AutoMLPipelineFeatureGenerator...
	Available Memory:                    203942.74 MB
	Train Data (Original)  Memory Usage: 10.75 MB (0.0% of available memory)
	Inferring data type of each feature based on column values. Set feature_metadata_in to manually specify special dtypes of the features.
	Stage 1 Generators:
		Fitting AsTypeFeatureGenerator...
			Note: Converting 10 features to boolean dtype as they only contain 2 unique values.
	Stage 2 Generators:
		Fitting FillNaFeatureGenerator...
	Stage 3 Generators:
		Fitting IdentityFeatureGenerator...
	Stage 4 Generators:
		Fitting DropUniqueFeatureGenerator...
	Stage 5 Generators:
		Fitting DropDuplicatesFeatureGenerator...
	Types of features in original data (raw dtype, special dtypes):
		('bool', []) : 10 | ['S1 (SBS1 - 0.99)', 'S2 (SBS2 - 0.99)', 'S3 (SBS3 - 0.97)', 'S4 (SBS4 - 0.98)', 'S5 (SBS5 - 0.98)', ...]
		('int', [])  : 96 | ['A[C>A]A', 'A[C>A]C', 'A[C>A]G', 'A[C>A]T', 'A[C>G]A', ...]
	Types of features in processed data (raw dtype, special dtypes):
		('int', [])       : 96 | ['A[C>A]A', 'A[C>A]C', 'A[C>A]G', 'A[C>A]T', 'A[C>G]A', ...]
		('int', ['bool']) : 10 | ['S1 (SBS1 - 0.99)', 'S2 (SBS2 - 0.99)', 'S3 (SBS3 - 0.97)', 'S4 (SBS4 - 0.98)', 'S5 (SBS5 - 0.98)', ...]
	2.2s = Fit runtime
	106 features in original data used to generate 106 features in processed data.
	Train Data (Processed) Memory Usage: 10.75 MB (0.0% of available memory)
Data preprocessing and feature engineering runtime = 2.34s ...
AutoGluon will gauge predictive performance using evaluation metric: 'accuracy'
	To change this, specify the eval_metric parameter of Predictor()
Automatically generating train/validation split with holdout_frac=0.1, Train Rows: 13045, Val Rows: 1450
User-specified model hyperparameters to be fit:
{
	'GBM': [{'extra_trees': True, 'ag_args': {'name_suffix': 'XT'}}],
}
Fitting 1 L1 models, fit_strategy="sequential" ...
Fitting model: LightGBMXT ... Training model for up to 297.66s of the 297.65s of remaining time.
	0.7566	 = Validation score   (accuracy)
	10.24s	 = Training   runtime
	0.08s	 = Validation runtime
Fitting model: WeightedEnsemble_L2 ... Training model for up to 297.66s of the 287.17s of remaining time.
	Ensemble Weights: {'LightGBMXT': 1.0}
	0.7566	 = Validation score   (accuracy)
	0.03s	 = Training   runtime
	0.01s	 = Validation runtime
AutoGluon training complete, total runtime = 13.3s ... Best model: WeightedEnsemble_L2 | Estimated inference throughput: 16040.8 rows/s (1450 batch size)
Disabling decision threshold calibration for metric `accuracy` due to having fewer than 10000 rows of validation data for calibration, to avoid overfitting (1450 rows).
	`accuracy` is generally not improved through threshold calibration. Force calibration via specifying `calibrate_decision_threshold=True`.
TabularPredictor saved. To load, use: predictor = TabularPredictor.load("/home/baderlab/mzarant/SignatureInference/models/default/Predictor_S11 (SBS10d - 0.98)")
Verbosity: 2 (Standard Logging)
=================== System Info ===================
AutoGluon Version:  1.2
Python Version:     3.10.15
Operating System:   Linux
Platform Machine:   x86_64
Platform Version:   #1 SMP PREEMPT_DYNAMIC Thu Apr 3 12:12:16 UTC 2025
CPU Count:          272
Memory Avail:       199.16 GB / 203.90 GB (97.7%)
Disk Space Avail:   1381.92 GB / 5120.00 GB (27.0%)
===================================================
Presets specified: ['medium_quality']
Beginning AutoGluon training ... Time limit = 300s
AutoGluon will save models to "/home/baderlab/mzarant/SignatureInference/models/default/Predictor_S12 (SBS11 - 0.99)"
Train Data Rows:    14495
Train Data Columns: 107
Label Column:       S12 (SBS11 - 0.99)
Problem Type:       binary
Preprocessing data ...
Selected class <--> label mapping:  class 1 = True, class 0 = False
Using Feature Generators to preprocess the data ...
Fitting AutoMLPipelineFeatureGenerator...
	Available Memory:                    203946.54 MB
	Train Data (Original)  Memory Usage: 10.77 MB (0.0% of available memory)
	Inferring data type of each feature based on column values. Set feature_metadata_in to manually specify special dtypes of the features.
	Stage 1 Generators:
		Fitting AsTypeFeatureGenerator...
			Note: Converting 11 features to boolean dtype as they only contain 2 unique values.
	Stage 2 Generators:
		Fitting FillNaFeatureGenerator...
	Stage 3 Generators:
		Fitting IdentityFeatureGenerator...
	Stage 4 Generators:
		Fitting DropUniqueFeatureGenerator...
	Stage 5 Generators:
		Fitting DropDuplicatesFeatureGenerator...
	Types of features in original data (raw dtype, special dtypes):
		('bool', []) : 11 | ['S1 (SBS1 - 0.99)', 'S2 (SBS2 - 0.99)', 'S3 (SBS3 - 0.97)', 'S4 (SBS4 - 0.98)', 'S5 (SBS5 - 0.98)', ...]
		('int', [])  : 96 | ['A[C>A]A', 'A[C>A]C', 'A[C>A]G', 'A[C>A]T', 'A[C>G]A', ...]
	Types of features in processed data (raw dtype, special dtypes):
		('int', [])       : 96 | ['A[C>A]A', 'A[C>A]C', 'A[C>A]G', 'A[C>A]T', 'A[C>G]A', ...]
		('int', ['bool']) : 11 | ['S1 (SBS1 - 0.99)', 'S2 (SBS2 - 0.99)', 'S3 (SBS3 - 0.97)', 'S4 (SBS4 - 0.98)', 'S5 (SBS5 - 0.98)', ...]
	1.7s = Fit runtime
	107 features in original data used to generate 107 features in processed data.
	Train Data (Processed) Memory Usage: 10.77 MB (0.0% of available memory)
Data preprocessing and feature engineering runtime = 1.83s ...
AutoGluon will gauge predictive performance using evaluation metric: 'accuracy'
	To change this, specify the eval_metric parameter of Predictor()
Automatically generating train/validation split with holdout_frac=0.1, Train Rows: 13045, Val Rows: 1450
User-specified model hyperparameters to be fit:
{
	'GBM': [{'extra_trees': True, 'ag_args': {'name_suffix': 'XT'}}],
}
Fitting 1 L1 models, fit_strategy="sequential" ...
Fitting model: LightGBMXT ... Training model for up to 298.17s of the 298.17s of remaining time.
	0.8014	 = Validation score   (accuracy)
	6.27s	 = Training   runtime
	0.02s	 = Validation runtime
Fitting model: WeightedEnsemble_L2 ... Training model for up to 298.17s of the 291.77s of remaining time.
	Ensemble Weights: {'LightGBMXT': 1.0}
	0.8014	 = Validation score   (accuracy)
	0.03s	 = Training   runtime
	0.01s	 = Validation runtime
AutoGluon training complete, total runtime = 8.65s ... Best model: WeightedEnsemble_L2 | Estimated inference throughput: 40001.7 rows/s (1450 batch size)
Disabling decision threshold calibration for metric `accuracy` due to having fewer than 10000 rows of validation data for calibration, to avoid overfitting (1450 rows).
	`accuracy` is generally not improved through threshold calibration. Force calibration via specifying `calibrate_decision_threshold=True`.
TabularPredictor saved. To load, use: predictor = TabularPredictor.load("/home/baderlab/mzarant/SignatureInference/models/default/Predictor_S12 (SBS11 - 0.99)")
Verbosity: 2 (Standard Logging)
=================== System Info ===================
AutoGluon Version:  1.2
Python Version:     3.10.15
Operating System:   Linux
Platform Machine:   x86_64
Platform Version:   #1 SMP PREEMPT_DYNAMIC Thu Apr 3 12:12:16 UTC 2025
CPU Count:          272
Memory Avail:       199.11 GB / 203.90 GB (97.7%)
Disk Space Avail:   1381.91 GB / 5120.00 GB (27.0%)
===================================================
Presets specified: ['medium_quality']
Beginning AutoGluon training ... Time limit = 300s
AutoGluon will save models to "/home/baderlab/mzarant/SignatureInference/models/default/Predictor_S13 (SBS13 - 0.99)"
Train Data Rows:    14495
Train Data Columns: 108
Label Column:       S13 (SBS13 - 0.99)
Problem Type:       binary
Preprocessing data ...
Selected class <--> label mapping:  class 1 = True, class 0 = False
Using Feature Generators to preprocess the data ...
Fitting AutoMLPipelineFeatureGenerator...
	Available Memory:                    203902.12 MB
	Train Data (Original)  Memory Usage: 10.78 MB (0.0% of available memory)
	Inferring data type of each feature based on column values. Set feature_metadata_in to manually specify special dtypes of the features.
	Stage 1 Generators:
		Fitting AsTypeFeatureGenerator...
			Note: Converting 12 features to boolean dtype as they only contain 2 unique values.
	Stage 2 Generators:
		Fitting FillNaFeatureGenerator...
	Stage 3 Generators:
		Fitting IdentityFeatureGenerator...
	Stage 4 Generators:
		Fitting DropUniqueFeatureGenerator...
	Stage 5 Generators:
		Fitting DropDuplicatesFeatureGenerator...
	Types of features in original data (raw dtype, special dtypes):
		('bool', []) : 12 | ['S1 (SBS1 - 0.99)', 'S2 (SBS2 - 0.99)', 'S3 (SBS3 - 0.97)', 'S4 (SBS4 - 0.98)', 'S5 (SBS5 - 0.98)', ...]
		('int', [])  : 96 | ['A[C>A]A', 'A[C>A]C', 'A[C>A]G', 'A[C>A]T', 'A[C>G]A', ...]
	Types of features in processed data (raw dtype, special dtypes):
		('int', [])       : 96 | ['A[C>A]A', 'A[C>A]C', 'A[C>A]G', 'A[C>A]T', 'A[C>G]A', ...]
		('int', ['bool']) : 12 | ['S1 (SBS1 - 0.99)', 'S2 (SBS2 - 0.99)', 'S3 (SBS3 - 0.97)', 'S4 (SBS4 - 0.98)', 'S5 (SBS5 - 0.98)', ...]
	1.5s = Fit runtime
	108 features in original data used to generate 108 features in processed data.
	Train Data (Processed) Memory Usage: 10.78 MB (0.0% of available memory)
Data preprocessing and feature engineering runtime = 1.66s ...
AutoGluon will gauge predictive performance using evaluation metric: 'accuracy'
	To change this, specify the eval_metric parameter of Predictor()
Automatically generating train/validation split with holdout_frac=0.1, Train Rows: 13045, Val Rows: 1450
User-specified model hyperparameters to be fit:
{
	'GBM': [{'extra_trees': True, 'ag_args': {'name_suffix': 'XT'}}],
}
Fitting 1 L1 models, fit_strategy="sequential" ...
Fitting model: LightGBMXT ... Training model for up to 298.34s of the 298.34s of remaining time.
	0.8469	 = Validation score   (accuracy)
	6.27s	 = Training   runtime
	0.03s	 = Validation runtime
Fitting model: WeightedEnsemble_L2 ... Training model for up to 298.34s of the 291.93s of remaining time.
	Ensemble Weights: {'LightGBMXT': 1.0}
	0.8469	 = Validation score   (accuracy)
	0.03s	 = Training   runtime
	0.01s	 = Validation runtime
AutoGluon training complete, total runtime = 8.47s ... Best model: WeightedEnsemble_L2 | Estimated inference throughput: 33985.7 rows/s (1450 batch size)
Disabling decision threshold calibration for metric `accuracy` due to having fewer than 10000 rows of validation data for calibration, to avoid overfitting (1450 rows).
	`accuracy` is generally not improved through threshold calibration. Force calibration via specifying `calibrate_decision_threshold=True`.
TabularPredictor saved. To load, use: predictor = TabularPredictor.load("/home/baderlab/mzarant/SignatureInference/models/default/Predictor_S13 (SBS13 - 0.99)")
Verbosity: 2 (Standard Logging)
=================== System Info ===================
AutoGluon Version:  1.2
Python Version:     3.10.15
Operating System:   Linux
Platform Machine:   x86_64
Platform Version:   #1 SMP PREEMPT_DYNAMIC Thu Apr 3 12:12:16 UTC 2025
CPU Count:          272
Memory Avail:       199.10 GB / 203.90 GB (97.6%)
Disk Space Avail:   1381.90 GB / 5120.00 GB (27.0%)
===================================================
Presets specified: ['medium_quality']
Beginning AutoGluon training ... Time limit = 300s
AutoGluon will save models to "/home/baderlab/mzarant/SignatureInference/models/default/Predictor_S14 (SBS14 - 0.98)"
Train Data Rows:    14495
Train Data Columns: 109
Label Column:       S14 (SBS14 - 0.98)
Problem Type:       binary
Preprocessing data ...
Selected class <--> label mapping:  class 1 = True, class 0 = False
Using Feature Generators to preprocess the data ...
Fitting AutoMLPipelineFeatureGenerator...
	Available Memory:                    203891.89 MB
	Train Data (Original)  Memory Usage: 10.80 MB (0.0% of available memory)
	Inferring data type of each feature based on column values. Set feature_metadata_in to manually specify special dtypes of the features.
	Stage 1 Generators:
		Fitting AsTypeFeatureGenerator...
			Note: Converting 13 features to boolean dtype as they only contain 2 unique values.
	Stage 2 Generators:
		Fitting FillNaFeatureGenerator...
	Stage 3 Generators:
		Fitting IdentityFeatureGenerator...
	Stage 4 Generators:
		Fitting DropUniqueFeatureGenerator...
	Stage 5 Generators:
		Fitting DropDuplicatesFeatureGenerator...
	Types of features in original data (raw dtype, special dtypes):
		('bool', []) : 13 | ['S1 (SBS1 - 0.99)', 'S2 (SBS2 - 0.99)', 'S3 (SBS3 - 0.97)', 'S4 (SBS4 - 0.98)', 'S5 (SBS5 - 0.98)', ...]
		('int', [])  : 96 | ['A[C>A]A', 'A[C>A]C', 'A[C>A]G', 'A[C>A]T', 'A[C>G]A', ...]
	Types of features in processed data (raw dtype, special dtypes):
		('int', [])       : 96 | ['A[C>A]A', 'A[C>A]C', 'A[C>A]G', 'A[C>A]T', 'A[C>G]A', ...]
		('int', ['bool']) : 13 | ['S1 (SBS1 - 0.99)', 'S2 (SBS2 - 0.99)', 'S3 (SBS3 - 0.97)', 'S4 (SBS4 - 0.98)', 'S5 (SBS5 - 0.98)', ...]
	2.1s = Fit runtime
	109 features in original data used to generate 109 features in processed data.
	Train Data (Processed) Memory Usage: 10.80 MB (0.0% of available memory)
Data preprocessing and feature engineering runtime = 2.25s ...
AutoGluon will gauge predictive performance using evaluation metric: 'accuracy'
	To change this, specify the eval_metric parameter of Predictor()
Automatically generating train/validation split with holdout_frac=0.1, Train Rows: 13045, Val Rows: 1450
User-specified model hyperparameters to be fit:
{
	'GBM': [{'extra_trees': True, 'ag_args': {'name_suffix': 'XT'}}],
}
Fitting 1 L1 models, fit_strategy="sequential" ...
Fitting model: LightGBMXT ... Training model for up to 297.75s of the 297.74s of remaining time.
	0.7676	 = Validation score   (accuracy)
	53.12s	 = Training   runtime
	0.19s	 = Validation runtime
Fitting model: WeightedEnsemble_L2 ... Training model for up to 298.43s of the 244.86s of remaining time.
	Ensemble Weights: {'LightGBMXT': 1.0}
	0.7676	 = Validation score   (accuracy)
	0.02s	 = Training   runtime
	0.01s	 = Validation runtime
AutoGluon training complete, total runtime = 55.6s ... Best model: WeightedEnsemble_L2 | Estimated inference throughput: 7367.8 rows/s (1450 batch size)
Disabling decision threshold calibration for metric `accuracy` due to having fewer than 10000 rows of validation data for calibration, to avoid overfitting (1450 rows).
	`accuracy` is generally not improved through threshold calibration. Force calibration via specifying `calibrate_decision_threshold=True`.
TabularPredictor saved. To load, use: predictor = TabularPredictor.load("/home/baderlab/mzarant/SignatureInference/models/default/Predictor_S8 (SBS8 - 0.92)")
Verbosity: 2 (Standard Logging)
=================== System Info ===================
AutoGluon Version:  1.2
Python Version:     3.10.15
Operating System:   Linux
Platform Machine:   x86_64
Platform Version:   #1 SMP PREEMPT_DYNAMIC Thu Apr 3 12:12:16 UTC 2025
CPU Count:          272
Memory Avail:       199.09 GB / 203.90 GB (97.6%)
Disk Space Avail:   1381.89 GB / 5120.00 GB (27.0%)
===================================================
Presets specified: ['medium_quality']
Beginning AutoGluon training ... Time limit = 300s
AutoGluon will save models to "/home/baderlab/mzarant/SignatureInference/models/default/Predictor_S9 (SBS9 - 0.94)"
Train Data Rows:    14495
Train Data Columns: 104
Label Column:       S9 (SBS9 - 0.94)
Problem Type:       binary
Preprocessing data ...
Selected class <--> label mapping:  class 1 = True, class 0 = False
Using Feature Generators to preprocess the data ...
Fitting AutoMLPipelineFeatureGenerator...
	Available Memory:                    203879.04 MB
	Train Data (Original)  Memory Usage: 10.73 MB (0.0% of available memory)
	Inferring data type of each feature based on column values. Set feature_metadata_in to manually specify special dtypes of the features.
	Stage 1 Generators:
		Fitting AsTypeFeatureGenerator...
			Note: Converting 8 features to boolean dtype as they only contain 2 unique values.
	Stage 2 Generators:
		Fitting FillNaFeatureGenerator...
	Stage 3 Generators:
		Fitting IdentityFeatureGenerator...
	Stage 4 Generators:
		Fitting DropUniqueFeatureGenerator...
	Stage 5 Generators:
		Fitting DropDuplicatesFeatureGenerator...
	Types of features in original data (raw dtype, special dtypes):
		('bool', []) :  8 | ['S1 (SBS1 - 0.99)', 'S2 (SBS2 - 0.99)', 'S3 (SBS3 - 0.97)', 'S4 (SBS4 - 0.98)', 'S5 (SBS5 - 0.98)', ...]
		('int', [])  : 96 | ['A[C>A]A', 'A[C>A]C', 'A[C>A]G', 'A[C>A]T', 'A[C>G]A', ...]
	Types of features in processed data (raw dtype, special dtypes):
		('int', [])       : 96 | ['A[C>A]A', 'A[C>A]C', 'A[C>A]G', 'A[C>A]T', 'A[C>G]A', ...]
		('int', ['bool']) :  8 | ['S1 (SBS1 - 0.99)', 'S2 (SBS2 - 0.99)', 'S3 (SBS3 - 0.97)', 'S4 (SBS4 - 0.98)', 'S5 (SBS5 - 0.98)', ...]
	1.5s = Fit runtime
	104 features in original data used to generate 104 features in processed data.
	Train Data (Processed) Memory Usage: 10.73 MB (0.0% of available memory)
Data preprocessing and feature engineering runtime = 1.63s ...
AutoGluon will gauge predictive performance using evaluation metric: 'accuracy'
	To change this, specify the eval_metric parameter of Predictor()
Automatically generating train/validation split with holdout_frac=0.1, Train Rows: 13045, Val Rows: 1450
User-specified model hyperparameters to be fit:
{
	'GBM': [{'extra_trees': True, 'ag_args': {'name_suffix': 'XT'}}],
}
Fitting 1 L1 models, fit_strategy="sequential" ...
Fitting model: LightGBMXT ... Training model for up to 298.37s of the 298.37s of remaining time.
	0.7779	 = Validation score   (accuracy)
	12.58s	 = Training   runtime
	0.02s	 = Validation runtime
Fitting model: WeightedEnsemble_L2 ... Training model for up to 297.74s of the 285.09s of remaining time.
	Ensemble Weights: {'LightGBMXT': 1.0}
	0.7779	 = Validation score   (accuracy)
	0.03s	 = Training   runtime
	0.01s	 = Validation runtime
AutoGluon training complete, total runtime = 15.31s ... Best model: WeightedEnsemble_L2 | Estimated inference throughput: 50576.6 rows/s (1450 batch size)
Disabling decision threshold calibration for metric `accuracy` due to having fewer than 10000 rows of validation data for calibration, to avoid overfitting (1450 rows).
	`accuracy` is generally not improved through threshold calibration. Force calibration via specifying `calibrate_decision_threshold=True`.
TabularPredictor saved. To load, use: predictor = TabularPredictor.load("/home/baderlab/mzarant/SignatureInference/models/default/Predictor_S14 (SBS14 - 0.98)")
Verbosity: 2 (Standard Logging)
=================== System Info ===================
AutoGluon Version:  1.2
Python Version:     3.10.15
Operating System:   Linux
Platform Machine:   x86_64
Platform Version:   #1 SMP PREEMPT_DYNAMIC Thu Apr 3 12:12:16 UTC 2025
CPU Count:          272
Memory Avail:       199.08 GB / 203.90 GB (97.6%)
Disk Space Avail:   1381.89 GB / 5120.00 GB (27.0%)
===================================================
Presets specified: ['medium_quality']
Beginning AutoGluon training ... Time limit = 300s
AutoGluon will save models to "/home/baderlab/mzarant/SignatureInference/models/default/Predictor_S15 (SBS15 - 0.97)"
Train Data Rows:    14495
Train Data Columns: 110
Label Column:       S15 (SBS15 - 0.97)
Problem Type:       binary
Preprocessing data ...
Selected class <--> label mapping:  class 1 = True, class 0 = False
Using Feature Generators to preprocess the data ...
Fitting AutoMLPipelineFeatureGenerator...
	Available Memory:                    203864.98 MB
	Train Data (Original)  Memory Usage: 10.81 MB (0.0% of available memory)
	Inferring data type of each feature based on column values. Set feature_metadata_in to manually specify special dtypes of the features.
	Stage 1 Generators:
		Fitting AsTypeFeatureGenerator...
			Note: Converting 14 features to boolean dtype as they only contain 2 unique values.
	Stage 2 Generators:
		Fitting FillNaFeatureGenerator...
	Stage 3 Generators:
		Fitting IdentityFeatureGenerator...
	Stage 4 Generators:
		Fitting DropUniqueFeatureGenerator...
	Stage 5 Generators:
		Fitting DropDuplicatesFeatureGenerator...
	Types of features in original data (raw dtype, special dtypes):
		('bool', []) : 14 | ['S1 (SBS1 - 0.99)', 'S2 (SBS2 - 0.99)', 'S3 (SBS3 - 0.97)', 'S4 (SBS4 - 0.98)', 'S5 (SBS5 - 0.98)', ...]
		('int', [])  : 96 | ['A[C>A]A', 'A[C>A]C', 'A[C>A]G', 'A[C>A]T', 'A[C>G]A', ...]
	Types of features in processed data (raw dtype, special dtypes):
		('int', [])       : 96 | ['A[C>A]A', 'A[C>A]C', 'A[C>A]G', 'A[C>A]T', 'A[C>G]A', ...]
		('int', ['bool']) : 14 | ['S1 (SBS1 - 0.99)', 'S2 (SBS2 - 0.99)', 'S3 (SBS3 - 0.97)', 'S4 (SBS4 - 0.98)', 'S5 (SBS5 - 0.98)', ...]
	1.7s = Fit runtime
	110 features in original data used to generate 110 features in processed data.
	Train Data (Processed) Memory Usage: 10.81 MB (0.0% of available memory)
Data preprocessing and feature engineering runtime = 1.86s ...
AutoGluon will gauge predictive performance using evaluation metric: 'accuracy'
	To change this, specify the eval_metric parameter of Predictor()
Automatically generating train/validation split with holdout_frac=0.1, Train Rows: 13045, Val Rows: 1450
User-specified model hyperparameters to be fit:
{
	'GBM': [{'extra_trees': True, 'ag_args': {'name_suffix': 'XT'}}],
}
Fitting 1 L1 models, fit_strategy="sequential" ...
Fitting model: LightGBMXT ... Training model for up to 298.13s of the 298.13s of remaining time.
	0.7179	 = Validation score   (accuracy)
	8.58s	 = Training   runtime
	0.03s	 = Validation runtime
Fitting model: WeightedEnsemble_L2 ... Training model for up to 298.13s of the 289.42s of remaining time.
	Ensemble Weights: {'LightGBMXT': 1.0}
	0.7179	 = Validation score   (accuracy)
	0.03s	 = Training   runtime
	0.01s	 = Validation runtime
AutoGluon training complete, total runtime = 10.96s ... Best model: WeightedEnsemble_L2 | Estimated inference throughput: 33378.0 rows/s (1450 batch size)
Disabling decision threshold calibration for metric `accuracy` due to having fewer than 10000 rows of validation data for calibration, to avoid overfitting (1450 rows).
	`accuracy` is generally not improved through threshold calibration. Force calibration via specifying `calibrate_decision_threshold=True`.
TabularPredictor saved. To load, use: predictor = TabularPredictor.load("/home/baderlab/mzarant/SignatureInference/models/default/Predictor_S15 (SBS15 - 0.97)")
Verbosity: 2 (Standard Logging)
=================== System Info ===================
AutoGluon Version:  1.2
Python Version:     3.10.15
Operating System:   Linux
Platform Machine:   x86_64
Platform Version:   #1 SMP PREEMPT_DYNAMIC Thu Apr 3 12:12:16 UTC 2025
CPU Count:          272
Memory Avail:       199.11 GB / 203.90 GB (97.7%)
Disk Space Avail:   1381.88 GB / 5120.00 GB (27.0%)
===================================================
Presets specified: ['medium_quality']
Beginning AutoGluon training ... Time limit = 300s
AutoGluon will save models to "/home/baderlab/mzarant/SignatureInference/models/default/Predictor_S16 (SBS17 - 0.99)"
Train Data Rows:    14495
Train Data Columns: 111
Label Column:       S16 (SBS17 - 0.99)
Problem Type:       binary
Preprocessing data ...
Selected class <--> label mapping:  class 1 = True, class 0 = False
Using Feature Generators to preprocess the data ...
Fitting AutoMLPipelineFeatureGenerator...
	Available Memory:                    203893.08 MB
	Train Data (Original)  Memory Usage: 10.82 MB (0.0% of available memory)
	Inferring data type of each feature based on column values. Set feature_metadata_in to manually specify special dtypes of the features.
	Stage 1 Generators:
		Fitting AsTypeFeatureGenerator...
			Note: Converting 15 features to boolean dtype as they only contain 2 unique values.
	Stage 2 Generators:
		Fitting FillNaFeatureGenerator...
	Stage 3 Generators:
		Fitting IdentityFeatureGenerator...
	Stage 4 Generators:
		Fitting DropUniqueFeatureGenerator...
	Stage 5 Generators:
		Fitting DropDuplicatesFeatureGenerator...
	Types of features in original data (raw dtype, special dtypes):
		('bool', []) : 15 | ['S1 (SBS1 - 0.99)', 'S2 (SBS2 - 0.99)', 'S3 (SBS3 - 0.97)', 'S4 (SBS4 - 0.98)', 'S5 (SBS5 - 0.98)', ...]
		('int', [])  : 96 | ['A[C>A]A', 'A[C>A]C', 'A[C>A]G', 'A[C>A]T', 'A[C>G]A', ...]
	Types of features in processed data (raw dtype, special dtypes):
		('int', [])       : 96 | ['A[C>A]A', 'A[C>A]C', 'A[C>A]G', 'A[C>A]T', 'A[C>G]A', ...]
		('int', ['bool']) : 15 | ['S1 (SBS1 - 0.99)', 'S2 (SBS2 - 0.99)', 'S3 (SBS3 - 0.97)', 'S4 (SBS4 - 0.98)', 'S5 (SBS5 - 0.98)', ...]
	1.5s = Fit runtime
	111 features in original data used to generate 111 features in processed data.
	Train Data (Processed) Memory Usage: 10.82 MB (0.0% of available memory)
Data preprocessing and feature engineering runtime = 1.66s ...
AutoGluon will gauge predictive performance using evaluation metric: 'accuracy'
	To change this, specify the eval_metric parameter of Predictor()
Automatically generating train/validation split with holdout_frac=0.1, Train Rows: 13045, Val Rows: 1450
User-specified model hyperparameters to be fit:
{
	'GBM': [{'extra_trees': True, 'ag_args': {'name_suffix': 'XT'}}],
}
Fitting 1 L1 models, fit_strategy="sequential" ...
Fitting model: LightGBMXT ... Training model for up to 298.34s of the 298.34s of remaining time.
	0.7752	 = Validation score   (accuracy)
	8.21s	 = Training   runtime
	0.03s	 = Validation runtime
Fitting model: WeightedEnsemble_L2 ... Training model for up to 298.34s of the 290.01s of remaining time.
	Ensemble Weights: {'LightGBMXT': 1.0}
	0.7752	 = Validation score   (accuracy)
	0.03s	 = Training   runtime
	0.01s	 = Validation runtime
AutoGluon training complete, total runtime = 10.38s ... Best model: WeightedEnsemble_L2 | Estimated inference throughput: 34358.6 rows/s (1450 batch size)
Disabling decision threshold calibration for metric `accuracy` due to having fewer than 10000 rows of validation data for calibration, to avoid overfitting (1450 rows).
	`accuracy` is generally not improved through threshold calibration. Force calibration via specifying `calibrate_decision_threshold=True`.
TabularPredictor saved. To load, use: predictor = TabularPredictor.load("/home/baderlab/mzarant/SignatureInference/models/default/Predictor_S16 (SBS17 - 0.99)")
Verbosity: 2 (Standard Logging)
=================== System Info ===================
AutoGluon Version:  1.2
Python Version:     3.10.15
Operating System:   Linux
Platform Machine:   x86_64
Platform Version:   #1 SMP PREEMPT_DYNAMIC Thu Apr 3 12:12:16 UTC 2025
CPU Count:          272
Memory Avail:       199.12 GB / 203.90 GB (97.7%)
Disk Space Avail:   1381.86 GB / 5120.00 GB (27.0%)
===================================================
Presets specified: ['medium_quality']
Beginning AutoGluon training ... Time limit = 300s
AutoGluon will save models to "/home/baderlab/mzarant/SignatureInference/models/default/Predictor_S17 (SBS18 - 0.97)"
Train Data Rows:    14495
Train Data Columns: 112
Label Column:       S17 (SBS18 - 0.97)
Problem Type:       binary
Preprocessing data ...
Selected class <--> label mapping:  class 1 = True, class 0 = False
Using Feature Generators to preprocess the data ...
Fitting AutoMLPipelineFeatureGenerator...
	Available Memory:                    203919.13 MB
	Train Data (Original)  Memory Usage: 10.84 MB (0.0% of available memory)
	Inferring data type of each feature based on column values. Set feature_metadata_in to manually specify special dtypes of the features.
	Stage 1 Generators:
		Fitting AsTypeFeatureGenerator...
			Note: Converting 16 features to boolean dtype as they only contain 2 unique values.
	Stage 2 Generators:
		Fitting FillNaFeatureGenerator...
	Stage 3 Generators:
		Fitting IdentityFeatureGenerator...
	Stage 4 Generators:
		Fitting DropUniqueFeatureGenerator...
	Stage 5 Generators:
		Fitting DropDuplicatesFeatureGenerator...
	Types of features in original data (raw dtype, special dtypes):
		('bool', []) : 16 | ['S1 (SBS1 - 0.99)', 'S2 (SBS2 - 0.99)', 'S3 (SBS3 - 0.97)', 'S4 (SBS4 - 0.98)', 'S5 (SBS5 - 0.98)', ...]
		('int', [])  : 96 | ['A[C>A]A', 'A[C>A]C', 'A[C>A]G', 'A[C>A]T', 'A[C>G]A', ...]
	Types of features in processed data (raw dtype, special dtypes):
		('int', [])       : 96 | ['A[C>A]A', 'A[C>A]C', 'A[C>A]G', 'A[C>A]T', 'A[C>G]A', ...]
		('int', ['bool']) : 16 | ['S1 (SBS1 - 0.99)', 'S2 (SBS2 - 0.99)', 'S3 (SBS3 - 0.97)', 'S4 (SBS4 - 0.98)', 'S5 (SBS5 - 0.98)', ...]
	1.5s = Fit runtime
	112 features in original data used to generate 112 features in processed data.
	Train Data (Processed) Memory Usage: 10.84 MB (0.0% of available memory)
Data preprocessing and feature engineering runtime = 1.62s ...
AutoGluon will gauge predictive performance using evaluation metric: 'accuracy'
	To change this, specify the eval_metric parameter of Predictor()
Automatically generating train/validation split with holdout_frac=0.1, Train Rows: 13045, Val Rows: 1450
User-specified model hyperparameters to be fit:
{
	'GBM': [{'extra_trees': True, 'ag_args': {'name_suffix': 'XT'}}],
}
Fitting 1 L1 models, fit_strategy="sequential" ...
Fitting model: LightGBMXT ... Training model for up to 298.38s of the 298.38s of remaining time.
	0.7945	 = Validation score   (accuracy)
	8.4s	 = Training   runtime
	0.03s	 = Validation runtime
Fitting model: WeightedEnsemble_L2 ... Training model for up to 298.38s of the 289.87s of remaining time.
	Ensemble Weights: {'LightGBMXT': 1.0}
	0.7945	 = Validation score   (accuracy)
	0.03s	 = Training   runtime
	0.01s	 = Validation runtime
AutoGluon training complete, total runtime = 10.5s ... Best model: WeightedEnsemble_L2 | Estimated inference throughput: 38381.5 rows/s (1450 batch size)
Disabling decision threshold calibration for metric `accuracy` due to having fewer than 10000 rows of validation data for calibration, to avoid overfitting (1450 rows).
	`accuracy` is generally not improved through threshold calibration. Force calibration via specifying `calibrate_decision_threshold=True`.
TabularPredictor saved. To load, use: predictor = TabularPredictor.load("/home/baderlab/mzarant/SignatureInference/models/default/Predictor_S17 (SBS18 - 0.97)")
Verbosity: 2 (Standard Logging)
=================== System Info ===================
AutoGluon Version:  1.2
Python Version:     3.10.15
Operating System:   Linux
Platform Machine:   x86_64
Platform Version:   #1 SMP PREEMPT_DYNAMIC Thu Apr 3 12:12:16 UTC 2025
CPU Count:          272
Memory Avail:       199.11 GB / 203.90 GB (97.7%)
Disk Space Avail:   1381.85 GB / 5120.00 GB (27.0%)
===================================================
Presets specified: ['medium_quality']
Beginning AutoGluon training ... Time limit = 300s
AutoGluon will save models to "/home/baderlab/mzarant/SignatureInference/models/default/Predictor_S18 (SBS19 - 0.95)"
Train Data Rows:    14495
Train Data Columns: 113
Label Column:       S18 (SBS19 - 0.95)
Problem Type:       binary
Preprocessing data ...
Selected class <--> label mapping:  class 1 = True, class 0 = False
Using Feature Generators to preprocess the data ...
Fitting AutoMLPipelineFeatureGenerator...
	Available Memory:                    203885.89 MB
	Train Data (Original)  Memory Usage: 10.85 MB (0.0% of available memory)
	Inferring data type of each feature based on column values. Set feature_metadata_in to manually specify special dtypes of the features.
	Stage 1 Generators:
		Fitting AsTypeFeatureGenerator...
			Note: Converting 17 features to boolean dtype as they only contain 2 unique values.
	Stage 2 Generators:
		Fitting FillNaFeatureGenerator...
	Stage 3 Generators:
		Fitting IdentityFeatureGenerator...
	Stage 4 Generators:
		Fitting DropUniqueFeatureGenerator...
	Stage 5 Generators:
		Fitting DropDuplicatesFeatureGenerator...
	Types of features in original data (raw dtype, special dtypes):
		('bool', []) : 17 | ['S1 (SBS1 - 0.99)', 'S2 (SBS2 - 0.99)', 'S3 (SBS3 - 0.97)', 'S4 (SBS4 - 0.98)', 'S5 (SBS5 - 0.98)', ...]
		('int', [])  : 96 | ['A[C>A]A', 'A[C>A]C', 'A[C>A]G', 'A[C>A]T', 'A[C>G]A', ...]
	Types of features in processed data (raw dtype, special dtypes):
		('int', [])       : 96 | ['A[C>A]A', 'A[C>A]C', 'A[C>A]G', 'A[C>A]T', 'A[C>G]A', ...]
		('int', ['bool']) : 17 | ['S1 (SBS1 - 0.99)', 'S2 (SBS2 - 0.99)', 'S3 (SBS3 - 0.97)', 'S4 (SBS4 - 0.98)', 'S5 (SBS5 - 0.98)', ...]
	2.7s = Fit runtime
	113 features in original data used to generate 113 features in processed data.
	Train Data (Processed) Memory Usage: 10.85 MB (0.0% of available memory)
Data preprocessing and feature engineering runtime = 2.8s ...
AutoGluon will gauge predictive performance using evaluation metric: 'accuracy'
	To change this, specify the eval_metric parameter of Predictor()
Automatically generating train/validation split with holdout_frac=0.1, Train Rows: 13045, Val Rows: 1450
User-specified model hyperparameters to be fit:
{
	'GBM': [{'extra_trees': True, 'ag_args': {'name_suffix': 'XT'}}],
}
Fitting 1 L1 models, fit_strategy="sequential" ...
Fitting model: LightGBMXT ... Training model for up to 297.20s of the 297.20s of remaining time.
	0.76	 = Validation score   (accuracy)
	12.53s	 = Training   runtime
	0.1s	 = Validation runtime
Fitting model: WeightedEnsemble_L2 ... Training model for up to 297.20s of the 284.36s of remaining time.
	Ensemble Weights: {'LightGBMXT': 1.0}
	0.76	 = Validation score   (accuracy)
	0.03s	 = Training   runtime
	0.01s	 = Validation runtime
AutoGluon training complete, total runtime = 16.04s ... Best model: WeightedEnsemble_L2 | Estimated inference throughput: 12892.2 rows/s (1450 batch size)
Disabling decision threshold calibration for metric `accuracy` due to having fewer than 10000 rows of validation data for calibration, to avoid overfitting (1450 rows).
	`accuracy` is generally not improved through threshold calibration. Force calibration via specifying `calibrate_decision_threshold=True`.
TabularPredictor saved. To load, use: predictor = TabularPredictor.load("/home/baderlab/mzarant/SignatureInference/models/default/Predictor_S18 (SBS19 - 0.95)")
Verbosity: 2 (Standard Logging)
=================== System Info ===================
AutoGluon Version:  1.2
Python Version:     3.10.15
Operating System:   Linux
Platform Machine:   x86_64
Platform Version:   #1 SMP PREEMPT_DYNAMIC Thu Apr 3 12:12:16 UTC 2025
CPU Count:          272
Memory Avail:       199.13 GB / 203.90 GB (97.7%)
Disk Space Avail:   1381.84 GB / 5120.00 GB (27.0%)
===================================================
Presets specified: ['medium_quality']
Beginning AutoGluon training ... Time limit = 300s
AutoGluon will save models to "/home/baderlab/mzarant/SignatureInference/models/default/Predictor_S19 (SBS20 - 0.98)"
Train Data Rows:    14495
Train Data Columns: 114
Label Column:       S19 (SBS20 - 0.98)
Problem Type:       binary
Preprocessing data ...
Selected class <--> label mapping:  class 1 = True, class 0 = False
Using Feature Generators to preprocess the data ...
Fitting AutoMLPipelineFeatureGenerator...
	Available Memory:                    203914.31 MB
	Train Data (Original)  Memory Usage: 10.87 MB (0.0% of available memory)
	Inferring data type of each feature based on column values. Set feature_metadata_in to manually specify special dtypes of the features.
	Stage 1 Generators:
		Fitting AsTypeFeatureGenerator...
			Note: Converting 18 features to boolean dtype as they only contain 2 unique values.
	Stage 2 Generators:
		Fitting FillNaFeatureGenerator...
	Stage 3 Generators:
		Fitting IdentityFeatureGenerator...
	Stage 4 Generators:
		Fitting DropUniqueFeatureGenerator...
	Stage 5 Generators:
		Fitting DropDuplicatesFeatureGenerator...
	Types of features in original data (raw dtype, special dtypes):
		('bool', []) : 18 | ['S1 (SBS1 - 0.99)', 'S2 (SBS2 - 0.99)', 'S3 (SBS3 - 0.97)', 'S4 (SBS4 - 0.98)', 'S5 (SBS5 - 0.98)', ...]
		('int', [])  : 96 | ['A[C>A]A', 'A[C>A]C', 'A[C>A]G', 'A[C>A]T', 'A[C>G]A', ...]
	Types of features in processed data (raw dtype, special dtypes):
		('int', [])       : 96 | ['A[C>A]A', 'A[C>A]C', 'A[C>A]G', 'A[C>A]T', 'A[C>G]A', ...]
		('int', ['bool']) : 18 | ['S1 (SBS1 - 0.99)', 'S2 (SBS2 - 0.99)', 'S3 (SBS3 - 0.97)', 'S4 (SBS4 - 0.98)', 'S5 (SBS5 - 0.98)', ...]
	2.0s = Fit runtime
	114 features in original data used to generate 114 features in processed data.
	Train Data (Processed) Memory Usage: 10.87 MB (0.0% of available memory)
Data preprocessing and feature engineering runtime = 2.08s ...
AutoGluon will gauge predictive performance using evaluation metric: 'accuracy'
	To change this, specify the eval_metric parameter of Predictor()
Automatically generating train/validation split with holdout_frac=0.1, Train Rows: 13045, Val Rows: 1450
User-specified model hyperparameters to be fit:
{
	'GBM': [{'extra_trees': True, 'ag_args': {'name_suffix': 'XT'}}],
}
Fitting 1 L1 models, fit_strategy="sequential" ...
Fitting model: LightGBMXT ... Training model for up to 297.92s of the 297.92s of remaining time.
	0.96	 = Validation score   (accuracy)
	6.26s	 = Training   runtime
	0.02s	 = Validation runtime
Fitting model: WeightedEnsemble_L2 ... Training model for up to 297.92s of the 291.57s of remaining time.
	Ensemble Weights: {'LightGBMXT': 1.0}
	0.96	 = Validation score   (accuracy)
	0.03s	 = Training   runtime
	0.01s	 = Validation runtime
AutoGluon training complete, total runtime = 8.81s ... Best model: WeightedEnsemble_L2 | Estimated inference throughput: 44991.6 rows/s (1450 batch size)
Disabling decision threshold calibration for metric `accuracy` due to having fewer than 10000 rows of validation data for calibration, to avoid overfitting (1450 rows).
	`accuracy` is generally not improved through threshold calibration. Force calibration via specifying `calibrate_decision_threshold=True`.
TabularPredictor saved. To load, use: predictor = TabularPredictor.load("/home/baderlab/mzarant/SignatureInference/models/default/Predictor_S19 (SBS20 - 0.98)")
Verbosity: 2 (Standard Logging)
=================== System Info ===================
AutoGluon Version:  1.2
Python Version:     3.10.15
Operating System:   Linux
Platform Machine:   x86_64
Platform Version:   #1 SMP PREEMPT_DYNAMIC Thu Apr 3 12:12:16 UTC 2025
CPU Count:          272
Memory Avail:       199.04 GB / 203.90 GB (97.6%)
Disk Space Avail:   1381.83 GB / 5120.00 GB (27.0%)
===================================================
Presets specified: ['medium_quality']
Beginning AutoGluon training ... Time limit = 300s
AutoGluon will save models to "/home/baderlab/mzarant/SignatureInference/models/default/Predictor_S20 (SBS22 - 0.99)"
Train Data Rows:    14495
Train Data Columns: 115
Label Column:       S20 (SBS22 - 0.99)
Problem Type:       binary
Preprocessing data ...
Selected class <--> label mapping:  class 1 = True, class 0 = False
Using Feature Generators to preprocess the data ...
Fitting AutoMLPipelineFeatureGenerator...
	Available Memory:                    203816.87 MB
	Train Data (Original)  Memory Usage: 10.88 MB (0.0% of available memory)
	Inferring data type of each feature based on column values. Set feature_metadata_in to manually specify special dtypes of the features.
	Stage 1 Generators:
		Fitting AsTypeFeatureGenerator...
			Note: Converting 19 features to boolean dtype as they only contain 2 unique values.
	Stage 2 Generators:
		Fitting FillNaFeatureGenerator...
	Stage 3 Generators:
		Fitting IdentityFeatureGenerator...
	Stage 4 Generators:
		Fitting DropUniqueFeatureGenerator...
	Stage 5 Generators:
		Fitting DropDuplicatesFeatureGenerator...
	Types of features in original data (raw dtype, special dtypes):
		('bool', []) : 19 | ['S1 (SBS1 - 0.99)', 'S2 (SBS2 - 0.99)', 'S3 (SBS3 - 0.97)', 'S4 (SBS4 - 0.98)', 'S5 (SBS5 - 0.98)', ...]
		('int', [])  : 96 | ['A[C>A]A', 'A[C>A]C', 'A[C>A]G', 'A[C>A]T', 'A[C>G]A', ...]
	Types of features in processed data (raw dtype, special dtypes):
		('int', [])       : 96 | ['A[C>A]A', 'A[C>A]C', 'A[C>A]G', 'A[C>A]T', 'A[C>G]A', ...]
		('int', ['bool']) : 19 | ['S1 (SBS1 - 0.99)', 'S2 (SBS2 - 0.99)', 'S3 (SBS3 - 0.97)', 'S4 (SBS4 - 0.98)', 'S5 (SBS5 - 0.98)', ...]
	2.1s = Fit runtime
	115 features in original data used to generate 115 features in processed data.
	Train Data (Processed) Memory Usage: 10.88 MB (0.0% of available memory)
Data preprocessing and feature engineering runtime = 2.19s ...
AutoGluon will gauge predictive performance using evaluation metric: 'accuracy'
	To change this, specify the eval_metric parameter of Predictor()
Automatically generating train/validation split with holdout_frac=0.1, Train Rows: 13045, Val Rows: 1450
User-specified model hyperparameters to be fit:
{
	'GBM': [{'extra_trees': True, 'ag_args': {'name_suffix': 'XT'}}],
}
Fitting 1 L1 models, fit_strategy="sequential" ...
Fitting model: LightGBMXT ... Training model for up to 297.81s of the 297.81s of remaining time.
	0.8124	 = Validation score   (accuracy)
	73.36s	 = Training   runtime
	0.26s	 = Validation runtime
Fitting model: WeightedEnsemble_L2 ... Training model for up to 298.37s of the 224.30s of remaining time.
	Ensemble Weights: {'LightGBMXT': 1.0}
	0.8124	 = Validation score   (accuracy)
	0.02s	 = Training   runtime
	0.01s	 = Validation runtime
AutoGluon training complete, total runtime = 76.09s ... Best model: WeightedEnsemble_L2 | Estimated inference throughput: 5473.1 rows/s (1450 batch size)
Disabling decision threshold calibration for metric `accuracy` due to having fewer than 10000 rows of validation data for calibration, to avoid overfitting (1450 rows).
	`accuracy` is generally not improved through threshold calibration. Force calibration via specifying `calibrate_decision_threshold=True`.
TabularPredictor saved. To load, use: predictor = TabularPredictor.load("/home/baderlab/mzarant/SignatureInference/models/default/Predictor_S9 (SBS9 - 0.94)")
Verbosity: 2 (Standard Logging)
=================== System Info ===================
AutoGluon Version:  1.2
Python Version:     3.10.15
Operating System:   Linux
Platform Machine:   x86_64
Platform Version:   #1 SMP PREEMPT_DYNAMIC Thu Apr 3 12:12:16 UTC 2025
CPU Count:          272
Memory Avail:       199.11 GB / 203.90 GB (97.7%)
Disk Space Avail:   1381.81 GB / 5120.00 GB (27.0%)
===================================================
Presets specified: ['medium_quality']
Beginning AutoGluon training ... Time limit = 300s
AutoGluon will save models to "/home/baderlab/mzarant/SignatureInference/models/default/Predictor_S10 (SBS10a - 1.00)"
Train Data Rows:    14495
Train Data Columns: 105
Label Column:       S10 (SBS10a - 1.00)
Problem Type:       binary
Preprocessing data ...
Selected class <--> label mapping:  class 1 = True, class 0 = False
Using Feature Generators to preprocess the data ...
Fitting AutoMLPipelineFeatureGenerator...
	Available Memory:                    203899.10 MB
	Train Data (Original)  Memory Usage: 10.74 MB (0.0% of available memory)
	Inferring data type of each feature based on column values. Set feature_metadata_in to manually specify special dtypes of the features.
	Stage 1 Generators:
		Fitting AsTypeFeatureGenerator...
			Note: Converting 9 features to boolean dtype as they only contain 2 unique values.
	Stage 2 Generators:
		Fitting FillNaFeatureGenerator...
	Stage 3 Generators:
		Fitting IdentityFeatureGenerator...
	Stage 4 Generators:
		Fitting DropUniqueFeatureGenerator...
	Stage 5 Generators:
		Fitting DropDuplicatesFeatureGenerator...
	Types of features in original data (raw dtype, special dtypes):
		('bool', []) :  9 | ['S1 (SBS1 - 0.99)', 'S2 (SBS2 - 0.99)', 'S3 (SBS3 - 0.97)', 'S4 (SBS4 - 0.98)', 'S5 (SBS5 - 0.98)', ...]
		('int', [])  : 96 | ['A[C>A]A', 'A[C>A]C', 'A[C>A]G', 'A[C>A]T', 'A[C>G]A', ...]
	Types of features in processed data (raw dtype, special dtypes):
		('int', [])       : 96 | ['A[C>A]A', 'A[C>A]C', 'A[C>A]G', 'A[C>A]T', 'A[C>G]A', ...]
		('int', ['bool']) :  9 | ['S1 (SBS1 - 0.99)', 'S2 (SBS2 - 0.99)', 'S3 (SBS3 - 0.97)', 'S4 (SBS4 - 0.98)', 'S5 (SBS5 - 0.98)', ...]
	1.5s = Fit runtime
	105 features in original data used to generate 105 features in processed data.
	Train Data (Processed) Memory Usage: 10.74 MB (0.0% of available memory)
Data preprocessing and feature engineering runtime = 1.62s ...
AutoGluon will gauge predictive performance using evaluation metric: 'accuracy'
	To change this, specify the eval_metric parameter of Predictor()
Automatically generating train/validation split with holdout_frac=0.1, Train Rows: 13045, Val Rows: 1450
User-specified model hyperparameters to be fit:
{
	'GBM': [{'extra_trees': True, 'ag_args': {'name_suffix': 'XT'}}],
}
Fitting 1 L1 models, fit_strategy="sequential" ...
Fitting model: LightGBMXT ... Training model for up to 298.37s of the 298.37s of remaining time.
	0.7566	 = Validation score   (accuracy)
	19.19s	 = Training   runtime
	0.1s	 = Validation runtime
Fitting model: WeightedEnsemble_L2 ... Training model for up to 297.81s of the 278.28s of remaining time.
	Ensemble Weights: {'LightGBMXT': 1.0}
	0.7566	 = Validation score   (accuracy)
	0.03s	 = Training   runtime
	0.01s	 = Validation runtime
AutoGluon training complete, total runtime = 22.12s ... Best model: WeightedEnsemble_L2 | Estimated inference throughput: 13317.9 rows/s (1450 batch size)
Disabling decision threshold calibration for metric `accuracy` due to having fewer than 10000 rows of validation data for calibration, to avoid overfitting (1450 rows).
	`accuracy` is generally not improved through threshold calibration. Force calibration via specifying `calibrate_decision_threshold=True`.
TabularPredictor saved. To load, use: predictor = TabularPredictor.load("/home/baderlab/mzarant/SignatureInference/models/default/Predictor_S20 (SBS22 - 0.99)")
Verbosity: 2 (Standard Logging)
=================== System Info ===================
AutoGluon Version:  1.2
Python Version:     3.10.15
Operating System:   Linux
Platform Machine:   x86_64
Platform Version:   #1 SMP PREEMPT_DYNAMIC Thu Apr 3 12:12:16 UTC 2025
CPU Count:          272
Memory Avail:       199.10 GB / 203.90 GB (97.6%)
Disk Space Avail:   1381.81 GB / 5120.00 GB (27.0%)
===================================================
Presets specified: ['medium_quality']
Beginning AutoGluon training ... Time limit = 300s
AutoGluon will save models to "/home/baderlab/mzarant/SignatureInference/models/default/Predictor_S21 (SBS23 - 0.94)"
Train Data Rows:    14495
Train Data Columns: 116
Label Column:       S21 (SBS23 - 0.94)
Problem Type:       binary
Preprocessing data ...
Selected class <--> label mapping:  class 1 = True, class 0 = False
Using Feature Generators to preprocess the data ...
Fitting AutoMLPipelineFeatureGenerator...
	Available Memory:                    203893.45 MB
	Train Data (Original)  Memory Usage: 10.89 MB (0.0% of available memory)
	Inferring data type of each feature based on column values. Set feature_metadata_in to manually specify special dtypes of the features.
	Stage 1 Generators:
		Fitting AsTypeFeatureGenerator...
			Note: Converting 20 features to boolean dtype as they only contain 2 unique values.
	Stage 2 Generators:
		Fitting FillNaFeatureGenerator...
	Stage 3 Generators:
		Fitting IdentityFeatureGenerator...
	Stage 4 Generators:
		Fitting DropUniqueFeatureGenerator...
	Stage 5 Generators:
		Fitting DropDuplicatesFeatureGenerator...
	Types of features in original data (raw dtype, special dtypes):
		('bool', []) : 20 | ['S1 (SBS1 - 0.99)', 'S2 (SBS2 - 0.99)', 'S3 (SBS3 - 0.97)', 'S4 (SBS4 - 0.98)', 'S5 (SBS5 - 0.98)', ...]
		('int', [])  : 96 | ['A[C>A]A', 'A[C>A]C', 'A[C>A]G', 'A[C>A]T', 'A[C>G]A', ...]
	Types of features in processed data (raw dtype, special dtypes):
		('int', [])       : 96 | ['A[C>A]A', 'A[C>A]C', 'A[C>A]G', 'A[C>A]T', 'A[C>G]A', ...]
		('int', ['bool']) : 20 | ['S1 (SBS1 - 0.99)', 'S2 (SBS2 - 0.99)', 'S3 (SBS3 - 0.97)', 'S4 (SBS4 - 0.98)', 'S5 (SBS5 - 0.98)', ...]
	2.1s = Fit runtime
	116 features in original data used to generate 116 features in processed data.
	Train Data (Processed) Memory Usage: 10.89 MB (0.0% of available memory)
Data preprocessing and feature engineering runtime = 2.27s ...
AutoGluon will gauge predictive performance using evaluation metric: 'accuracy'
	To change this, specify the eval_metric parameter of Predictor()
Automatically generating train/validation split with holdout_frac=0.1, Train Rows: 13045, Val Rows: 1450
User-specified model hyperparameters to be fit:
{
	'GBM': [{'extra_trees': True, 'ag_args': {'name_suffix': 'XT'}}],
}
Fitting 1 L1 models, fit_strategy="sequential" ...
Fitting model: LightGBMXT ... Training model for up to 297.73s of the 297.73s of remaining time.
	0.7938	 = Validation score   (accuracy)
	20.96s	 = Training   runtime
	0.11s	 = Validation runtime
Fitting model: WeightedEnsemble_L2 ... Training model for up to 298.37s of the 277.03s of remaining time.
	Ensemble Weights: {'LightGBMXT': 1.0}
	0.7938	 = Validation score   (accuracy)
	0.03s	 = Training   runtime
	0.01s	 = Validation runtime
AutoGluon training complete, total runtime = 23.37s ... Best model: WeightedEnsemble_L2 | Estimated inference throughput: 12352.4 rows/s (1450 batch size)
Disabling decision threshold calibration for metric `accuracy` due to having fewer than 10000 rows of validation data for calibration, to avoid overfitting (1450 rows).
	`accuracy` is generally not improved through threshold calibration. Force calibration via specifying `calibrate_decision_threshold=True`.
TabularPredictor saved. To load, use: predictor = TabularPredictor.load("/home/baderlab/mzarant/SignatureInference/models/default/Predictor_S10 (SBS10a - 1.00)")
Verbosity: 2 (Standard Logging)
=================== System Info ===================
AutoGluon Version:  1.2
Python Version:     3.10.15
Operating System:   Linux
Platform Machine:   x86_64
Platform Version:   #1 SMP PREEMPT_DYNAMIC Thu Apr 3 12:12:16 UTC 2025
CPU Count:          272
Memory Avail:       199.13 GB / 203.90 GB (97.7%)
Disk Space Avail:   1381.80 GB / 5120.00 GB (27.0%)
===================================================
Presets specified: ['medium_quality']
Beginning AutoGluon training ... Time limit = 300s
AutoGluon will save models to "/home/baderlab/mzarant/SignatureInference/models/default/Predictor_S11 (SBS10d - 0.98)"
Train Data Rows:    14495
Train Data Columns: 106
Label Column:       S11 (SBS10d - 0.98)
Problem Type:       binary
Preprocessing data ...
Selected class <--> label mapping:  class 1 = True, class 0 = False
Using Feature Generators to preprocess the data ...
Fitting AutoMLPipelineFeatureGenerator...
	Available Memory:                    203906.00 MB
	Train Data (Original)  Memory Usage: 10.75 MB (0.0% of available memory)
	Inferring data type of each feature based on column values. Set feature_metadata_in to manually specify special dtypes of the features.
	Stage 1 Generators:
		Fitting AsTypeFeatureGenerator...
			Note: Converting 10 features to boolean dtype as they only contain 2 unique values.
	Stage 2 Generators:
		Fitting FillNaFeatureGenerator...
	Stage 3 Generators:
		Fitting IdentityFeatureGenerator...
	Stage 4 Generators:
		Fitting DropUniqueFeatureGenerator...
	Stage 5 Generators:
		Fitting DropDuplicatesFeatureGenerator...
	Types of features in original data (raw dtype, special dtypes):
		('bool', []) : 10 | ['S1 (SBS1 - 0.99)', 'S2 (SBS2 - 0.99)', 'S3 (SBS3 - 0.97)', 'S4 (SBS4 - 0.98)', 'S5 (SBS5 - 0.98)', ...]
		('int', [])  : 96 | ['A[C>A]A', 'A[C>A]C', 'A[C>A]G', 'A[C>A]T', 'A[C>G]A', ...]
	Types of features in processed data (raw dtype, special dtypes):
		('int', [])       : 96 | ['A[C>A]A', 'A[C>A]C', 'A[C>A]G', 'A[C>A]T', 'A[C>G]A', ...]
		('int', ['bool']) : 10 | ['S1 (SBS1 - 0.99)', 'S2 (SBS2 - 0.99)', 'S3 (SBS3 - 0.97)', 'S4 (SBS4 - 0.98)', 'S5 (SBS5 - 0.98)', ...]
	1.5s = Fit runtime
	106 features in original data used to generate 106 features in processed data.
	Train Data (Processed) Memory Usage: 10.75 MB (0.0% of available memory)
Data preprocessing and feature engineering runtime = 1.62s ...
AutoGluon will gauge predictive performance using evaluation metric: 'accuracy'
	To change this, specify the eval_metric parameter of Predictor()
Automatically generating train/validation split with holdout_frac=0.1, Train Rows: 13045, Val Rows: 1450
User-specified model hyperparameters to be fit:
{
	'GBM': [{'extra_trees': True, 'ag_args': {'name_suffix': 'XT'}}],
}
Fitting 1 L1 models, fit_strategy="sequential" ...
Fitting model: LightGBMXT ... Training model for up to 298.37s of the 298.37s of remaining time.
	0.851	 = Validation score   (accuracy)
	16.25s	 = Training   runtime
	0.08s	 = Validation runtime
Fitting model: WeightedEnsemble_L2 ... Training model for up to 297.73s of the 281.23s of remaining time.
	Ensemble Weights: {'LightGBMXT': 1.0}
	0.851	 = Validation score   (accuracy)
	0.03s	 = Training   runtime
	0.01s	 = Validation runtime
AutoGluon training complete, total runtime = 19.17s ... Best model: WeightedEnsemble_L2 | Estimated inference throughput: 16434.6 rows/s (1450 batch size)
Disabling decision threshold calibration for metric `accuracy` due to having fewer than 10000 rows of validation data for calibration, to avoid overfitting (1450 rows).
	`accuracy` is generally not improved through threshold calibration. Force calibration via specifying `calibrate_decision_threshold=True`.
TabularPredictor saved. To load, use: predictor = TabularPredictor.load("/home/baderlab/mzarant/SignatureInference/models/default/Predictor_S21 (SBS23 - 0.94)")
Verbosity: 2 (Standard Logging)
=================== System Info ===================
AutoGluon Version:  1.2
Python Version:     3.10.15
Operating System:   Linux
Platform Machine:   x86_64
Platform Version:   #1 SMP PREEMPT_DYNAMIC Thu Apr 3 12:12:16 UTC 2025
CPU Count:          272
Memory Avail:       199.11 GB / 203.90 GB (97.7%)
Disk Space Avail:   1381.80 GB / 5120.00 GB (27.0%)
===================================================
Presets specified: ['medium_quality']
Beginning AutoGluon training ... Time limit = 300s
AutoGluon will save models to "/home/baderlab/mzarant/SignatureInference/models/default/Predictor_S22 (SBS26 - 0.94)"
Train Data Rows:    14495
Train Data Columns: 117
Label Column:       S22 (SBS26 - 0.94)
Problem Type:       binary
Preprocessing data ...
Selected class <--> label mapping:  class 1 = True, class 0 = False
Using Feature Generators to preprocess the data ...
Fitting AutoMLPipelineFeatureGenerator...
	Available Memory:                    203897.43 MB
	Train Data (Original)  Memory Usage: 10.91 MB (0.0% of available memory)
	Inferring data type of each feature based on column values. Set feature_metadata_in to manually specify special dtypes of the features.
	Stage 1 Generators:
		Fitting AsTypeFeatureGenerator...
			Note: Converting 21 features to boolean dtype as they only contain 2 unique values.
	Stage 2 Generators:
		Fitting FillNaFeatureGenerator...
	Stage 3 Generators:
		Fitting IdentityFeatureGenerator...
	Stage 4 Generators:
		Fitting DropUniqueFeatureGenerator...
	Stage 5 Generators:
		Fitting DropDuplicatesFeatureGenerator...
	Types of features in original data (raw dtype, special dtypes):
		('bool', []) : 21 | ['S1 (SBS1 - 0.99)', 'S2 (SBS2 - 0.99)', 'S3 (SBS3 - 0.97)', 'S4 (SBS4 - 0.98)', 'S5 (SBS5 - 0.98)', ...]
		('int', [])  : 96 | ['A[C>A]A', 'A[C>A]C', 'A[C>A]G', 'A[C>A]T', 'A[C>G]A', ...]
	Types of features in processed data (raw dtype, special dtypes):
		('int', [])       : 96 | ['A[C>A]A', 'A[C>A]C', 'A[C>A]G', 'A[C>A]T', 'A[C>G]A', ...]
		('int', ['bool']) : 21 | ['S1 (SBS1 - 0.99)', 'S2 (SBS2 - 0.99)', 'S3 (SBS3 - 0.97)', 'S4 (SBS4 - 0.98)', 'S5 (SBS5 - 0.98)', ...]
	2.6s = Fit runtime
	117 features in original data used to generate 117 features in processed data.
	Train Data (Processed) Memory Usage: 10.91 MB (0.0% of available memory)
Data preprocessing and feature engineering runtime = 2.74s ...
AutoGluon will gauge predictive performance using evaluation metric: 'accuracy'
	To change this, specify the eval_metric parameter of Predictor()
Automatically generating train/validation split with holdout_frac=0.1, Train Rows: 13045, Val Rows: 1450
User-specified model hyperparameters to be fit:
{
	'GBM': [{'extra_trees': True, 'ag_args': {'name_suffix': 'XT'}}],
}
Fitting 1 L1 models, fit_strategy="sequential" ...
Fitting model: LightGBMXT ... Training model for up to 297.26s of the 297.26s of remaining time.
	0.8669	 = Validation score   (accuracy)
	11.92s	 = Training   runtime
	0.07s	 = Validation runtime
Fitting model: WeightedEnsemble_L2 ... Training model for up to 297.26s of the 285.07s of remaining time.
	Ensemble Weights: {'LightGBMXT': 1.0}
	0.8669	 = Validation score   (accuracy)
	0.05s	 = Training   runtime
	0.01s	 = Validation runtime
AutoGluon training complete, total runtime = 15.4s ... Best model: WeightedEnsemble_L2 | Estimated inference throughput: 17204.8 rows/s (1450 batch size)
Disabling decision threshold calibration for metric `accuracy` due to having fewer than 10000 rows of validation data for calibration, to avoid overfitting (1450 rows).
	`accuracy` is generally not improved through threshold calibration. Force calibration via specifying `calibrate_decision_threshold=True`.
TabularPredictor saved. To load, use: predictor = TabularPredictor.load("/home/baderlab/mzarant/SignatureInference/models/default/Predictor_S22 (SBS26 - 0.94)")
Verbosity: 2 (Standard Logging)
=================== System Info ===================
AutoGluon Version:  1.2
Python Version:     3.10.15
Operating System:   Linux
Platform Machine:   x86_64
Platform Version:   #1 SMP PREEMPT_DYNAMIC Thu Apr 3 12:12:16 UTC 2025
CPU Count:          272
Memory Avail:       199.14 GB / 203.90 GB (97.7%)
Disk Space Avail:   1381.79 GB / 5120.00 GB (27.0%)
===================================================
Presets specified: ['medium_quality']
Beginning AutoGluon training ... Time limit = 300s
AutoGluon will save models to "/home/baderlab/mzarant/SignatureInference/models/default/Predictor_S23 (SBS28 - 0.96)"
Train Data Rows:    14495
Train Data Columns: 118
Label Column:       S23 (SBS28 - 0.96)
Problem Type:       binary
Preprocessing data ...
Selected class <--> label mapping:  class 1 = True, class 0 = False
Using Feature Generators to preprocess the data ...
Fitting AutoMLPipelineFeatureGenerator...
	Available Memory:                    203925.79 MB
	Train Data (Original)  Memory Usage: 10.92 MB (0.0% of available memory)
	Inferring data type of each feature based on column values. Set feature_metadata_in to manually specify special dtypes of the features.
	Stage 1 Generators:
		Fitting AsTypeFeatureGenerator...
			Note: Converting 22 features to boolean dtype as they only contain 2 unique values.
	Stage 2 Generators:
		Fitting FillNaFeatureGenerator...
	Stage 3 Generators:
		Fitting IdentityFeatureGenerator...
	Stage 4 Generators:
		Fitting DropUniqueFeatureGenerator...
	Stage 5 Generators:
		Fitting DropDuplicatesFeatureGenerator...
	Types of features in original data (raw dtype, special dtypes):
		('bool', []) : 22 | ['S1 (SBS1 - 0.99)', 'S2 (SBS2 - 0.99)', 'S3 (SBS3 - 0.97)', 'S4 (SBS4 - 0.98)', 'S5 (SBS5 - 0.98)', ...]
		('int', [])  : 96 | ['A[C>A]A', 'A[C>A]C', 'A[C>A]G', 'A[C>A]T', 'A[C>G]A', ...]
	Types of features in processed data (raw dtype, special dtypes):
		('int', [])       : 96 | ['A[C>A]A', 'A[C>A]C', 'A[C>A]G', 'A[C>A]T', 'A[C>G]A', ...]
		('int', ['bool']) : 22 | ['S1 (SBS1 - 0.99)', 'S2 (SBS2 - 0.99)', 'S3 (SBS3 - 0.97)', 'S4 (SBS4 - 0.98)', 'S5 (SBS5 - 0.98)', ...]
	4.0s = Fit runtime
	118 features in original data used to generate 118 features in processed data.
	Train Data (Processed) Memory Usage: 10.92 MB (0.0% of available memory)
Data preprocessing and feature engineering runtime = 4.11s ...
AutoGluon will gauge predictive performance using evaluation metric: 'accuracy'
	To change this, specify the eval_metric parameter of Predictor()
Automatically generating train/validation split with holdout_frac=0.1, Train Rows: 13045, Val Rows: 1450
User-specified model hyperparameters to be fit:
{
	'GBM': [{'extra_trees': True, 'ag_args': {'name_suffix': 'XT'}}],
}
Fitting 1 L1 models, fit_strategy="sequential" ...
Fitting model: LightGBMXT ... Training model for up to 295.89s of the 295.89s of remaining time.
	0.7579	 = Validation score   (accuracy)
	27.13s	 = Training   runtime
	0.11s	 = Validation runtime
Fitting model: WeightedEnsemble_L2 ... Training model for up to 298.37s of the 270.93s of remaining time.
	Ensemble Weights: {'LightGBMXT': 1.0}
	0.7579	 = Validation score   (accuracy)
	0.03s	 = Training   runtime
	0.01s	 = Validation runtime
AutoGluon training complete, total runtime = 29.49s ... Best model: WeightedEnsemble_L2 | Estimated inference throughput: 11891.1 rows/s (1450 batch size)
Disabling decision threshold calibration for metric `accuracy` due to having fewer than 10000 rows of validation data for calibration, to avoid overfitting (1450 rows).
	`accuracy` is generally not improved through threshold calibration. Force calibration via specifying `calibrate_decision_threshold=True`.
TabularPredictor saved. To load, use: predictor = TabularPredictor.load("/home/baderlab/mzarant/SignatureInference/models/default/Predictor_S11 (SBS10d - 0.98)")
Verbosity: 2 (Standard Logging)
=================== System Info ===================
AutoGluon Version:  1.2
Python Version:     3.10.15
Operating System:   Linux
Platform Machine:   x86_64
Platform Version:   #1 SMP PREEMPT_DYNAMIC Thu Apr 3 12:12:16 UTC 2025
CPU Count:          272
Memory Avail:       199.07 GB / 203.90 GB (97.6%)
Disk Space Avail:   1381.77 GB / 5120.00 GB (27.0%)
===================================================
Presets specified: ['medium_quality']
Beginning AutoGluon training ... Time limit = 300s
AutoGluon will save models to "/home/baderlab/mzarant/SignatureInference/models/default/Predictor_S12 (SBS11 - 0.99)"
Train Data Rows:    14495
Train Data Columns: 107
Label Column:       S12 (SBS11 - 0.99)
Problem Type:       binary
Preprocessing data ...
Selected class <--> label mapping:  class 1 = True, class 0 = False
Using Feature Generators to preprocess the data ...
Fitting AutoMLPipelineFeatureGenerator...
	Available Memory:                    203855.50 MB
	Train Data (Original)  Memory Usage: 10.77 MB (0.0% of available memory)
	Inferring data type of each feature based on column values. Set feature_metadata_in to manually specify special dtypes of the features.
	Stage 1 Generators:
		Fitting AsTypeFeatureGenerator...
			Note: Converting 11 features to boolean dtype as they only contain 2 unique values.
	Stage 2 Generators:
		Fitting FillNaFeatureGenerator...
	Stage 3 Generators:
		Fitting IdentityFeatureGenerator...
	Stage 4 Generators:
		Fitting DropUniqueFeatureGenerator...
	Stage 5 Generators:
		Fitting DropDuplicatesFeatureGenerator...
	Types of features in original data (raw dtype, special dtypes):
		('bool', []) : 11 | ['S1 (SBS1 - 0.99)', 'S2 (SBS2 - 0.99)', 'S3 (SBS3 - 0.97)', 'S4 (SBS4 - 0.98)', 'S5 (SBS5 - 0.98)', ...]
		('int', [])  : 96 | ['A[C>A]A', 'A[C>A]C', 'A[C>A]G', 'A[C>A]T', 'A[C>G]A', ...]
	Types of features in processed data (raw dtype, special dtypes):
		('int', [])       : 96 | ['A[C>A]A', 'A[C>A]C', 'A[C>A]G', 'A[C>A]T', 'A[C>G]A', ...]
		('int', ['bool']) : 11 | ['S1 (SBS1 - 0.99)', 'S2 (SBS2 - 0.99)', 'S3 (SBS3 - 0.97)', 'S4 (SBS4 - 0.98)', 'S5 (SBS5 - 0.98)', ...]
	1.5s = Fit runtime
	107 features in original data used to generate 107 features in processed data.
	Train Data (Processed) Memory Usage: 10.77 MB (0.0% of available memory)
Data preprocessing and feature engineering runtime = 1.64s ...
AutoGluon will gauge predictive performance using evaluation metric: 'accuracy'
	To change this, specify the eval_metric parameter of Predictor()
Automatically generating train/validation split with holdout_frac=0.1, Train Rows: 13045, Val Rows: 1450
User-specified model hyperparameters to be fit:
{
	'GBM': [{'extra_trees': True, 'ag_args': {'name_suffix': 'XT'}}],
}
Fitting 1 L1 models, fit_strategy="sequential" ...
Fitting model: LightGBMXT ... Training model for up to 298.36s of the 298.35s of remaining time.
	0.8545	 = Validation score   (accuracy)
	15.51s	 = Training   runtime
	0.05s	 = Validation runtime
Fitting model: WeightedEnsemble_L2 ... Training model for up to 295.89s of the 280.20s of remaining time.
	Ensemble Weights: {'LightGBMXT': 1.0}
	0.8545	 = Validation score   (accuracy)
	0.03s	 = Training   runtime
	0.01s	 = Validation runtime
AutoGluon training complete, total runtime = 20.21s ... Best model: WeightedEnsemble_L2 | Estimated inference throughput: 25038.4 rows/s (1450 batch size)
Disabling decision threshold calibration for metric `accuracy` due to having fewer than 10000 rows of validation data for calibration, to avoid overfitting (1450 rows).
	`accuracy` is generally not improved through threshold calibration. Force calibration via specifying `calibrate_decision_threshold=True`.
TabularPredictor saved. To load, use: predictor = TabularPredictor.load("/home/baderlab/mzarant/SignatureInference/models/default/Predictor_S23 (SBS28 - 0.96)")
Verbosity: 2 (Standard Logging)
=================== System Info ===================
AutoGluon Version:  1.2
Python Version:     3.10.15
Operating System:   Linux
Platform Machine:   x86_64
Platform Version:   #1 SMP PREEMPT_DYNAMIC Thu Apr 3 12:12:16 UTC 2025
CPU Count:          272
Memory Avail:       199.13 GB / 203.90 GB (97.7%)
Disk Space Avail:   1381.77 GB / 5120.00 GB (27.0%)
===================================================
Presets specified: ['medium_quality']
Beginning AutoGluon training ... Time limit = 300s
AutoGluon will save models to "/home/baderlab/mzarant/SignatureInference/models/default/Predictor_S24 (SBS31 - 0.98)"
Train Data Rows:    14495
Train Data Columns: 119
Label Column:       S24 (SBS31 - 0.98)
Problem Type:       binary
Preprocessing data ...
Selected class <--> label mapping:  class 1 = True, class 0 = False
Using Feature Generators to preprocess the data ...
Fitting AutoMLPipelineFeatureGenerator...
	Available Memory:                    203920.48 MB
	Train Data (Original)  Memory Usage: 10.93 MB (0.0% of available memory)
	Inferring data type of each feature based on column values. Set feature_metadata_in to manually specify special dtypes of the features.
	Stage 1 Generators:
		Fitting AsTypeFeatureGenerator...
			Note: Converting 23 features to boolean dtype as they only contain 2 unique values.
	Stage 2 Generators:
		Fitting FillNaFeatureGenerator...
	Stage 3 Generators:
		Fitting IdentityFeatureGenerator...
	Stage 4 Generators:
		Fitting DropUniqueFeatureGenerator...
	Stage 5 Generators:
		Fitting DropDuplicatesFeatureGenerator...
	Types of features in original data (raw dtype, special dtypes):
		('bool', []) : 23 | ['S1 (SBS1 - 0.99)', 'S2 (SBS2 - 0.99)', 'S3 (SBS3 - 0.97)', 'S4 (SBS4 - 0.98)', 'S5 (SBS5 - 0.98)', ...]
		('int', [])  : 96 | ['A[C>A]A', 'A[C>A]C', 'A[C>A]G', 'A[C>A]T', 'A[C>G]A', ...]
	Types of features in processed data (raw dtype, special dtypes):
		('int', [])       : 96 | ['A[C>A]A', 'A[C>A]C', 'A[C>A]G', 'A[C>A]T', 'A[C>G]A', ...]
		('int', ['bool']) : 23 | ['S1 (SBS1 - 0.99)', 'S2 (SBS2 - 0.99)', 'S3 (SBS3 - 0.97)', 'S4 (SBS4 - 0.98)', 'S5 (SBS5 - 0.98)', ...]
	3.2s = Fit runtime
	119 features in original data used to generate 119 features in processed data.
	Train Data (Processed) Memory Usage: 10.93 MB (0.0% of available memory)
Data preprocessing and feature engineering runtime = 3.3s ...
AutoGluon will gauge predictive performance using evaluation metric: 'accuracy'
	To change this, specify the eval_metric parameter of Predictor()
Automatically generating train/validation split with holdout_frac=0.1, Train Rows: 13045, Val Rows: 1450
User-specified model hyperparameters to be fit:
{
	'GBM': [{'extra_trees': True, 'ag_args': {'name_suffix': 'XT'}}],
}
Fitting 1 L1 models, fit_strategy="sequential" ...
Fitting model: LightGBMXT ... Training model for up to 296.70s of the 296.70s of remaining time.
	0.9172	 = Validation score   (accuracy)
	7.02s	 = Training   runtime
	0.03s	 = Validation runtime
Fitting model: WeightedEnsemble_L2 ... Training model for up to 296.70s of the 289.58s of remaining time.
	Ensemble Weights: {'LightGBMXT': 1.0}
	0.9172	 = Validation score   (accuracy)
	0.02s	 = Training   runtime
	0.01s	 = Validation runtime
AutoGluon training complete, total runtime = 10.82s ... Best model: WeightedEnsemble_L2 | Estimated inference throughput: 38822.8 rows/s (1450 batch size)
Disabling decision threshold calibration for metric `accuracy` due to having fewer than 10000 rows of validation data for calibration, to avoid overfitting (1450 rows).
	`accuracy` is generally not improved through threshold calibration. Force calibration via specifying `calibrate_decision_threshold=True`.
TabularPredictor saved. To load, use: predictor = TabularPredictor.load("/home/baderlab/mzarant/SignatureInference/models/default/Predictor_S24 (SBS31 - 0.98)")
Verbosity: 2 (Standard Logging)
=================== System Info ===================
AutoGluon Version:  1.2
Python Version:     3.10.15
Operating System:   Linux
Platform Machine:   x86_64
Platform Version:   #1 SMP PREEMPT_DYNAMIC Thu Apr 3 12:12:16 UTC 2025
CPU Count:          272
Memory Avail:       199.08 GB / 203.90 GB (97.6%)
Disk Space Avail:   1381.76 GB / 5120.00 GB (27.0%)
===================================================
Presets specified: ['medium_quality']
Beginning AutoGluon training ... Time limit = 300s
AutoGluon will save models to "/home/baderlab/mzarant/SignatureInference/models/default/Predictor_S25 (SBS32 - 0.94)"
Train Data Rows:    14495
Train Data Columns: 120
Label Column:       S25 (SBS32 - 0.94)
Problem Type:       binary
Preprocessing data ...
Selected class <--> label mapping:  class 1 = True, class 0 = False
Using Feature Generators to preprocess the data ...
Fitting AutoMLPipelineFeatureGenerator...
	Available Memory:                    203861.81 MB
	Train Data (Original)  Memory Usage: 10.95 MB (0.0% of available memory)
	Inferring data type of each feature based on column values. Set feature_metadata_in to manually specify special dtypes of the features.
	Stage 1 Generators:
		Fitting AsTypeFeatureGenerator...
			Note: Converting 24 features to boolean dtype as they only contain 2 unique values.
	Stage 2 Generators:
		Fitting FillNaFeatureGenerator...
	Stage 3 Generators:
		Fitting IdentityFeatureGenerator...
	Stage 4 Generators:
		Fitting DropUniqueFeatureGenerator...
	Stage 5 Generators:
		Fitting DropDuplicatesFeatureGenerator...
	Types of features in original data (raw dtype, special dtypes):
		('bool', []) : 24 | ['S1 (SBS1 - 0.99)', 'S2 (SBS2 - 0.99)', 'S3 (SBS3 - 0.97)', 'S4 (SBS4 - 0.98)', 'S5 (SBS5 - 0.98)', ...]
		('int', [])  : 96 | ['A[C>A]A', 'A[C>A]C', 'A[C>A]G', 'A[C>A]T', 'A[C>G]A', ...]
	Types of features in processed data (raw dtype, special dtypes):
		('int', [])       : 96 | ['A[C>A]A', 'A[C>A]C', 'A[C>A]G', 'A[C>A]T', 'A[C>G]A', ...]
		('int', ['bool']) : 24 | ['S1 (SBS1 - 0.99)', 'S2 (SBS2 - 0.99)', 'S3 (SBS3 - 0.97)', 'S4 (SBS4 - 0.98)', 'S5 (SBS5 - 0.98)', ...]
	2.4s = Fit runtime
	120 features in original data used to generate 120 features in processed data.
	Train Data (Processed) Memory Usage: 10.95 MB (0.0% of available memory)
Data preprocessing and feature engineering runtime = 2.52s ...
AutoGluon will gauge predictive performance using evaluation metric: 'accuracy'
	To change this, specify the eval_metric parameter of Predictor()
Automatically generating train/validation split with holdout_frac=0.1, Train Rows: 13045, Val Rows: 1450
User-specified model hyperparameters to be fit:
{
	'GBM': [{'extra_trees': True, 'ag_args': {'name_suffix': 'XT'}}],
}
Fitting 1 L1 models, fit_strategy="sequential" ...
Fitting model: LightGBMXT ... Training model for up to 297.48s of the 297.48s of remaining time.
	0.8076	 = Validation score   (accuracy)
	25.25s	 = Training   runtime
	0.08s	 = Validation runtime
Fitting model: WeightedEnsemble_L2 ... Training model for up to 298.36s of the 272.86s of remaining time.
	Ensemble Weights: {'LightGBMXT': 1.0}
	0.8076	 = Validation score   (accuracy)
	0.03s	 = Training   runtime
	0.01s	 = Validation runtime
AutoGluon training complete, total runtime = 27.55s ... Best model: WeightedEnsemble_L2 | Estimated inference throughput: 16251.9 rows/s (1450 batch size)
Disabling decision threshold calibration for metric `accuracy` due to having fewer than 10000 rows of validation data for calibration, to avoid overfitting (1450 rows).
	`accuracy` is generally not improved through threshold calibration. Force calibration via specifying `calibrate_decision_threshold=True`.
TabularPredictor saved. To load, use: predictor = TabularPredictor.load("/home/baderlab/mzarant/SignatureInference/models/default/Predictor_S12 (SBS11 - 0.99)")
Verbosity: 2 (Standard Logging)
=================== System Info ===================
AutoGluon Version:  1.2
Python Version:     3.10.15
Operating System:   Linux
Platform Machine:   x86_64
Platform Version:   #1 SMP PREEMPT_DYNAMIC Thu Apr 3 12:12:16 UTC 2025
CPU Count:          272
Memory Avail:       199.02 GB / 203.90 GB (97.6%)
Disk Space Avail:   1381.75 GB / 5120.00 GB (27.0%)
===================================================
Presets specified: ['medium_quality']
Beginning AutoGluon training ... Time limit = 300s
AutoGluon will save models to "/home/baderlab/mzarant/SignatureInference/models/default/Predictor_S13 (SBS13 - 0.99)"
Train Data Rows:    14495
Train Data Columns: 108
Label Column:       S13 (SBS13 - 0.99)
Problem Type:       binary
Preprocessing data ...
Selected class <--> label mapping:  class 1 = True, class 0 = False
Using Feature Generators to preprocess the data ...
Fitting AutoMLPipelineFeatureGenerator...
	Available Memory:                    203804.74 MB
	Train Data (Original)  Memory Usage: 10.78 MB (0.0% of available memory)
	Inferring data type of each feature based on column values. Set feature_metadata_in to manually specify special dtypes of the features.
	Stage 1 Generators:
		Fitting AsTypeFeatureGenerator...
			Note: Converting 12 features to boolean dtype as they only contain 2 unique values.
	Stage 2 Generators:
		Fitting FillNaFeatureGenerator...
	Stage 3 Generators:
		Fitting IdentityFeatureGenerator...
	Stage 4 Generators:
		Fitting DropUniqueFeatureGenerator...
	Stage 5 Generators:
		Fitting DropDuplicatesFeatureGenerator...
	Types of features in original data (raw dtype, special dtypes):
		('bool', []) : 12 | ['S1 (SBS1 - 0.99)', 'S2 (SBS2 - 0.99)', 'S3 (SBS3 - 0.97)', 'S4 (SBS4 - 0.98)', 'S5 (SBS5 - 0.98)', ...]
		('int', [])  : 96 | ['A[C>A]A', 'A[C>A]C', 'A[C>A]G', 'A[C>A]T', 'A[C>G]A', ...]
	Types of features in processed data (raw dtype, special dtypes):
		('int', [])       : 96 | ['A[C>A]A', 'A[C>A]C', 'A[C>A]G', 'A[C>A]T', 'A[C>G]A', ...]
		('int', ['bool']) : 12 | ['S1 (SBS1 - 0.99)', 'S2 (SBS2 - 0.99)', 'S3 (SBS3 - 0.97)', 'S4 (SBS4 - 0.98)', 'S5 (SBS5 - 0.98)', ...]
	1.6s = Fit runtime
	108 features in original data used to generate 108 features in processed data.
	Train Data (Processed) Memory Usage: 10.78 MB (0.0% of available memory)
Data preprocessing and feature engineering runtime = 1.75s ...
AutoGluon will gauge predictive performance using evaluation metric: 'accuracy'
	To change this, specify the eval_metric parameter of Predictor()
Automatically generating train/validation split with holdout_frac=0.1, Train Rows: 13045, Val Rows: 1450
User-specified model hyperparameters to be fit:
{
	'GBM': [{'extra_trees': True, 'ag_args': {'name_suffix': 'XT'}}],
}
Fitting 1 L1 models, fit_strategy="sequential" ...
Fitting model: LightGBMXT ... Training model for up to 298.25s of the 298.25s of remaining time.
	0.8572	 = Validation score   (accuracy)
	9.63s	 = Training   runtime
	0.03s	 = Validation runtime
Fitting model: WeightedEnsemble_L2 ... Training model for up to 298.25s of the 288.52s of remaining time.
	Ensemble Weights: {'LightGBMXT': 1.0}
	0.8572	 = Validation score   (accuracy)
	0.03s	 = Training   runtime
	0.01s	 = Validation runtime
AutoGluon training complete, total runtime = 11.85s ... Best model: WeightedEnsemble_L2 | Estimated inference throughput: 41666.6 rows/s (1450 batch size)
Disabling decision threshold calibration for metric `accuracy` due to having fewer than 10000 rows of validation data for calibration, to avoid overfitting (1450 rows).
	`accuracy` is generally not improved through threshold calibration. Force calibration via specifying `calibrate_decision_threshold=True`.
TabularPredictor saved. To load, use: predictor = TabularPredictor.load("/home/baderlab/mzarant/SignatureInference/models/default/Predictor_S13 (SBS13 - 0.99)")
Verbosity: 2 (Standard Logging)
=================== System Info ===================
AutoGluon Version:  1.2
Python Version:     3.10.15
Operating System:   Linux
Platform Machine:   x86_64
Platform Version:   #1 SMP PREEMPT_DYNAMIC Thu Apr 3 12:12:16 UTC 2025
CPU Count:          272
Memory Avail:       199.12 GB / 203.90 GB (97.7%)
Disk Space Avail:   1381.75 GB / 5120.00 GB (27.0%)
===================================================
Presets specified: ['medium_quality']
Beginning AutoGluon training ... Time limit = 300s
AutoGluon will save models to "/home/baderlab/mzarant/SignatureInference/models/default/Predictor_S14 (SBS14 - 0.98)"
Train Data Rows:    14495
Train Data Columns: 109
Label Column:       S14 (SBS14 - 0.98)
Problem Type:       binary
Preprocessing data ...
Selected class <--> label mapping:  class 1 = True, class 0 = False
Using Feature Generators to preprocess the data ...
Fitting AutoMLPipelineFeatureGenerator...
	Available Memory:                    203911.68 MB
	Train Data (Original)  Memory Usage: 10.80 MB (0.0% of available memory)
	Inferring data type of each feature based on column values. Set feature_metadata_in to manually specify special dtypes of the features.
	Stage 1 Generators:
		Fitting AsTypeFeatureGenerator...
			Note: Converting 13 features to boolean dtype as they only contain 2 unique values.
	Stage 2 Generators:
		Fitting FillNaFeatureGenerator...
	Stage 3 Generators:
		Fitting IdentityFeatureGenerator...
	Stage 4 Generators:
		Fitting DropUniqueFeatureGenerator...
	Stage 5 Generators:
		Fitting DropDuplicatesFeatureGenerator...
	Types of features in original data (raw dtype, special dtypes):
		('bool', []) : 13 | ['S1 (SBS1 - 0.99)', 'S2 (SBS2 - 0.99)', 'S3 (SBS3 - 0.97)', 'S4 (SBS4 - 0.98)', 'S5 (SBS5 - 0.98)', ...]
		('int', [])  : 96 | ['A[C>A]A', 'A[C>A]C', 'A[C>A]G', 'A[C>A]T', 'A[C>G]A', ...]
	Types of features in processed data (raw dtype, special dtypes):
		('int', [])       : 96 | ['A[C>A]A', 'A[C>A]C', 'A[C>A]G', 'A[C>A]T', 'A[C>G]A', ...]
		('int', ['bool']) : 13 | ['S1 (SBS1 - 0.99)', 'S2 (SBS2 - 0.99)', 'S3 (SBS3 - 0.97)', 'S4 (SBS4 - 0.98)', 'S5 (SBS5 - 0.98)', ...]
	1.6s = Fit runtime
	109 features in original data used to generate 109 features in processed data.
	Train Data (Processed) Memory Usage: 10.80 MB (0.0% of available memory)
Data preprocessing and feature engineering runtime = 1.68s ...
AutoGluon will gauge predictive performance using evaluation metric: 'accuracy'
	To change this, specify the eval_metric parameter of Predictor()
Automatically generating train/validation split with holdout_frac=0.1, Train Rows: 13045, Val Rows: 1450
User-specified model hyperparameters to be fit:
{
	'GBM': [{'extra_trees': True, 'ag_args': {'name_suffix': 'XT'}}],
}
Fitting 1 L1 models, fit_strategy="sequential" ...
Fitting model: LightGBMXT ... Training model for up to 298.32s of the 298.32s of remaining time.
	0.7628	 = Validation score   (accuracy)
	23.34s	 = Training   runtime
	0.11s	 = Validation runtime
Fitting model: WeightedEnsemble_L2 ... Training model for up to 297.48s of the 273.75s of remaining time.
	Ensemble Weights: {'LightGBMXT': 1.0}
	0.7628	 = Validation score   (accuracy)
	0.03s	 = Training   runtime
	0.01s	 = Validation runtime
AutoGluon training complete, total runtime = 26.64s ... Best model: WeightedEnsemble_L2 | Estimated inference throughput: 12117.1 rows/s (1450 batch size)
Disabling decision threshold calibration for metric `accuracy` due to having fewer than 10000 rows of validation data for calibration, to avoid overfitting (1450 rows).
	`accuracy` is generally not improved through threshold calibration. Force calibration via specifying `calibrate_decision_threshold=True`.
TabularPredictor saved. To load, use: predictor = TabularPredictor.load("/home/baderlab/mzarant/SignatureInference/models/default/Predictor_S25 (SBS32 - 0.94)")
Verbosity: 2 (Standard Logging)
=================== System Info ===================
AutoGluon Version:  1.2
Python Version:     3.10.15
Operating System:   Linux
Platform Machine:   x86_64
Platform Version:   #1 SMP PREEMPT_DYNAMIC Thu Apr 3 12:12:16 UTC 2025
CPU Count:          272
Memory Avail:       199.13 GB / 203.90 GB (97.7%)
Disk Space Avail:   1381.75 GB / 5120.00 GB (27.0%)
===================================================
Presets specified: ['medium_quality']
Beginning AutoGluon training ... Time limit = 300s
AutoGluon will save models to "/home/baderlab/mzarant/SignatureInference/models/default/Predictor_S26 (SBS44 - 0.97)"
Train Data Rows:    14495
Train Data Columns: 121
Label Column:       S26 (SBS44 - 0.97)
Problem Type:       binary
Preprocessing data ...
Selected class <--> label mapping:  class 1 = True, class 0 = False
Using Feature Generators to preprocess the data ...
Fitting AutoMLPipelineFeatureGenerator...
	Available Memory:                    203909.44 MB
	Train Data (Original)  Memory Usage: 10.96 MB (0.0% of available memory)
	Inferring data type of each feature based on column values. Set feature_metadata_in to manually specify special dtypes of the features.
	Stage 1 Generators:
		Fitting AsTypeFeatureGenerator...
			Note: Converting 25 features to boolean dtype as they only contain 2 unique values.
	Stage 2 Generators:
		Fitting FillNaFeatureGenerator...
	Stage 3 Generators:
		Fitting IdentityFeatureGenerator...
	Stage 4 Generators:
		Fitting DropUniqueFeatureGenerator...
	Stage 5 Generators:
		Fitting DropDuplicatesFeatureGenerator...
	Types of features in original data (raw dtype, special dtypes):
		('bool', []) : 25 | ['S1 (SBS1 - 0.99)', 'S2 (SBS2 - 0.99)', 'S3 (SBS3 - 0.97)', 'S4 (SBS4 - 0.98)', 'S5 (SBS5 - 0.98)', ...]
		('int', [])  : 96 | ['A[C>A]A', 'A[C>A]C', 'A[C>A]G', 'A[C>A]T', 'A[C>G]A', ...]
	Types of features in processed data (raw dtype, special dtypes):
		('int', [])       : 96 | ['A[C>A]A', 'A[C>A]C', 'A[C>A]G', 'A[C>A]T', 'A[C>G]A', ...]
		('int', ['bool']) : 25 | ['S1 (SBS1 - 0.99)', 'S2 (SBS2 - 0.99)', 'S3 (SBS3 - 0.97)', 'S4 (SBS4 - 0.98)', 'S5 (SBS5 - 0.98)', ...]
	3.3s = Fit runtime
	121 features in original data used to generate 121 features in processed data.
	Train Data (Processed) Memory Usage: 10.96 MB (0.0% of available memory)
Data preprocessing and feature engineering runtime = 3.41s ...
AutoGluon will gauge predictive performance using evaluation metric: 'accuracy'
	To change this, specify the eval_metric parameter of Predictor()
Automatically generating train/validation split with holdout_frac=0.1, Train Rows: 13045, Val Rows: 1450
User-specified model hyperparameters to be fit:
{
	'GBM': [{'extra_trees': True, 'ag_args': {'name_suffix': 'XT'}}],
}
Fitting 1 L1 models, fit_strategy="sequential" ...
Fitting model: LightGBMXT ... Training model for up to 296.59s of the 296.58s of remaining time.
	0.7841	 = Validation score   (accuracy)
	16.66s	 = Training   runtime
	0.04s	 = Validation runtime
Fitting model: WeightedEnsemble_L2 ... Training model for up to 298.32s of the 281.54s of remaining time.
	Ensemble Weights: {'LightGBMXT': 1.0}
	0.7841	 = Validation score   (accuracy)
	0.02s	 = Training   runtime
	0.01s	 = Validation runtime
AutoGluon training complete, total runtime = 18.84s ... Best model: WeightedEnsemble_L2 | Estimated inference throughput: 30507.4 rows/s (1450 batch size)
Disabling decision threshold calibration for metric `accuracy` due to having fewer than 10000 rows of validation data for calibration, to avoid overfitting (1450 rows).
	`accuracy` is generally not improved through threshold calibration. Force calibration via specifying `calibrate_decision_threshold=True`.
TabularPredictor saved. To load, use: predictor = TabularPredictor.load("/home/baderlab/mzarant/SignatureInference/models/default/Predictor_S14 (SBS14 - 0.98)")
Verbosity: 2 (Standard Logging)
=================== System Info ===================
AutoGluon Version:  1.2
Python Version:     3.10.15
Operating System:   Linux
Platform Machine:   x86_64
Platform Version:   #1 SMP PREEMPT_DYNAMIC Thu Apr 3 12:12:16 UTC 2025
CPU Count:          272
Memory Avail:       199.06 GB / 203.90 GB (97.6%)
Disk Space Avail:   1381.73 GB / 5120.00 GB (27.0%)
===================================================
Presets specified: ['medium_quality']
Beginning AutoGluon training ... Time limit = 300s
AutoGluon will save models to "/home/baderlab/mzarant/SignatureInference/models/default/Predictor_S15 (SBS15 - 0.97)"
Train Data Rows:    14495
Train Data Columns: 110
Label Column:       S15 (SBS15 - 0.97)
Problem Type:       binary
Preprocessing data ...
Selected class <--> label mapping:  class 1 = True, class 0 = False
Using Feature Generators to preprocess the data ...
Fitting AutoMLPipelineFeatureGenerator...
	Available Memory:                    203849.15 MB
	Train Data (Original)  Memory Usage: 10.81 MB (0.0% of available memory)
	Inferring data type of each feature based on column values. Set feature_metadata_in to manually specify special dtypes of the features.
	Stage 1 Generators:
		Fitting AsTypeFeatureGenerator...
			Note: Converting 14 features to boolean dtype as they only contain 2 unique values.
	Stage 2 Generators:
		Fitting FillNaFeatureGenerator...
	Stage 3 Generators:
		Fitting IdentityFeatureGenerator...
	Stage 4 Generators:
		Fitting DropUniqueFeatureGenerator...
	Stage 5 Generators:
		Fitting DropDuplicatesFeatureGenerator...
	Types of features in original data (raw dtype, special dtypes):
		('bool', []) : 14 | ['S1 (SBS1 - 0.99)', 'S2 (SBS2 - 0.99)', 'S3 (SBS3 - 0.97)', 'S4 (SBS4 - 0.98)', 'S5 (SBS5 - 0.98)', ...]
		('int', [])  : 96 | ['A[C>A]A', 'A[C>A]C', 'A[C>A]G', 'A[C>A]T', 'A[C>G]A', ...]
	Types of features in processed data (raw dtype, special dtypes):
		('int', [])       : 96 | ['A[C>A]A', 'A[C>A]C', 'A[C>A]G', 'A[C>A]T', 'A[C>G]A', ...]
		('int', ['bool']) : 14 | ['S1 (SBS1 - 0.99)', 'S2 (SBS2 - 0.99)', 'S3 (SBS3 - 0.97)', 'S4 (SBS4 - 0.98)', 'S5 (SBS5 - 0.98)', ...]
	1.6s = Fit runtime
	110 features in original data used to generate 110 features in processed data.
	Train Data (Processed) Memory Usage: 10.81 MB (0.0% of available memory)
Data preprocessing and feature engineering runtime = 1.67s ...
AutoGluon will gauge predictive performance using evaluation metric: 'accuracy'
	To change this, specify the eval_metric parameter of Predictor()
Automatically generating train/validation split with holdout_frac=0.1, Train Rows: 13045, Val Rows: 1450
User-specified model hyperparameters to be fit:
{
	'GBM': [{'extra_trees': True, 'ag_args': {'name_suffix': 'XT'}}],
}
Fitting 1 L1 models, fit_strategy="sequential" ...
Fitting model: LightGBMXT ... Training model for up to 298.33s of the 298.33s of remaining time.
	0.7524	 = Validation score   (accuracy)
	13.15s	 = Training   runtime
	0.06s	 = Validation runtime
Fitting model: WeightedEnsemble_L2 ... Training model for up to 296.58s of the 283.25s of remaining time.
	Ensemble Weights: {'LightGBMXT': 1.0}
	0.7524	 = Validation score   (accuracy)
	0.03s	 = Training   runtime
	0.01s	 = Validation runtime
AutoGluon training complete, total runtime = 17.15s ... Best model: WeightedEnsemble_L2 | Estimated inference throughput: 20652.9 rows/s (1450 batch size)
Disabling decision threshold calibration for metric `accuracy` due to having fewer than 10000 rows of validation data for calibration, to avoid overfitting (1450 rows).
	`accuracy` is generally not improved through threshold calibration. Force calibration via specifying `calibrate_decision_threshold=True`.
TabularPredictor saved. To load, use: predictor = TabularPredictor.load("/home/baderlab/mzarant/SignatureInference/models/default/Predictor_S26 (SBS44 - 0.97)")
Verbosity: 2 (Standard Logging)
=================== System Info ===================
AutoGluon Version:  1.2
Python Version:     3.10.15
Operating System:   Linux
Platform Machine:   x86_64
Platform Version:   #1 SMP PREEMPT_DYNAMIC Thu Apr 3 12:12:16 UTC 2025
CPU Count:          272
Memory Avail:       199.09 GB / 203.90 GB (97.6%)
Disk Space Avail:   1381.73 GB / 5120.00 GB (27.0%)
===================================================
Presets specified: ['medium_quality']
Beginning AutoGluon training ... Time limit = 300s
AutoGluon will save models to "/home/baderlab/mzarant/SignatureInference/models/default/Predictor_S27 (SBS88 - 0.92)"
Train Data Rows:    14495
Train Data Columns: 122
Label Column:       S27 (SBS88 - 0.92)
Problem Type:       binary
Preprocessing data ...
Selected class <--> label mapping:  class 1 = True, class 0 = False
Using Feature Generators to preprocess the data ...
Fitting AutoMLPipelineFeatureGenerator...
	Available Memory:                    203879.46 MB
	Train Data (Original)  Memory Usage: 10.98 MB (0.0% of available memory)
	Inferring data type of each feature based on column values. Set feature_metadata_in to manually specify special dtypes of the features.
	Stage 1 Generators:
		Fitting AsTypeFeatureGenerator...
			Note: Converting 26 features to boolean dtype as they only contain 2 unique values.
	Stage 2 Generators:
		Fitting FillNaFeatureGenerator...
	Stage 3 Generators:
		Fitting IdentityFeatureGenerator...
	Stage 4 Generators:
		Fitting DropUniqueFeatureGenerator...
	Stage 5 Generators:
		Fitting DropDuplicatesFeatureGenerator...
	Types of features in original data (raw dtype, special dtypes):
		('bool', []) : 26 | ['S1 (SBS1 - 0.99)', 'S2 (SBS2 - 0.99)', 'S3 (SBS3 - 0.97)', 'S4 (SBS4 - 0.98)', 'S5 (SBS5 - 0.98)', ...]
		('int', [])  : 96 | ['A[C>A]A', 'A[C>A]C', 'A[C>A]G', 'A[C>A]T', 'A[C>G]A', ...]
	Types of features in processed data (raw dtype, special dtypes):
		('int', [])       : 96 | ['A[C>A]A', 'A[C>A]C', 'A[C>A]G', 'A[C>A]T', 'A[C>G]A', ...]
		('int', ['bool']) : 26 | ['S1 (SBS1 - 0.99)', 'S2 (SBS2 - 0.99)', 'S3 (SBS3 - 0.97)', 'S4 (SBS4 - 0.98)', 'S5 (SBS5 - 0.98)', ...]
	3.3s = Fit runtime
	122 features in original data used to generate 122 features in processed data.
	Train Data (Processed) Memory Usage: 10.98 MB (0.0% of available memory)
Data preprocessing and feature engineering runtime = 3.48s ...
AutoGluon will gauge predictive performance using evaluation metric: 'accuracy'
	To change this, specify the eval_metric parameter of Predictor()
Automatically generating train/validation split with holdout_frac=0.1, Train Rows: 13045, Val Rows: 1450
User-specified model hyperparameters to be fit:
{
	'GBM': [{'extra_trees': True, 'ag_args': {'name_suffix': 'XT'}}],
}
Fitting 1 L1 models, fit_strategy="sequential" ...
Fitting model: LightGBMXT ... Training model for up to 296.52s of the 296.52s of remaining time.
	0.7738	 = Validation score   (accuracy)
	11.03s	 = Training   runtime
	0.08s	 = Validation runtime
Fitting model: WeightedEnsemble_L2 ... Training model for up to 296.52s of the 285.20s of remaining time.
	Ensemble Weights: {'LightGBMXT': 1.0}
	0.7738	 = Validation score   (accuracy)
	0.03s	 = Training   runtime
	0.01s	 = Validation runtime
AutoGluon training complete, total runtime = 15.2s ... Best model: WeightedEnsemble_L2 | Estimated inference throughput: 15172.4 rows/s (1450 batch size)
Disabling decision threshold calibration for metric `accuracy` due to having fewer than 10000 rows of validation data for calibration, to avoid overfitting (1450 rows).
	`accuracy` is generally not improved through threshold calibration. Force calibration via specifying `calibrate_decision_threshold=True`.
TabularPredictor saved. To load, use: predictor = TabularPredictor.load("/home/baderlab/mzarant/SignatureInference/models/default/Predictor_S27 (SBS88 - 0.92)")
Verbosity: 2 (Standard Logging)
=================== System Info ===================
AutoGluon Version:  1.2
Python Version:     3.10.15
Operating System:   Linux
Platform Machine:   x86_64
Platform Version:   #1 SMP PREEMPT_DYNAMIC Thu Apr 3 12:12:16 UTC 2025
CPU Count:          272
Memory Avail:       199.09 GB / 203.90 GB (97.6%)
Disk Space Avail:   1381.72 GB / 5120.00 GB (27.0%)
===================================================
Presets specified: ['medium_quality']
Beginning AutoGluon training ... Time limit = 300s
AutoGluon will save models to "/home/baderlab/mzarant/SignatureInference/models/default/Predictor_S28 (SBS92 - 0.95)"
Train Data Rows:    14495
Train Data Columns: 123
Label Column:       S28 (SBS92 - 0.95)
Problem Type:       binary
Preprocessing data ...
Selected class <--> label mapping:  class 1 = True, class 0 = False
Using Feature Generators to preprocess the data ...
Fitting AutoMLPipelineFeatureGenerator...
	Available Memory:                    203892.21 MB
	Train Data (Original)  Memory Usage: 10.99 MB (0.0% of available memory)
	Inferring data type of each feature based on column values. Set feature_metadata_in to manually specify special dtypes of the features.
	Stage 1 Generators:
		Fitting AsTypeFeatureGenerator...
			Note: Converting 27 features to boolean dtype as they only contain 2 unique values.
	Stage 2 Generators:
		Fitting FillNaFeatureGenerator...
	Stage 3 Generators:
		Fitting IdentityFeatureGenerator...
	Stage 4 Generators:
		Fitting DropUniqueFeatureGenerator...
	Stage 5 Generators:
		Fitting DropDuplicatesFeatureGenerator...
	Types of features in original data (raw dtype, special dtypes):
		('bool', []) : 27 | ['S1 (SBS1 - 0.99)', 'S2 (SBS2 - 0.99)', 'S3 (SBS3 - 0.97)', 'S4 (SBS4 - 0.98)', 'S5 (SBS5 - 0.98)', ...]
		('int', [])  : 96 | ['A[C>A]A', 'A[C>A]C', 'A[C>A]G', 'A[C>A]T', 'A[C>G]A', ...]
	Types of features in processed data (raw dtype, special dtypes):
		('int', [])       : 96 | ['A[C>A]A', 'A[C>A]C', 'A[C>A]G', 'A[C>A]T', 'A[C>G]A', ...]
		('int', ['bool']) : 27 | ['S1 (SBS1 - 0.99)', 'S2 (SBS2 - 0.99)', 'S3 (SBS3 - 0.97)', 'S4 (SBS4 - 0.98)', 'S5 (SBS5 - 0.98)', ...]
	3.5s = Fit runtime
	123 features in original data used to generate 123 features in processed data.
	Train Data (Processed) Memory Usage: 10.99 MB (0.0% of available memory)
Data preprocessing and feature engineering runtime = 3.67s ...
AutoGluon will gauge predictive performance using evaluation metric: 'accuracy'
	To change this, specify the eval_metric parameter of Predictor()
Automatically generating train/validation split with holdout_frac=0.1, Train Rows: 13045, Val Rows: 1450
User-specified model hyperparameters to be fit:
{
	'GBM': [{'extra_trees': True, 'ag_args': {'name_suffix': 'XT'}}],
}
Fitting 1 L1 models, fit_strategy="sequential" ...
Fitting model: LightGBMXT ... Training model for up to 296.33s of the 296.33s of remaining time.
	0.8	 = Validation score   (accuracy)
	6.26s	 = Training   runtime
	0.03s	 = Validation runtime
Fitting model: WeightedEnsemble_L2 ... Training model for up to 296.33s of the 289.96s of remaining time.
	Ensemble Weights: {'LightGBMXT': 1.0}
	0.8	 = Validation score   (accuracy)
	0.03s	 = Training   runtime
	0.01s	 = Validation runtime
AutoGluon training complete, total runtime = 10.45s ... Best model: WeightedEnsemble_L2 | Estimated inference throughput: 42241.4 rows/s (1450 batch size)
Disabling decision threshold calibration for metric `accuracy` due to having fewer than 10000 rows of validation data for calibration, to avoid overfitting (1450 rows).
	`accuracy` is generally not improved through threshold calibration. Force calibration via specifying `calibrate_decision_threshold=True`.
TabularPredictor saved. To load, use: predictor = TabularPredictor.load("/home/baderlab/mzarant/SignatureInference/models/default/Predictor_S28 (SBS92 - 0.95)")
Verbosity: 2 (Standard Logging)
=================== System Info ===================
AutoGluon Version:  1.2
Python Version:     3.10.15
Operating System:   Linux
Platform Machine:   x86_64
Platform Version:   #1 SMP PREEMPT_DYNAMIC Thu Apr 3 12:12:16 UTC 2025
CPU Count:          272
Memory Avail:       199.08 GB / 203.90 GB (97.6%)
Disk Space Avail:   1381.71 GB / 5120.00 GB (27.0%)
===================================================
Presets specified: ['medium_quality']
Beginning AutoGluon training ... Time limit = 300s
AutoGluon will save models to "/home/baderlab/mzarant/SignatureInference/models/default/Predictor_S29 (SBS97 - 0.95)"
Train Data Rows:    14495
Train Data Columns: 124
Label Column:       S29 (SBS97 - 0.95)
Problem Type:       binary
Preprocessing data ...
Selected class <--> label mapping:  class 1 = True, class 0 = False
Using Feature Generators to preprocess the data ...
Fitting AutoMLPipelineFeatureGenerator...
	Available Memory:                    203861.90 MB
	Train Data (Original)  Memory Usage: 11.00 MB (0.0% of available memory)
	Inferring data type of each feature based on column values. Set feature_metadata_in to manually specify special dtypes of the features.
	Stage 1 Generators:
		Fitting AsTypeFeatureGenerator...
			Note: Converting 28 features to boolean dtype as they only contain 2 unique values.
	Stage 2 Generators:
		Fitting FillNaFeatureGenerator...
	Stage 3 Generators:
		Fitting IdentityFeatureGenerator...
	Stage 4 Generators:
		Fitting DropUniqueFeatureGenerator...
	Stage 5 Generators:
		Fitting DropDuplicatesFeatureGenerator...
	Types of features in original data (raw dtype, special dtypes):
		('bool', []) : 28 | ['S1 (SBS1 - 0.99)', 'S2 (SBS2 - 0.99)', 'S3 (SBS3 - 0.97)', 'S4 (SBS4 - 0.98)', 'S5 (SBS5 - 0.98)', ...]
		('int', [])  : 96 | ['A[C>A]A', 'A[C>A]C', 'A[C>A]G', 'A[C>A]T', 'A[C>G]A', ...]
	Types of features in processed data (raw dtype, special dtypes):
		('int', [])       : 96 | ['A[C>A]A', 'A[C>A]C', 'A[C>A]G', 'A[C>A]T', 'A[C>G]A', ...]
		('int', ['bool']) : 28 | ['S1 (SBS1 - 0.99)', 'S2 (SBS2 - 0.99)', 'S3 (SBS3 - 0.97)', 'S4 (SBS4 - 0.98)', 'S5 (SBS5 - 0.98)', ...]
	2.9s = Fit runtime
	124 features in original data used to generate 124 features in processed data.
	Train Data (Processed) Memory Usage: 11.00 MB (0.0% of available memory)
Data preprocessing and feature engineering runtime = 3.04s ...
AutoGluon will gauge predictive performance using evaluation metric: 'accuracy'
	To change this, specify the eval_metric parameter of Predictor()
Automatically generating train/validation split with holdout_frac=0.1, Train Rows: 13045, Val Rows: 1450
User-specified model hyperparameters to be fit:
{
	'GBM': [{'extra_trees': True, 'ag_args': {'name_suffix': 'XT'}}],
}
Fitting 1 L1 models, fit_strategy="sequential" ...
Fitting model: LightGBMXT ... Training model for up to 296.96s of the 296.96s of remaining time.
	0.8207	 = Validation score   (accuracy)
	7.9s	 = Training   runtime
	0.03s	 = Validation runtime
Fitting model: WeightedEnsemble_L2 ... Training model for up to 296.96s of the 288.94s of remaining time.
	Ensemble Weights: {'LightGBMXT': 1.0}
	0.8207	 = Validation score   (accuracy)
	0.03s	 = Training   runtime
	0.01s	 = Validation runtime
AutoGluon training complete, total runtime = 11.47s ... Best model: WeightedEnsemble_L2 | Estimated inference throughput: 34663.9 rows/s (1450 batch size)
Disabling decision threshold calibration for metric `accuracy` due to having fewer than 10000 rows of validation data for calibration, to avoid overfitting (1450 rows).
	`accuracy` is generally not improved through threshold calibration. Force calibration via specifying `calibrate_decision_threshold=True`.
TabularPredictor saved. To load, use: predictor = TabularPredictor.load("/home/baderlab/mzarant/SignatureInference/models/default/Predictor_S29 (SBS97 - 0.95)")
	Ran out of time, early stopping on iteration 888. Best iteration is:
	[868]	valid_set's binary_error: 0.253793
	0.7462	 = Validation score   (accuracy)
	299.35s	 = Training   runtime
	0.14s	 = Validation runtime
Fitting model: WeightedEnsemble_L2 ... Training model for up to 298.33s of the -1.36s of remaining time.
	Ensemble Weights: {'LightGBMXT': 1.0}
	0.7462	 = Validation score   (accuracy)
	0.03s	 = Training   runtime
	0.01s	 = Validation runtime
AutoGluon training complete, total runtime = 301.73s ... Best model: WeightedEnsemble_L2 | Estimated inference throughput: 9661.8 rows/s (1450 batch size)
Disabling decision threshold calibration for metric `accuracy` due to having fewer than 10000 rows of validation data for calibration, to avoid overfitting (1450 rows).
	`accuracy` is generally not improved through threshold calibration. Force calibration via specifying `calibrate_decision_threshold=True`.
TabularPredictor saved. To load, use: predictor = TabularPredictor.load("/home/baderlab/mzarant/SignatureInference/models/default/Predictor_S15 (SBS15 - 0.97)")
Verbosity: 2 (Standard Logging)
=================== System Info ===================
AutoGluon Version:  1.2
Python Version:     3.10.15
Operating System:   Linux
Platform Machine:   x86_64
Platform Version:   #1 SMP PREEMPT_DYNAMIC Thu Apr 3 12:12:16 UTC 2025
CPU Count:          272
Memory Avail:       199.00 GB / 203.90 GB (97.6%)
Disk Space Avail:   1381.69 GB / 5120.00 GB (27.0%)
===================================================
Presets specified: ['medium_quality']
Beginning AutoGluon training ... Time limit = 300s
AutoGluon will save models to "/home/baderlab/mzarant/SignatureInference/models/default/Predictor_S16 (SBS17 - 0.99)"
Train Data Rows:    14495
Train Data Columns: 111
Label Column:       S16 (SBS17 - 0.99)
Problem Type:       binary
Preprocessing data ...
Selected class <--> label mapping:  class 1 = True, class 0 = False
Using Feature Generators to preprocess the data ...
Fitting AutoMLPipelineFeatureGenerator...
	Available Memory:                    203784.95 MB
	Train Data (Original)  Memory Usage: 10.82 MB (0.0% of available memory)
	Inferring data type of each feature based on column values. Set feature_metadata_in to manually specify special dtypes of the features.
	Stage 1 Generators:
		Fitting AsTypeFeatureGenerator...
			Note: Converting 15 features to boolean dtype as they only contain 2 unique values.
	Stage 2 Generators:
		Fitting FillNaFeatureGenerator...
	Stage 3 Generators:
		Fitting IdentityFeatureGenerator...
	Stage 4 Generators:
		Fitting DropUniqueFeatureGenerator...
	Stage 5 Generators:
		Fitting DropDuplicatesFeatureGenerator...
	Types of features in original data (raw dtype, special dtypes):
		('bool', []) : 15 | ['S1 (SBS1 - 0.99)', 'S2 (SBS2 - 0.99)', 'S3 (SBS3 - 0.97)', 'S4 (SBS4 - 0.98)', 'S5 (SBS5 - 0.98)', ...]
		('int', [])  : 96 | ['A[C>A]A', 'A[C>A]C', 'A[C>A]G', 'A[C>A]T', 'A[C>G]A', ...]
	Types of features in processed data (raw dtype, special dtypes):
		('int', [])       : 96 | ['A[C>A]A', 'A[C>A]C', 'A[C>A]G', 'A[C>A]T', 'A[C>G]A', ...]
		('int', ['bool']) : 15 | ['S1 (SBS1 - 0.99)', 'S2 (SBS2 - 0.99)', 'S3 (SBS3 - 0.97)', 'S4 (SBS4 - 0.98)', 'S5 (SBS5 - 0.98)', ...]
	1.6s = Fit runtime
	111 features in original data used to generate 111 features in processed data.
	Train Data (Processed) Memory Usage: 10.82 MB (0.0% of available memory)
Data preprocessing and feature engineering runtime = 1.68s ...
AutoGluon will gauge predictive performance using evaluation metric: 'accuracy'
	To change this, specify the eval_metric parameter of Predictor()
Automatically generating train/validation split with holdout_frac=0.1, Train Rows: 13045, Val Rows: 1450
User-specified model hyperparameters to be fit:
{
	'GBM': [{'extra_trees': True, 'ag_args': {'name_suffix': 'XT'}}],
}
Fitting 1 L1 models, fit_strategy="sequential" ...
Fitting model: LightGBMXT ... Training model for up to 298.32s of the 298.32s of remaining time.
	0.7938	 = Validation score   (accuracy)
	10.17s	 = Training   runtime
	0.09s	 = Validation runtime
Fitting model: WeightedEnsemble_L2 ... Training model for up to 298.32s of the 287.92s of remaining time.
	Ensemble Weights: {'LightGBMXT': 1.0}
	0.7938	 = Validation score   (accuracy)
	0.03s	 = Training   runtime
	0.01s	 = Validation runtime
AutoGluon training complete, total runtime = 12.45s ... Best model: WeightedEnsemble_L2 | Estimated inference throughput: 15171.1 rows/s (1450 batch size)
Disabling decision threshold calibration for metric `accuracy` due to having fewer than 10000 rows of validation data for calibration, to avoid overfitting (1450 rows).
	`accuracy` is generally not improved through threshold calibration. Force calibration via specifying `calibrate_decision_threshold=True`.
TabularPredictor saved. To load, use: predictor = TabularPredictor.load("/home/baderlab/mzarant/SignatureInference/models/default/Predictor_S16 (SBS17 - 0.99)")
Verbosity: 2 (Standard Logging)
=================== System Info ===================
AutoGluon Version:  1.2
Python Version:     3.10.15
Operating System:   Linux
Platform Machine:   x86_64
Platform Version:   #1 SMP PREEMPT_DYNAMIC Thu Apr 3 12:12:16 UTC 2025
CPU Count:          272
Memory Avail:       199.08 GB / 203.90 GB (97.6%)
Disk Space Avail:   1381.69 GB / 5120.00 GB (27.0%)
===================================================
Presets specified: ['medium_quality']
Beginning AutoGluon training ... Time limit = 300s
AutoGluon will save models to "/home/baderlab/mzarant/SignatureInference/models/default/Predictor_S17 (SBS18 - 0.97)"
Train Data Rows:    14495
Train Data Columns: 112
Label Column:       S17 (SBS18 - 0.97)
Problem Type:       binary
Preprocessing data ...
Selected class <--> label mapping:  class 1 = True, class 0 = False
Using Feature Generators to preprocess the data ...
Fitting AutoMLPipelineFeatureGenerator...
	Available Memory:                    203868.97 MB
	Train Data (Original)  Memory Usage: 10.84 MB (0.0% of available memory)
	Inferring data type of each feature based on column values. Set feature_metadata_in to manually specify special dtypes of the features.
	Stage 1 Generators:
		Fitting AsTypeFeatureGenerator...
			Note: Converting 16 features to boolean dtype as they only contain 2 unique values.
	Stage 2 Generators:
		Fitting FillNaFeatureGenerator...
	Stage 3 Generators:
		Fitting IdentityFeatureGenerator...
	Stage 4 Generators:
		Fitting DropUniqueFeatureGenerator...
	Stage 5 Generators:
		Fitting DropDuplicatesFeatureGenerator...
	Types of features in original data (raw dtype, special dtypes):
		('bool', []) : 16 | ['S1 (SBS1 - 0.99)', 'S2 (SBS2 - 0.99)', 'S3 (SBS3 - 0.97)', 'S4 (SBS4 - 0.98)', 'S5 (SBS5 - 0.98)', ...]
		('int', [])  : 96 | ['A[C>A]A', 'A[C>A]C', 'A[C>A]G', 'A[C>A]T', 'A[C>G]A', ...]
	Types of features in processed data (raw dtype, special dtypes):
		('int', [])       : 96 | ['A[C>A]A', 'A[C>A]C', 'A[C>A]G', 'A[C>A]T', 'A[C>G]A', ...]
		('int', ['bool']) : 16 | ['S1 (SBS1 - 0.99)', 'S2 (SBS2 - 0.99)', 'S3 (SBS3 - 0.97)', 'S4 (SBS4 - 0.98)', 'S5 (SBS5 - 0.98)', ...]
	1.6s = Fit runtime
	112 features in original data used to generate 112 features in processed data.
	Train Data (Processed) Memory Usage: 10.84 MB (0.0% of available memory)
Data preprocessing and feature engineering runtime = 1.7s ...
AutoGluon will gauge predictive performance using evaluation metric: 'accuracy'
	To change this, specify the eval_metric parameter of Predictor()
Automatically generating train/validation split with holdout_frac=0.1, Train Rows: 13045, Val Rows: 1450
User-specified model hyperparameters to be fit:
{
	'GBM': [{'extra_trees': True, 'ag_args': {'name_suffix': 'XT'}}],
}
Fitting 1 L1 models, fit_strategy="sequential" ...
Fitting model: LightGBMXT ... Training model for up to 298.30s of the 298.30s of remaining time.
	0.8041	 = Validation score   (accuracy)
	6.55s	 = Training   runtime
	0.02s	 = Validation runtime
Fitting model: WeightedEnsemble_L2 ... Training model for up to 298.30s of the 291.66s of remaining time.
	Ensemble Weights: {'LightGBMXT': 1.0}
	0.8041	 = Validation score   (accuracy)
	0.03s	 = Training   runtime
	0.01s	 = Validation runtime
AutoGluon training complete, total runtime = 8.71s ... Best model: WeightedEnsemble_L2 | Estimated inference throughput: 46023.2 rows/s (1450 batch size)
Disabling decision threshold calibration for metric `accuracy` due to having fewer than 10000 rows of validation data for calibration, to avoid overfitting (1450 rows).
	`accuracy` is generally not improved through threshold calibration. Force calibration via specifying `calibrate_decision_threshold=True`.
TabularPredictor saved. To load, use: predictor = TabularPredictor.load("/home/baderlab/mzarant/SignatureInference/models/default/Predictor_S17 (SBS18 - 0.97)")
Verbosity: 2 (Standard Logging)
=================== System Info ===================
AutoGluon Version:  1.2
Python Version:     3.10.15
Operating System:   Linux
Platform Machine:   x86_64
Platform Version:   #1 SMP PREEMPT_DYNAMIC Thu Apr 3 12:12:16 UTC 2025
CPU Count:          272
Memory Avail:       199.07 GB / 203.90 GB (97.6%)
Disk Space Avail:   1381.69 GB / 5120.00 GB (27.0%)
===================================================
Presets specified: ['medium_quality']
Beginning AutoGluon training ... Time limit = 300s
AutoGluon will save models to "/home/baderlab/mzarant/SignatureInference/models/default/Predictor_S18 (SBS19 - 0.95)"
Train Data Rows:    14495
Train Data Columns: 113
Label Column:       S18 (SBS19 - 0.95)
Problem Type:       binary
Preprocessing data ...
Selected class <--> label mapping:  class 1 = True, class 0 = False
Using Feature Generators to preprocess the data ...
Fitting AutoMLPipelineFeatureGenerator...
	Available Memory:                    203850.73 MB
	Train Data (Original)  Memory Usage: 10.85 MB (0.0% of available memory)
	Inferring data type of each feature based on column values. Set feature_metadata_in to manually specify special dtypes of the features.
	Stage 1 Generators:
		Fitting AsTypeFeatureGenerator...
			Note: Converting 17 features to boolean dtype as they only contain 2 unique values.
	Stage 2 Generators:
		Fitting FillNaFeatureGenerator...
	Stage 3 Generators:
		Fitting IdentityFeatureGenerator...
	Stage 4 Generators:
		Fitting DropUniqueFeatureGenerator...
	Stage 5 Generators:
		Fitting DropDuplicatesFeatureGenerator...
	Types of features in original data (raw dtype, special dtypes):
		('bool', []) : 17 | ['S1 (SBS1 - 0.99)', 'S2 (SBS2 - 0.99)', 'S3 (SBS3 - 0.97)', 'S4 (SBS4 - 0.98)', 'S5 (SBS5 - 0.98)', ...]
		('int', [])  : 96 | ['A[C>A]A', 'A[C>A]C', 'A[C>A]G', 'A[C>A]T', 'A[C>G]A', ...]
	Types of features in processed data (raw dtype, special dtypes):
		('int', [])       : 96 | ['A[C>A]A', 'A[C>A]C', 'A[C>A]G', 'A[C>A]T', 'A[C>G]A', ...]
		('int', ['bool']) : 17 | ['S1 (SBS1 - 0.99)', 'S2 (SBS2 - 0.99)', 'S3 (SBS3 - 0.97)', 'S4 (SBS4 - 0.98)', 'S5 (SBS5 - 0.98)', ...]
	1.7s = Fit runtime
	113 features in original data used to generate 113 features in processed data.
	Train Data (Processed) Memory Usage: 10.85 MB (0.0% of available memory)
Data preprocessing and feature engineering runtime = 1.79s ...
AutoGluon will gauge predictive performance using evaluation metric: 'accuracy'
	To change this, specify the eval_metric parameter of Predictor()
Automatically generating train/validation split with holdout_frac=0.1, Train Rows: 13045, Val Rows: 1450
User-specified model hyperparameters to be fit:
{
	'GBM': [{'extra_trees': True, 'ag_args': {'name_suffix': 'XT'}}],
}
Fitting 1 L1 models, fit_strategy="sequential" ...
Fitting model: LightGBMXT ... Training model for up to 298.21s of the 298.21s of remaining time.
	0.7669	 = Validation score   (accuracy)
	13.96s	 = Training   runtime
	0.1s	 = Validation runtime
Fitting model: WeightedEnsemble_L2 ... Training model for up to 298.21s of the 283.99s of remaining time.
	Ensemble Weights: {'LightGBMXT': 1.0}
	0.7669	 = Validation score   (accuracy)
	0.03s	 = Training   runtime
	0.01s	 = Validation runtime
AutoGluon training complete, total runtime = 16.39s ... Best model: WeightedEnsemble_L2 | Estimated inference throughput: 13547.7 rows/s (1450 batch size)
Disabling decision threshold calibration for metric `accuracy` due to having fewer than 10000 rows of validation data for calibration, to avoid overfitting (1450 rows).
	`accuracy` is generally not improved through threshold calibration. Force calibration via specifying `calibrate_decision_threshold=True`.
TabularPredictor saved. To load, use: predictor = TabularPredictor.load("/home/baderlab/mzarant/SignatureInference/models/default/Predictor_S18 (SBS19 - 0.95)")
Verbosity: 2 (Standard Logging)
=================== System Info ===================
AutoGluon Version:  1.2
Python Version:     3.10.15
Operating System:   Linux
Platform Machine:   x86_64
Platform Version:   #1 SMP PREEMPT_DYNAMIC Thu Apr 3 12:12:16 UTC 2025
CPU Count:          272
Memory Avail:       199.10 GB / 203.90 GB (97.6%)
Disk Space Avail:   1381.69 GB / 5120.00 GB (27.0%)
===================================================
Presets specified: ['medium_quality']
Beginning AutoGluon training ... Time limit = 300s
AutoGluon will save models to "/home/baderlab/mzarant/SignatureInference/models/default/Predictor_S19 (SBS20 - 0.98)"
Train Data Rows:    14495
Train Data Columns: 114
Label Column:       S19 (SBS20 - 0.98)
Problem Type:       binary
Preprocessing data ...
Selected class <--> label mapping:  class 1 = True, class 0 = False
Using Feature Generators to preprocess the data ...
Fitting AutoMLPipelineFeatureGenerator...
	Available Memory:                    203894.08 MB
	Train Data (Original)  Memory Usage: 10.87 MB (0.0% of available memory)
	Inferring data type of each feature based on column values. Set feature_metadata_in to manually specify special dtypes of the features.
	Stage 1 Generators:
		Fitting AsTypeFeatureGenerator...
			Note: Converting 18 features to boolean dtype as they only contain 2 unique values.
	Stage 2 Generators:
		Fitting FillNaFeatureGenerator...
	Stage 3 Generators:
		Fitting IdentityFeatureGenerator...
	Stage 4 Generators:
		Fitting DropUniqueFeatureGenerator...
	Stage 5 Generators:
		Fitting DropDuplicatesFeatureGenerator...
	Types of features in original data (raw dtype, special dtypes):
		('bool', []) : 18 | ['S1 (SBS1 - 0.99)', 'S2 (SBS2 - 0.99)', 'S3 (SBS3 - 0.97)', 'S4 (SBS4 - 0.98)', 'S5 (SBS5 - 0.98)', ...]
		('int', [])  : 96 | ['A[C>A]A', 'A[C>A]C', 'A[C>A]G', 'A[C>A]T', 'A[C>G]A', ...]
	Types of features in processed data (raw dtype, special dtypes):
		('int', [])       : 96 | ['A[C>A]A', 'A[C>A]C', 'A[C>A]G', 'A[C>A]T', 'A[C>G]A', ...]
		('int', ['bool']) : 18 | ['S1 (SBS1 - 0.99)', 'S2 (SBS2 - 0.99)', 'S3 (SBS3 - 0.97)', 'S4 (SBS4 - 0.98)', 'S5 (SBS5 - 0.98)', ...]
	1.6s = Fit runtime
	114 features in original data used to generate 114 features in processed data.
	Train Data (Processed) Memory Usage: 10.87 MB (0.0% of available memory)
Data preprocessing and feature engineering runtime = 1.69s ...
AutoGluon will gauge predictive performance using evaluation metric: 'accuracy'
	To change this, specify the eval_metric parameter of Predictor()
Automatically generating train/validation split with holdout_frac=0.1, Train Rows: 13045, Val Rows: 1450
User-specified model hyperparameters to be fit:
{
	'GBM': [{'extra_trees': True, 'ag_args': {'name_suffix': 'XT'}}],
}
Fitting 1 L1 models, fit_strategy="sequential" ...
Fitting model: LightGBMXT ... Training model for up to 298.31s of the 298.30s of remaining time.
	0.96	 = Validation score   (accuracy)
	6.11s	 = Training   runtime
	0.02s	 = Validation runtime
Fitting model: WeightedEnsemble_L2 ... Training model for up to 298.31s of the 292.12s of remaining time.
	Ensemble Weights: {'LightGBMXT': 1.0}
	0.96	 = Validation score   (accuracy)
	0.03s	 = Training   runtime
	0.01s	 = Validation runtime
AutoGluon training complete, total runtime = 8.25s ... Best model: WeightedEnsemble_L2 | Estimated inference throughput: 50527.5 rows/s (1450 batch size)
Disabling decision threshold calibration for metric `accuracy` due to having fewer than 10000 rows of validation data for calibration, to avoid overfitting (1450 rows).
	`accuracy` is generally not improved through threshold calibration. Force calibration via specifying `calibrate_decision_threshold=True`.
TabularPredictor saved. To load, use: predictor = TabularPredictor.load("/home/baderlab/mzarant/SignatureInference/models/default/Predictor_S19 (SBS20 - 0.98)")
Verbosity: 2 (Standard Logging)
=================== System Info ===================
AutoGluon Version:  1.2
Python Version:     3.10.15
Operating System:   Linux
Platform Machine:   x86_64
Platform Version:   #1 SMP PREEMPT_DYNAMIC Thu Apr 3 12:12:16 UTC 2025
CPU Count:          272
Memory Avail:       199.10 GB / 203.90 GB (97.6%)
Disk Space Avail:   1381.69 GB / 5120.00 GB (27.0%)
===================================================
Presets specified: ['medium_quality']
Beginning AutoGluon training ... Time limit = 300s
AutoGluon will save models to "/home/baderlab/mzarant/SignatureInference/models/default/Predictor_S20 (SBS22 - 0.99)"
Train Data Rows:    14495
Train Data Columns: 115
Label Column:       S20 (SBS22 - 0.99)
Problem Type:       binary
Preprocessing data ...
Selected class <--> label mapping:  class 1 = True, class 0 = False
Using Feature Generators to preprocess the data ...
Fitting AutoMLPipelineFeatureGenerator...
	Available Memory:                    203886.47 MB
	Train Data (Original)  Memory Usage: 10.88 MB (0.0% of available memory)
	Inferring data type of each feature based on column values. Set feature_metadata_in to manually specify special dtypes of the features.
	Stage 1 Generators:
		Fitting AsTypeFeatureGenerator...
			Note: Converting 19 features to boolean dtype as they only contain 2 unique values.
	Stage 2 Generators:
		Fitting FillNaFeatureGenerator...
	Stage 3 Generators:
		Fitting IdentityFeatureGenerator...
	Stage 4 Generators:
		Fitting DropUniqueFeatureGenerator...
	Stage 5 Generators:
		Fitting DropDuplicatesFeatureGenerator...
	Types of features in original data (raw dtype, special dtypes):
		('bool', []) : 19 | ['S1 (SBS1 - 0.99)', 'S2 (SBS2 - 0.99)', 'S3 (SBS3 - 0.97)', 'S4 (SBS4 - 0.98)', 'S5 (SBS5 - 0.98)', ...]
		('int', [])  : 96 | ['A[C>A]A', 'A[C>A]C', 'A[C>A]G', 'A[C>A]T', 'A[C>G]A', ...]
	Types of features in processed data (raw dtype, special dtypes):
		('int', [])       : 96 | ['A[C>A]A', 'A[C>A]C', 'A[C>A]G', 'A[C>A]T', 'A[C>G]A', ...]
		('int', ['bool']) : 19 | ['S1 (SBS1 - 0.99)', 'S2 (SBS2 - 0.99)', 'S3 (SBS3 - 0.97)', 'S4 (SBS4 - 0.98)', 'S5 (SBS5 - 0.98)', ...]
	1.6s = Fit runtime
	115 features in original data used to generate 115 features in processed data.
	Train Data (Processed) Memory Usage: 10.88 MB (0.0% of available memory)
Data preprocessing and feature engineering runtime = 1.72s ...
AutoGluon will gauge predictive performance using evaluation metric: 'accuracy'
	To change this, specify the eval_metric parameter of Predictor()
Automatically generating train/validation split with holdout_frac=0.1, Train Rows: 13045, Val Rows: 1450
User-specified model hyperparameters to be fit:
{
	'GBM': [{'extra_trees': True, 'ag_args': {'name_suffix': 'XT'}}],
}
Fitting 1 L1 models, fit_strategy="sequential" ...
Fitting model: LightGBMXT ... Training model for up to 298.28s of the 298.27s of remaining time.
	0.7828	 = Validation score   (accuracy)
	22.89s	 = Training   runtime
	0.18s	 = Validation runtime
Fitting model: WeightedEnsemble_L2 ... Training model for up to 298.27s of the 274.96s of remaining time.
	Ensemble Weights: {'LightGBMXT': 1.0}
	0.7828	 = Validation score   (accuracy)
	0.03s	 = Training   runtime
	0.01s	 = Validation runtime
AutoGluon training complete, total runtime = 25.42s ... Best model: WeightedEnsemble_L2 | Estimated inference throughput: 7720.9 rows/s (1450 batch size)
Disabling decision threshold calibration for metric `accuracy` due to having fewer than 10000 rows of validation data for calibration, to avoid overfitting (1450 rows).
	`accuracy` is generally not improved through threshold calibration. Force calibration via specifying `calibrate_decision_threshold=True`.
TabularPredictor saved. To load, use: predictor = TabularPredictor.load("/home/baderlab/mzarant/SignatureInference/models/default/Predictor_S20 (SBS22 - 0.99)")
Verbosity: 2 (Standard Logging)
=================== System Info ===================
AutoGluon Version:  1.2
Python Version:     3.10.15
Operating System:   Linux
Platform Machine:   x86_64
Platform Version:   #1 SMP PREEMPT_DYNAMIC Thu Apr 3 12:12:16 UTC 2025
CPU Count:          272
Memory Avail:       199.12 GB / 203.90 GB (97.7%)
Disk Space Avail:   1381.69 GB / 5120.00 GB (27.0%)
===================================================
Presets specified: ['medium_quality']
Beginning AutoGluon training ... Time limit = 300s
AutoGluon will save models to "/home/baderlab/mzarant/SignatureInference/models/default/Predictor_S21 (SBS23 - 0.94)"
Train Data Rows:    14495
Train Data Columns: 116
Label Column:       S21 (SBS23 - 0.94)
Problem Type:       binary
Preprocessing data ...
Selected class <--> label mapping:  class 1 = True, class 0 = False
Using Feature Generators to preprocess the data ...
Fitting AutoMLPipelineFeatureGenerator...
	Available Memory:                    203914.52 MB
	Train Data (Original)  Memory Usage: 10.89 MB (0.0% of available memory)
	Inferring data type of each feature based on column values. Set feature_metadata_in to manually specify special dtypes of the features.
	Stage 1 Generators:
		Fitting AsTypeFeatureGenerator...
			Note: Converting 20 features to boolean dtype as they only contain 2 unique values.
	Stage 2 Generators:
		Fitting FillNaFeatureGenerator...
	Stage 3 Generators:
		Fitting IdentityFeatureGenerator...
	Stage 4 Generators:
		Fitting DropUniqueFeatureGenerator...
	Stage 5 Generators:
		Fitting DropDuplicatesFeatureGenerator...
	Types of features in original data (raw dtype, special dtypes):
		('bool', []) : 20 | ['S1 (SBS1 - 0.99)', 'S2 (SBS2 - 0.99)', 'S3 (SBS3 - 0.97)', 'S4 (SBS4 - 0.98)', 'S5 (SBS5 - 0.98)', ...]
		('int', [])  : 96 | ['A[C>A]A', 'A[C>A]C', 'A[C>A]G', 'A[C>A]T', 'A[C>G]A', ...]
	Types of features in processed data (raw dtype, special dtypes):
		('int', [])       : 96 | ['A[C>A]A', 'A[C>A]C', 'A[C>A]G', 'A[C>A]T', 'A[C>G]A', ...]
		('int', ['bool']) : 20 | ['S1 (SBS1 - 0.99)', 'S2 (SBS2 - 0.99)', 'S3 (SBS3 - 0.97)', 'S4 (SBS4 - 0.98)', 'S5 (SBS5 - 0.98)', ...]
	1.6s = Fit runtime
	116 features in original data used to generate 116 features in processed data.
	Train Data (Processed) Memory Usage: 10.89 MB (0.0% of available memory)
Data preprocessing and feature engineering runtime = 1.7s ...
AutoGluon will gauge predictive performance using evaluation metric: 'accuracy'
	To change this, specify the eval_metric parameter of Predictor()
Automatically generating train/validation split with holdout_frac=0.1, Train Rows: 13045, Val Rows: 1450
User-specified model hyperparameters to be fit:
{
	'GBM': [{'extra_trees': True, 'ag_args': {'name_suffix': 'XT'}}],
}
Fitting 1 L1 models, fit_strategy="sequential" ...
Fitting model: LightGBMXT ... Training model for up to 298.30s of the 298.30s of remaining time.
	0.8545	 = Validation score   (accuracy)
	6.76s	 = Training   runtime
	0.02s	 = Validation runtime
Fitting model: WeightedEnsemble_L2 ... Training model for up to 298.30s of the 291.46s of remaining time.
	Ensemble Weights: {'LightGBMXT': 1.0}
	0.8545	 = Validation score   (accuracy)
	0.03s	 = Training   runtime
	0.01s	 = Validation runtime
AutoGluon training complete, total runtime = 8.92s ... Best model: WeightedEnsemble_L2 | Estimated inference throughput: 48742.4 rows/s (1450 batch size)
Disabling decision threshold calibration for metric `accuracy` due to having fewer than 10000 rows of validation data for calibration, to avoid overfitting (1450 rows).
	`accuracy` is generally not improved through threshold calibration. Force calibration via specifying `calibrate_decision_threshold=True`.
TabularPredictor saved. To load, use: predictor = TabularPredictor.load("/home/baderlab/mzarant/SignatureInference/models/default/Predictor_S21 (SBS23 - 0.94)")
Verbosity: 2 (Standard Logging)
=================== System Info ===================
AutoGluon Version:  1.2
Python Version:     3.10.15
Operating System:   Linux
Platform Machine:   x86_64
Platform Version:   #1 SMP PREEMPT_DYNAMIC Thu Apr 3 12:12:16 UTC 2025
CPU Count:          272
Memory Avail:       199.15 GB / 203.90 GB (97.7%)
Disk Space Avail:   1381.69 GB / 5120.00 GB (27.0%)
===================================================
Presets specified: ['medium_quality']
Beginning AutoGluon training ... Time limit = 300s
AutoGluon will save models to "/home/baderlab/mzarant/SignatureInference/models/default/Predictor_S22 (SBS26 - 0.94)"
Train Data Rows:    14495
Train Data Columns: 117
Label Column:       S22 (SBS26 - 0.94)
Problem Type:       binary
Preprocessing data ...
Selected class <--> label mapping:  class 1 = True, class 0 = False
Using Feature Generators to preprocess the data ...
Fitting AutoMLPipelineFeatureGenerator...
	Available Memory:                    203940.37 MB
	Train Data (Original)  Memory Usage: 10.91 MB (0.0% of available memory)
	Inferring data type of each feature based on column values. Set feature_metadata_in to manually specify special dtypes of the features.
	Stage 1 Generators:
		Fitting AsTypeFeatureGenerator...
			Note: Converting 21 features to boolean dtype as they only contain 2 unique values.
	Stage 2 Generators:
		Fitting FillNaFeatureGenerator...
	Stage 3 Generators:
		Fitting IdentityFeatureGenerator...
	Stage 4 Generators:
		Fitting DropUniqueFeatureGenerator...
	Stage 5 Generators:
		Fitting DropDuplicatesFeatureGenerator...
	Types of features in original data (raw dtype, special dtypes):
		('bool', []) : 21 | ['S1 (SBS1 - 0.99)', 'S2 (SBS2 - 0.99)', 'S3 (SBS3 - 0.97)', 'S4 (SBS4 - 0.98)', 'S5 (SBS5 - 0.98)', ...]
		('int', [])  : 96 | ['A[C>A]A', 'A[C>A]C', 'A[C>A]G', 'A[C>A]T', 'A[C>G]A', ...]
	Types of features in processed data (raw dtype, special dtypes):
		('int', [])       : 96 | ['A[C>A]A', 'A[C>A]C', 'A[C>A]G', 'A[C>A]T', 'A[C>G]A', ...]
		('int', ['bool']) : 21 | ['S1 (SBS1 - 0.99)', 'S2 (SBS2 - 0.99)', 'S3 (SBS3 - 0.97)', 'S4 (SBS4 - 0.98)', 'S5 (SBS5 - 0.98)', ...]
	1.6s = Fit runtime
	117 features in original data used to generate 117 features in processed data.
	Train Data (Processed) Memory Usage: 10.91 MB (0.0% of available memory)
Data preprocessing and feature engineering runtime = 1.72s ...
AutoGluon will gauge predictive performance using evaluation metric: 'accuracy'
	To change this, specify the eval_metric parameter of Predictor()
Automatically generating train/validation split with holdout_frac=0.1, Train Rows: 13045, Val Rows: 1450
User-specified model hyperparameters to be fit:
{
	'GBM': [{'extra_trees': True, 'ag_args': {'name_suffix': 'XT'}}],
}
Fitting 1 L1 models, fit_strategy="sequential" ...
Fitting model: LightGBMXT ... Training model for up to 298.27s of the 298.27s of remaining time.
	0.8745	 = Validation score   (accuracy)
	13.2s	 = Training   runtime
	0.09s	 = Validation runtime
Fitting model: WeightedEnsemble_L2 ... Training model for up to 298.27s of the 284.84s of remaining time.
	Ensemble Weights: {'LightGBMXT': 1.0}
	0.8745	 = Validation score   (accuracy)
	0.03s	 = Training   runtime
	0.01s	 = Validation runtime
AutoGluon training complete, total runtime = 15.53s ... Best model: WeightedEnsemble_L2 | Estimated inference throughput: 14584.4 rows/s (1450 batch size)
Disabling decision threshold calibration for metric `accuracy` due to having fewer than 10000 rows of validation data for calibration, to avoid overfitting (1450 rows).
	`accuracy` is generally not improved through threshold calibration. Force calibration via specifying `calibrate_decision_threshold=True`.
TabularPredictor saved. To load, use: predictor = TabularPredictor.load("/home/baderlab/mzarant/SignatureInference/models/default/Predictor_S22 (SBS26 - 0.94)")
Verbosity: 2 (Standard Logging)
=================== System Info ===================
AutoGluon Version:  1.2
Python Version:     3.10.15
Operating System:   Linux
Platform Machine:   x86_64
Platform Version:   #1 SMP PREEMPT_DYNAMIC Thu Apr 3 12:12:16 UTC 2025
CPU Count:          272
Memory Avail:       199.15 GB / 203.90 GB (97.7%)
Disk Space Avail:   1381.69 GB / 5120.00 GB (27.0%)
===================================================
Presets specified: ['medium_quality']
Beginning AutoGluon training ... Time limit = 300s
AutoGluon will save models to "/home/baderlab/mzarant/SignatureInference/models/default/Predictor_S23 (SBS28 - 0.96)"
Train Data Rows:    14495
Train Data Columns: 118
Label Column:       S23 (SBS28 - 0.96)
Problem Type:       binary
Preprocessing data ...
Selected class <--> label mapping:  class 1 = True, class 0 = False
Using Feature Generators to preprocess the data ...
Fitting AutoMLPipelineFeatureGenerator...
	Available Memory:                    203939.50 MB
	Train Data (Original)  Memory Usage: 10.92 MB (0.0% of available memory)
	Inferring data type of each feature based on column values. Set feature_metadata_in to manually specify special dtypes of the features.
	Stage 1 Generators:
		Fitting AsTypeFeatureGenerator...
			Note: Converting 22 features to boolean dtype as they only contain 2 unique values.
	Stage 2 Generators:
		Fitting FillNaFeatureGenerator...
	Stage 3 Generators:
		Fitting IdentityFeatureGenerator...
	Stage 4 Generators:
		Fitting DropUniqueFeatureGenerator...
	Stage 5 Generators:
		Fitting DropDuplicatesFeatureGenerator...
	Types of features in original data (raw dtype, special dtypes):
		('bool', []) : 22 | ['S1 (SBS1 - 0.99)', 'S2 (SBS2 - 0.99)', 'S3 (SBS3 - 0.97)', 'S4 (SBS4 - 0.98)', 'S5 (SBS5 - 0.98)', ...]
		('int', [])  : 96 | ['A[C>A]A', 'A[C>A]C', 'A[C>A]G', 'A[C>A]T', 'A[C>G]A', ...]
	Types of features in processed data (raw dtype, special dtypes):
		('int', [])       : 96 | ['A[C>A]A', 'A[C>A]C', 'A[C>A]G', 'A[C>A]T', 'A[C>G]A', ...]
		('int', ['bool']) : 22 | ['S1 (SBS1 - 0.99)', 'S2 (SBS2 - 0.99)', 'S3 (SBS3 - 0.97)', 'S4 (SBS4 - 0.98)', 'S5 (SBS5 - 0.98)', ...]
	1.6s = Fit runtime
	118 features in original data used to generate 118 features in processed data.
	Train Data (Processed) Memory Usage: 10.92 MB (0.0% of available memory)
Data preprocessing and feature engineering runtime = 1.72s ...
AutoGluon will gauge predictive performance using evaluation metric: 'accuracy'
	To change this, specify the eval_metric parameter of Predictor()
Automatically generating train/validation split with holdout_frac=0.1, Train Rows: 13045, Val Rows: 1450
User-specified model hyperparameters to be fit:
{
	'GBM': [{'extra_trees': True, 'ag_args': {'name_suffix': 'XT'}}],
}
Fitting 1 L1 models, fit_strategy="sequential" ...
Fitting model: LightGBMXT ... Training model for up to 298.28s of the 298.28s of remaining time.
	0.8614	 = Validation score   (accuracy)
	10.59s	 = Training   runtime
	0.06s	 = Validation runtime
Fitting model: WeightedEnsemble_L2 ... Training model for up to 298.28s of the 287.51s of remaining time.
	Ensemble Weights: {'LightGBMXT': 1.0}
	0.8614	 = Validation score   (accuracy)
	0.03s	 = Training   runtime
	0.01s	 = Validation runtime
AutoGluon training complete, total runtime = 12.86s ... Best model: WeightedEnsemble_L2 | Estimated inference throughput: 20230.1 rows/s (1450 batch size)
Disabling decision threshold calibration for metric `accuracy` due to having fewer than 10000 rows of validation data for calibration, to avoid overfitting (1450 rows).
	`accuracy` is generally not improved through threshold calibration. Force calibration via specifying `calibrate_decision_threshold=True`.
TabularPredictor saved. To load, use: predictor = TabularPredictor.load("/home/baderlab/mzarant/SignatureInference/models/default/Predictor_S23 (SBS28 - 0.96)")
Verbosity: 2 (Standard Logging)
=================== System Info ===================
AutoGluon Version:  1.2
Python Version:     3.10.15
Operating System:   Linux
Platform Machine:   x86_64
Platform Version:   #1 SMP PREEMPT_DYNAMIC Thu Apr 3 12:12:16 UTC 2025
CPU Count:          272
Memory Avail:       199.16 GB / 203.90 GB (97.7%)
Disk Space Avail:   1381.69 GB / 5120.00 GB (27.0%)
===================================================
Presets specified: ['medium_quality']
Beginning AutoGluon training ... Time limit = 300s
AutoGluon will save models to "/home/baderlab/mzarant/SignatureInference/models/default/Predictor_S24 (SBS31 - 0.98)"
Train Data Rows:    14495
Train Data Columns: 119
Label Column:       S24 (SBS31 - 0.98)
Problem Type:       binary
Preprocessing data ...
Selected class <--> label mapping:  class 1 = True, class 0 = False
Using Feature Generators to preprocess the data ...
Fitting AutoMLPipelineFeatureGenerator...
	Available Memory:                    203947.94 MB
	Train Data (Original)  Memory Usage: 10.93 MB (0.0% of available memory)
	Inferring data type of each feature based on column values. Set feature_metadata_in to manually specify special dtypes of the features.
	Stage 1 Generators:
		Fitting AsTypeFeatureGenerator...
			Note: Converting 23 features to boolean dtype as they only contain 2 unique values.
	Stage 2 Generators:
		Fitting FillNaFeatureGenerator...
	Stage 3 Generators:
		Fitting IdentityFeatureGenerator...
	Stage 4 Generators:
		Fitting DropUniqueFeatureGenerator...
	Stage 5 Generators:
		Fitting DropDuplicatesFeatureGenerator...
	Types of features in original data (raw dtype, special dtypes):
		('bool', []) : 23 | ['S1 (SBS1 - 0.99)', 'S2 (SBS2 - 0.99)', 'S3 (SBS3 - 0.97)', 'S4 (SBS4 - 0.98)', 'S5 (SBS5 - 0.98)', ...]
		('int', [])  : 96 | ['A[C>A]A', 'A[C>A]C', 'A[C>A]G', 'A[C>A]T', 'A[C>G]A', ...]
	Types of features in processed data (raw dtype, special dtypes):
		('int', [])       : 96 | ['A[C>A]A', 'A[C>A]C', 'A[C>A]G', 'A[C>A]T', 'A[C>G]A', ...]
		('int', ['bool']) : 23 | ['S1 (SBS1 - 0.99)', 'S2 (SBS2 - 0.99)', 'S3 (SBS3 - 0.97)', 'S4 (SBS4 - 0.98)', 'S5 (SBS5 - 0.98)', ...]
	1.6s = Fit runtime
	119 features in original data used to generate 119 features in processed data.
	Train Data (Processed) Memory Usage: 10.93 MB (0.0% of available memory)
Data preprocessing and feature engineering runtime = 1.74s ...
AutoGluon will gauge predictive performance using evaluation metric: 'accuracy'
	To change this, specify the eval_metric parameter of Predictor()
Automatically generating train/validation split with holdout_frac=0.1, Train Rows: 13045, Val Rows: 1450
User-specified model hyperparameters to be fit:
{
	'GBM': [{'extra_trees': True, 'ag_args': {'name_suffix': 'XT'}}],
}
Fitting 1 L1 models, fit_strategy="sequential" ...
Fitting model: LightGBMXT ... Training model for up to 298.26s of the 298.26s of remaining time.
	0.9248	 = Validation score   (accuracy)
	10.49s	 = Training   runtime
	0.06s	 = Validation runtime
Fitting model: WeightedEnsemble_L2 ... Training model for up to 298.26s of the 287.60s of remaining time.
	Ensemble Weights: {'LightGBMXT': 1.0}
	0.9248	 = Validation score   (accuracy)
	0.03s	 = Training   runtime
	0.01s	 = Validation runtime
AutoGluon training complete, total runtime = 12.77s ... Best model: WeightedEnsemble_L2 | Estimated inference throughput: 20115.0 rows/s (1450 batch size)
Disabling decision threshold calibration for metric `accuracy` due to having fewer than 10000 rows of validation data for calibration, to avoid overfitting (1450 rows).
	`accuracy` is generally not improved through threshold calibration. Force calibration via specifying `calibrate_decision_threshold=True`.
TabularPredictor saved. To load, use: predictor = TabularPredictor.load("/home/baderlab/mzarant/SignatureInference/models/default/Predictor_S24 (SBS31 - 0.98)")
Verbosity: 2 (Standard Logging)
=================== System Info ===================
AutoGluon Version:  1.2
Python Version:     3.10.15
Operating System:   Linux
Platform Machine:   x86_64
Platform Version:   #1 SMP PREEMPT_DYNAMIC Thu Apr 3 12:12:16 UTC 2025
CPU Count:          272
Memory Avail:       199.16 GB / 203.90 GB (97.7%)
Disk Space Avail:   1381.69 GB / 5120.00 GB (27.0%)
===================================================
Presets specified: ['medium_quality']
Beginning AutoGluon training ... Time limit = 300s
AutoGluon will save models to "/home/baderlab/mzarant/SignatureInference/models/default/Predictor_S25 (SBS32 - 0.94)"
Train Data Rows:    14495
Train Data Columns: 120
Label Column:       S25 (SBS32 - 0.94)
Problem Type:       binary
Preprocessing data ...
Selected class <--> label mapping:  class 1 = True, class 0 = False
Using Feature Generators to preprocess the data ...
Fitting AutoMLPipelineFeatureGenerator...
	Available Memory:                    203949.79 MB
	Train Data (Original)  Memory Usage: 10.95 MB (0.0% of available memory)
	Inferring data type of each feature based on column values. Set feature_metadata_in to manually specify special dtypes of the features.
	Stage 1 Generators:
		Fitting AsTypeFeatureGenerator...
			Note: Converting 24 features to boolean dtype as they only contain 2 unique values.
	Stage 2 Generators:
		Fitting FillNaFeatureGenerator...
	Stage 3 Generators:
		Fitting IdentityFeatureGenerator...
	Stage 4 Generators:
		Fitting DropUniqueFeatureGenerator...
	Stage 5 Generators:
		Fitting DropDuplicatesFeatureGenerator...
	Types of features in original data (raw dtype, special dtypes):
		('bool', []) : 24 | ['S1 (SBS1 - 0.99)', 'S2 (SBS2 - 0.99)', 'S3 (SBS3 - 0.97)', 'S4 (SBS4 - 0.98)', 'S5 (SBS5 - 0.98)', ...]
		('int', [])  : 96 | ['A[C>A]A', 'A[C>A]C', 'A[C>A]G', 'A[C>A]T', 'A[C>G]A', ...]
	Types of features in processed data (raw dtype, special dtypes):
		('int', [])       : 96 | ['A[C>A]A', 'A[C>A]C', 'A[C>A]G', 'A[C>A]T', 'A[C>G]A', ...]
		('int', ['bool']) : 24 | ['S1 (SBS1 - 0.99)', 'S2 (SBS2 - 0.99)', 'S3 (SBS3 - 0.97)', 'S4 (SBS4 - 0.98)', 'S5 (SBS5 - 0.98)', ...]
	1.6s = Fit runtime
	120 features in original data used to generate 120 features in processed data.
	Train Data (Processed) Memory Usage: 10.95 MB (0.0% of available memory)
Data preprocessing and feature engineering runtime = 1.76s ...
AutoGluon will gauge predictive performance using evaluation metric: 'accuracy'
	To change this, specify the eval_metric parameter of Predictor()
Automatically generating train/validation split with holdout_frac=0.1, Train Rows: 13045, Val Rows: 1450
User-specified model hyperparameters to be fit:
{
	'GBM': [{'extra_trees': True, 'ag_args': {'name_suffix': 'XT'}}],
}
Fitting 1 L1 models, fit_strategy="sequential" ...
Fitting model: LightGBMXT ... Training model for up to 298.24s of the 298.24s of remaining time.
	0.7697	 = Validation score   (accuracy)
	9.72s	 = Training   runtime
	0.05s	 = Validation runtime
Fitting model: WeightedEnsemble_L2 ... Training model for up to 298.24s of the 288.37s of remaining time.
	Ensemble Weights: {'LightGBMXT': 1.0}
	0.7697	 = Validation score   (accuracy)
	0.03s	 = Training   runtime
	0.01s	 = Validation runtime
AutoGluon training complete, total runtime = 12.0s ... Best model: WeightedEnsemble_L2 | Estimated inference throughput: 23517.0 rows/s (1450 batch size)
Disabling decision threshold calibration for metric `accuracy` due to having fewer than 10000 rows of validation data for calibration, to avoid overfitting (1450 rows).
	`accuracy` is generally not improved through threshold calibration. Force calibration via specifying `calibrate_decision_threshold=True`.
TabularPredictor saved. To load, use: predictor = TabularPredictor.load("/home/baderlab/mzarant/SignatureInference/models/default/Predictor_S25 (SBS32 - 0.94)")
Verbosity: 2 (Standard Logging)
=================== System Info ===================
AutoGluon Version:  1.2
Python Version:     3.10.15
Operating System:   Linux
Platform Machine:   x86_64
Platform Version:   #1 SMP PREEMPT_DYNAMIC Thu Apr 3 12:12:16 UTC 2025
CPU Count:          272
Memory Avail:       199.16 GB / 203.90 GB (97.7%)
Disk Space Avail:   1381.69 GB / 5120.00 GB (27.0%)
===================================================
Presets specified: ['medium_quality']
Beginning AutoGluon training ... Time limit = 300s
AutoGluon will save models to "/home/baderlab/mzarant/SignatureInference/models/default/Predictor_S26 (SBS44 - 0.97)"
Train Data Rows:    14495
Train Data Columns: 121
Label Column:       S26 (SBS44 - 0.97)
Problem Type:       binary
Preprocessing data ...
Selected class <--> label mapping:  class 1 = True, class 0 = False
Using Feature Generators to preprocess the data ...
Fitting AutoMLPipelineFeatureGenerator...
	Available Memory:                    203955.39 MB
	Train Data (Original)  Memory Usage: 10.96 MB (0.0% of available memory)
	Inferring data type of each feature based on column values. Set feature_metadata_in to manually specify special dtypes of the features.
	Stage 1 Generators:
		Fitting AsTypeFeatureGenerator...
			Note: Converting 25 features to boolean dtype as they only contain 2 unique values.
	Stage 2 Generators:
		Fitting FillNaFeatureGenerator...
	Stage 3 Generators:
		Fitting IdentityFeatureGenerator...
	Stage 4 Generators:
		Fitting DropUniqueFeatureGenerator...
	Stage 5 Generators:
		Fitting DropDuplicatesFeatureGenerator...
	Types of features in original data (raw dtype, special dtypes):
		('bool', []) : 25 | ['S1 (SBS1 - 0.99)', 'S2 (SBS2 - 0.99)', 'S3 (SBS3 - 0.97)', 'S4 (SBS4 - 0.98)', 'S5 (SBS5 - 0.98)', ...]
		('int', [])  : 96 | ['A[C>A]A', 'A[C>A]C', 'A[C>A]G', 'A[C>A]T', 'A[C>G]A', ...]
	Types of features in processed data (raw dtype, special dtypes):
		('int', [])       : 96 | ['A[C>A]A', 'A[C>A]C', 'A[C>A]G', 'A[C>A]T', 'A[C>G]A', ...]
		('int', ['bool']) : 25 | ['S1 (SBS1 - 0.99)', 'S2 (SBS2 - 0.99)', 'S3 (SBS3 - 0.97)', 'S4 (SBS4 - 0.98)', 'S5 (SBS5 - 0.98)', ...]
	1.7s = Fit runtime
	121 features in original data used to generate 121 features in processed data.
	Train Data (Processed) Memory Usage: 10.96 MB (0.0% of available memory)
Data preprocessing and feature engineering runtime = 1.77s ...
AutoGluon will gauge predictive performance using evaluation metric: 'accuracy'
	To change this, specify the eval_metric parameter of Predictor()
Automatically generating train/validation split with holdout_frac=0.1, Train Rows: 13045, Val Rows: 1450
User-specified model hyperparameters to be fit:
{
	'GBM': [{'extra_trees': True, 'ag_args': {'name_suffix': 'XT'}}],
}
Fitting 1 L1 models, fit_strategy="sequential" ...
Fitting model: LightGBMXT ... Training model for up to 298.23s of the 298.23s of remaining time.
	0.7579	 = Validation score   (accuracy)
	11.04s	 = Training   runtime
	0.07s	 = Validation runtime
Fitting model: WeightedEnsemble_L2 ... Training model for up to 298.23s of the 287.01s of remaining time.
	Ensemble Weights: {'LightGBMXT': 1.0}
	0.7579	 = Validation score   (accuracy)
	0.03s	 = Training   runtime
	0.01s	 = Validation runtime
AutoGluon training complete, total runtime = 13.36s ... Best model: WeightedEnsemble_L2 | Estimated inference throughput: 19221.4 rows/s (1450 batch size)
Disabling decision threshold calibration for metric `accuracy` due to having fewer than 10000 rows of validation data for calibration, to avoid overfitting (1450 rows).
	`accuracy` is generally not improved through threshold calibration. Force calibration via specifying `calibrate_decision_threshold=True`.
TabularPredictor saved. To load, use: predictor = TabularPredictor.load("/home/baderlab/mzarant/SignatureInference/models/default/Predictor_S26 (SBS44 - 0.97)")
Verbosity: 2 (Standard Logging)
=================== System Info ===================
AutoGluon Version:  1.2
Python Version:     3.10.15
Operating System:   Linux
Platform Machine:   x86_64
Platform Version:   #1 SMP PREEMPT_DYNAMIC Thu Apr 3 12:12:16 UTC 2025
CPU Count:          272
Memory Avail:       199.16 GB / 203.90 GB (97.7%)
Disk Space Avail:   1381.69 GB / 5120.00 GB (27.0%)
===================================================
Presets specified: ['medium_quality']
Beginning AutoGluon training ... Time limit = 300s
AutoGluon will save models to "/home/baderlab/mzarant/SignatureInference/models/default/Predictor_S27 (SBS88 - 0.92)"
Train Data Rows:    14495
Train Data Columns: 122
Label Column:       S27 (SBS88 - 0.92)
Problem Type:       binary
Preprocessing data ...
Selected class <--> label mapping:  class 1 = True, class 0 = False
Using Feature Generators to preprocess the data ...
Fitting AutoMLPipelineFeatureGenerator...
	Available Memory:                    203953.58 MB
	Train Data (Original)  Memory Usage: 10.98 MB (0.0% of available memory)
	Inferring data type of each feature based on column values. Set feature_metadata_in to manually specify special dtypes of the features.
	Stage 1 Generators:
		Fitting AsTypeFeatureGenerator...
			Note: Converting 26 features to boolean dtype as they only contain 2 unique values.
	Stage 2 Generators:
		Fitting FillNaFeatureGenerator...
	Stage 3 Generators:
		Fitting IdentityFeatureGenerator...
	Stage 4 Generators:
		Fitting DropUniqueFeatureGenerator...
	Stage 5 Generators:
		Fitting DropDuplicatesFeatureGenerator...
	Types of features in original data (raw dtype, special dtypes):
		('bool', []) : 26 | ['S1 (SBS1 - 0.99)', 'S2 (SBS2 - 0.99)', 'S3 (SBS3 - 0.97)', 'S4 (SBS4 - 0.98)', 'S5 (SBS5 - 0.98)', ...]
		('int', [])  : 96 | ['A[C>A]A', 'A[C>A]C', 'A[C>A]G', 'A[C>A]T', 'A[C>G]A', ...]
	Types of features in processed data (raw dtype, special dtypes):
		('int', [])       : 96 | ['A[C>A]A', 'A[C>A]C', 'A[C>A]G', 'A[C>A]T', 'A[C>G]A', ...]
		('int', ['bool']) : 26 | ['S1 (SBS1 - 0.99)', 'S2 (SBS2 - 0.99)', 'S3 (SBS3 - 0.97)', 'S4 (SBS4 - 0.98)', 'S5 (SBS5 - 0.98)', ...]
	1.7s = Fit runtime
	122 features in original data used to generate 122 features in processed data.
	Train Data (Processed) Memory Usage: 10.98 MB (0.0% of available memory)
Data preprocessing and feature engineering runtime = 1.77s ...
AutoGluon will gauge predictive performance using evaluation metric: 'accuracy'
	To change this, specify the eval_metric parameter of Predictor()
Automatically generating train/validation split with holdout_frac=0.1, Train Rows: 13045, Val Rows: 1450
User-specified model hyperparameters to be fit:
{
	'GBM': [{'extra_trees': True, 'ag_args': {'name_suffix': 'XT'}}],
}
Fitting 1 L1 models, fit_strategy="sequential" ...
Fitting model: LightGBMXT ... Training model for up to 298.23s of the 298.23s of remaining time.
	0.7855	 = Validation score   (accuracy)
	11.82s	 = Training   runtime
	0.08s	 = Validation runtime
Fitting model: WeightedEnsemble_L2 ... Training model for up to 298.23s of the 286.20s of remaining time.
	Ensemble Weights: {'LightGBMXT': 1.0}
	0.7855	 = Validation score   (accuracy)
	0.02s	 = Training   runtime
	0.01s	 = Validation runtime
AutoGluon training complete, total runtime = 14.16s ... Best model: WeightedEnsemble_L2 | Estimated inference throughput: 17062.4 rows/s (1450 batch size)
Disabling decision threshold calibration for metric `accuracy` due to having fewer than 10000 rows of validation data for calibration, to avoid overfitting (1450 rows).
	`accuracy` is generally not improved through threshold calibration. Force calibration via specifying `calibrate_decision_threshold=True`.
TabularPredictor saved. To load, use: predictor = TabularPredictor.load("/home/baderlab/mzarant/SignatureInference/models/default/Predictor_S27 (SBS88 - 0.92)")
Verbosity: 2 (Standard Logging)
=================== System Info ===================
AutoGluon Version:  1.2
Python Version:     3.10.15
Operating System:   Linux
Platform Machine:   x86_64
Platform Version:   #1 SMP PREEMPT_DYNAMIC Thu Apr 3 12:12:16 UTC 2025
CPU Count:          272
Memory Avail:       199.16 GB / 203.90 GB (97.7%)
Disk Space Avail:   1381.69 GB / 5120.00 GB (27.0%)
===================================================
Presets specified: ['medium_quality']
Beginning AutoGluon training ... Time limit = 300s
AutoGluon will save models to "/home/baderlab/mzarant/SignatureInference/models/default/Predictor_S28 (SBS92 - 0.95)"
Train Data Rows:    14495
Train Data Columns: 123
Label Column:       S28 (SBS92 - 0.95)
Problem Type:       binary
Preprocessing data ...
Selected class <--> label mapping:  class 1 = True, class 0 = False
Using Feature Generators to preprocess the data ...
Fitting AutoMLPipelineFeatureGenerator...
	Available Memory:                    203954.18 MB
	Train Data (Original)  Memory Usage: 10.99 MB (0.0% of available memory)
	Inferring data type of each feature based on column values. Set feature_metadata_in to manually specify special dtypes of the features.
	Stage 1 Generators:
		Fitting AsTypeFeatureGenerator...
			Note: Converting 27 features to boolean dtype as they only contain 2 unique values.
	Stage 2 Generators:
		Fitting FillNaFeatureGenerator...
	Stage 3 Generators:
		Fitting IdentityFeatureGenerator...
	Stage 4 Generators:
		Fitting DropUniqueFeatureGenerator...
	Stage 5 Generators:
		Fitting DropDuplicatesFeatureGenerator...
	Types of features in original data (raw dtype, special dtypes):
		('bool', []) : 27 | ['S1 (SBS1 - 0.99)', 'S2 (SBS2 - 0.99)', 'S3 (SBS3 - 0.97)', 'S4 (SBS4 - 0.98)', 'S5 (SBS5 - 0.98)', ...]
		('int', [])  : 96 | ['A[C>A]A', 'A[C>A]C', 'A[C>A]G', 'A[C>A]T', 'A[C>G]A', ...]
	Types of features in processed data (raw dtype, special dtypes):
		('int', [])       : 96 | ['A[C>A]A', 'A[C>A]C', 'A[C>A]G', 'A[C>A]T', 'A[C>G]A', ...]
		('int', ['bool']) : 27 | ['S1 (SBS1 - 0.99)', 'S2 (SBS2 - 0.99)', 'S3 (SBS3 - 0.97)', 'S4 (SBS4 - 0.98)', 'S5 (SBS5 - 0.98)', ...]
	1.7s = Fit runtime
	123 features in original data used to generate 123 features in processed data.
	Train Data (Processed) Memory Usage: 10.99 MB (0.0% of available memory)
Data preprocessing and feature engineering runtime = 1.79s ...
AutoGluon will gauge predictive performance using evaluation metric: 'accuracy'
	To change this, specify the eval_metric parameter of Predictor()
Automatically generating train/validation split with holdout_frac=0.1, Train Rows: 13045, Val Rows: 1450
User-specified model hyperparameters to be fit:
{
	'GBM': [{'extra_trees': True, 'ag_args': {'name_suffix': 'XT'}}],
}
Fitting 1 L1 models, fit_strategy="sequential" ...
Fitting model: LightGBMXT ... Training model for up to 298.21s of the 298.21s of remaining time.
	0.8069	 = Validation score   (accuracy)
	6.7s	 = Training   runtime
	0.02s	 = Validation runtime
Fitting model: WeightedEnsemble_L2 ... Training model for up to 298.21s of the 291.43s of remaining time.
	Ensemble Weights: {'LightGBMXT': 1.0}
	0.8069	 = Validation score   (accuracy)
	0.02s	 = Training   runtime
	0.01s	 = Validation runtime
AutoGluon training complete, total runtime = 8.94s ... Best model: WeightedEnsemble_L2 | Estimated inference throughput: 46463.5 rows/s (1450 batch size)
Disabling decision threshold calibration for metric `accuracy` due to having fewer than 10000 rows of validation data for calibration, to avoid overfitting (1450 rows).
	`accuracy` is generally not improved through threshold calibration. Force calibration via specifying `calibrate_decision_threshold=True`.
TabularPredictor saved. To load, use: predictor = TabularPredictor.load("/home/baderlab/mzarant/SignatureInference/models/default/Predictor_S28 (SBS92 - 0.95)")
Verbosity: 2 (Standard Logging)
=================== System Info ===================
AutoGluon Version:  1.2
Python Version:     3.10.15
Operating System:   Linux
Platform Machine:   x86_64
Platform Version:   #1 SMP PREEMPT_DYNAMIC Thu Apr 3 12:12:16 UTC 2025
CPU Count:          272
Memory Avail:       199.16 GB / 203.90 GB (97.7%)
Disk Space Avail:   1381.69 GB / 5120.00 GB (27.0%)
===================================================
Presets specified: ['medium_quality']
Beginning AutoGluon training ... Time limit = 300s
AutoGluon will save models to "/home/baderlab/mzarant/SignatureInference/models/default/Predictor_S29 (SBS97 - 0.95)"
Train Data Rows:    14495
Train Data Columns: 124
Label Column:       S29 (SBS97 - 0.95)
Problem Type:       binary
Preprocessing data ...
Selected class <--> label mapping:  class 1 = True, class 0 = False
Using Feature Generators to preprocess the data ...
Fitting AutoMLPipelineFeatureGenerator...
	Available Memory:                    203952.94 MB
	Train Data (Original)  Memory Usage: 11.00 MB (0.0% of available memory)
	Inferring data type of each feature based on column values. Set feature_metadata_in to manually specify special dtypes of the features.
	Stage 1 Generators:
		Fitting AsTypeFeatureGenerator...
			Note: Converting 28 features to boolean dtype as they only contain 2 unique values.
	Stage 2 Generators:
		Fitting FillNaFeatureGenerator...
	Stage 3 Generators:
		Fitting IdentityFeatureGenerator...
	Stage 4 Generators:
		Fitting DropUniqueFeatureGenerator...
	Stage 5 Generators:
		Fitting DropDuplicatesFeatureGenerator...
	Types of features in original data (raw dtype, special dtypes):
		('bool', []) : 28 | ['S1 (SBS1 - 0.99)', 'S2 (SBS2 - 0.99)', 'S3 (SBS3 - 0.97)', 'S4 (SBS4 - 0.98)', 'S5 (SBS5 - 0.98)', ...]
		('int', [])  : 96 | ['A[C>A]A', 'A[C>A]C', 'A[C>A]G', 'A[C>A]T', 'A[C>G]A', ...]
	Types of features in processed data (raw dtype, special dtypes):
		('int', [])       : 96 | ['A[C>A]A', 'A[C>A]C', 'A[C>A]G', 'A[C>A]T', 'A[C>G]A', ...]
		('int', ['bool']) : 28 | ['S1 (SBS1 - 0.99)', 'S2 (SBS2 - 0.99)', 'S3 (SBS3 - 0.97)', 'S4 (SBS4 - 0.98)', 'S5 (SBS5 - 0.98)', ...]
	1.7s = Fit runtime
	124 features in original data used to generate 124 features in processed data.
	Train Data (Processed) Memory Usage: 11.00 MB (0.0% of available memory)
Data preprocessing and feature engineering runtime = 1.79s ...
AutoGluon will gauge predictive performance using evaluation metric: 'accuracy'
	To change this, specify the eval_metric parameter of Predictor()
Automatically generating train/validation split with holdout_frac=0.1, Train Rows: 13045, Val Rows: 1450
User-specified model hyperparameters to be fit:
{
	'GBM': [{'extra_trees': True, 'ag_args': {'name_suffix': 'XT'}}],
}
Fitting 1 L1 models, fit_strategy="sequential" ...
Fitting model: LightGBMXT ... Training model for up to 298.21s of the 298.21s of remaining time.
	0.8283	 = Validation score   (accuracy)
	9.8s	 = Training   runtime
	0.05s	 = Validation runtime
Fitting model: WeightedEnsemble_L2 ... Training model for up to 298.21s of the 288.26s of remaining time.
	Ensemble Weights: {'LightGBMXT': 1.0}
	0.8283	 = Validation score   (accuracy)
	0.03s	 = Training   runtime
	0.01s	 = Validation runtime
AutoGluon training complete, total runtime = 12.11s ... Best model: WeightedEnsemble_L2 | Estimated inference throughput: 24900.1 rows/s (1450 batch size)
Disabling decision threshold calibration for metric `accuracy` due to having fewer than 10000 rows of validation data for calibration, to avoid overfitting (1450 rows).
	`accuracy` is generally not improved through threshold calibration. Force calibration via specifying `calibrate_decision_threshold=True`.
TabularPredictor saved. To load, use: predictor = TabularPredictor.load("/home/baderlab/mzarant/SignatureInference/models/default/Predictor_S29 (SBS97 - 0.95)")
Taking the ground truth from: ./simulations/ground_truth/bin_exposures.csv
Saving the evaluation in: ./results/ligthgbmxt_evaluations.json
Saving the models in: ./models/default
Using quality of: medium_quality
Taking the hyperparameters from: lightgbmxt
Time limit: 300
Num run: 1
Skiping run 1 and sample 1
Skiping run 1 and sample 0.9
Skiping run 1 and sample 0.8
Skiping run 1 and sample 0.7
Skiping run 1 and sample 0.6
Skiping run 1 and sample 0.5
Skiping run 1 and sample 0.4
Skiping run 1 and sample 0.3
Skiping run 1 and sample 0.2
Skiping run 1 and sample 0.15
Skiping run 1 and sample 0.1
Skiping run 1 and sample 0.05
Skiping run 1 and sample 0.04
Running run 1 and sample 0.03
Skiping run 1 and sample 0.02
Running run 1 and sample 0.01
Fitting TabularPredictor for label: S1 (SBS1 - 0.99) ...
Fitting TabularPredictor for label: S1 (SBS1 - 0.99) ...
Fitting TabularPredictor for label: S2 (SBS2 - 0.99) ...
Fitting TabularPredictor for label: S2 (SBS2 - 0.99) ...
Fitting TabularPredictor for label: S3 (SBS3 - 0.97) ...
Fitting TabularPredictor for label: S3 (SBS3 - 0.97) ...
[1000]	valid_set's binary_error: 0.210345
Fitting TabularPredictor for label: S4 (SBS4 - 0.98) ...
[1000]	valid_set's binary_error: 0.237931
Fitting TabularPredictor for label: S4 (SBS4 - 0.98) ...
[1000]	valid_set's binary_error: 0.264138
Fitting TabularPredictor for label: S5 (SBS5 - 0.98) ...
Fitting TabularPredictor for label: S5 (SBS5 - 0.98) ...
Fitting TabularPredictor for label: S6 (SBS7a - 1.00) ...
Fitting TabularPredictor for label: S7 (SBS7b - 0.96) ...
[1000]	valid_set's binary_error: 0.118621
Fitting TabularPredictor for label: S6 (SBS7a - 1.00) ...
Fitting TabularPredictor for label: S8 (SBS8 - 0.92) ...
Fitting TabularPredictor for label: S7 (SBS7b - 0.96) ...
Fitting TabularPredictor for label: S9 (SBS9 - 0.94) ...
Fitting TabularPredictor for label: S10 (SBS10a - 1.00) ...
Fitting TabularPredictor for label: S8 (SBS8 - 0.92) ...
Fitting TabularPredictor for label: S11 (SBS10d - 0.98) ...
[1000]	valid_set's binary_error: 0.236552
Fitting TabularPredictor for label: S12 (SBS11 - 0.99) ...
Fitting TabularPredictor for label: S13 (SBS13 - 0.99) ...
Fitting TabularPredictor for label: S14 (SBS14 - 0.98) ...
Fitting TabularPredictor for label: S9 (SBS9 - 0.94) ...
Fitting TabularPredictor for label: S15 (SBS15 - 0.97) ...
Fitting TabularPredictor for label: S16 (SBS17 - 0.99) ...
Fitting TabularPredictor for label: S17 (SBS18 - 0.97) ...
[1000]	valid_set's binary_error: 0.193103
Fitting TabularPredictor for label: S18 (SBS19 - 0.95) ...
Fitting TabularPredictor for label: S19 (SBS20 - 0.98) ...
Fitting TabularPredictor for label: S20 (SBS22 - 0.99) ...
Fitting TabularPredictor for label: S10 (SBS10a - 1.00) ...
Fitting TabularPredictor for label: S21 (SBS23 - 0.94) ...
Fitting TabularPredictor for label: S11 (SBS10d - 0.98) ...
Fitting TabularPredictor for label: S22 (SBS26 - 0.94) ...
Fitting TabularPredictor for label: S23 (SBS28 - 0.96) ...
Fitting TabularPredictor for label: S12 (SBS11 - 0.99) ...
Fitting TabularPredictor for label: S24 (SBS31 - 0.98) ...
Fitting TabularPredictor for label: S25 (SBS32 - 0.94) ...
Fitting TabularPredictor for label: S13 (SBS13 - 0.99) ...
Fitting TabularPredictor for label: S14 (SBS14 - 0.98) ...
Fitting TabularPredictor for label: S26 (SBS44 - 0.97) ...
Fitting TabularPredictor for label: S15 (SBS15 - 0.97) ...
Fitting TabularPredictor for label: S27 (SBS88 - 0.92) ...
Fitting TabularPredictor for label: S28 (SBS92 - 0.95) ...
Fitting TabularPredictor for label: S29 (SBS97 - 0.95) ...
MultilabelPredictor saved to disk. Load with: MultilabelPredictor.load('/home/baderlab/mzarant/SignatureInference/models/default')
Evaluating TabularPredictor for label: S1 (SBS1 - 0.99) ...
Evaluating TabularPredictor for label: S2 (SBS2 - 0.99) ...
Evaluating TabularPredictor for label: S3 (SBS3 - 0.97) ...
Evaluating TabularPredictor for label: S4 (SBS4 - 0.98) ...
Evaluating TabularPredictor for label: S5 (SBS5 - 0.98) ...
Evaluating TabularPredictor for label: S6 (SBS7a - 1.00) ...
Evaluating TabularPredictor for label: S7 (SBS7b - 0.96) ...
Evaluating TabularPredictor for label: S8 (SBS8 - 0.92) ...
Evaluating TabularPredictor for label: S9 (SBS9 - 0.94) ...
Evaluating TabularPredictor for label: S10 (SBS10a - 1.00) ...
Evaluating TabularPredictor for label: S11 (SBS10d - 0.98) ...
Evaluating TabularPredictor for label: S12 (SBS11 - 0.99) ...
Evaluating TabularPredictor for label: S13 (SBS13 - 0.99) ...
Evaluating TabularPredictor for label: S14 (SBS14 - 0.98) ...
Evaluating TabularPredictor for label: S15 (SBS15 - 0.97) ...
Evaluating TabularPredictor for label: S16 (SBS17 - 0.99) ...
Evaluating TabularPredictor for label: S17 (SBS18 - 0.97) ...
Evaluating TabularPredictor for label: S18 (SBS19 - 0.95) ...
Evaluating TabularPredictor for label: S19 (SBS20 - 0.98) ...
Evaluating TabularPredictor for label: S20 (SBS22 - 0.99) ...
Evaluating TabularPredictor for label: S21 (SBS23 - 0.94) ...
Evaluating TabularPredictor for label: S22 (SBS26 - 0.94) ...
Evaluating TabularPredictor for label: S23 (SBS28 - 0.96) ...
Evaluating TabularPredictor for label: S24 (SBS31 - 0.98) ...
Evaluating TabularPredictor for label: S25 (SBS32 - 0.94) ...
Evaluating TabularPredictor for label: S26 (SBS44 - 0.97) ...
Evaluating TabularPredictor for label: S27 (SBS88 - 0.92) ...
Evaluating TabularPredictor for label: S28 (SBS92 - 0.95) ...
Evaluating TabularPredictor for label: S29 (SBS97 - 0.95) ...
Fitting TabularPredictor for label: S16 (SBS17 - 0.99) ...
Fitting TabularPredictor for label: S17 (SBS18 - 0.97) ...
Fitting TabularPredictor for label: S18 (SBS19 - 0.95) ...
Fitting TabularPredictor for label: S19 (SBS20 - 0.98) ...
Fitting TabularPredictor for label: S20 (SBS22 - 0.99) ...
[1000]	valid_set's binary_error: 0.224138
Fitting TabularPredictor for label: S21 (SBS23 - 0.94) ...
Fitting TabularPredictor for label: S22 (SBS26 - 0.94) ...
Fitting TabularPredictor for label: S23 (SBS28 - 0.96) ...
Fitting TabularPredictor for label: S24 (SBS31 - 0.98) ...
Fitting TabularPredictor for label: S25 (SBS32 - 0.94) ...
Fitting TabularPredictor for label: S26 (SBS44 - 0.97) ...
Fitting TabularPredictor for label: S27 (SBS88 - 0.92) ...
Fitting TabularPredictor for label: S28 (SBS92 - 0.95) ...
Fitting TabularPredictor for label: S29 (SBS97 - 0.95) ...
MultilabelPredictor saved to disk. Load with: MultilabelPredictor.load('/home/baderlab/mzarant/SignatureInference/models/default')
Evaluating TabularPredictor for label: S1 (SBS1 - 0.99) ...
Evaluating TabularPredictor for label: S2 (SBS2 - 0.99) ...
Evaluating TabularPredictor for label: S3 (SBS3 - 0.97) ...
Evaluating TabularPredictor for label: S4 (SBS4 - 0.98) ...
Evaluating TabularPredictor for label: S5 (SBS5 - 0.98) ...
Evaluating TabularPredictor for label: S6 (SBS7a - 1.00) ...
Evaluating TabularPredictor for label: S7 (SBS7b - 0.96) ...
Evaluating TabularPredictor for label: S8 (SBS8 - 0.92) ...
Evaluating TabularPredictor for label: S9 (SBS9 - 0.94) ...
Evaluating TabularPredictor for label: S10 (SBS10a - 1.00) ...
Evaluating TabularPredictor for label: S11 (SBS10d - 0.98) ...
Evaluating TabularPredictor for label: S12 (SBS11 - 0.99) ...
Evaluating TabularPredictor for label: S13 (SBS13 - 0.99) ...
Evaluating TabularPredictor for label: S14 (SBS14 - 0.98) ...
Evaluating TabularPredictor for label: S15 (SBS15 - 0.97) ...
Evaluating TabularPredictor for label: S16 (SBS17 - 0.99) ...
Evaluating TabularPredictor for label: S17 (SBS18 - 0.97) ...
Evaluating TabularPredictor for label: S18 (SBS19 - 0.95) ...
Evaluating TabularPredictor for label: S19 (SBS20 - 0.98) ...
Evaluating TabularPredictor for label: S20 (SBS22 - 0.99) ...
Evaluating TabularPredictor for label: S21 (SBS23 - 0.94) ...
Evaluating TabularPredictor for label: S22 (SBS26 - 0.94) ...
Evaluating TabularPredictor for label: S23 (SBS28 - 0.96) ...
Evaluating TabularPredictor for label: S24 (SBS31 - 0.98) ...
Evaluating TabularPredictor for label: S25 (SBS32 - 0.94) ...
Evaluating TabularPredictor for label: S26 (SBS44 - 0.97) ...
Evaluating TabularPredictor for label: S27 (SBS88 - 0.92) ...
Evaluating TabularPredictor for label: S28 (SBS92 - 0.95) ...
Evaluating TabularPredictor for label: S29 (SBS97 - 0.95) ...
