No path specified. Models will be saved in: "AutogluonModels/ag-20250416_034029-001"
No path specified. Models will be saved in: "AutogluonModels/ag-20250416_034029-002"
No path specified. Models will be saved in: "AutogluonModels/ag-20250416_034029-003"
No path specified. Models will be saved in: "AutogluonModels/ag-20250416_034029-004"
No path specified. Models will be saved in: "AutogluonModels/ag-20250416_034029-005"
No path specified. Models will be saved in: "AutogluonModels/ag-20250416_034029-006"
No path specified. Models will be saved in: "AutogluonModels/ag-20250416_034029-007"
No path specified. Models will be saved in: "AutogluonModels/ag-20250416_034029-008"
No path specified. Models will be saved in: "AutogluonModels/ag-20250416_034029-009"
No path specified. Models will be saved in: "AutogluonModels/ag-20250416_034029-010"
Presets specified: ['medium_quality']
No path specified. Models will be saved in: "AutogluonModels/ag-20250416_034029-011"
No path specified. Models will be saved in: "AutogluonModels/ag-20250416_034029-012"
Presets specified: ['medium_quality']
Presets specified: ['medium_quality']
No path specified. Models will be saved in: "AutogluonModels/ag-20250416_034029-013"
No path specified. Models will be saved in: "AutogluonModels/ag-20250416_034029-014"
Presets specified: ['medium_quality']
Presets specified: ['medium_quality']
Presets specified: ['medium_quality']
No path specified. Models will be saved in: "AutogluonModels/ag-20250416_034029-015"
Presets specified: ['medium_quality']
Presets specified: ['medium_quality']
Presets specified: ['medium_quality']
Presets specified: ['medium_quality']
Presets specified: ['medium_quality']
Presets specified: ['medium_quality']
Presets specified: ['medium_quality']
Presets specified: ['medium_quality']
Presets specified: ['medium_quality']
Presets specified: ['medium_quality']
Beginning AutoGluon training ...
Beginning AutoGluon training ...
Beginning AutoGluon training ...
AutoGluon will save models to "AutogluonModels/ag-20250416_034029/Predictor_S1 (SBS1 - 0.99)"
Beginning AutoGluon training ...
AutoGluon will save models to "AutogluonModels/ag-20250416_034029-001/Predictor_S1 (SBS1 - 0.99)"
Beginning AutoGluon training ...
Beginning AutoGluon training ...
AutoGluon will save models to "AutogluonModels/ag-20250416_034029-002/Predictor_S1 (SBS1 - 0.99)"
Beginning AutoGluon training ...
Beginning AutoGluon training ...
Beginning AutoGluon training ...
Beginning AutoGluon training ...
AutoGluon will save models to "AutogluonModels/ag-20250416_034029-005/Predictor_S1 (SBS1 - 0.99)"
Beginning AutoGluon training ...
Beginning AutoGluon training ...
Beginning AutoGluon training ...
Beginning AutoGluon training ...
Beginning AutoGluon training ...
AutoGluon will save models to "AutogluonModels/ag-20250416_034029-003/Predictor_S1 (SBS1 - 0.99)"
=================== System Info ===================
AutoGluon Version:  1.1.0
Python Version:     3.10.15
Operating System:   Linux
Platform Machine:   x86_64
Platform Version:   #1 SMP PREEMPT_DYNAMIC Thu Apr 3 12:12:16 UTC 2025
CPU Count:          272
Memory Avail:       198.79 GB / 203.90 GB (97.5%)
Disk Space Avail:   1357.93 GB / 5120.00 GB (26.5%)
===================================================
Beginning AutoGluon training ...
AutoGluon will save models to "AutogluonModels/ag-20250416_034029-008/Predictor_S1 (SBS1 - 0.99)"
AutoGluon will save models to "AutogluonModels/ag-20250416_034029-004/Predictor_S1 (SBS1 - 0.99)"
=================== System Info ===================
AutoGluon Version:  1.1.0
Python Version:     3.10.15
Operating System:   Linux
Platform Machine:   x86_64
Platform Version:   #1 SMP PREEMPT_DYNAMIC Thu Apr 3 12:12:16 UTC 2025
CPU Count:          272
Memory Avail:       198.79 GB / 203.90 GB (97.5%)
Disk Space Avail:   1357.93 GB / 5120.00 GB (26.5%)
===================================================
AutoGluon will save models to "AutogluonModels/ag-20250416_034029-007/Predictor_S1 (SBS1 - 0.99)"
AutoGluon will save models to "AutogluonModels/ag-20250416_034029-006/Predictor_S1 (SBS1 - 0.99)"
AutoGluon will save models to "AutogluonModels/ag-20250416_034029-009/Predictor_S1 (SBS1 - 0.99)"
=================== System Info ===================
AutoGluon Version:  1.1.0
Python Version:     3.10.15
Operating System:   Linux
Platform Machine:   x86_64
Platform Version:   #1 SMP PREEMPT_DYNAMIC Thu Apr 3 12:12:16 UTC 2025
CPU Count:          272
Memory Avail:       198.79 GB / 203.90 GB (97.5%)
Disk Space Avail:   1357.93 GB / 5120.00 GB (26.5%)
===================================================
AutoGluon will save models to "AutogluonModels/ag-20250416_034029-011/Predictor_S1 (SBS1 - 0.99)"
AutoGluon will save models to "AutogluonModels/ag-20250416_034029-014/Predictor_S1 (SBS1 - 0.99)"
AutoGluon will save models to "AutogluonModels/ag-20250416_034029-010/Predictor_S1 (SBS1 - 0.99)"
AutoGluon will save models to "AutogluonModels/ag-20250416_034029-012/Predictor_S1 (SBS1 - 0.99)"
=================== System Info ===================
AutoGluon Version:  1.1.0
Python Version:     3.10.15
Operating System:   Linux
Platform Machine:   x86_64
Platform Version:   #1 SMP PREEMPT_DYNAMIC Thu Apr 3 12:12:16 UTC 2025
CPU Count:          272
Memory Avail:       198.79 GB / 203.90 GB (97.5%)
Disk Space Avail:   1357.93 GB / 5120.00 GB (26.5%)
===================================================
AutoGluon will save models to "AutogluonModels/ag-20250416_034029-013/Predictor_S1 (SBS1 - 0.99)"
Train Data Rows:    14495
AutoGluon will save models to "AutogluonModels/ag-20250416_034029-015/Predictor_S1 (SBS1 - 0.99)"
Train Data Rows:    14495
=================== System Info ===================
AutoGluon Version:  1.1.0
Python Version:     3.10.15
Operating System:   Linux
Platform Machine:   x86_64
Platform Version:   #1 SMP PREEMPT_DYNAMIC Thu Apr 3 12:12:16 UTC 2025
CPU Count:          272
Memory Avail:       198.79 GB / 203.90 GB (97.5%)
Disk Space Avail:   1357.93 GB / 5120.00 GB (26.5%)
===================================================
=================== System Info ===================
AutoGluon Version:  1.1.0
Python Version:     3.10.15
Operating System:   Linux
Platform Machine:   x86_64
Platform Version:   #1 SMP PREEMPT_DYNAMIC Thu Apr 3 12:12:16 UTC 2025
CPU Count:          272
Memory Avail:       198.79 GB / 203.90 GB (97.5%)
Disk Space Avail:   1357.93 GB / 5120.00 GB (26.5%)
===================================================
=================== System Info ===================
AutoGluon Version:  1.1.0
Python Version:     3.10.15
Operating System:   Linux
Platform Machine:   x86_64
Platform Version:   #1 SMP PREEMPT_DYNAMIC Thu Apr 3 12:12:16 UTC 2025
CPU Count:          272
Memory Avail:       198.79 GB / 203.90 GB (97.5%)
Disk Space Avail:   1357.93 GB / 5120.00 GB (26.5%)
===================================================
=================== System Info ===================
AutoGluon Version:  1.1.0
Python Version:     3.10.15
Operating System:   Linux
Platform Machine:   x86_64
Platform Version:   #1 SMP PREEMPT_DYNAMIC Thu Apr 3 12:12:16 UTC 2025
CPU Count:          272
Memory Avail:       198.79 GB / 203.90 GB (97.5%)
Disk Space Avail:   1357.93 GB / 5120.00 GB (26.5%)
===================================================
Train Data Rows:    14495
=================== System Info ===================
AutoGluon Version:  1.1.0
Python Version:     3.10.15
Operating System:   Linux
Platform Machine:   x86_64
Platform Version:   #1 SMP PREEMPT_DYNAMIC Thu Apr 3 12:12:16 UTC 2025
CPU Count:          272
Memory Avail:       198.79 GB / 203.90 GB (97.5%)
Disk Space Avail:   1357.93 GB / 5120.00 GB (26.5%)
===================================================
=================== System Info ===================
AutoGluon Version:  1.1.0
Python Version:     3.10.15
Operating System:   Linux
Platform Machine:   x86_64
Platform Version:   #1 SMP PREEMPT_DYNAMIC Thu Apr 3 12:12:16 UTC 2025
CPU Count:          272
Memory Avail:       198.79 GB / 203.90 GB (97.5%)
Disk Space Avail:   1357.93 GB / 5120.00 GB (26.5%)
===================================================
=================== System Info ===================
AutoGluon Version:  1.1.0
Python Version:     3.10.15
Operating System:   Linux
Platform Machine:   x86_64
Platform Version:   #1 SMP PREEMPT_DYNAMIC Thu Apr 3 12:12:16 UTC 2025
CPU Count:          272
Memory Avail:       198.79 GB / 203.90 GB (97.5%)
Disk Space Avail:   1357.93 GB / 5120.00 GB (26.5%)
===================================================
Train Data Rows:    14495
=================== System Info ===================
AutoGluon Version:  1.1.0
Python Version:     3.10.15
Operating System:   Linux
Platform Machine:   x86_64
Platform Version:   #1 SMP PREEMPT_DYNAMIC Thu Apr 3 12:12:16 UTC 2025
CPU Count:          272
Memory Avail:       198.79 GB / 203.90 GB (97.5%)
Disk Space Avail:   1357.93 GB / 5120.00 GB (26.5%)
===================================================
Train Data Columns: 96
=================== System Info ===================
AutoGluon Version:  1.1.0
Python Version:     3.10.15
Operating System:   Linux
Platform Machine:   x86_64
Platform Version:   #1 SMP PREEMPT_DYNAMIC Thu Apr 3 12:12:16 UTC 2025
CPU Count:          272
Memory Avail:       198.79 GB / 203.90 GB (97.5%)
Disk Space Avail:   1357.93 GB / 5120.00 GB (26.5%)
===================================================
Train Data Columns: 96
=================== System Info ===================
AutoGluon Version:  1.1.0
Python Version:     3.10.15
Operating System:   Linux
Platform Machine:   x86_64
Platform Version:   #1 SMP PREEMPT_DYNAMIC Thu Apr 3 12:12:16 UTC 2025
CPU Count:          272
Memory Avail:       198.79 GB / 203.90 GB (97.5%)
Disk Space Avail:   1357.93 GB / 5120.00 GB (26.5%)
===================================================
Train Data Rows:    14495
=================== System Info ===================
AutoGluon Version:  1.1.0
Python Version:     3.10.15
Operating System:   Linux
Platform Machine:   x86_64
Platform Version:   #1 SMP PREEMPT_DYNAMIC Thu Apr 3 12:12:16 UTC 2025
CPU Count:          272
Memory Avail:       198.79 GB / 203.90 GB (97.5%)
Disk Space Avail:   1357.93 GB / 5120.00 GB (26.5%)
===================================================
Train Data Rows:    14495
Train Data Rows:    14495
=================== System Info ===================
AutoGluon Version:  1.1.0
Python Version:     3.10.15
Operating System:   Linux
Platform Machine:   x86_64
Platform Version:   #1 SMP PREEMPT_DYNAMIC Thu Apr 3 12:12:16 UTC 2025
CPU Count:          272
Memory Avail:       198.79 GB / 203.90 GB (97.5%)
Disk Space Avail:   1357.93 GB / 5120.00 GB (26.5%)
===================================================
Train Data Rows:    14495
Train Data Columns: 96
Train Data Rows:    14495
Train Data Rows:    14495
Train Data Rows:    14495
Train Data Columns: 96
Train Data Rows:    14495
Label Column:       S1 (SBS1 - 0.99)
Train Data Rows:    14495
Label Column:       S1 (SBS1 - 0.99)
Train Data Rows:    14495
Train Data Columns: 96
Train Data Rows:    14495
Train Data Columns: 96
Train Data Columns: 96
Train Data Rows:    14495
Train Data Columns: 96
Label Column:       S1 (SBS1 - 0.99)
Train Data Columns: 96
Train Data Columns: 96
Train Data Columns: 96
Label Column:       S1 (SBS1 - 0.99)
Train Data Columns: 96
Train Data Columns: 96
AutoGluon infers your prediction problem is: 'binary' (because only two unique label-values observed).
Train Data Columns: 96
AutoGluon infers your prediction problem is: 'binary' (because only two unique label-values observed).
Label Column:       S1 (SBS1 - 0.99)
Train Data Columns: 96
Label Column:       S1 (SBS1 - 0.99)
Label Column:       S1 (SBS1 - 0.99)
Train Data Columns: 96
Label Column:       S1 (SBS1 - 0.99)
Label Column:       S1 (SBS1 - 0.99)
AutoGluon infers your prediction problem is: 'binary' (because only two unique label-values observed).
Label Column:       S1 (SBS1 - 0.99)
Label Column:       S1 (SBS1 - 0.99)
Label Column:       S1 (SBS1 - 0.99)
AutoGluon infers your prediction problem is: 'binary' (because only two unique label-values observed).
Label Column:       S1 (SBS1 - 0.99)
	2 unique label values:  [True, False]
Label Column:       S1 (SBS1 - 0.99)
	2 unique label values:  [True, False]
Label Column:       S1 (SBS1 - 0.99)
AutoGluon infers your prediction problem is: 'binary' (because only two unique label-values observed).
AutoGluon infers your prediction problem is: 'binary' (because only two unique label-values observed).
Label Column:       S1 (SBS1 - 0.99)
AutoGluon infers your prediction problem is: 'binary' (because only two unique label-values observed).
AutoGluon infers your prediction problem is: 'binary' (because only two unique label-values observed).
	2 unique label values:  [True, False]
AutoGluon infers your prediction problem is: 'binary' (because only two unique label-values observed).
AutoGluon infers your prediction problem is: 'binary' (because only two unique label-values observed).
AutoGluon infers your prediction problem is: 'binary' (because only two unique label-values observed).
AutoGluon infers your prediction problem is: 'binary' (because only two unique label-values observed).
	2 unique label values:  [True, False]
	If 'binary' is not the correct problem_type, please manually specify the problem_type parameter during predictor init (You may specify problem_type as one of: ['binary', 'multiclass', 'regression'])
AutoGluon infers your prediction problem is: 'binary' (because only two unique label-values observed).
	If 'binary' is not the correct problem_type, please manually specify the problem_type parameter during predictor init (You may specify problem_type as one of: ['binary', 'multiclass', 'regression'])
AutoGluon infers your prediction problem is: 'binary' (because only two unique label-values observed).
	2 unique label values:  [True, False]
AutoGluon infers your prediction problem is: 'binary' (because only two unique label-values observed).
	2 unique label values:  [True, False]
	2 unique label values:  [True, False]
AutoGluon infers your prediction problem is: 'binary' (because only two unique label-values observed).
	2 unique label values:  [True, False]
	If 'binary' is not the correct problem_type, please manually specify the problem_type parameter during predictor init (You may specify problem_type as one of: ['binary', 'multiclass', 'regression'])
	2 unique label values:  [True, False]
	2 unique label values:  [True, False]
	2 unique label values:  [True, False]
	2 unique label values:  [True, False]
	If 'binary' is not the correct problem_type, please manually specify the problem_type parameter during predictor init (You may specify problem_type as one of: ['binary', 'multiclass', 'regression'])
Problem Type:       binary
	2 unique label values:  [True, False]
Problem Type:       binary
	2 unique label values:  [True, False]
	If 'binary' is not the correct problem_type, please manually specify the problem_type parameter during predictor init (You may specify problem_type as one of: ['binary', 'multiclass', 'regression'])
	2 unique label values:  [True, False]
	If 'binary' is not the correct problem_type, please manually specify the problem_type parameter during predictor init (You may specify problem_type as one of: ['binary', 'multiclass', 'regression'])
	If 'binary' is not the correct problem_type, please manually specify the problem_type parameter during predictor init (You may specify problem_type as one of: ['binary', 'multiclass', 'regression'])
	2 unique label values:  [True, False]
	If 'binary' is not the correct problem_type, please manually specify the problem_type parameter during predictor init (You may specify problem_type as one of: ['binary', 'multiclass', 'regression'])
Problem Type:       binary
	If 'binary' is not the correct problem_type, please manually specify the problem_type parameter during predictor init (You may specify problem_type as one of: ['binary', 'multiclass', 'regression'])
	If 'binary' is not the correct problem_type, please manually specify the problem_type parameter during predictor init (You may specify problem_type as one of: ['binary', 'multiclass', 'regression'])
	If 'binary' is not the correct problem_type, please manually specify the problem_type parameter during predictor init (You may specify problem_type as one of: ['binary', 'multiclass', 'regression'])
	If 'binary' is not the correct problem_type, please manually specify the problem_type parameter during predictor init (You may specify problem_type as one of: ['binary', 'multiclass', 'regression'])
Problem Type:       binary
Preprocessing data ...
	If 'binary' is not the correct problem_type, please manually specify the problem_type parameter during predictor init (You may specify problem_type as one of: ['binary', 'multiclass', 'regression'])
Preprocessing data ...
	If 'binary' is not the correct problem_type, please manually specify the problem_type parameter during predictor init (You may specify problem_type as one of: ['binary', 'multiclass', 'regression'])
Problem Type:       binary
	If 'binary' is not the correct problem_type, please manually specify the problem_type parameter during predictor init (You may specify problem_type as one of: ['binary', 'multiclass', 'regression'])
Problem Type:       binary
Problem Type:       binary
	If 'binary' is not the correct problem_type, please manually specify the problem_type parameter during predictor init (You may specify problem_type as one of: ['binary', 'multiclass', 'regression'])
Problem Type:       binary
Preprocessing data ...
Problem Type:       binary
Problem Type:       binary
Problem Type:       binary
Problem Type:       binary
Preprocessing data ...
Problem Type:       binary
Problem Type:       binary
Preprocessing data ...
Problem Type:       binary
Preprocessing data ...
Preprocessing data ...
Problem Type:       binary
Preprocessing data ...
Preprocessing data ...
Selected class <--> label mapping:  class 1 = True, class 0 = False
Preprocessing data ...
Preprocessing data ...
Preprocessing data ...
Preprocessing data ...
Selected class <--> label mapping:  class 1 = True, class 0 = False
Preprocessing data ...
Preprocessing data ...
Preprocessing data ...
Selected class <--> label mapping:  class 1 = True, class 0 = False
Selected class <--> label mapping:  class 1 = True, class 0 = False
Selected class <--> label mapping:  class 1 = True, class 0 = False
Selected class <--> label mapping:  class 1 = True, class 0 = False
Using Feature Generators to preprocess the data ...
Selected class <--> label mapping:  class 1 = True, class 0 = False
Selected class <--> label mapping:  class 1 = True, class 0 = False
Selected class <--> label mapping:  class 1 = True, class 0 = False
Selected class <--> label mapping:  class 1 = True, class 0 = False
Selected class <--> label mapping:  class 1 = True, class 0 = False
Selected class <--> label mapping:  class 1 = True, class 0 = False
Selected class <--> label mapping:  class 1 = True, class 0 = False
Selected class <--> label mapping:  class 1 = True, class 0 = False
Using Feature Generators to preprocess the data ...
Using Feature Generators to preprocess the data ...
Selected class <--> label mapping:  class 1 = True, class 0 = False
Using Feature Generators to preprocess the data ...
Using Feature Generators to preprocess the data ...
Fitting AutoMLPipelineFeatureGenerator...
Selected class <--> label mapping:  class 1 = True, class 0 = False
Using Feature Generators to preprocess the data ...
Using Feature Generators to preprocess the data ...
Using Feature Generators to preprocess the data ...
Using Feature Generators to preprocess the data ...
Using Feature Generators to preprocess the data ...
Using Feature Generators to preprocess the data ...
Using Feature Generators to preprocess the data ...
Fitting AutoMLPipelineFeatureGenerator...
Using Feature Generators to preprocess the data ...
Fitting AutoMLPipelineFeatureGenerator...
Fitting AutoMLPipelineFeatureGenerator...
Fitting AutoMLPipelineFeatureGenerator...
Using Feature Generators to preprocess the data ...
Using Feature Generators to preprocess the data ...
Fitting AutoMLPipelineFeatureGenerator...
Fitting AutoMLPipelineFeatureGenerator...
Using Feature Generators to preprocess the data ...
Fitting AutoMLPipelineFeatureGenerator...
Fitting AutoMLPipelineFeatureGenerator...
Fitting AutoMLPipelineFeatureGenerator...
Fitting AutoMLPipelineFeatureGenerator...
Fitting AutoMLPipelineFeatureGenerator...
	Available Memory:                    203214.33 MB
Fitting AutoMLPipelineFeatureGenerator...
	Available Memory:                    203214.41 MB
	Available Memory:                    203214.41 MB
Fitting AutoMLPipelineFeatureGenerator...
Fitting AutoMLPipelineFeatureGenerator...
	Available Memory:                    203214.41 MB
	Available Memory:                    203214.41 MB
Fitting AutoMLPipelineFeatureGenerator...
	Available Memory:                    203214.41 MB
	Available Memory:                    203214.41 MB
	Train Data (Original)  Memory Usage: 10.62 MB (0.0% of available memory)
	Available Memory:                    203214.41 MB
	Available Memory:                    203214.41 MB
	Train Data (Original)  Memory Usage: 10.62 MB (0.0% of available memory)
	Train Data (Original)  Memory Usage: 10.62 MB (0.0% of available memory)
	Available Memory:                    203214.41 MB
	Available Memory:                    203214.41 MB
	Available Memory:                    203214.41 MB
	Available Memory:                    203214.41 MB
	Train Data (Original)  Memory Usage: 10.62 MB (0.0% of available memory)
	Available Memory:                    203214.41 MB
	Train Data (Original)  Memory Usage: 10.62 MB (0.0% of available memory)
	Train Data (Original)  Memory Usage: 10.62 MB (0.0% of available memory)
	Train Data (Original)  Memory Usage: 10.62 MB (0.0% of available memory)
	Available Memory:                    203214.41 MB
	Inferring data type of each feature based on column values. Set feature_metadata_in to manually specify special dtypes of the features.
	Train Data (Original)  Memory Usage: 10.62 MB (0.0% of available memory)
	Train Data (Original)  Memory Usage: 10.62 MB (0.0% of available memory)
	Available Memory:                    203215.27 MB
	Train Data (Original)  Memory Usage: 10.62 MB (0.0% of available memory)
	Inferring data type of each feature based on column values. Set feature_metadata_in to manually specify special dtypes of the features.
	Inferring data type of each feature based on column values. Set feature_metadata_in to manually specify special dtypes of the features.
	Train Data (Original)  Memory Usage: 10.62 MB (0.0% of available memory)
	Train Data (Original)  Memory Usage: 10.62 MB (0.0% of available memory)
	Train Data (Original)  Memory Usage: 10.62 MB (0.0% of available memory)
	Train Data (Original)  Memory Usage: 10.62 MB (0.0% of available memory)
	Inferring data type of each feature based on column values. Set feature_metadata_in to manually specify special dtypes of the features.
	Inferring data type of each feature based on column values. Set feature_metadata_in to manually specify special dtypes of the features.
	Inferring data type of each feature based on column values. Set feature_metadata_in to manually specify special dtypes of the features.
	Train Data (Original)  Memory Usage: 10.62 MB (0.0% of available memory)
	Inferring data type of each feature based on column values. Set feature_metadata_in to manually specify special dtypes of the features.
	Inferring data type of each feature based on column values. Set feature_metadata_in to manually specify special dtypes of the features.
	Train Data (Original)  Memory Usage: 10.62 MB (0.0% of available memory)
	Inferring data type of each feature based on column values. Set feature_metadata_in to manually specify special dtypes of the features.
	Inferring data type of each feature based on column values. Set feature_metadata_in to manually specify special dtypes of the features.
	Inferring data type of each feature based on column values. Set feature_metadata_in to manually specify special dtypes of the features.
	Inferring data type of each feature based on column values. Set feature_metadata_in to manually specify special dtypes of the features.
	Inferring data type of each feature based on column values. Set feature_metadata_in to manually specify special dtypes of the features.
	Inferring data type of each feature based on column values. Set feature_metadata_in to manually specify special dtypes of the features.
	Inferring data type of each feature based on column values. Set feature_metadata_in to manually specify special dtypes of the features.
	Inferring data type of each feature based on column values. Set feature_metadata_in to manually specify special dtypes of the features.
	Stage 1 Generators:
		Fitting AsTypeFeatureGenerator...
	Stage 1 Generators:
		Fitting AsTypeFeatureGenerator...
	Stage 1 Generators:
		Fitting AsTypeFeatureGenerator...
	Stage 1 Generators:
		Fitting AsTypeFeatureGenerator...
	Stage 2 Generators:
		Fitting FillNaFeatureGenerator...
	Stage 3 Generators:
		Fitting IdentityFeatureGenerator...
	Stage 1 Generators:
		Fitting AsTypeFeatureGenerator...
	Stage 1 Generators:
		Fitting AsTypeFeatureGenerator...
	Stage 4 Generators:
		Fitting DropUniqueFeatureGenerator...
	Stage 2 Generators:
		Fitting FillNaFeatureGenerator...
	Stage 3 Generators:
		Fitting IdentityFeatureGenerator...
	Stage 2 Generators:
		Fitting FillNaFeatureGenerator...
	Stage 4 Generators:
		Fitting DropUniqueFeatureGenerator...
	Stage 3 Generators:
		Fitting IdentityFeatureGenerator...
	Stage 2 Generators:
		Fitting FillNaFeatureGenerator...
	Stage 1 Generators:
		Fitting AsTypeFeatureGenerator...
	Stage 2 Generators:
		Fitting FillNaFeatureGenerator...
	Stage 4 Generators:
		Fitting DropUniqueFeatureGenerator...
	Stage 3 Generators:
		Fitting IdentityFeatureGenerator...
	Stage 1 Generators:
		Fitting AsTypeFeatureGenerator...
	Stage 3 Generators:
		Fitting IdentityFeatureGenerator...
	Stage 4 Generators:
		Fitting DropUniqueFeatureGenerator...
	Stage 2 Generators:
		Fitting FillNaFeatureGenerator...
	Stage 4 Generators:
		Fitting DropUniqueFeatureGenerator...
	Stage 1 Generators:
		Fitting AsTypeFeatureGenerator...
	Stage 1 Generators:
		Fitting AsTypeFeatureGenerator...
	Stage 1 Generators:
	Stage 1 Generators:
	Stage 1 Generators:
		Fitting AsTypeFeatureGenerator...
	Stage 3 Generators:
		Fitting AsTypeFeatureGenerator...
		Fitting AsTypeFeatureGenerator...
	Stage 1 Generators:
		Fitting IdentityFeatureGenerator...
	Stage 1 Generators:
		Fitting AsTypeFeatureGenerator...
		Fitting AsTypeFeatureGenerator...
	Stage 2 Generators:
	Stage 1 Generators:
	Stage 4 Generators:
		Fitting FillNaFeatureGenerator...
		Fitting AsTypeFeatureGenerator...
		Fitting DropUniqueFeatureGenerator...
	Stage 2 Generators:
		Fitting FillNaFeatureGenerator...
	Stage 2 Generators:
		Fitting FillNaFeatureGenerator...
	Stage 2 Generators:
	Stage 3 Generators:
		Fitting FillNaFeatureGenerator...
	Stage 3 Generators:
		Fitting IdentityFeatureGenerator...
	Stage 3 Generators:
		Fitting IdentityFeatureGenerator...
	Stage 2 Generators:
	Stage 3 Generators:
		Fitting IdentityFeatureGenerator...
		Fitting FillNaFeatureGenerator...
	Stage 4 Generators:
		Fitting IdentityFeatureGenerator...
	Stage 4 Generators:
	Stage 2 Generators:
		Fitting DropUniqueFeatureGenerator...
	Stage 2 Generators:
	Stage 2 Generators:
	Stage 3 Generators:
	Stage 5 Generators:
		Fitting DropUniqueFeatureGenerator...
		Fitting FillNaFeatureGenerator...
	Stage 4 Generators:
		Fitting FillNaFeatureGenerator...
		Fitting FillNaFeatureGenerator...
	Stage 4 Generators:
	Stage 2 Generators:
		Fitting IdentityFeatureGenerator...
	Stage 5 Generators:
		Fitting DropDuplicatesFeatureGenerator...
		Fitting DropUniqueFeatureGenerator...
	Stage 2 Generators:
	Stage 3 Generators:
		Fitting DropUniqueFeatureGenerator...
		Fitting FillNaFeatureGenerator...
	Stage 3 Generators:
	Stage 3 Generators:
		Fitting DropDuplicatesFeatureGenerator...
		Fitting FillNaFeatureGenerator...
		Fitting IdentityFeatureGenerator...
	Stage 4 Generators:
		Fitting IdentityFeatureGenerator...
		Fitting IdentityFeatureGenerator...
	Stage 3 Generators:
		Fitting DropUniqueFeatureGenerator...
	Stage 5 Generators:
	Stage 3 Generators:
	Stage 4 Generators:
		Fitting IdentityFeatureGenerator...
	Stage 5 Generators:
	Stage 4 Generators:
		Fitting DropDuplicatesFeatureGenerator...
	Stage 4 Generators:
		Fitting IdentityFeatureGenerator...
		Fitting DropUniqueFeatureGenerator...
		Fitting DropDuplicatesFeatureGenerator...
		Fitting DropUniqueFeatureGenerator...
		Fitting DropUniqueFeatureGenerator...
	Stage 4 Generators:
		Fitting DropUniqueFeatureGenerator...
	Stage 4 Generators:
	Stage 5 Generators:
		Fitting DropUniqueFeatureGenerator...
		Fitting DropDuplicatesFeatureGenerator...
	Stage 5 Generators:
		Fitting DropDuplicatesFeatureGenerator...
	Types of features in original data (raw dtype, special dtypes):
		('int', []) : 96 | ['A[C>A]A', 'A[C>A]C', 'A[C>A]G', 'A[C>A]T', 'A[C>G]A', ...]
	Types of features in processed data (raw dtype, special dtypes):
		('int', []) : 96 | ['A[C>A]A', 'A[C>A]C', 'A[C>A]G', 'A[C>A]T', 'A[C>G]A', ...]
	16.0s = Fit runtime
	96 features in original data used to generate 96 features in processed data.
	Train Data (Processed) Memory Usage: 10.62 MB (0.0% of available memory)
Data preprocessing and feature engineering runtime = 17.15s ...
AutoGluon will gauge predictive performance using evaluation metric: 'accuracy'
	To change this, specify the eval_metric parameter of Predictor()
	Types of features in original data (raw dtype, special dtypes):
		('int', []) : 96 | ['A[C>A]A', 'A[C>A]C', 'A[C>A]G', 'A[C>A]T', 'A[C>G]A', ...]
	Types of features in processed data (raw dtype, special dtypes):
		('int', []) : 96 | ['A[C>A]A', 'A[C>A]C', 'A[C>A]G', 'A[C>A]T', 'A[C>G]A', ...]
	17.6s = Fit runtime
	96 features in original data used to generate 96 features in processed data.
	Stage 5 Generators:
		Fitting DropDuplicatesFeatureGenerator...
Automatically generating train/validation split with holdout_frac=0.1, Train Rows: 13045, Val Rows: 1450
User-specified model hyperparameters to be fit:
{
	'GBM': [{'extra_trees': True, 'ag_args': {'name_suffix': 'XT'}}, {}, 'GBMLarge'],
	'CAT': {},
	'XGB': {},
	'RF': [{'criterion': 'gini', 'ag_args': {'name_suffix': 'Gini', 'problem_types': ['binary', 'multiclass']}}, {'criterion': 'entropy', 'ag_args': {'name_suffix': 'Entr', 'problem_types': ['binary', 'multiclass']}}, {'criterion': 'squared_error', 'ag_args': {'name_suffix': 'MSE', 'problem_types': ['regression']}}],
	'XT': [{'criterion': 'gini', 'ag_args': {'name_suffix': 'Gini', 'problem_types': ['binary', 'multiclass']}}, {'criterion': 'entropy', 'ag_args': {'name_suffix': 'Entr', 'problem_types': ['binary', 'multiclass']}}, {'criterion': 'squared_error', 'ag_args': {'name_suffix': 'MSE', 'problem_types': ['regression']}}],
	'KNN': [{'weights': 'uniform', 'ag_args': {'name_suffix': 'Unif'}, 'n_jobs': 4}, {'weights': 'distance', 'ag_args': {'name_suffix': 'Dist'}, 'n_jobs': 4}],
}
	Train Data (Processed) Memory Usage: 10.62 MB (0.0% of available memory)
	Stage 5 Generators:
		Fitting DropDuplicatesFeatureGenerator...
Data preprocessing and feature engineering runtime = 18.91s ...
AutoGluon will gauge predictive performance using evaluation metric: 'accuracy'
	To change this, specify the eval_metric parameter of Predictor()
Fitting 11 L1 models ...
Fitting model: KNeighborsUnif ...
	Types of features in original data (raw dtype, special dtypes):
		('int', []) : 96 | ['A[C>A]A', 'A[C>A]C', 'A[C>A]G', 'A[C>A]T', 'A[C>G]A', ...]
	Types of features in original data (raw dtype, special dtypes):
		('int', []) : 96 | ['A[C>A]A', 'A[C>A]C', 'A[C>A]G', 'A[C>A]T', 'A[C>G]A', ...]
	Types of features in processed data (raw dtype, special dtypes):
	Types of features in processed data (raw dtype, special dtypes):
	Types of features in original data (raw dtype, special dtypes):
		('int', []) : 96 | ['A[C>A]A', 'A[C>A]C', 'A[C>A]G', 'A[C>A]T', 'A[C>G]A', ...]
Automatically generating train/validation split with holdout_frac=0.1, Train Rows: 13045, Val Rows: 1450
		('int', []) : 96 | ['A[C>A]A', 'A[C>A]C', 'A[C>A]G', 'A[C>A]T', 'A[C>G]A', ...]
	Stage 5 Generators:
		('int', []) : 96 | ['A[C>A]A', 'A[C>A]C', 'A[C>A]G', 'A[C>A]T', 'A[C>G]A', ...]
	19.8s = Fit runtime
User-specified model hyperparameters to be fit:
{
	'GBM': [{'extra_trees': True, 'ag_args': {'name_suffix': 'XT'}}, {}, 'GBMLarge'],
	'CAT': {},
	'XGB': {},
	'RF': [{'criterion': 'gini', 'ag_args': {'name_suffix': 'Gini', 'problem_types': ['binary', 'multiclass']}}, {'criterion': 'entropy', 'ag_args': {'name_suffix': 'Entr', 'problem_types': ['binary', 'multiclass']}}, {'criterion': 'squared_error', 'ag_args': {'name_suffix': 'MSE', 'problem_types': ['regression']}}],
	'XT': [{'criterion': 'gini', 'ag_args': {'name_suffix': 'Gini', 'problem_types': ['binary', 'multiclass']}}, {'criterion': 'entropy', 'ag_args': {'name_suffix': 'Entr', 'problem_types': ['binary', 'multiclass']}}, {'criterion': 'squared_error', 'ag_args': {'name_suffix': 'MSE', 'problem_types': ['regression']}}],
	'KNN': [{'weights': 'uniform', 'ag_args': {'name_suffix': 'Unif'}, 'n_jobs': 4}, {'weights': 'distance', 'ag_args': {'name_suffix': 'Dist'}, 'n_jobs': 4}],
}
	19.8s = Fit runtime
		Fitting DropDuplicatesFeatureGenerator...
	Types of features in processed data (raw dtype, special dtypes):
	96 features in original data used to generate 96 features in processed data.
	Stage 5 Generators:
	96 features in original data used to generate 96 features in processed data.
		('int', []) : 96 | ['A[C>A]A', 'A[C>A]C', 'A[C>A]G', 'A[C>A]T', 'A[C>G]A', ...]
		Fitting DropDuplicatesFeatureGenerator...
	Stage 5 Generators:
	19.8s = Fit runtime
		Fitting DropDuplicatesFeatureGenerator...
	96 features in original data used to generate 96 features in processed data.
	Stage 5 Generators:
		Fitting DropDuplicatesFeatureGenerator...
	Stage 5 Generators:
	Train Data (Processed) Memory Usage: 10.62 MB (0.0% of available memory)
		Fitting DropDuplicatesFeatureGenerator...
	Train Data (Processed) Memory Usage: 10.62 MB (0.0% of available memory)
Data preprocessing and feature engineering runtime = 22.39s ...
Data preprocessing and feature engineering runtime = 22.51s ...
AutoGluon will gauge predictive performance using evaluation metric: 'accuracy'
	Train Data (Processed) Memory Usage: 10.62 MB (0.0% of available memory)
AutoGluon will gauge predictive performance using evaluation metric: 'accuracy'
	To change this, specify the eval_metric parameter of Predictor()
	Stage 5 Generators:
	Stage 5 Generators:
Fitting 11 L1 models ...
Data preprocessing and feature engineering runtime = 22.78s ...
	Types of features in original data (raw dtype, special dtypes):
	To change this, specify the eval_metric parameter of Predictor()
	Stage 5 Generators:
	Types of features in original data (raw dtype, special dtypes):
		Fitting DropDuplicatesFeatureGenerator...
		Fitting DropDuplicatesFeatureGenerator...
Fitting model: KNeighborsUnif ...
AutoGluon will gauge predictive performance using evaluation metric: 'accuracy'
		('int', []) : 96 | ['A[C>A]A', 'A[C>A]C', 'A[C>A]G', 'A[C>A]T', 'A[C>G]A', ...]
	Types of features in original data (raw dtype, special dtypes):
		Fitting DropDuplicatesFeatureGenerator...
		('int', []) : 96 | ['A[C>A]A', 'A[C>A]C', 'A[C>A]G', 'A[C>A]T', 'A[C>G]A', ...]
	Types of features in original data (raw dtype, special dtypes):
	To change this, specify the eval_metric parameter of Predictor()
	Types of features in processed data (raw dtype, special dtypes):
		('int', []) : 96 | ['A[C>A]A', 'A[C>A]C', 'A[C>A]G', 'A[C>A]T', 'A[C>G]A', ...]
	Types of features in original data (raw dtype, special dtypes):
	Types of features in processed data (raw dtype, special dtypes):
		('int', []) : 96 | ['A[C>A]A', 'A[C>A]C', 'A[C>A]G', 'A[C>A]T', 'A[C>G]A', ...]
		('int', []) : 96 | ['A[C>A]A', 'A[C>A]C', 'A[C>A]G', 'A[C>A]T', 'A[C>G]A', ...]
	Types of features in processed data (raw dtype, special dtypes):
Automatically generating train/validation split with holdout_frac=0.1, Train Rows: 13045, Val Rows: 1450
		('int', []) : 96 | ['A[C>A]A', 'A[C>A]C', 'A[C>A]G', 'A[C>A]T', 'A[C>G]A', ...]
		('int', []) : 96 | ['A[C>A]A', 'A[C>A]C', 'A[C>A]G', 'A[C>A]T', 'A[C>G]A', ...]
Automatically generating train/validation split with holdout_frac=0.1, Train Rows: 13045, Val Rows: 1450
	Types of features in processed data (raw dtype, special dtypes):
	22.3s = Fit runtime
	Types of features in original data (raw dtype, special dtypes):
		('int', []) : 96 | ['A[C>A]A', 'A[C>A]C', 'A[C>A]G', 'A[C>A]T', 'A[C>G]A', ...]
User-specified model hyperparameters to be fit:
{
	'GBM': [{'extra_trees': True, 'ag_args': {'name_suffix': 'XT'}}, {}, 'GBMLarge'],
	'CAT': {},
	'XGB': {},
	'RF': [{'criterion': 'gini', 'ag_args': {'name_suffix': 'Gini', 'problem_types': ['binary', 'multiclass']}}, {'criterion': 'entropy', 'ag_args': {'name_suffix': 'Entr', 'problem_types': ['binary', 'multiclass']}}, {'criterion': 'squared_error', 'ag_args': {'name_suffix': 'MSE', 'problem_types': ['regression']}}],
	'XT': [{'criterion': 'gini', 'ag_args': {'name_suffix': 'Gini', 'problem_types': ['binary', 'multiclass']}}, {'criterion': 'entropy', 'ag_args': {'name_suffix': 'Entr', 'problem_types': ['binary', 'multiclass']}}, {'criterion': 'squared_error', 'ag_args': {'name_suffix': 'MSE', 'problem_types': ['regression']}}],
	'KNN': [{'weights': 'uniform', 'ag_args': {'name_suffix': 'Unif'}, 'n_jobs': 4}, {'weights': 'distance', 'ag_args': {'name_suffix': 'Dist'}, 'n_jobs': 4}],
}
	Types of features in processed data (raw dtype, special dtypes):
	22.6s = Fit runtime
User-specified model hyperparameters to be fit:
{
	'GBM': [{'extra_trees': True, 'ag_args': {'name_suffix': 'XT'}}, {}, 'GBMLarge'],
	'CAT': {},
	'XGB': {},
	'RF': [{'criterion': 'gini', 'ag_args': {'name_suffix': 'Gini', 'problem_types': ['binary', 'multiclass']}}, {'criterion': 'entropy', 'ag_args': {'name_suffix': 'Entr', 'problem_types': ['binary', 'multiclass']}}, {'criterion': 'squared_error', 'ag_args': {'name_suffix': 'MSE', 'problem_types': ['regression']}}],
	'XT': [{'criterion': 'gini', 'ag_args': {'name_suffix': 'Gini', 'problem_types': ['binary', 'multiclass']}}, {'criterion': 'entropy', 'ag_args': {'name_suffix': 'Entr', 'problem_types': ['binary', 'multiclass']}}, {'criterion': 'squared_error', 'ag_args': {'name_suffix': 'MSE', 'problem_types': ['regression']}}],
	'KNN': [{'weights': 'uniform', 'ag_args': {'name_suffix': 'Unif'}, 'n_jobs': 4}, {'weights': 'distance', 'ag_args': {'name_suffix': 'Dist'}, 'n_jobs': 4}],
}
	Types of features in original data (raw dtype, special dtypes):
		('int', []) : 96 | ['A[C>A]A', 'A[C>A]C', 'A[C>A]G', 'A[C>A]T', 'A[C>G]A', ...]
	96 features in original data used to generate 96 features in processed data.
		('int', []) : 96 | ['A[C>A]A', 'A[C>A]C', 'A[C>A]G', 'A[C>A]T', 'A[C>G]A', ...]
	23.2s = Fit runtime
		('int', []) : 96 | ['A[C>A]A', 'A[C>A]C', 'A[C>A]G', 'A[C>A]T', 'A[C>G]A', ...]
	96 features in original data used to generate 96 features in processed data.
Automatically generating train/validation split with holdout_frac=0.1, Train Rows: 13045, Val Rows: 1450
		('int', []) : 96 | ['A[C>A]A', 'A[C>A]C', 'A[C>A]G', 'A[C>A]T', 'A[C>G]A', ...]
	23.1s = Fit runtime
	Types of features in processed data (raw dtype, special dtypes):
	96 features in original data used to generate 96 features in processed data.
	Train Data (Processed) Memory Usage: 10.62 MB (0.0% of available memory)
	23.6s = Fit runtime
	Types of features in original data (raw dtype, special dtypes):
User-specified model hyperparameters to be fit:
{
	'GBM': [{'extra_trees': True, 'ag_args': {'name_suffix': 'XT'}}, {}, 'GBMLarge'],
	'CAT': {},
	'XGB': {},
	'RF': [{'criterion': 'gini', 'ag_args': {'name_suffix': 'Gini', 'problem_types': ['binary', 'multiclass']}}, {'criterion': 'entropy', 'ag_args': {'name_suffix': 'Entr', 'problem_types': ['binary', 'multiclass']}}, {'criterion': 'squared_error', 'ag_args': {'name_suffix': 'MSE', 'problem_types': ['regression']}}],
	'XT': [{'criterion': 'gini', 'ag_args': {'name_suffix': 'Gini', 'problem_types': ['binary', 'multiclass']}}, {'criterion': 'entropy', 'ag_args': {'name_suffix': 'Entr', 'problem_types': ['binary', 'multiclass']}}, {'criterion': 'squared_error', 'ag_args': {'name_suffix': 'MSE', 'problem_types': ['regression']}}],
	'KNN': [{'weights': 'uniform', 'ag_args': {'name_suffix': 'Unif'}, 'n_jobs': 4}, {'weights': 'distance', 'ag_args': {'name_suffix': 'Dist'}, 'n_jobs': 4}],
}
	Types of features in processed data (raw dtype, special dtypes):
	Types of features in original data (raw dtype, special dtypes):
	96 features in original data used to generate 96 features in processed data.
		('int', []) : 96 | ['A[C>A]A', 'A[C>A]C', 'A[C>A]G', 'A[C>A]T', 'A[C>G]A', ...]
Data preprocessing and feature engineering runtime = 26.77s ...
	96 features in original data used to generate 96 features in processed data.
		('int', []) : 96 | ['A[C>A]A', 'A[C>A]C', 'A[C>A]G', 'A[C>A]T', 'A[C>G]A', ...]
	Train Data (Processed) Memory Usage: 10.62 MB (0.0% of available memory)
		('int', []) : 96 | ['A[C>A]A', 'A[C>A]C', 'A[C>A]G', 'A[C>A]T', 'A[C>G]A', ...]
	Train Data (Processed) Memory Usage: 10.62 MB (0.0% of available memory)
		('int', []) : 96 | ['A[C>A]A', 'A[C>A]C', 'A[C>A]G', 'A[C>A]T', 'A[C>G]A', ...]
Fitting 11 L1 models ...
Fitting 11 L1 models ...
	24.7s = Fit runtime
AutoGluon will gauge predictive performance using evaluation metric: 'accuracy'
	Types of features in processed data (raw dtype, special dtypes):
Data preprocessing and feature engineering runtime = 27.3s ...
	Train Data (Processed) Memory Usage: 10.62 MB (0.0% of available memory)
	Train Data (Processed) Memory Usage: 10.62 MB (0.0% of available memory)
	24.7s = Fit runtime
Data preprocessing and feature engineering runtime = 27.4s ...
	Types of features in processed data (raw dtype, special dtypes):
Fitting model: KNeighborsUnif ...
Fitting model: KNeighborsUnif ...
	96 features in original data used to generate 96 features in processed data.
Fitting 11 L1 models ...
	To change this, specify the eval_metric parameter of Predictor()
		('int', []) : 96 | ['A[C>A]A', 'A[C>A]C', 'A[C>A]G', 'A[C>A]T', 'A[C>G]A', ...]
AutoGluon will gauge predictive performance using evaluation metric: 'accuracy'
Data preprocessing and feature engineering runtime = 28.0s ...
	96 features in original data used to generate 96 features in processed data.
AutoGluon will gauge predictive performance using evaluation metric: 'accuracy'
Data preprocessing and feature engineering runtime = 28.05s ...
		('int', []) : 96 | ['A[C>A]A', 'A[C>A]C', 'A[C>A]G', 'A[C>A]T', 'A[C>G]A', ...]
	Types of features in original data (raw dtype, special dtypes):
Fitting model: KNeighborsUnif ...
	26.0s = Fit runtime
	To change this, specify the eval_metric parameter of Predictor()
AutoGluon will gauge predictive performance using evaluation metric: 'accuracy'
	To change this, specify the eval_metric parameter of Predictor()
AutoGluon will gauge predictive performance using evaluation metric: 'accuracy'
	25.8s = Fit runtime
		('int', []) : 96 | ['A[C>A]A', 'A[C>A]C', 'A[C>A]G', 'A[C>A]T', 'A[C>G]A', ...]
	96 features in original data used to generate 96 features in processed data.
	Types of features in original data (raw dtype, special dtypes):
	Train Data (Processed) Memory Usage: 10.62 MB (0.0% of available memory)
	To change this, specify the eval_metric parameter of Predictor()
	Train Data (Processed) Memory Usage: 10.62 MB (0.0% of available memory)
	To change this, specify the eval_metric parameter of Predictor()
	96 features in original data used to generate 96 features in processed data.
	Types of features in processed data (raw dtype, special dtypes):
		('int', []) : 96 | ['A[C>A]A', 'A[C>A]C', 'A[C>A]G', 'A[C>A]T', 'A[C>G]A', ...]
Automatically generating train/validation split with holdout_frac=0.1, Train Rows: 13045, Val Rows: 1450
Data preprocessing and feature engineering runtime = 32.99s ...
Data preprocessing and feature engineering runtime = 33.04s ...
		('int', []) : 96 | ['A[C>A]A', 'A[C>A]C', 'A[C>A]G', 'A[C>A]T', 'A[C>G]A', ...]
	Types of features in processed data (raw dtype, special dtypes):
User-specified model hyperparameters to be fit:
{
	'GBM': [{'extra_trees': True, 'ag_args': {'name_suffix': 'XT'}}, {}, 'GBMLarge'],
	'CAT': {},
	'XGB': {},
	'RF': [{'criterion': 'gini', 'ag_args': {'name_suffix': 'Gini', 'problem_types': ['binary', 'multiclass']}}, {'criterion': 'entropy', 'ag_args': {'name_suffix': 'Entr', 'problem_types': ['binary', 'multiclass']}}, {'criterion': 'squared_error', 'ag_args': {'name_suffix': 'MSE', 'problem_types': ['regression']}}],
	'XT': [{'criterion': 'gini', 'ag_args': {'name_suffix': 'Gini', 'problem_types': ['binary', 'multiclass']}}, {'criterion': 'entropy', 'ag_args': {'name_suffix': 'Entr', 'problem_types': ['binary', 'multiclass']}}, {'criterion': 'squared_error', 'ag_args': {'name_suffix': 'MSE', 'problem_types': ['regression']}}],
	'KNN': [{'weights': 'uniform', 'ag_args': {'name_suffix': 'Unif'}, 'n_jobs': 4}, {'weights': 'distance', 'ag_args': {'name_suffix': 'Dist'}, 'n_jobs': 4}],
}
AutoGluon will gauge predictive performance using evaluation metric: 'accuracy'
	Train Data (Processed) Memory Usage: 10.62 MB (0.0% of available memory)
AutoGluon will gauge predictive performance using evaluation metric: 'accuracy'
	27.5s = Fit runtime
		('int', []) : 96 | ['A[C>A]A', 'A[C>A]C', 'A[C>A]G', 'A[C>A]T', 'A[C>G]A', ...]
Automatically generating train/validation split with holdout_frac=0.1, Train Rows: 13045, Val Rows: 1450
	Train Data (Processed) Memory Usage: 10.62 MB (0.0% of available memory)
	To change this, specify the eval_metric parameter of Predictor()
	To change this, specify the eval_metric parameter of Predictor()
Data preprocessing and feature engineering runtime = 33.46s ...
	96 features in original data used to generate 96 features in processed data.
	32.2s = Fit runtime
Automatically generating train/validation split with holdout_frac=0.1, Train Rows: 13045, Val Rows: 1450
User-specified model hyperparameters to be fit:
{
	'GBM': [{'extra_trees': True, 'ag_args': {'name_suffix': 'XT'}}, {}, 'GBMLarge'],
	'CAT': {},
	'XGB': {},
	'RF': [{'criterion': 'gini', 'ag_args': {'name_suffix': 'Gini', 'problem_types': ['binary', 'multiclass']}}, {'criterion': 'entropy', 'ag_args': {'name_suffix': 'Entr', 'problem_types': ['binary', 'multiclass']}}, {'criterion': 'squared_error', 'ag_args': {'name_suffix': 'MSE', 'problem_types': ['regression']}}],
	'XT': [{'criterion': 'gini', 'ag_args': {'name_suffix': 'Gini', 'problem_types': ['binary', 'multiclass']}}, {'criterion': 'entropy', 'ag_args': {'name_suffix': 'Entr', 'problem_types': ['binary', 'multiclass']}}, {'criterion': 'squared_error', 'ag_args': {'name_suffix': 'MSE', 'problem_types': ['regression']}}],
	'KNN': [{'weights': 'uniform', 'ag_args': {'name_suffix': 'Unif'}, 'n_jobs': 4}, {'weights': 'distance', 'ag_args': {'name_suffix': 'Dist'}, 'n_jobs': 4}],
}
Automatically generating train/validation split with holdout_frac=0.1, Train Rows: 13045, Val Rows: 1450
AutoGluon will gauge predictive performance using evaluation metric: 'accuracy'
Data preprocessing and feature engineering runtime = 33.55s ...
	96 features in original data used to generate 96 features in processed data.
User-specified model hyperparameters to be fit:
{
	'GBM': [{'extra_trees': True, 'ag_args': {'name_suffix': 'XT'}}, {}, 'GBMLarge'],
	'CAT': {},
	'XGB': {},
	'RF': [{'criterion': 'gini', 'ag_args': {'name_suffix': 'Gini', 'problem_types': ['binary', 'multiclass']}}, {'criterion': 'entropy', 'ag_args': {'name_suffix': 'Entr', 'problem_types': ['binary', 'multiclass']}}, {'criterion': 'squared_error', 'ag_args': {'name_suffix': 'MSE', 'problem_types': ['regression']}}],
	'XT': [{'criterion': 'gini', 'ag_args': {'name_suffix': 'Gini', 'problem_types': ['binary', 'multiclass']}}, {'criterion': 'entropy', 'ag_args': {'name_suffix': 'Entr', 'problem_types': ['binary', 'multiclass']}}, {'criterion': 'squared_error', 'ag_args': {'name_suffix': 'MSE', 'problem_types': ['regression']}}],
	'KNN': [{'weights': 'uniform', 'ag_args': {'name_suffix': 'Unif'}, 'n_jobs': 4}, {'weights': 'distance', 'ag_args': {'name_suffix': 'Dist'}, 'n_jobs': 4}],
}
Automatically generating train/validation split with holdout_frac=0.1, Train Rows: 13045, Val Rows: 1450
User-specified model hyperparameters to be fit:
{
	'GBM': [{'extra_trees': True, 'ag_args': {'name_suffix': 'XT'}}, {}, 'GBMLarge'],
	'CAT': {},
	'XGB': {},
	'RF': [{'criterion': 'gini', 'ag_args': {'name_suffix': 'Gini', 'problem_types': ['binary', 'multiclass']}}, {'criterion': 'entropy', 'ag_args': {'name_suffix': 'Entr', 'problem_types': ['binary', 'multiclass']}}, {'criterion': 'squared_error', 'ag_args': {'name_suffix': 'MSE', 'problem_types': ['regression']}}],
	'XT': [{'criterion': 'gini', 'ag_args': {'name_suffix': 'Gini', 'problem_types': ['binary', 'multiclass']}}, {'criterion': 'entropy', 'ag_args': {'name_suffix': 'Entr', 'problem_types': ['binary', 'multiclass']}}, {'criterion': 'squared_error', 'ag_args': {'name_suffix': 'MSE', 'problem_types': ['regression']}}],
	'KNN': [{'weights': 'uniform', 'ag_args': {'name_suffix': 'Unif'}, 'n_jobs': 4}, {'weights': 'distance', 'ag_args': {'name_suffix': 'Dist'}, 'n_jobs': 4}],
}
	To change this, specify the eval_metric parameter of Predictor()
AutoGluon will gauge predictive performance using evaluation metric: 'accuracy'
	Train Data (Processed) Memory Usage: 10.62 MB (0.0% of available memory)
User-specified model hyperparameters to be fit:
{
	'GBM': [{'extra_trees': True, 'ag_args': {'name_suffix': 'XT'}}, {}, 'GBMLarge'],
	'CAT': {},
	'XGB': {},
	'RF': [{'criterion': 'gini', 'ag_args': {'name_suffix': 'Gini', 'problem_types': ['binary', 'multiclass']}}, {'criterion': 'entropy', 'ag_args': {'name_suffix': 'Entr', 'problem_types': ['binary', 'multiclass']}}, {'criterion': 'squared_error', 'ag_args': {'name_suffix': 'MSE', 'problem_types': ['regression']}}],
	'XT': [{'criterion': 'gini', 'ag_args': {'name_suffix': 'Gini', 'problem_types': ['binary', 'multiclass']}}, {'criterion': 'entropy', 'ag_args': {'name_suffix': 'Entr', 'problem_types': ['binary', 'multiclass']}}, {'criterion': 'squared_error', 'ag_args': {'name_suffix': 'MSE', 'problem_types': ['regression']}}],
	'KNN': [{'weights': 'uniform', 'ag_args': {'name_suffix': 'Unif'}, 'n_jobs': 4}, {'weights': 'distance', 'ag_args': {'name_suffix': 'Dist'}, 'n_jobs': 4}],
}
	To change this, specify the eval_metric parameter of Predictor()
Data preprocessing and feature engineering runtime = 33.96s ...
Fitting 11 L1 models ...
AutoGluon will gauge predictive performance using evaluation metric: 'accuracy'
Fitting model: KNeighborsUnif ...
	To change this, specify the eval_metric parameter of Predictor()
Automatically generating train/validation split with holdout_frac=0.1, Train Rows: 13045, Val Rows: 1450
Automatically generating train/validation split with holdout_frac=0.1, Train Rows: 13045, Val Rows: 1450
	Train Data (Processed) Memory Usage: 10.62 MB (0.0% of available memory)
User-specified model hyperparameters to be fit:
{
	'GBM': [{'extra_trees': True, 'ag_args': {'name_suffix': 'XT'}}, {}, 'GBMLarge'],
	'CAT': {},
	'XGB': {},
	'RF': [{'criterion': 'gini', 'ag_args': {'name_suffix': 'Gini', 'problem_types': ['binary', 'multiclass']}}, {'criterion': 'entropy', 'ag_args': {'name_suffix': 'Entr', 'problem_types': ['binary', 'multiclass']}}, {'criterion': 'squared_error', 'ag_args': {'name_suffix': 'MSE', 'problem_types': ['regression']}}],
	'XT': [{'criterion': 'gini', 'ag_args': {'name_suffix': 'Gini', 'problem_types': ['binary', 'multiclass']}}, {'criterion': 'entropy', 'ag_args': {'name_suffix': 'Entr', 'problem_types': ['binary', 'multiclass']}}, {'criterion': 'squared_error', 'ag_args': {'name_suffix': 'MSE', 'problem_types': ['regression']}}],
	'KNN': [{'weights': 'uniform', 'ag_args': {'name_suffix': 'Unif'}, 'n_jobs': 4}, {'weights': 'distance', 'ag_args': {'name_suffix': 'Dist'}, 'n_jobs': 4}],
}
User-specified model hyperparameters to be fit:
{
	'GBM': [{'extra_trees': True, 'ag_args': {'name_suffix': 'XT'}}, {}, 'GBMLarge'],
	'CAT': {},
	'XGB': {},
	'RF': [{'criterion': 'gini', 'ag_args': {'name_suffix': 'Gini', 'problem_types': ['binary', 'multiclass']}}, {'criterion': 'entropy', 'ag_args': {'name_suffix': 'Entr', 'problem_types': ['binary', 'multiclass']}}, {'criterion': 'squared_error', 'ag_args': {'name_suffix': 'MSE', 'problem_types': ['regression']}}],
	'XT': [{'criterion': 'gini', 'ag_args': {'name_suffix': 'Gini', 'problem_types': ['binary', 'multiclass']}}, {'criterion': 'entropy', 'ag_args': {'name_suffix': 'Entr', 'problem_types': ['binary', 'multiclass']}}, {'criterion': 'squared_error', 'ag_args': {'name_suffix': 'MSE', 'problem_types': ['regression']}}],
	'KNN': [{'weights': 'uniform', 'ag_args': {'name_suffix': 'Unif'}, 'n_jobs': 4}, {'weights': 'distance', 'ag_args': {'name_suffix': 'Dist'}, 'n_jobs': 4}],
}
Data preprocessing and feature engineering runtime = 34.21s ...
AutoGluon will gauge predictive performance using evaluation metric: 'accuracy'
	To change this, specify the eval_metric parameter of Predictor()
Automatically generating train/validation split with holdout_frac=0.1, Train Rows: 13045, Val Rows: 1450
User-specified model hyperparameters to be fit:
{
	'GBM': [{'extra_trees': True, 'ag_args': {'name_suffix': 'XT'}}, {}, 'GBMLarge'],
	'CAT': {},
	'XGB': {},
	'RF': [{'criterion': 'gini', 'ag_args': {'name_suffix': 'Gini', 'problem_types': ['binary', 'multiclass']}}, {'criterion': 'entropy', 'ag_args': {'name_suffix': 'Entr', 'problem_types': ['binary', 'multiclass']}}, {'criterion': 'squared_error', 'ag_args': {'name_suffix': 'MSE', 'problem_types': ['regression']}}],
	'XT': [{'criterion': 'gini', 'ag_args': {'name_suffix': 'Gini', 'problem_types': ['binary', 'multiclass']}}, {'criterion': 'entropy', 'ag_args': {'name_suffix': 'Entr', 'problem_types': ['binary', 'multiclass']}}, {'criterion': 'squared_error', 'ag_args': {'name_suffix': 'MSE', 'problem_types': ['regression']}}],
	'KNN': [{'weights': 'uniform', 'ag_args': {'name_suffix': 'Unif'}, 'n_jobs': 4}, {'weights': 'distance', 'ag_args': {'name_suffix': 'Dist'}, 'n_jobs': 4}],
}
Fitting 11 L1 models ...
Fitting model: KNeighborsUnif ...
Automatically generating train/validation split with holdout_frac=0.1, Train Rows: 13045, Val Rows: 1450
User-specified model hyperparameters to be fit:
{
	'GBM': [{'extra_trees': True, 'ag_args': {'name_suffix': 'XT'}}, {}, 'GBMLarge'],
	'CAT': {},
	'XGB': {},
	'RF': [{'criterion': 'gini', 'ag_args': {'name_suffix': 'Gini', 'problem_types': ['binary', 'multiclass']}}, {'criterion': 'entropy', 'ag_args': {'name_suffix': 'Entr', 'problem_types': ['binary', 'multiclass']}}, {'criterion': 'squared_error', 'ag_args': {'name_suffix': 'MSE', 'problem_types': ['regression']}}],
	'XT': [{'criterion': 'gini', 'ag_args': {'name_suffix': 'Gini', 'problem_types': ['binary', 'multiclass']}}, {'criterion': 'entropy', 'ag_args': {'name_suffix': 'Entr', 'problem_types': ['binary', 'multiclass']}}, {'criterion': 'squared_error', 'ag_args': {'name_suffix': 'MSE', 'problem_types': ['regression']}}],
	'KNN': [{'weights': 'uniform', 'ag_args': {'name_suffix': 'Unif'}, 'n_jobs': 4}, {'weights': 'distance', 'ag_args': {'name_suffix': 'Dist'}, 'n_jobs': 4}],
}
Automatically generating train/validation split with holdout_frac=0.1, Train Rows: 13045, Val Rows: 1450
User-specified model hyperparameters to be fit:
{
	'GBM': [{'extra_trees': True, 'ag_args': {'name_suffix': 'XT'}}, {}, 'GBMLarge'],
	'CAT': {},
	'XGB': {},
	'RF': [{'criterion': 'gini', 'ag_args': {'name_suffix': 'Gini', 'problem_types': ['binary', 'multiclass']}}, {'criterion': 'entropy', 'ag_args': {'name_suffix': 'Entr', 'problem_types': ['binary', 'multiclass']}}, {'criterion': 'squared_error', 'ag_args': {'name_suffix': 'MSE', 'problem_types': ['regression']}}],
	'XT': [{'criterion': 'gini', 'ag_args': {'name_suffix': 'Gini', 'problem_types': ['binary', 'multiclass']}}, {'criterion': 'entropy', 'ag_args': {'name_suffix': 'Entr', 'problem_types': ['binary', 'multiclass']}}, {'criterion': 'squared_error', 'ag_args': {'name_suffix': 'MSE', 'problem_types': ['regression']}}],
	'KNN': [{'weights': 'uniform', 'ag_args': {'name_suffix': 'Unif'}, 'n_jobs': 4}, {'weights': 'distance', 'ag_args': {'name_suffix': 'Dist'}, 'n_jobs': 4}],
}
Fitting 11 L1 models ...
Fitting model: KNeighborsUnif ...
Automatically generating train/validation split with holdout_frac=0.1, Train Rows: 13045, Val Rows: 1450
User-specified model hyperparameters to be fit:
{
	'GBM': [{'extra_trees': True, 'ag_args': {'name_suffix': 'XT'}}, {}, 'GBMLarge'],
	'CAT': {},
	'XGB': {},
	'RF': [{'criterion': 'gini', 'ag_args': {'name_suffix': 'Gini', 'problem_types': ['binary', 'multiclass']}}, {'criterion': 'entropy', 'ag_args': {'name_suffix': 'Entr', 'problem_types': ['binary', 'multiclass']}}, {'criterion': 'squared_error', 'ag_args': {'name_suffix': 'MSE', 'problem_types': ['regression']}}],
	'XT': [{'criterion': 'gini', 'ag_args': {'name_suffix': 'Gini', 'problem_types': ['binary', 'multiclass']}}, {'criterion': 'entropy', 'ag_args': {'name_suffix': 'Entr', 'problem_types': ['binary', 'multiclass']}}, {'criterion': 'squared_error', 'ag_args': {'name_suffix': 'MSE', 'problem_types': ['regression']}}],
	'KNN': [{'weights': 'uniform', 'ag_args': {'name_suffix': 'Unif'}, 'n_jobs': 4}, {'weights': 'distance', 'ag_args': {'name_suffix': 'Dist'}, 'n_jobs': 4}],
}
Fitting 11 L1 models ...
Fitting 11 L1 models ...
Fitting model: KNeighborsUnif ...
Fitting model: KNeighborsUnif ...
Fitting 11 L1 models ...
Fitting model: KNeighborsUnif ...
Fitting 11 L1 models ...
Fitting model: KNeighborsUnif ...
Fitting 11 L1 models ...
Fitting model: KNeighborsUnif ...
Fitting 11 L1 models ...
Fitting model: KNeighborsUnif ...
Fitting 11 L1 models ...
Fitting model: KNeighborsUnif ...
Fitting 11 L1 models ...
Fitting model: KNeighborsUnif ...
	0.9772	 = Validation score   (accuracy)
	26.27s	 = Training   runtime
	3.52s	 = Validation runtime
Fitting model: KNeighborsDist ...
	0.9786	 = Validation score   (accuracy)
	15.09s	 = Training   runtime
	3.72s	 = Validation runtime
	0.9766	 = Validation score   (accuracy)
	15.73s	 = Training   runtime
	3.66s	 = Validation runtime
Fitting model: KNeighborsDist ...
	0.9766	 = Validation score   (accuracy)
	14.29s	 = Training   runtime
	3.72s	 = Validation runtime
	0.9786	 = Validation score   (accuracy)
	14.85s	 = Training   runtime
	3.88s	 = Validation runtime
Fitting model: KNeighborsDist ...
	0.9766	 = Validation score   (accuracy)
	22.05s	 = Training   runtime
	3.81s	 = Validation runtime
Fitting model: KNeighborsDist ...
Fitting model: KNeighborsDist ...
	0.9772	 = Validation score   (accuracy)
	14.2s	 = Training   runtime
	3.86s	 = Validation runtime
	0.9793	 = Validation score   (accuracy)
	0.9786	 = Validation score   (accuracy)
	14.39s	 = Training   runtime
	14.24s	 = Training   runtime
	3.96s	 = Validation runtime
	4.01s	 = Validation runtime
	0.9793	 = Validation score   (accuracy)
Fitting model: KNeighborsDist ...
	14.11s	 = Training   runtime
Fitting model: KNeighborsDist ...
Fitting model: KNeighborsDist ...
	4.0s	 = Validation runtime
Fitting model: KNeighborsDist ...
	0.9772	 = Validation score   (accuracy)
	0.9779	 = Validation score   (accuracy)
	0.9772	 = Validation score   (accuracy)
	0.9793	 = Validation score   (accuracy)
	0.9752	 = Validation score   (accuracy)
	0.9793	 = Validation score   (accuracy)
	14.79s	 = Training   runtime
	21.68s	 = Training   runtime
	22.26s	 = Training   runtime
Fitting model: KNeighborsDist ...
	14.49s	 = Training   runtime
	30.09s	 = Training   runtime
	14.7s	 = Training   runtime
	4.04s	 = Validation runtime
	4.01s	 = Validation runtime
	4.1s	 = Validation runtime
	4.02s	 = Validation runtime
	4.13s	 = Validation runtime
	4.1s	 = Validation runtime
Fitting model: KNeighborsDist ...
Fitting model: KNeighborsDist ...
Fitting model: KNeighborsDist ...
Fitting model: KNeighborsDist ...
Fitting model: KNeighborsDist ...
Fitting model: KNeighborsDist ...
	0.9772	 = Validation score   (accuracy)
	0.97s	 = Training   runtime
	1.82s	 = Validation runtime
Fitting model: LightGBMXT ...
	0.9793	 = Validation score   (accuracy)
	1.5s	 = Training   runtime
	1.66s	 = Validation runtime
Fitting model: LightGBMXT ...
	0.9766	 = Validation score   (accuracy)
	1.15s	 = Training   runtime
	2.05s	 = Validation runtime
Fitting model: LightGBMXT ...
	0.9766	 = Validation score   (accuracy)
	1.38s	 = Training   runtime
	2.13s	 = Validation runtime
Fitting model: LightGBMXT ...
	0.9786	 = Validation score   (accuracy)
	2.15s	 = Training   runtime
	2.38s	 = Validation runtime
Fitting model: LightGBMXT ...
	0.9772	 = Validation score   (accuracy)
	1.94s	 = Training   runtime
	2.39s	 = Validation runtime
Fitting model: LightGBMXT ...
	0.9766	 = Validation score   (accuracy)
	2.12s	 = Training   runtime
	2.65s	 = Validation runtime
Fitting model: LightGBMXT ...
	0.98	 = Validation score   (accuracy)
	2.71s	 = Training   runtime
	2.33s	 = Validation runtime
Fitting model: LightGBMXT ...
	0.9752	 = Validation score   (accuracy)
	2.38s	 = Training   runtime
	2.85s	 = Validation runtime
Fitting model: LightGBMXT ...
	0.9779	 = Validation score   (accuracy)
	2.87s	 = Training   runtime
	2.67s	 = Validation runtime
	0.9786	 = Validation score   (accuracy)
	2.93s	 = Training   runtime
	2.9s	 = Validation runtime
Fitting model: LightGBMXT ...
	0.9786	 = Validation score   (accuracy)
	2.69s	 = Training   runtime
	3.11s	 = Validation runtime
	0.9772	 = Validation score   (accuracy)
	2.67s	 = Training   runtime
	2.91s	 = Validation runtime
	0.98	 = Validation score   (accuracy)
	2.8s	 = Training   runtime
	2.85s	 = Validation runtime
Fitting model: LightGBMXT ...
Fitting model: LightGBMXT ...
Fitting model: LightGBMXT ...
Fitting model: LightGBMXT ...
	0.9772	 = Validation score   (accuracy)
	2.95s	 = Training   runtime
	2.83s	 = Validation runtime
	0.9793	 = Validation score   (accuracy)
	2.86s	 = Training   runtime
	2.88s	 = Validation runtime
Fitting model: LightGBMXT ...
Fitting model: LightGBMXT ...
	0.9793	 = Validation score   (accuracy)
	364.19s	 = Training   runtime
	0.18s	 = Validation runtime
Fitting model: LightGBM ...
	0.9779	 = Validation score   (accuracy)
	384.76s	 = Training   runtime
	0.18s	 = Validation runtime
Fitting model: LightGBM ...
	0.9772	 = Validation score   (accuracy)
	479.04s	 = Training   runtime
	0.17s	 = Validation runtime
Fitting model: LightGBM ...
	0.9807	 = Validation score   (accuracy)
	502.52s	 = Training   runtime
	0.38s	 = Validation runtime
Fitting model: LightGBM ...
	0.9793	 = Validation score   (accuracy)
	538.84s	 = Training   runtime
	0.46s	 = Validation runtime
Fitting model: LightGBM ...
	0.9786	 = Validation score   (accuracy)
	548.13s	 = Training   runtime
	0.65s	 = Validation runtime
Fitting model: LightGBM ...
	0.98	 = Validation score   (accuracy)
	559.7s	 = Training   runtime
	0.52s	 = Validation runtime
Fitting model: LightGBM ...
	0.9807	 = Validation score   (accuracy)
	605.08s	 = Training   runtime
	0.64s	 = Validation runtime
Fitting model: LightGBM ...
	0.9779	 = Validation score   (accuracy)
	605.48s	 = Training   runtime
	0.47s	 = Validation runtime
Fitting model: LightGBM ...
	0.9814	 = Validation score   (accuracy)
	624.54s	 = Training   runtime
	0.79s	 = Validation runtime
Fitting model: LightGBM ...
	0.9772	 = Validation score   (accuracy)
	692.98s	 = Training   runtime
	0.83s	 = Validation runtime
Fitting model: LightGBM ...
	0.9807	 = Validation score   (accuracy)
	745.79s	 = Training   runtime
	0.85s	 = Validation runtime
Fitting model: LightGBM ...
	0.98	 = Validation score   (accuracy)
	749.51s	 = Training   runtime
	0.55s	 = Validation runtime
Fitting model: LightGBM ...
	0.9807	 = Validation score   (accuracy)
	753.85s	 = Training   runtime
	1.71s	 = Validation runtime
Fitting model: LightGBM ...
	0.9807	 = Validation score   (accuracy)
	753.8s	 = Training   runtime
	0.91s	 = Validation runtime
Fitting model: LightGBM ...
	0.9786	 = Validation score   (accuracy)
	760.86s	 = Training   runtime
	0.72s	 = Validation runtime
Fitting model: LightGBM ...
	0.9793	 = Validation score   (accuracy)
	405.71s	 = Training   runtime
	0.14s	 = Validation runtime
Fitting model: RandomForestGini ...
	0.9772	 = Validation score   (accuracy)
	451.08s	 = Training   runtime
	0.32s	 = Validation runtime
Fitting model: RandomForestGini ...
	0.9786	 = Validation score   (accuracy)
	65.54s	 = Training   runtime
	3.1s	 = Validation runtime
Fitting model: RandomForestEntr ...
	0.9786	 = Validation score   (accuracy)
	335.22s	 = Training   runtime
	0.25s	 = Validation runtime
Fitting model: RandomForestGini ...
	0.9779	 = Validation score   (accuracy)
	85.16s	 = Training   runtime
	6.08s	 = Validation runtime
Fitting model: RandomForestEntr ...
	0.9793	 = Validation score   (accuracy)
	361.41s	 = Training   runtime
	0.69s	 = Validation runtime
Fitting model: RandomForestGini ...
	0.9766	 = Validation score   (accuracy)
	467.24s	 = Training   runtime
	0.6s	 = Validation runtime
Fitting model: RandomForestGini ...
	0.9779	 = Validation score   (accuracy)
	74.05s	 = Training   runtime
	6.74s	 = Validation runtime
Fitting model: CatBoost ...
	0.9807	 = Validation score   (accuracy)
	444.75s	 = Training   runtime
	1.65s	 = Validation runtime
Fitting model: RandomForestGini ...
TBB Warning: The number of workers is currently limited to 15. The request for 271 workers is ignored. Further requests for more workers will be silently ignored until the limit changes.

	0.9786	 = Validation score   (accuracy)
	407.35s	 = Training   runtime
	0.63s	 = Validation runtime
Fitting model: RandomForestGini ...
	0.9759	 = Validation score   (accuracy)
	81.91s	 = Training   runtime
	9.33s	 = Validation runtime
Fitting model: RandomForestEntr ...
	0.9786	 = Validation score   (accuracy)
	387.22s	 = Training   runtime
	0.47s	 = Validation runtime
Fitting model: RandomForestGini ...
	0.9786	 = Validation score   (accuracy)
	95.94s	 = Training   runtime
	17.44s	 = Validation runtime
Fitting model: CatBoost ...
	0.9779	 = Validation score   (accuracy)
	436.53s	 = Training   runtime
	2.6s	 = Validation runtime
Fitting model: RandomForestGini ...
	0.9793	 = Validation score   (accuracy)
	112.66s	 = Training   runtime
	21.26s	 = Validation runtime
Fitting model: RandomForestEntr ...
	0.9759	 = Validation score   (accuracy)
	391.07s	 = Training   runtime
	1.93s	 = Validation runtime
	0.9745	 = Validation score   (accuracy)
	111.08s	 = Training   runtime
	19.94s	 = Validation runtime
Fitting model: RandomForestGini ...
Fitting model: RandomForestEntr ...
	0.9779	 = Validation score   (accuracy)
	129.29s	 = Training   runtime
	23.04s	 = Validation runtime
Fitting model: RandomForestEntr ...
	0.9759	 = Validation score   (accuracy)
	112.1s	 = Training   runtime
	20.52s	 = Validation runtime
Fitting model: CatBoost ...
	0.9772	 = Validation score   (accuracy)
	129.67s	 = Training   runtime
	16.26s	 = Validation runtime
Fitting model: RandomForestEntr ...
	0.9752	 = Validation score   (accuracy)
	113.67s	 = Training   runtime
	17.77s	 = Validation runtime
Fitting model: RandomForestEntr ...
	0.9807	 = Validation score   (accuracy)
	404.23s	 = Training   runtime
	0.99s	 = Validation runtime
Fitting model: RandomForestGini ...
	0.9752	 = Validation score   (accuracy)
	422.7s	 = Training   runtime
	0.85s	 = Validation runtime
Fitting model: RandomForestGini ...
	0.9821	 = Validation score   (accuracy)
	431.73s	 = Training   runtime
	1.4s	 = Validation runtime
Fitting model: RandomForestGini ...
	0.9786	 = Validation score   (accuracy)
	438.45s	 = Training   runtime
	1.17s	 = Validation runtime
Fitting model: RandomForestGini ...
	0.9772	 = Validation score   (accuracy)
	123.17s	 = Training   runtime
	30.2s	 = Validation runtime
	0.9759	 = Validation score   (accuracy)
	115.01s	 = Training   runtime
	29.73s	 = Validation runtime
Fitting model: RandomForestEntr ...
Fitting model: CatBoost ...
	0.9793	 = Validation score   (accuracy)
	595.63s	 = Training   runtime
	2.39s	 = Validation runtime
Fitting model: RandomForestGini ...
	0.9752	 = Validation score   (accuracy)
	106.28s	 = Training   runtime
	34.86s	 = Validation runtime
Fitting model: CatBoost ...
	0.9752	 = Validation score   (accuracy)
	112.86s	 = Training   runtime
	40.48s	 = Validation runtime
Fitting model: RandomForestEntr ...
	0.9772	 = Validation score   (accuracy)
	120.63s	 = Training   runtime
	31.79s	 = Validation runtime
Fitting model: CatBoost ...
	0.9759	 = Validation score   (accuracy)
	118.11s	 = Training   runtime
	30.79s	 = Validation runtime
Fitting model: CatBoost ...
	0.9766	 = Validation score   (accuracy)
	116.0s	 = Training   runtime
	29.77s	 = Validation runtime
Fitting model: CatBoost ...
	0.9779	 = Validation score   (accuracy)
	125.13s	 = Training   runtime
	26.6s	 = Validation runtime
Fitting model: RandomForestEntr ...
	0.9772	 = Validation score   (accuracy)
	121.23s	 = Training   runtime
	22.19s	 = Validation runtime
Fitting model: RandomForestEntr ...
	0.9759	 = Validation score   (accuracy)
	124.66s	 = Training   runtime
	22.44s	 = Validation runtime
Fitting model: RandomForestEntr ...
	0.9779	 = Validation score   (accuracy)
	133.56s	 = Training   runtime
	17.85s	 = Validation runtime
Fitting model: CatBoost ...
	0.9786	 = Validation score   (accuracy)
	152.61s	 = Training   runtime
	20.07s	 = Validation runtime
Fitting model: RandomForestEntr ...
	0.9759	 = Validation score   (accuracy)
	110.65s	 = Training   runtime
	15.18s	 = Validation runtime
Fitting model: CatBoost ...
	0.9786	 = Validation score   (accuracy)
	141.19s	 = Training   runtime
	22.01s	 = Validation runtime
Fitting model: RandomForestEntr ...
	0.9779	 = Validation score   (accuracy)
	465.17s	 = Training   runtime
	1.26s	 = Validation runtime
Fitting model: ExtraTreesGini ...
	0.9779	 = Validation score   (accuracy)
	79.74s	 = Training   runtime
	15.75s	 = Validation runtime
Fitting model: CatBoost ...
	0.9759	 = Validation score   (accuracy)
	74.45s	 = Training   runtime
	18.88s	 = Validation runtime
Fitting model: CatBoost ...
	0.9766	 = Validation score   (accuracy)
	72.35s	 = Training   runtime
	13.89s	 = Validation runtime
Fitting model: CatBoost ...
	0.9772	 = Validation score   (accuracy)
	83.74s	 = Training   runtime
	12.47s	 = Validation runtime
Fitting model: CatBoost ...
	0.9779	 = Validation score   (accuracy)
	63.4s	 = Training   runtime
	4.37s	 = Validation runtime
Fitting model: ExtraTreesEntr ...
	0.9772	 = Validation score   (accuracy)
	85.52s	 = Training   runtime
	3.83s	 = Validation runtime
Fitting model: CatBoost ...
	0.9772	 = Validation score   (accuracy)
	378.29s	 = Training   runtime
	0.6s	 = Validation runtime
Fitting model: ExtraTreesGini ...
	0.9814	 = Validation score   (accuracy)
	769.64s	 = Training   runtime
	2.55s	 = Validation runtime
Fitting model: RandomForestGini ...
	0.9766	 = Validation score   (accuracy)
	44.91s	 = Training   runtime
	8.54s	 = Validation runtime
Fitting model: XGBoost ...
	0.9752	 = Validation score   (accuracy)
	44.21s	 = Training   runtime
	6.43s	 = Validation runtime
Fitting model: ExtraTreesEntr ...
	0.98	 = Validation score   (accuracy)
	511.52s	 = Training   runtime
	0.59s	 = Validation runtime
Fitting model: ExtraTreesGini ...
	0.9766	 = Validation score   (accuracy)
	266.91s	 = Training   runtime
	0.45s	 = Validation runtime
Fitting model: ExtraTreesGini ...
	0.9786	 = Validation score   (accuracy)
	363.82s	 = Training   runtime
	2.25s	 = Validation runtime
Fitting model: ExtraTreesGini ...
	0.9766	 = Validation score   (accuracy)
	222.69s	 = Training   runtime
	3.54s	 = Validation runtime
Fitting model: ExtraTreesGini ...
	0.9766	 = Validation score   (accuracy)
	167.4s	 = Training   runtime
	4.18s	 = Validation runtime
Fitting model: ExtraTreesGini ...
	0.9772	 = Validation score   (accuracy)
	395.73s	 = Training   runtime
	2.95s	 = Validation runtime
Fitting model: ExtraTreesGini ...
	0.9793	 = Validation score   (accuracy)
	364.71s	 = Training   runtime
	3.2s	 = Validation runtime
Fitting model: ExtraTreesGini ...
	0.9786	 = Validation score   (accuracy)
	224.26s	 = Training   runtime
	2.61s	 = Validation runtime
Fitting model: ExtraTreesGini ...
	0.9793	 = Validation score   (accuracy)
	293.53s	 = Training   runtime
	1.39s	 = Validation runtime
Fitting model: ExtraTreesGini ...
	0.9779	 = Validation score   (accuracy)
	100.23s	 = Training   runtime
	37.81s	 = Validation runtime
Fitting model: RandomForestEntr ...
	0.9745	 = Validation score   (accuracy)
	0.9793	 = Validation score   (accuracy)
	189.84s	 = Training   runtime
	1.21s	 = Validation runtime
	91.58s	 = Training   runtime
	33.78s	 = Validation runtime
Fitting model: ExtraTreesGini ...
Fitting model: XGBoost ...
	0.9772	 = Validation score   (accuracy)
	99.85s	 = Training   runtime
	33.98s	 = Validation runtime
Fitting model: ExtraTreesEntr ...
	0.9793	 = Validation score   (accuracy)
	401.37s	 = Training   runtime
	1.94s	 = Validation runtime
Fitting model: ExtraTreesGini ...
	0.9766	 = Validation score   (accuracy)
	101.36s	 = Training   runtime
	36.49s	 = Validation runtime
Fitting model: ExtraTreesEntr ...
	0.9793	 = Validation score   (accuracy)
	269.7s	 = Training   runtime
	1.14s	 = Validation runtime
Fitting model: ExtraTreesGini ...
	0.9786	 = Validation score   (accuracy)
	244.57s	 = Training   runtime
	1.66s	 = Validation runtime
Fitting model: ExtraTreesGini ...
	0.9786	 = Validation score   (accuracy)
	220.46s	 = Training   runtime
	4.34s	 = Validation runtime
Fitting model: LightGBMLarge ...
	0.9772	 = Validation score   (accuracy)
	137.76s	 = Training   runtime
	52.9s	 = Validation runtime
Fitting model: ExtraTreesEntr ...
	0.9731	 = Validation score   (accuracy)
	133.75s	 = Training   runtime
	58.66s	 = Validation runtime
Fitting model: ExtraTreesEntr ...
	0.9759	 = Validation score   (accuracy)
	129.28s	 = Training   runtime
	60.01s	 = Validation runtime
Fitting model: ExtraTreesEntr ...
	0.9731	 = Validation score   (accuracy)
	122.21s	 = Training   runtime
	55.85s	 = Validation runtime
Fitting model: ExtraTreesEntr ...
	0.9759	 = Validation score   (accuracy)
	125.12s	 = Training   runtime
	56.26s	 = Validation runtime
	0.9779	 = Validation score   (accuracy)
	131.18s	 = Training   runtime
	56.7s	 = Validation runtime
Fitting model: ExtraTreesEntr ...
Fitting model: ExtraTreesEntr ...
	0.9766	 = Validation score   (accuracy)
	135.68s	 = Training   runtime
	41.53s	 = Validation runtime
Fitting model: ExtraTreesEntr ...
	0.9786	 = Validation score   (accuracy)
	141.13s	 = Training   runtime
	35.95s	 = Validation runtime
Fitting model: CatBoost ...
	0.9766	 = Validation score   (accuracy)
	141.64s	 = Training   runtime
	26.11s	 = Validation runtime
Fitting model: ExtraTreesEntr ...
	0.9779	 = Validation score   (accuracy)
	137.96s	 = Training   runtime
	25.38s	 = Validation runtime
Fitting model: XGBoost ...
	0.9759	 = Validation score   (accuracy)
	134.72s	 = Training   runtime
	24.21s	 = Validation runtime
Fitting model: XGBoost ...
	0.9745	 = Validation score   (accuracy)
	137.87s	 = Training   runtime
	25.56s	 = Validation runtime
Fitting model: ExtraTreesEntr ...
	0.9772	 = Validation score   (accuracy)
	132.54s	 = Training   runtime
	27.08s	 = Validation runtime
Fitting model: ExtraTreesEntr ...
	0.9766	 = Validation score   (accuracy)
	127.7s	 = Training   runtime
	32.99s	 = Validation runtime
Fitting model: ExtraTreesEntr ...
	0.9766	 = Validation score   (accuracy)
	95.11s	 = Training   runtime
	37.28s	 = Validation runtime
Fitting model: XGBoost ...
	0.9759	 = Validation score   (accuracy)
	69.54s	 = Training   runtime
	34.87s	 = Validation runtime
Fitting model: XGBoost ...
	0.9745	 = Validation score   (accuracy)
	73.79s	 = Training   runtime
	38.03s	 = Validation runtime
Fitting model: XGBoost ...
	0.9752	 = Validation score   (accuracy)
	71.2s	 = Training   runtime
	32.12s	 = Validation runtime
Fitting model: XGBoost ...
	0.9772	 = Validation score   (accuracy)
	84.1s	 = Training   runtime
	36.23s	 = Validation runtime
Fitting model: XGBoost ...
	0.9759	 = Validation score   (accuracy)
	89.87s	 = Training   runtime
	37.08s	 = Validation runtime
Fitting model: XGBoost ...
	0.9745	 = Validation score   (accuracy)
	94.81s	 = Training   runtime
	27.75s	 = Validation runtime
Fitting model: XGBoost ...
	0.9786	 = Validation score   (accuracy)
	101.72s	 = Training   runtime
	18.53s	 = Validation runtime
Fitting model: XGBoost ...
	0.9752	 = Validation score   (accuracy)
	92.16s	 = Training   runtime
	16.77s	 = Validation runtime
Fitting model: XGBoost ...
	0.9759	 = Validation score   (accuracy)
	94.06s	 = Training   runtime
	13.03s	 = Validation runtime
Fitting model: XGBoost ...
	0.9772	 = Validation score   (accuracy)
	303.33s	 = Training   runtime
	0.53s	 = Validation runtime
Fitting model: LightGBMLarge ...
	0.9772	 = Validation score   (accuracy)
	90.86s	 = Training   runtime
	5.78s	 = Validation runtime
Fitting model: XGBoost ...
	0.9793	 = Validation score   (accuracy)
	290.55s	 = Training   runtime
	0.4s	 = Validation runtime
Fitting model: ExtraTreesGini ...
	0.9772	 = Validation score   (accuracy)
	28.18s	 = Training   runtime
	3.94s	 = Validation runtime
Fitting model: ExtraTreesEntr ...
	0.9772	 = Validation score   (accuracy)
	256.27s	 = Training   runtime
	1.56s	 = Validation runtime
Fitting model: LightGBMLarge ...
	0.98	 = Validation score   (accuracy)
	334.43s	 = Training   runtime
	1.97s	 = Validation runtime
Fitting model: LightGBMLarge ...
	0.9793	 = Validation score   (accuracy)
	262.93s	 = Training   runtime
	1.45s	 = Validation runtime
Fitting model: LightGBMLarge ...
	0.9786	 = Validation score   (accuracy)
	226.22s	 = Training   runtime
	1.18s	 = Validation runtime
Fitting model: LightGBMLarge ...
	0.9779	 = Validation score   (accuracy)
	28.87s	 = Training   runtime
	4.17s	 = Validation runtime
Fitting model: XGBoost ...
	0.9772	 = Validation score   (accuracy)
	269.11s	 = Training   runtime
	1.77s	 = Validation runtime
Fitting model: LightGBMLarge ...
	0.9779	 = Validation score   (accuracy)
	254.85s	 = Training   runtime
	0.29s	 = Validation runtime
Fitting model: LightGBMLarge ...
	0.9807	 = Validation score   (accuracy)
	339.63s	 = Training   runtime
	0.26s	 = Validation runtime
Fitting model: LightGBMLarge ...
	0.9793	 = Validation score   (accuracy)
	285.03s	 = Training   runtime
	0.36s	 = Validation runtime
Fitting model: LightGBMLarge ...
	0.9779	 = Validation score   (accuracy)
	304.27s	 = Training   runtime
	1.38s	 = Validation runtime
Fitting model: LightGBMLarge ...
	0.9779	 = Validation score   (accuracy)
	328.81s	 = Training   runtime
	0.43s	 = Validation runtime
Fitting model: LightGBMLarge ...
	0.9786	 = Validation score   (accuracy)
	331.39s	 = Training   runtime
	0.47s	 = Validation runtime
Fitting model: LightGBMLarge ...
	0.9828	 = Validation score   (accuracy)
	349.88s	 = Training   runtime
	0.48s	 = Validation runtime
Fitting model: LightGBMLarge ...
	0.98	 = Validation score   (accuracy)
	552.31s	 = Training   runtime
	0.66s	 = Validation runtime
Fitting model: LightGBMLarge ...
	0.9793	 = Validation score   (accuracy)
	209.1s	 = Training   runtime
	0.25s	 = Validation runtime
Fitting model: LightGBMLarge ...
	0.9772	 = Validation score   (accuracy)
	1734.86s	 = Training   runtime
	0.5s	 = Validation runtime
Fitting model: WeightedEnsemble_L2 ...
	Ensemble Weights: {'KNeighborsDist': 0.25, 'RandomForestEntr': 0.25, 'XGBoost': 0.25, 'LightGBMLarge': 0.25}
	0.9786	 = Validation score   (accuracy)
	6.26s	 = Training   runtime
	0.03s	 = Validation runtime
AutoGluon training complete, total runtime = 4002.04s ... Best model: "WeightedEnsemble_L2"
TabularPredictor saved. To load, use: predictor = TabularPredictor.load("AutogluonModels/ag-20250416_034029-001/Predictor_S1 (SBS1 - 0.99)")
Presets specified: ['medium_quality']
Beginning AutoGluon training ...
AutoGluon will save models to "AutogluonModels/ag-20250416_034029-001/Predictor_S2 (SBS2 - 0.99)"
=================== System Info ===================
AutoGluon Version:  1.1.0
Python Version:     3.10.15
Operating System:   Linux
Platform Machine:   x86_64
Platform Version:   #1 SMP PREEMPT_DYNAMIC Thu Apr 3 12:12:16 UTC 2025
CPU Count:          272
Memory Avail:       193.69 GB / 203.90 GB (95.0%)
Disk Space Avail:   1356.83 GB / 5120.00 GB (26.5%)
===================================================
Train Data Rows:    14495
Train Data Columns: 97
Label Column:       S2 (SBS2 - 0.99)
AutoGluon infers your prediction problem is: 'binary' (because only two unique label-values observed).
	2 unique label values:  [False, True]
	If 'binary' is not the correct problem_type, please manually specify the problem_type parameter during predictor init (You may specify problem_type as one of: ['binary', 'multiclass', 'regression'])
Problem Type:       binary
Preprocessing data ...
Selected class <--> label mapping:  class 1 = True, class 0 = False
Using Feature Generators to preprocess the data ...
Fitting AutoMLPipelineFeatureGenerator...
	Available Memory:                    198346.67 MB
	Train Data (Original)  Memory Usage: 10.63 MB (0.0% of available memory)
	Inferring data type of each feature based on column values. Set feature_metadata_in to manually specify special dtypes of the features.
	Stage 1 Generators:
		Fitting AsTypeFeatureGenerator...
			Note: Converting 1 features to boolean dtype as they only contain 2 unique values.
	Stage 2 Generators:
		Fitting FillNaFeatureGenerator...
	Stage 3 Generators:
		Fitting IdentityFeatureGenerator...
	Stage 4 Generators:
		Fitting DropUniqueFeatureGenerator...
	Stage 5 Generators:
		Fitting DropDuplicatesFeatureGenerator...
	Types of features in original data (raw dtype, special dtypes):
		('bool', []) :  1 | ['S1 (SBS1 - 0.99)']
		('int', [])  : 96 | ['A[C>A]A', 'A[C>A]C', 'A[C>A]G', 'A[C>A]T', 'A[C>G]A', ...]
	Types of features in processed data (raw dtype, special dtypes):
		('int', [])       : 96 | ['A[C>A]A', 'A[C>A]C', 'A[C>A]G', 'A[C>A]T', 'A[C>G]A', ...]
		('int', ['bool']) :  1 | ['S1 (SBS1 - 0.99)']
	6.4s = Fit runtime
	97 features in original data used to generate 97 features in processed data.
	Train Data (Processed) Memory Usage: 10.63 MB (0.0% of available memory)
Data preprocessing and feature engineering runtime = 6.87s ...
AutoGluon will gauge predictive performance using evaluation metric: 'accuracy'
	To change this, specify the eval_metric parameter of Predictor()
Automatically generating train/validation split with holdout_frac=0.1, Train Rows: 13045, Val Rows: 1450
User-specified model hyperparameters to be fit:
{
	'GBM': [{'extra_trees': True, 'ag_args': {'name_suffix': 'XT'}}, {}, 'GBMLarge'],
	'CAT': {},
	'XGB': {},
	'RF': [{'criterion': 'gini', 'ag_args': {'name_suffix': 'Gini', 'problem_types': ['binary', 'multiclass']}}, {'criterion': 'entropy', 'ag_args': {'name_suffix': 'Entr', 'problem_types': ['binary', 'multiclass']}}, {'criterion': 'squared_error', 'ag_args': {'name_suffix': 'MSE', 'problem_types': ['regression']}}],
	'XT': [{'criterion': 'gini', 'ag_args': {'name_suffix': 'Gini', 'problem_types': ['binary', 'multiclass']}}, {'criterion': 'entropy', 'ag_args': {'name_suffix': 'Entr', 'problem_types': ['binary', 'multiclass']}}, {'criterion': 'squared_error', 'ag_args': {'name_suffix': 'MSE', 'problem_types': ['regression']}}],
	'KNN': [{'weights': 'uniform', 'ag_args': {'name_suffix': 'Unif'}, 'n_jobs': 4}, {'weights': 'distance', 'ag_args': {'name_suffix': 'Dist'}, 'n_jobs': 4}],
}
Fitting 11 L1 models ...
Fitting model: KNeighborsUnif ...
	0.8848	 = Validation score   (accuracy)
	0.71s	 = Training   runtime
	3.56s	 = Validation runtime
Fitting model: KNeighborsDist ...
	0.8855	 = Validation score   (accuracy)
	0.6s	 = Training   runtime
	3.61s	 = Validation runtime
Fitting model: LightGBMXT ...
	0.98	 = Validation score   (accuracy)
	2201.59s	 = Training   runtime
	1.22s	 = Validation runtime
Fitting model: WeightedEnsemble_L2 ...
	Ensemble Weights: {'LightGBMLarge': 1.0}
	0.98	 = Validation score   (accuracy)
	6.63s	 = Training   runtime
	0.03s	 = Validation runtime
AutoGluon training complete, total runtime = 4044.96s ... Best model: "WeightedEnsemble_L2"
TabularPredictor saved. To load, use: predictor = TabularPredictor.load("AutogluonModels/ag-20250416_034029-011/Predictor_S1 (SBS1 - 0.99)")
Presets specified: ['medium_quality']
Beginning AutoGluon training ...
AutoGluon will save models to "AutogluonModels/ag-20250416_034029-011/Predictor_S2 (SBS2 - 0.99)"
=================== System Info ===================
AutoGluon Version:  1.1.0
Python Version:     3.10.15
Operating System:   Linux
Platform Machine:   x86_64
Platform Version:   #1 SMP PREEMPT_DYNAMIC Thu Apr 3 12:12:16 UTC 2025
CPU Count:          272
Memory Avail:       193.65 GB / 203.90 GB (95.0%)
Disk Space Avail:   1356.80 GB / 5120.00 GB (26.5%)
===================================================
Train Data Rows:    14495
Train Data Columns: 97
Label Column:       S2 (SBS2 - 0.99)
AutoGluon infers your prediction problem is: 'binary' (because only two unique label-values observed).
	2 unique label values:  [False, True]
	If 'binary' is not the correct problem_type, please manually specify the problem_type parameter during predictor init (You may specify problem_type as one of: ['binary', 'multiclass', 'regression'])
Problem Type:       binary
Preprocessing data ...
Selected class <--> label mapping:  class 1 = True, class 0 = False
Using Feature Generators to preprocess the data ...
Fitting AutoMLPipelineFeatureGenerator...
	Available Memory:                    198310.36 MB
	Train Data (Original)  Memory Usage: 10.63 MB (0.0% of available memory)
	Inferring data type of each feature based on column values. Set feature_metadata_in to manually specify special dtypes of the features.
	Stage 1 Generators:
		Fitting AsTypeFeatureGenerator...
			Note: Converting 1 features to boolean dtype as they only contain 2 unique values.
	Stage 2 Generators:
		Fitting FillNaFeatureGenerator...
	Stage 3 Generators:
		Fitting IdentityFeatureGenerator...
	Stage 4 Generators:
		Fitting DropUniqueFeatureGenerator...
	Stage 5 Generators:
		Fitting DropDuplicatesFeatureGenerator...
	Types of features in original data (raw dtype, special dtypes):
		('bool', []) :  1 | ['S1 (SBS1 - 0.99)']
		('int', [])  : 96 | ['A[C>A]A', 'A[C>A]C', 'A[C>A]G', 'A[C>A]T', 'A[C>G]A', ...]
	Types of features in processed data (raw dtype, special dtypes):
		('int', [])       : 96 | ['A[C>A]A', 'A[C>A]C', 'A[C>A]G', 'A[C>A]T', 'A[C>G]A', ...]
		('int', ['bool']) :  1 | ['S1 (SBS1 - 0.99)']
	8.6s = Fit runtime
	97 features in original data used to generate 97 features in processed data.
	Train Data (Processed) Memory Usage: 10.63 MB (0.0% of available memory)
Data preprocessing and feature engineering runtime = 9.11s ...
AutoGluon will gauge predictive performance using evaluation metric: 'accuracy'
	To change this, specify the eval_metric parameter of Predictor()
Automatically generating train/validation split with holdout_frac=0.1, Train Rows: 13045, Val Rows: 1450
User-specified model hyperparameters to be fit:
{
	'GBM': [{'extra_trees': True, 'ag_args': {'name_suffix': 'XT'}}, {}, 'GBMLarge'],
	'CAT': {},
	'XGB': {},
	'RF': [{'criterion': 'gini', 'ag_args': {'name_suffix': 'Gini', 'problem_types': ['binary', 'multiclass']}}, {'criterion': 'entropy', 'ag_args': {'name_suffix': 'Entr', 'problem_types': ['binary', 'multiclass']}}, {'criterion': 'squared_error', 'ag_args': {'name_suffix': 'MSE', 'problem_types': ['regression']}}],
	'XT': [{'criterion': 'gini', 'ag_args': {'name_suffix': 'Gini', 'problem_types': ['binary', 'multiclass']}}, {'criterion': 'entropy', 'ag_args': {'name_suffix': 'Entr', 'problem_types': ['binary', 'multiclass']}}, {'criterion': 'squared_error', 'ag_args': {'name_suffix': 'MSE', 'problem_types': ['regression']}}],
	'KNN': [{'weights': 'uniform', 'ag_args': {'name_suffix': 'Unif'}, 'n_jobs': 4}, {'weights': 'distance', 'ag_args': {'name_suffix': 'Dist'}, 'n_jobs': 4}],
}
Fitting 11 L1 models ...
Fitting model: KNeighborsUnif ...
	0.9028	 = Validation score   (accuracy)
	0.67s	 = Training   runtime
	3.63s	 = Validation runtime
Fitting model: KNeighborsDist ...
	0.9793	 = Validation score   (accuracy)
	2016.23s	 = Training   runtime
	0.71s	 = Validation runtime
Fitting model: WeightedEnsemble_L2 ...
	0.9028	 = Validation score   (accuracy)
	0.7s	 = Training   runtime
	3.68s	 = Validation runtime
Fitting model: LightGBMXT ...
	Ensemble Weights: {'LightGBMXT': 1.0}
	0.9793	 = Validation score   (accuracy)
	9.33s	 = Training   runtime
	0.03s	 = Validation runtime
AutoGluon training complete, total runtime = 4074.26s ... Best model: "WeightedEnsemble_L2"
TabularPredictor saved. To load, use: predictor = TabularPredictor.load("AutogluonModels/ag-20250416_034029/Predictor_S1 (SBS1 - 0.99)")
Presets specified: ['medium_quality']
Beginning AutoGluon training ...
AutoGluon will save models to "AutogluonModels/ag-20250416_034029/Predictor_S2 (SBS2 - 0.99)"
=================== System Info ===================
AutoGluon Version:  1.1.0
Python Version:     3.10.15
Operating System:   Linux
Platform Machine:   x86_64
Platform Version:   #1 SMP PREEMPT_DYNAMIC Thu Apr 3 12:12:16 UTC 2025
CPU Count:          272
Memory Avail:       193.66 GB / 203.90 GB (95.0%)
Disk Space Avail:   1356.78 GB / 5120.00 GB (26.5%)
===================================================
Train Data Rows:    14495
Train Data Columns: 97
Label Column:       S2 (SBS2 - 0.99)
AutoGluon infers your prediction problem is: 'binary' (because only two unique label-values observed).
	2 unique label values:  [False, True]
	If 'binary' is not the correct problem_type, please manually specify the problem_type parameter during predictor init (You may specify problem_type as one of: ['binary', 'multiclass', 'regression'])
Problem Type:       binary
Preprocessing data ...
Selected class <--> label mapping:  class 1 = True, class 0 = False
Using Feature Generators to preprocess the data ...
Fitting AutoMLPipelineFeatureGenerator...
	Available Memory:                    198315.96 MB
	Train Data (Original)  Memory Usage: 10.63 MB (0.0% of available memory)
	Inferring data type of each feature based on column values. Set feature_metadata_in to manually specify special dtypes of the features.
	Stage 1 Generators:
		Fitting AsTypeFeatureGenerator...
			Note: Converting 1 features to boolean dtype as they only contain 2 unique values.
	Stage 2 Generators:
		Fitting FillNaFeatureGenerator...
	Stage 3 Generators:
		Fitting IdentityFeatureGenerator...
	Stage 4 Generators:
		Fitting DropUniqueFeatureGenerator...
	Stage 5 Generators:
		Fitting DropDuplicatesFeatureGenerator...
	Types of features in original data (raw dtype, special dtypes):
		('bool', []) :  1 | ['S1 (SBS1 - 0.99)']
		('int', [])  : 96 | ['A[C>A]A', 'A[C>A]C', 'A[C>A]G', 'A[C>A]T', 'A[C>G]A', ...]
	Types of features in processed data (raw dtype, special dtypes):
		('int', [])       : 96 | ['A[C>A]A', 'A[C>A]C', 'A[C>A]G', 'A[C>A]T', 'A[C>G]A', ...]
		('int', ['bool']) :  1 | ['S1 (SBS1 - 0.99)']
	4.4s = Fit runtime
	97 features in original data used to generate 97 features in processed data.
	Train Data (Processed) Memory Usage: 10.63 MB (0.0% of available memory)
Data preprocessing and feature engineering runtime = 4.94s ...
AutoGluon will gauge predictive performance using evaluation metric: 'accuracy'
	To change this, specify the eval_metric parameter of Predictor()
Automatically generating train/validation split with holdout_frac=0.1, Train Rows: 13045, Val Rows: 1450
User-specified model hyperparameters to be fit:
{
	'GBM': [{'extra_trees': True, 'ag_args': {'name_suffix': 'XT'}}, {}, 'GBMLarge'],
	'CAT': {},
	'XGB': {},
	'RF': [{'criterion': 'gini', 'ag_args': {'name_suffix': 'Gini', 'problem_types': ['binary', 'multiclass']}}, {'criterion': 'entropy', 'ag_args': {'name_suffix': 'Entr', 'problem_types': ['binary', 'multiclass']}}, {'criterion': 'squared_error', 'ag_args': {'name_suffix': 'MSE', 'problem_types': ['regression']}}],
	'XT': [{'criterion': 'gini', 'ag_args': {'name_suffix': 'Gini', 'problem_types': ['binary', 'multiclass']}}, {'criterion': 'entropy', 'ag_args': {'name_suffix': 'Entr', 'problem_types': ['binary', 'multiclass']}}, {'criterion': 'squared_error', 'ag_args': {'name_suffix': 'MSE', 'problem_types': ['regression']}}],
	'KNN': [{'weights': 'uniform', 'ag_args': {'name_suffix': 'Unif'}, 'n_jobs': 4}, {'weights': 'distance', 'ag_args': {'name_suffix': 'Dist'}, 'n_jobs': 4}],
}
Fitting 11 L1 models ...
Fitting model: KNeighborsUnif ...
	0.8979	 = Validation score   (accuracy)
	0.64s	 = Training   runtime
	3.23s	 = Validation runtime
Fitting model: KNeighborsDist ...
	0.8986	 = Validation score   (accuracy)
	0.65s	 = Training   runtime
	3.4s	 = Validation runtime
Fitting model: LightGBMXT ...
	0.9779	 = Validation score   (accuracy)
	1870.83s	 = Training   runtime
	0.72s	 = Validation runtime
Fitting model: WeightedEnsemble_L2 ...
	Ensemble Weights: {'LightGBM': 1.0}
	0.9807	 = Validation score   (accuracy)
	6.94s	 = Training   runtime
	0.04s	 = Validation runtime
AutoGluon training complete, total runtime = 4237.25s ... Best model: "WeightedEnsemble_L2"
TabularPredictor saved. To load, use: predictor = TabularPredictor.load("AutogluonModels/ag-20250416_034029-004/Predictor_S1 (SBS1 - 0.99)")
Presets specified: ['medium_quality']
Beginning AutoGluon training ...
AutoGluon will save models to "AutogluonModels/ag-20250416_034029-004/Predictor_S2 (SBS2 - 0.99)"
=================== System Info ===================
AutoGluon Version:  1.1.0
Python Version:     3.10.15
Operating System:   Linux
Platform Machine:   x86_64
Platform Version:   #1 SMP PREEMPT_DYNAMIC Thu Apr 3 12:12:16 UTC 2025
CPU Count:          272
Memory Avail:       193.66 GB / 203.90 GB (95.0%)
Disk Space Avail:   1356.75 GB / 5120.00 GB (26.5%)
===================================================
Train Data Rows:    14495
Train Data Columns: 97
Label Column:       S2 (SBS2 - 0.99)
AutoGluon infers your prediction problem is: 'binary' (because only two unique label-values observed).
	2 unique label values:  [False, True]
	If 'binary' is not the correct problem_type, please manually specify the problem_type parameter during predictor init (You may specify problem_type as one of: ['binary', 'multiclass', 'regression'])
Problem Type:       binary
Preprocessing data ...
Selected class <--> label mapping:  class 1 = True, class 0 = False
Using Feature Generators to preprocess the data ...
Fitting AutoMLPipelineFeatureGenerator...
	Available Memory:                    198321.83 MB
	Train Data (Original)  Memory Usage: 10.63 MB (0.0% of available memory)
	Inferring data type of each feature based on column values. Set feature_metadata_in to manually specify special dtypes of the features.
	Stage 1 Generators:
		Fitting AsTypeFeatureGenerator...
			Note: Converting 1 features to boolean dtype as they only contain 2 unique values.
	Stage 2 Generators:
		Fitting FillNaFeatureGenerator...
	Stage 3 Generators:
		Fitting IdentityFeatureGenerator...
	Stage 4 Generators:
		Fitting DropUniqueFeatureGenerator...
	Stage 5 Generators:
		Fitting DropDuplicatesFeatureGenerator...
	Types of features in original data (raw dtype, special dtypes):
		('bool', []) :  1 | ['S1 (SBS1 - 0.99)']
		('int', [])  : 96 | ['A[C>A]A', 'A[C>A]C', 'A[C>A]G', 'A[C>A]T', 'A[C>G]A', ...]
	Types of features in processed data (raw dtype, special dtypes):
		('int', [])       : 96 | ['A[C>A]A', 'A[C>A]C', 'A[C>A]G', 'A[C>A]T', 'A[C>G]A', ...]
		('int', ['bool']) :  1 | ['S1 (SBS1 - 0.99)']
	4.6s = Fit runtime
	97 features in original data used to generate 97 features in processed data.
	Train Data (Processed) Memory Usage: 10.63 MB (0.0% of available memory)
Data preprocessing and feature engineering runtime = 5.05s ...
AutoGluon will gauge predictive performance using evaluation metric: 'accuracy'
	To change this, specify the eval_metric parameter of Predictor()
Automatically generating train/validation split with holdout_frac=0.1, Train Rows: 13045, Val Rows: 1450
User-specified model hyperparameters to be fit:
{
	'GBM': [{'extra_trees': True, 'ag_args': {'name_suffix': 'XT'}}, {}, 'GBMLarge'],
	'CAT': {},
	'XGB': {},
	'RF': [{'criterion': 'gini', 'ag_args': {'name_suffix': 'Gini', 'problem_types': ['binary', 'multiclass']}}, {'criterion': 'entropy', 'ag_args': {'name_suffix': 'Entr', 'problem_types': ['binary', 'multiclass']}}, {'criterion': 'squared_error', 'ag_args': {'name_suffix': 'MSE', 'problem_types': ['regression']}}],
	'XT': [{'criterion': 'gini', 'ag_args': {'name_suffix': 'Gini', 'problem_types': ['binary', 'multiclass']}}, {'criterion': 'entropy', 'ag_args': {'name_suffix': 'Entr', 'problem_types': ['binary', 'multiclass']}}, {'criterion': 'squared_error', 'ag_args': {'name_suffix': 'MSE', 'problem_types': ['regression']}}],
	'KNN': [{'weights': 'uniform', 'ag_args': {'name_suffix': 'Unif'}, 'n_jobs': 4}, {'weights': 'distance', 'ag_args': {'name_suffix': 'Dist'}, 'n_jobs': 4}],
}
Fitting 11 L1 models ...
Fitting model: KNeighborsUnif ...
	0.8966	 = Validation score   (accuracy)
	0.7s	 = Training   runtime
	3.66s	 = Validation runtime
Fitting model: KNeighborsDist ...
	0.8972	 = Validation score   (accuracy)
	0.59s	 = Training   runtime
	3.59s	 = Validation runtime
Fitting model: LightGBMXT ...
	0.9786	 = Validation score   (accuracy)
	1898.67s	 = Training   runtime
	0.67s	 = Validation runtime
Fitting model: WeightedEnsemble_L2 ...
	Ensemble Weights: {'LightGBMXT': 0.8, 'LightGBMLarge': 0.2}
	0.9814	 = Validation score   (accuracy)
	6.77s	 = Training   runtime
	0.03s	 = Validation runtime
AutoGluon training complete, total runtime = 4272.29s ... Best model: "WeightedEnsemble_L2"
TabularPredictor saved. To load, use: predictor = TabularPredictor.load("AutogluonModels/ag-20250416_034029-013/Predictor_S1 (SBS1 - 0.99)")
Presets specified: ['medium_quality']
Beginning AutoGluon training ...
AutoGluon will save models to "AutogluonModels/ag-20250416_034029-013/Predictor_S2 (SBS2 - 0.99)"
=================== System Info ===================
AutoGluon Version:  1.1.0
Python Version:     3.10.15
Operating System:   Linux
Platform Machine:   x86_64
Platform Version:   #1 SMP PREEMPT_DYNAMIC Thu Apr 3 12:12:16 UTC 2025
CPU Count:          272
Memory Avail:       193.66 GB / 203.90 GB (95.0%)
Disk Space Avail:   1356.73 GB / 5120.00 GB (26.5%)
===================================================
Train Data Rows:    14495
Train Data Columns: 97
Label Column:       S2 (SBS2 - 0.99)
AutoGluon infers your prediction problem is: 'binary' (because only two unique label-values observed).
	2 unique label values:  [False, True]
	If 'binary' is not the correct problem_type, please manually specify the problem_type parameter during predictor init (You may specify problem_type as one of: ['binary', 'multiclass', 'regression'])
Problem Type:       binary
Preprocessing data ...
Selected class <--> label mapping:  class 1 = True, class 0 = False
Using Feature Generators to preprocess the data ...
Fitting AutoMLPipelineFeatureGenerator...
	Available Memory:                    198311.38 MB
	Train Data (Original)  Memory Usage: 10.63 MB (0.0% of available memory)
	Inferring data type of each feature based on column values. Set feature_metadata_in to manually specify special dtypes of the features.
	Stage 1 Generators:
		Fitting AsTypeFeatureGenerator...
			Note: Converting 1 features to boolean dtype as they only contain 2 unique values.
	0.9786	 = Validation score   (accuracy)
	1949.27s	 = Training   runtime
	0.86s	 = Validation runtime
	Stage 2 Generators:
		Fitting FillNaFeatureGenerator...
Fitting model: WeightedEnsemble_L2 ...
	Stage 3 Generators:
		Fitting IdentityFeatureGenerator...
	Stage 4 Generators:
		Fitting DropUniqueFeatureGenerator...
	0.9786	 = Validation score   (accuracy)
	1879.23s	 = Training   runtime
	0.93s	 = Validation runtime
Fitting model: WeightedEnsemble_L2 ...
	Stage 5 Generators:
		Fitting DropDuplicatesFeatureGenerator...
	Types of features in original data (raw dtype, special dtypes):
		('bool', []) :  1 | ['S1 (SBS1 - 0.99)']
		('int', [])  : 96 | ['A[C>A]A', 'A[C>A]C', 'A[C>A]G', 'A[C>A]T', 'A[C>G]A', ...]
	Types of features in processed data (raw dtype, special dtypes):
		('int', [])       : 96 | ['A[C>A]A', 'A[C>A]C', 'A[C>A]G', 'A[C>A]T', 'A[C>G]A', ...]
		('int', ['bool']) :  1 | ['S1 (SBS1 - 0.99)']
	8.5s = Fit runtime
	97 features in original data used to generate 97 features in processed data.
	Train Data (Processed) Memory Usage: 10.63 MB (0.0% of available memory)
Data preprocessing and feature engineering runtime = 9.61s ...
AutoGluon will gauge predictive performance using evaluation metric: 'accuracy'
	To change this, specify the eval_metric parameter of Predictor()
Automatically generating train/validation split with holdout_frac=0.1, Train Rows: 13045, Val Rows: 1450
User-specified model hyperparameters to be fit:
{
	'GBM': [{'extra_trees': True, 'ag_args': {'name_suffix': 'XT'}}, {}, 'GBMLarge'],
	'CAT': {},
	'XGB': {},
	'RF': [{'criterion': 'gini', 'ag_args': {'name_suffix': 'Gini', 'problem_types': ['binary', 'multiclass']}}, {'criterion': 'entropy', 'ag_args': {'name_suffix': 'Entr', 'problem_types': ['binary', 'multiclass']}}, {'criterion': 'squared_error', 'ag_args': {'name_suffix': 'MSE', 'problem_types': ['regression']}}],
	'XT': [{'criterion': 'gini', 'ag_args': {'name_suffix': 'Gini', 'problem_types': ['binary', 'multiclass']}}, {'criterion': 'entropy', 'ag_args': {'name_suffix': 'Entr', 'problem_types': ['binary', 'multiclass']}}, {'criterion': 'squared_error', 'ag_args': {'name_suffix': 'MSE', 'problem_types': ['regression']}}],
	'KNN': [{'weights': 'uniform', 'ag_args': {'name_suffix': 'Unif'}, 'n_jobs': 4}, {'weights': 'distance', 'ag_args': {'name_suffix': 'Dist'}, 'n_jobs': 4}],
}
Fitting 11 L1 models ...
Fitting model: KNeighborsUnif ...
	0.9034	 = Validation score   (accuracy)
	2.28s	 = Training   runtime
	3.9s	 = Validation runtime
Fitting model: KNeighborsDist ...
	Ensemble Weights: {'LightGBMXT': 1.0}
	0.9814	 = Validation score   (accuracy)
	15.66s	 = Training   runtime
	0.14s	 = Validation runtime
AutoGluon training complete, total runtime = 4293.02s ... Best model: "WeightedEnsemble_L2"
TabularPredictor saved. To load, use: predictor = TabularPredictor.load("AutogluonModels/ag-20250416_034029-015/Predictor_S1 (SBS1 - 0.99)")
Presets specified: ['medium_quality']
Beginning AutoGluon training ...
AutoGluon will save models to "AutogluonModels/ag-20250416_034029-015/Predictor_S2 (SBS2 - 0.99)"
=================== System Info ===================
AutoGluon Version:  1.1.0
Python Version:     3.10.15
Operating System:   Linux
Platform Machine:   x86_64
Platform Version:   #1 SMP PREEMPT_DYNAMIC Thu Apr 3 12:12:16 UTC 2025
CPU Count:          272
Memory Avail:       193.65 GB / 203.90 GB (95.0%)
Disk Space Avail:   1356.72 GB / 5120.00 GB (26.5%)
===================================================
Train Data Rows:    14495
Train Data Columns: 97
Label Column:       S2 (SBS2 - 0.99)
AutoGluon infers your prediction problem is: 'binary' (because only two unique label-values observed).
	2 unique label values:  [False, True]
	If 'binary' is not the correct problem_type, please manually specify the problem_type parameter during predictor init (You may specify problem_type as one of: ['binary', 'multiclass', 'regression'])
Problem Type:       binary
Preprocessing data ...
Selected class <--> label mapping:  class 1 = True, class 0 = False
Using Feature Generators to preprocess the data ...
Fitting AutoMLPipelineFeatureGenerator...
	Ensemble Weights: {'XGBoost': 1.0}
	0.9828	 = Validation score   (accuracy)
	16.06s	 = Training   runtime
	0.09s	 = Validation runtime
AutoGluon training complete, total runtime = 4295.56s ... Best model: "WeightedEnsemble_L2"
	Available Memory:                    198286.77 MB
	Train Data (Original)  Memory Usage: 10.63 MB (0.0% of available memory)
TabularPredictor saved. To load, use: predictor = TabularPredictor.load("AutogluonModels/ag-20250416_034029-009/Predictor_S1 (SBS1 - 0.99)")
	Inferring data type of each feature based on column values. Set feature_metadata_in to manually specify special dtypes of the features.
Presets specified: ['medium_quality']
	0.9041	 = Validation score   (accuracy)
	2.21s	 = Training   runtime
	3.54s	 = Validation runtime
Fitting model: LightGBMXT ...
Beginning AutoGluon training ...
AutoGluon will save models to "AutogluonModels/ag-20250416_034029-009/Predictor_S2 (SBS2 - 0.99)"
=================== System Info ===================
AutoGluon Version:  1.1.0
Python Version:     3.10.15
Operating System:   Linux
Platform Machine:   x86_64
Platform Version:   #1 SMP PREEMPT_DYNAMIC Thu Apr 3 12:12:16 UTC 2025
CPU Count:          272
Memory Avail:       193.63 GB / 203.90 GB (95.0%)
Disk Space Avail:   1356.71 GB / 5120.00 GB (26.5%)
===================================================
Train Data Rows:    14495
Train Data Columns: 97
Label Column:       S2 (SBS2 - 0.99)
AutoGluon infers your prediction problem is: 'binary' (because only two unique label-values observed).
	2 unique label values:  [False, True]
	If 'binary' is not the correct problem_type, please manually specify the problem_type parameter during predictor init (You may specify problem_type as one of: ['binary', 'multiclass', 'regression'])
Problem Type:       binary
Preprocessing data ...
Selected class <--> label mapping:  class 1 = True, class 0 = False
Using Feature Generators to preprocess the data ...
Fitting AutoMLPipelineFeatureGenerator...
	Available Memory:                    198296.19 MB
	Train Data (Original)  Memory Usage: 10.63 MB (0.0% of available memory)
	Stage 1 Generators:
		Fitting AsTypeFeatureGenerator...
	Inferring data type of each feature based on column values. Set feature_metadata_in to manually specify special dtypes of the features.
			Note: Converting 1 features to boolean dtype as they only contain 2 unique values.
	Stage 2 Generators:
		Fitting FillNaFeatureGenerator...
	Stage 3 Generators:
		Fitting IdentityFeatureGenerator...
	Stage 4 Generators:
		Fitting DropUniqueFeatureGenerator...
	Stage 1 Generators:
		Fitting AsTypeFeatureGenerator...
			Note: Converting 1 features to boolean dtype as they only contain 2 unique values.
	Stage 5 Generators:
		Fitting DropDuplicatesFeatureGenerator...
	Stage 2 Generators:
		Fitting FillNaFeatureGenerator...
	Stage 3 Generators:
		Fitting IdentityFeatureGenerator...
	Stage 4 Generators:
		Fitting DropUniqueFeatureGenerator...
	Types of features in original data (raw dtype, special dtypes):
		('bool', []) :  1 | ['S1 (SBS1 - 0.99)']
		('int', [])  : 96 | ['A[C>A]A', 'A[C>A]C', 'A[C>A]G', 'A[C>A]T', 'A[C>G]A', ...]
	Types of features in processed data (raw dtype, special dtypes):
		('int', [])       : 96 | ['A[C>A]A', 'A[C>A]C', 'A[C>A]G', 'A[C>A]T', 'A[C>G]A', ...]
		('int', ['bool']) :  1 | ['S1 (SBS1 - 0.99)']
	12.1s = Fit runtime
	97 features in original data used to generate 97 features in processed data.
	Train Data (Processed) Memory Usage: 10.63 MB (0.0% of available memory)
Data preprocessing and feature engineering runtime = 13.1s ...
AutoGluon will gauge predictive performance using evaluation metric: 'accuracy'
	To change this, specify the eval_metric parameter of Predictor()
Automatically generating train/validation split with holdout_frac=0.1, Train Rows: 13045, Val Rows: 1450
User-specified model hyperparameters to be fit:
{
	'GBM': [{'extra_trees': True, 'ag_args': {'name_suffix': 'XT'}}, {}, 'GBMLarge'],
	'CAT': {},
	'XGB': {},
	'RF': [{'criterion': 'gini', 'ag_args': {'name_suffix': 'Gini', 'problem_types': ['binary', 'multiclass']}}, {'criterion': 'entropy', 'ag_args': {'name_suffix': 'Entr', 'problem_types': ['binary', 'multiclass']}}, {'criterion': 'squared_error', 'ag_args': {'name_suffix': 'MSE', 'problem_types': ['regression']}}],
	'XT': [{'criterion': 'gini', 'ag_args': {'name_suffix': 'Gini', 'problem_types': ['binary', 'multiclass']}}, {'criterion': 'entropy', 'ag_args': {'name_suffix': 'Entr', 'problem_types': ['binary', 'multiclass']}}, {'criterion': 'squared_error', 'ag_args': {'name_suffix': 'MSE', 'problem_types': ['regression']}}],
	'KNN': [{'weights': 'uniform', 'ag_args': {'name_suffix': 'Unif'}, 'n_jobs': 4}, {'weights': 'distance', 'ag_args': {'name_suffix': 'Dist'}, 'n_jobs': 4}],
}
	Stage 5 Generators:
		Fitting DropDuplicatesFeatureGenerator...
Fitting 11 L1 models ...
Fitting model: KNeighborsUnif ...
	Types of features in original data (raw dtype, special dtypes):
		('bool', []) :  1 | ['S1 (SBS1 - 0.99)']
		('int', [])  : 96 | ['A[C>A]A', 'A[C>A]C', 'A[C>A]G', 'A[C>A]T', 'A[C>G]A', ...]
	Types of features in processed data (raw dtype, special dtypes):
		('int', [])       : 96 | ['A[C>A]A', 'A[C>A]C', 'A[C>A]G', 'A[C>A]T', 'A[C>G]A', ...]
		('int', ['bool']) :  1 | ['S1 (SBS1 - 0.99)']
	11.7s = Fit runtime
	97 features in original data used to generate 97 features in processed data.
	Train Data (Processed) Memory Usage: 10.63 MB (0.0% of available memory)
Data preprocessing and feature engineering runtime = 12.54s ...
AutoGluon will gauge predictive performance using evaluation metric: 'accuracy'
	To change this, specify the eval_metric parameter of Predictor()
Automatically generating train/validation split with holdout_frac=0.1, Train Rows: 13045, Val Rows: 1450
User-specified model hyperparameters to be fit:
{
	'GBM': [{'extra_trees': True, 'ag_args': {'name_suffix': 'XT'}}, {}, 'GBMLarge'],
	'CAT': {},
	'XGB': {},
	'RF': [{'criterion': 'gini', 'ag_args': {'name_suffix': 'Gini', 'problem_types': ['binary', 'multiclass']}}, {'criterion': 'entropy', 'ag_args': {'name_suffix': 'Entr', 'problem_types': ['binary', 'multiclass']}}, {'criterion': 'squared_error', 'ag_args': {'name_suffix': 'MSE', 'problem_types': ['regression']}}],
	'XT': [{'criterion': 'gini', 'ag_args': {'name_suffix': 'Gini', 'problem_types': ['binary', 'multiclass']}}, {'criterion': 'entropy', 'ag_args': {'name_suffix': 'Entr', 'problem_types': ['binary', 'multiclass']}}, {'criterion': 'squared_error', 'ag_args': {'name_suffix': 'MSE', 'problem_types': ['regression']}}],
	'KNN': [{'weights': 'uniform', 'ag_args': {'name_suffix': 'Unif'}, 'n_jobs': 4}, {'weights': 'distance', 'ag_args': {'name_suffix': 'Dist'}, 'n_jobs': 4}],
}
Fitting 11 L1 models ...
Fitting model: KNeighborsUnif ...
	0.909	 = Validation score   (accuracy)
	1.68s	 = Training   runtime
	3.56s	 = Validation runtime
Fitting model: KNeighborsDist ...
	0.9069	 = Validation score   (accuracy)
	0.72s	 = Training   runtime
	3.4s	 = Validation runtime
Fitting model: KNeighborsDist ...
	0.9097	 = Validation score   (accuracy)
	0.71s	 = Training   runtime
	3.36s	 = Validation runtime
Fitting model: LightGBMXT ...
	0.9069	 = Validation score   (accuracy)
	0.57s	 = Training   runtime
	3.23s	 = Validation runtime
Fitting model: LightGBMXT ...
	0.9807	 = Validation score   (accuracy)
	2040.35s	 = Training   runtime
	1.07s	 = Validation runtime
Fitting model: WeightedEnsemble_L2 ...
	0.98	 = Validation score   (accuracy)
	2056.12s	 = Training   runtime
	0.97s	 = Validation runtime
Fitting model: WeightedEnsemble_L2 ...
	0.9779	 = Validation score   (accuracy)
	1903.74s	 = Training   runtime
	0.76s	 = Validation runtime
Fitting model: WeightedEnsemble_L2 ...
	Ensemble Weights: {'LightGBMXT': 0.5, 'LightGBMLarge': 0.5}
	0.9814	 = Validation score   (accuracy)
	8.83s	 = Training   runtime
	0.09s	 = Validation runtime
AutoGluon training complete, total runtime = 4383.27s ... Best model: "WeightedEnsemble_L2"
TabularPredictor saved. To load, use: predictor = TabularPredictor.load("AutogluonModels/ag-20250416_034029-008/Predictor_S1 (SBS1 - 0.99)")
Presets specified: ['medium_quality']
Beginning AutoGluon training ...
AutoGluon will save models to "AutogluonModels/ag-20250416_034029-008/Predictor_S2 (SBS2 - 0.99)"
=================== System Info ===================
AutoGluon Version:  1.1.0
Python Version:     3.10.15
Operating System:   Linux
Platform Machine:   x86_64
Platform Version:   #1 SMP PREEMPT_DYNAMIC Thu Apr 3 12:12:16 UTC 2025
CPU Count:          272
Memory Avail:       193.65 GB / 203.90 GB (95.0%)
Disk Space Avail:   1356.66 GB / 5120.00 GB (26.5%)
===================================================
Train Data Rows:    14495
Train Data Columns: 97
Label Column:       S2 (SBS2 - 0.99)
AutoGluon infers your prediction problem is: 'binary' (because only two unique label-values observed).
	2 unique label values:  [False, True]
	If 'binary' is not the correct problem_type, please manually specify the problem_type parameter during predictor init (You may specify problem_type as one of: ['binary', 'multiclass', 'regression'])
Problem Type:       binary
Preprocessing data ...
Selected class <--> label mapping:  class 1 = True, class 0 = False
Using Feature Generators to preprocess the data ...
Fitting AutoMLPipelineFeatureGenerator...
	Available Memory:                    198311.37 MB
	Train Data (Original)  Memory Usage: 10.63 MB (0.0% of available memory)
	Inferring data type of each feature based on column values. Set feature_metadata_in to manually specify special dtypes of the features.
	Stage 1 Generators:
		Fitting AsTypeFeatureGenerator...
			Note: Converting 1 features to boolean dtype as they only contain 2 unique values.
	Stage 2 Generators:
		Fitting FillNaFeatureGenerator...
	Stage 3 Generators:
		Fitting IdentityFeatureGenerator...
	Stage 4 Generators:
		Fitting DropUniqueFeatureGenerator...
	Stage 5 Generators:
		Fitting DropDuplicatesFeatureGenerator...
	Ensemble Weights: {'XGBoost': 0.667, 'LightGBM': 0.333}
	0.9814	 = Validation score   (accuracy)
	18.66s	 = Training   runtime
	0.11s	 = Validation runtime
AutoGluon training complete, total runtime = 4398.47s ... Best model: "WeightedEnsemble_L2"
TabularPredictor saved. To load, use: predictor = TabularPredictor.load("AutogluonModels/ag-20250416_034029-012/Predictor_S1 (SBS1 - 0.99)")
Presets specified: ['medium_quality']
	Types of features in original data (raw dtype, special dtypes):
		('bool', []) :  1 | ['S1 (SBS1 - 0.99)']
		('int', [])  : 96 | ['A[C>A]A', 'A[C>A]C', 'A[C>A]G', 'A[C>A]T', 'A[C>G]A', ...]
	Types of features in processed data (raw dtype, special dtypes):
		('int', [])       : 96 | ['A[C>A]A', 'A[C>A]C', 'A[C>A]G', 'A[C>A]T', 'A[C>G]A', ...]
		('int', ['bool']) :  1 | ['S1 (SBS1 - 0.99)']
	13.8s = Fit runtime
	97 features in original data used to generate 97 features in processed data.
	Train Data (Processed) Memory Usage: 10.63 MB (0.0% of available memory)
Data preprocessing and feature engineering runtime = 15.16s ...
AutoGluon will gauge predictive performance using evaluation metric: 'accuracy'
	To change this, specify the eval_metric parameter of Predictor()
Beginning AutoGluon training ...
AutoGluon will save models to "AutogluonModels/ag-20250416_034029-012/Predictor_S2 (SBS2 - 0.99)"
=================== System Info ===================
AutoGluon Version:  1.1.0
Python Version:     3.10.15
Operating System:   Linux
Platform Machine:   x86_64
Platform Version:   #1 SMP PREEMPT_DYNAMIC Thu Apr 3 12:12:16 UTC 2025
CPU Count:          272
Memory Avail:       193.64 GB / 203.90 GB (95.0%)
Disk Space Avail:   1356.66 GB / 5120.00 GB (26.5%)
===================================================
Train Data Rows:    14495
Train Data Columns: 97
Label Column:       S2 (SBS2 - 0.99)
AutoGluon infers your prediction problem is: 'binary' (because only two unique label-values observed).
	2 unique label values:  [False, True]
	If 'binary' is not the correct problem_type, please manually specify the problem_type parameter during predictor init (You may specify problem_type as one of: ['binary', 'multiclass', 'regression'])
Problem Type:       binary
Preprocessing data ...
Selected class <--> label mapping:  class 1 = True, class 0 = False
Using Feature Generators to preprocess the data ...
Fitting AutoMLPipelineFeatureGenerator...
Automatically generating train/validation split with holdout_frac=0.1, Train Rows: 13045, Val Rows: 1450
User-specified model hyperparameters to be fit:
{
	'GBM': [{'extra_trees': True, 'ag_args': {'name_suffix': 'XT'}}, {}, 'GBMLarge'],
	'CAT': {},
	'XGB': {},
	'RF': [{'criterion': 'gini', 'ag_args': {'name_suffix': 'Gini', 'problem_types': ['binary', 'multiclass']}}, {'criterion': 'entropy', 'ag_args': {'name_suffix': 'Entr', 'problem_types': ['binary', 'multiclass']}}, {'criterion': 'squared_error', 'ag_args': {'name_suffix': 'MSE', 'problem_types': ['regression']}}],
	'XT': [{'criterion': 'gini', 'ag_args': {'name_suffix': 'Gini', 'problem_types': ['binary', 'multiclass']}}, {'criterion': 'entropy', 'ag_args': {'name_suffix': 'Entr', 'problem_types': ['binary', 'multiclass']}}, {'criterion': 'squared_error', 'ag_args': {'name_suffix': 'MSE', 'problem_types': ['regression']}}],
	'KNN': [{'weights': 'uniform', 'ag_args': {'name_suffix': 'Unif'}, 'n_jobs': 4}, {'weights': 'distance', 'ag_args': {'name_suffix': 'Dist'}, 'n_jobs': 4}],
}
Fitting 11 L1 models ...
Fitting model: KNeighborsUnif ...
	Available Memory:                    198296.26 MB
	Train Data (Original)  Memory Usage: 10.63 MB (0.0% of available memory)
	Inferring data type of each feature based on column values. Set feature_metadata_in to manually specify special dtypes of the features.
	Ensemble Weights: {'KNeighborsDist': 0.917, 'CatBoost': 0.083}
	0.9807	 = Validation score   (accuracy)
	19.39s	 = Training   runtime
	0.12s	 = Validation runtime
AutoGluon training complete, total runtime = 4403.15s ... Best model: "WeightedEnsemble_L2"
TabularPredictor saved. To load, use: predictor = TabularPredictor.load("AutogluonModels/ag-20250416_034029-014/Predictor_S1 (SBS1 - 0.99)")
Presets specified: ['medium_quality']
Beginning AutoGluon training ...
AutoGluon will save models to "AutogluonModels/ag-20250416_034029-014/Predictor_S2 (SBS2 - 0.99)"
=================== System Info ===================
AutoGluon Version:  1.1.0
Python Version:     3.10.15
Operating System:   Linux
Platform Machine:   x86_64
Platform Version:   #1 SMP PREEMPT_DYNAMIC Thu Apr 3 12:12:16 UTC 2025
CPU Count:          272
Memory Avail:       193.64 GB / 203.90 GB (95.0%)
Disk Space Avail:   1356.65 GB / 5120.00 GB (26.5%)
===================================================
Train Data Rows:    14495
Train Data Columns: 97
Label Column:       S2 (SBS2 - 0.99)
AutoGluon infers your prediction problem is: 'binary' (because only two unique label-values observed).
	2 unique label values:  [False, True]
	If 'binary' is not the correct problem_type, please manually specify the problem_type parameter during predictor init (You may specify problem_type as one of: ['binary', 'multiclass', 'regression'])
Problem Type:       binary
Preprocessing data ...
	Stage 1 Generators:
		Fitting AsTypeFeatureGenerator...
Selected class <--> label mapping:  class 1 = True, class 0 = False
Using Feature Generators to preprocess the data ...
Fitting AutoMLPipelineFeatureGenerator...
	Available Memory:                    198279.06 MB
	Train Data (Original)  Memory Usage: 10.63 MB (0.0% of available memory)
	Inferring data type of each feature based on column values. Set feature_metadata_in to manually specify special dtypes of the features.
			Note: Converting 1 features to boolean dtype as they only contain 2 unique values.
	Stage 2 Generators:
		Fitting FillNaFeatureGenerator...
	Stage 3 Generators:
		Fitting IdentityFeatureGenerator...
	Stage 4 Generators:
		Fitting DropUniqueFeatureGenerator...
	0.9083	 = Validation score   (accuracy)
	2.29s	 = Training   runtime
	3.88s	 = Validation runtime
Fitting model: KNeighborsDist ...
	Stage 1 Generators:
		Fitting AsTypeFeatureGenerator...
	Stage 5 Generators:
		Fitting DropDuplicatesFeatureGenerator...
	0.9772	 = Validation score   (accuracy)
	2144.53s	 = Training   runtime
	0.52s	 = Validation runtime
			Note: Converting 1 features to boolean dtype as they only contain 2 unique values.
Fitting model: WeightedEnsemble_L2 ...
	Stage 2 Generators:
		Fitting FillNaFeatureGenerator...
	Stage 3 Generators:
		Fitting IdentityFeatureGenerator...
	Types of features in original data (raw dtype, special dtypes):
		('bool', []) :  1 | ['S1 (SBS1 - 0.99)']
		('int', [])  : 96 | ['A[C>A]A', 'A[C>A]C', 'A[C>A]G', 'A[C>A]T', 'A[C>G]A', ...]
	Types of features in processed data (raw dtype, special dtypes):
		('int', [])       : 96 | ['A[C>A]A', 'A[C>A]C', 'A[C>A]G', 'A[C>A]T', 'A[C>G]A', ...]
		('int', ['bool']) :  1 | ['S1 (SBS1 - 0.99)']
	12.3s = Fit runtime
	97 features in original data used to generate 97 features in processed data.
	Stage 4 Generators:
		Fitting DropUniqueFeatureGenerator...
	0.9083	 = Validation score   (accuracy)
	1.92s	 = Training   runtime
	3.63s	 = Validation runtime
Fitting model: LightGBMXT ...
	Train Data (Processed) Memory Usage: 10.63 MB (0.0% of available memory)
Data preprocessing and feature engineering runtime = 13.75s ...
AutoGluon will gauge predictive performance using evaluation metric: 'accuracy'
	To change this, specify the eval_metric parameter of Predictor()
Automatically generating train/validation split with holdout_frac=0.1, Train Rows: 13045, Val Rows: 1450
User-specified model hyperparameters to be fit:
{
	'GBM': [{'extra_trees': True, 'ag_args': {'name_suffix': 'XT'}}, {}, 'GBMLarge'],
	'CAT': {},
	'XGB': {},
	'RF': [{'criterion': 'gini', 'ag_args': {'name_suffix': 'Gini', 'problem_types': ['binary', 'multiclass']}}, {'criterion': 'entropy', 'ag_args': {'name_suffix': 'Entr', 'problem_types': ['binary', 'multiclass']}}, {'criterion': 'squared_error', 'ag_args': {'name_suffix': 'MSE', 'problem_types': ['regression']}}],
	'XT': [{'criterion': 'gini', 'ag_args': {'name_suffix': 'Gini', 'problem_types': ['binary', 'multiclass']}}, {'criterion': 'entropy', 'ag_args': {'name_suffix': 'Entr', 'problem_types': ['binary', 'multiclass']}}, {'criterion': 'squared_error', 'ag_args': {'name_suffix': 'MSE', 'problem_types': ['regression']}}],
	'KNN': [{'weights': 'uniform', 'ag_args': {'name_suffix': 'Unif'}, 'n_jobs': 4}, {'weights': 'distance', 'ag_args': {'name_suffix': 'Dist'}, 'n_jobs': 4}],
}
Fitting 11 L1 models ...
Fitting model: KNeighborsUnif ...
	Stage 5 Generators:
		Fitting DropDuplicatesFeatureGenerator...
	Types of features in original data (raw dtype, special dtypes):
		('bool', []) :  1 | ['S1 (SBS1 - 0.99)']
		('int', [])  : 96 | ['A[C>A]A', 'A[C>A]C', 'A[C>A]G', 'A[C>A]T', 'A[C>G]A', ...]
	Types of features in processed data (raw dtype, special dtypes):
		('int', [])       : 96 | ['A[C>A]A', 'A[C>A]C', 'A[C>A]G', 'A[C>A]T', 'A[C>G]A', ...]
		('int', ['bool']) :  1 | ['S1 (SBS1 - 0.99)']
	14.3s = Fit runtime
	97 features in original data used to generate 97 features in processed data.
	Train Data (Processed) Memory Usage: 10.63 MB (0.0% of available memory)
Data preprocessing and feature engineering runtime = 16.82s ...
AutoGluon will gauge predictive performance using evaluation metric: 'accuracy'
	To change this, specify the eval_metric parameter of Predictor()
	0.9069	 = Validation score   (accuracy)
	3.03s	 = Training   runtime
	3.12s	 = Validation runtime
Fitting model: KNeighborsDist ...
Automatically generating train/validation split with holdout_frac=0.1, Train Rows: 13045, Val Rows: 1450
User-specified model hyperparameters to be fit:
{
	'GBM': [{'extra_trees': True, 'ag_args': {'name_suffix': 'XT'}}, {}, 'GBMLarge'],
	'CAT': {},
	'XGB': {},
	'RF': [{'criterion': 'gini', 'ag_args': {'name_suffix': 'Gini', 'problem_types': ['binary', 'multiclass']}}, {'criterion': 'entropy', 'ag_args': {'name_suffix': 'Entr', 'problem_types': ['binary', 'multiclass']}}, {'criterion': 'squared_error', 'ag_args': {'name_suffix': 'MSE', 'problem_types': ['regression']}}],
	'XT': [{'criterion': 'gini', 'ag_args': {'name_suffix': 'Gini', 'problem_types': ['binary', 'multiclass']}}, {'criterion': 'entropy', 'ag_args': {'name_suffix': 'Entr', 'problem_types': ['binary', 'multiclass']}}, {'criterion': 'squared_error', 'ag_args': {'name_suffix': 'MSE', 'problem_types': ['regression']}}],
	'KNN': [{'weights': 'uniform', 'ag_args': {'name_suffix': 'Unif'}, 'n_jobs': 4}, {'weights': 'distance', 'ag_args': {'name_suffix': 'Dist'}, 'n_jobs': 4}],
}
Fitting 11 L1 models ...
Fitting model: KNeighborsUnif ...
	Ensemble Weights: {'XGBoost': 0.8, 'LightGBM': 0.2}
	0.98	 = Validation score   (accuracy)
	16.53s	 = Training   runtime
	0.03s	 = Validation runtime
AutoGluon training complete, total runtime = 4428.04s ... Best model: "WeightedEnsemble_L2"
	0.9069	 = Validation score   (accuracy)
	2.02s	 = Training   runtime
	3.48s	 = Validation runtime
Fitting model: LightGBMXT ...
TabularPredictor saved. To load, use: predictor = TabularPredictor.load("AutogluonModels/ag-20250416_034029-005/Predictor_S1 (SBS1 - 0.99)")
Presets specified: ['medium_quality']
	0.9062	 = Validation score   (accuracy)
	1.83s	 = Training   runtime
	3.72s	 = Validation runtime
Fitting model: KNeighborsDist ...
Beginning AutoGluon training ...
AutoGluon will save models to "AutogluonModels/ag-20250416_034029-005/Predictor_S2 (SBS2 - 0.99)"
=================== System Info ===================
AutoGluon Version:  1.1.0
Python Version:     3.10.15
Operating System:   Linux
Platform Machine:   x86_64
Platform Version:   #1 SMP PREEMPT_DYNAMIC Thu Apr 3 12:12:16 UTC 2025
CPU Count:          272
Memory Avail:       193.62 GB / 203.90 GB (95.0%)
Disk Space Avail:   1356.60 GB / 5120.00 GB (26.5%)
===================================================
Train Data Rows:    14495
Train Data Columns: 97
Label Column:       S2 (SBS2 - 0.99)
AutoGluon infers your prediction problem is: 'binary' (because only two unique label-values observed).
	2 unique label values:  [False, True]
	If 'binary' is not the correct problem_type, please manually specify the problem_type parameter during predictor init (You may specify problem_type as one of: ['binary', 'multiclass', 'regression'])
Problem Type:       binary
Preprocessing data ...
Selected class <--> label mapping:  class 1 = True, class 0 = False
Using Feature Generators to preprocess the data ...
Fitting AutoMLPipelineFeatureGenerator...
	Available Memory:                    198268.67 MB
	Train Data (Original)  Memory Usage: 10.63 MB (0.0% of available memory)
	Inferring data type of each feature based on column values. Set feature_metadata_in to manually specify special dtypes of the features.
	Stage 1 Generators:
		Fitting AsTypeFeatureGenerator...
			Note: Converting 1 features to boolean dtype as they only contain 2 unique values.
	Stage 2 Generators:
		Fitting FillNaFeatureGenerator...
	Stage 3 Generators:
		Fitting IdentityFeatureGenerator...
	Stage 4 Generators:
		Fitting DropUniqueFeatureGenerator...
	0.9062	 = Validation score   (accuracy)
	2.43s	 = Training   runtime
	3.81s	 = Validation runtime
Fitting model: LightGBMXT ...
	Stage 5 Generators:
		Fitting DropDuplicatesFeatureGenerator...
	Types of features in original data (raw dtype, special dtypes):
		('bool', []) :  1 | ['S1 (SBS1 - 0.99)']
		('int', [])  : 96 | ['A[C>A]A', 'A[C>A]C', 'A[C>A]G', 'A[C>A]T', 'A[C>G]A', ...]
	Types of features in processed data (raw dtype, special dtypes):
		('int', [])       : 96 | ['A[C>A]A', 'A[C>A]C', 'A[C>A]G', 'A[C>A]T', 'A[C>G]A', ...]
		('int', ['bool']) :  1 | ['S1 (SBS1 - 0.99)']
	13.7s = Fit runtime
	97 features in original data used to generate 97 features in processed data.
	Train Data (Processed) Memory Usage: 10.63 MB (0.0% of available memory)
Data preprocessing and feature engineering runtime = 14.44s ...
AutoGluon will gauge predictive performance using evaluation metric: 'accuracy'
	To change this, specify the eval_metric parameter of Predictor()
Automatically generating train/validation split with holdout_frac=0.1, Train Rows: 13045, Val Rows: 1450
User-specified model hyperparameters to be fit:
{
	'GBM': [{'extra_trees': True, 'ag_args': {'name_suffix': 'XT'}}, {}, 'GBMLarge'],
	'CAT': {},
	'XGB': {},
	'RF': [{'criterion': 'gini', 'ag_args': {'name_suffix': 'Gini', 'problem_types': ['binary', 'multiclass']}}, {'criterion': 'entropy', 'ag_args': {'name_suffix': 'Entr', 'problem_types': ['binary', 'multiclass']}}, {'criterion': 'squared_error', 'ag_args': {'name_suffix': 'MSE', 'problem_types': ['regression']}}],
	'XT': [{'criterion': 'gini', 'ag_args': {'name_suffix': 'Gini', 'problem_types': ['binary', 'multiclass']}}, {'criterion': 'entropy', 'ag_args': {'name_suffix': 'Entr', 'problem_types': ['binary', 'multiclass']}}, {'criterion': 'squared_error', 'ag_args': {'name_suffix': 'MSE', 'problem_types': ['regression']}}],
	'KNN': [{'weights': 'uniform', 'ag_args': {'name_suffix': 'Unif'}, 'n_jobs': 4}, {'weights': 'distance', 'ag_args': {'name_suffix': 'Dist'}, 'n_jobs': 4}],
}
Fitting 11 L1 models ...
Fitting model: KNeighborsUnif ...
	0.8545	 = Validation score   (accuracy)
	0.6s	 = Training   runtime
	3.39s	 = Validation runtime
Fitting model: KNeighborsDist ...
	0.8545	 = Validation score   (accuracy)
	0.66s	 = Training   runtime
	3.2s	 = Validation runtime
Fitting model: LightGBMXT ...
	0.8959	 = Validation score   (accuracy)
	412.85s	 = Training   runtime
	0.45s	 = Validation runtime
Fitting model: LightGBM ...
	0.9786	 = Validation score   (accuracy)
	2244.38s	 = Training   runtime
	2.01s	 = Validation runtime
Fitting model: WeightedEnsemble_L2 ...
	Ensemble Weights: {'LightGBMXT': 1.0}
	0.98	 = Validation score   (accuracy)
	6.34s	 = Training   runtime
	0.03s	 = Validation runtime
AutoGluon training complete, total runtime = 4522.08s ... Best model: "WeightedEnsemble_L2"
TabularPredictor saved. To load, use: predictor = TabularPredictor.load("AutogluonModels/ag-20250416_034029-003/Predictor_S1 (SBS1 - 0.99)")
Presets specified: ['medium_quality']
Beginning AutoGluon training ...
AutoGluon will save models to "AutogluonModels/ag-20250416_034029-003/Predictor_S2 (SBS2 - 0.99)"
=================== System Info ===================
AutoGluon Version:  1.1.0
Python Version:     3.10.15
Operating System:   Linux
Platform Machine:   x86_64
Platform Version:   #1 SMP PREEMPT_DYNAMIC Thu Apr 3 12:12:16 UTC 2025
CPU Count:          272
Memory Avail:       193.63 GB / 203.90 GB (95.0%)
Disk Space Avail:   1356.57 GB / 5120.00 GB (26.5%)
===================================================
Train Data Rows:    14495
Train Data Columns: 97
Label Column:       S2 (SBS2 - 0.99)
AutoGluon infers your prediction problem is: 'binary' (because only two unique label-values observed).
	2 unique label values:  [False, True]
	If 'binary' is not the correct problem_type, please manually specify the problem_type parameter during predictor init (You may specify problem_type as one of: ['binary', 'multiclass', 'regression'])
Problem Type:       binary
Preprocessing data ...
Selected class <--> label mapping:  class 1 = True, class 0 = False
Using Feature Generators to preprocess the data ...
Fitting AutoMLPipelineFeatureGenerator...
	Available Memory:                    198283.96 MB
	Train Data (Original)  Memory Usage: 10.63 MB (0.0% of available memory)
	Inferring data type of each feature based on column values. Set feature_metadata_in to manually specify special dtypes of the features.
	Stage 1 Generators:
		Fitting AsTypeFeatureGenerator...
			Note: Converting 1 features to boolean dtype as they only contain 2 unique values.
	Stage 2 Generators:
		Fitting FillNaFeatureGenerator...
	Stage 3 Generators:
		Fitting IdentityFeatureGenerator...
	Stage 4 Generators:
		Fitting DropUniqueFeatureGenerator...
	Stage 5 Generators:
		Fitting DropDuplicatesFeatureGenerator...
	Types of features in original data (raw dtype, special dtypes):
		('bool', []) :  1 | ['S1 (SBS1 - 0.99)']
		('int', [])  : 96 | ['A[C>A]A', 'A[C>A]C', 'A[C>A]G', 'A[C>A]T', 'A[C>G]A', ...]
	Types of features in processed data (raw dtype, special dtypes):
		('int', [])       : 96 | ['A[C>A]A', 'A[C>A]C', 'A[C>A]G', 'A[C>A]T', 'A[C>G]A', ...]
		('int', ['bool']) :  1 | ['S1 (SBS1 - 0.99)']
	4.7s = Fit runtime
	97 features in original data used to generate 97 features in processed data.
	Train Data (Processed) Memory Usage: 10.63 MB (0.0% of available memory)
Data preprocessing and feature engineering runtime = 5.25s ...
AutoGluon will gauge predictive performance using evaluation metric: 'accuracy'
	To change this, specify the eval_metric parameter of Predictor()
Automatically generating train/validation split with holdout_frac=0.1, Train Rows: 13045, Val Rows: 1450
User-specified model hyperparameters to be fit:
{
	'GBM': [{'extra_trees': True, 'ag_args': {'name_suffix': 'XT'}}, {}, 'GBMLarge'],
	'CAT': {},
	'XGB': {},
	'RF': [{'criterion': 'gini', 'ag_args': {'name_suffix': 'Gini', 'problem_types': ['binary', 'multiclass']}}, {'criterion': 'entropy', 'ag_args': {'name_suffix': 'Entr', 'problem_types': ['binary', 'multiclass']}}, {'criterion': 'squared_error', 'ag_args': {'name_suffix': 'MSE', 'problem_types': ['regression']}}],
	'XT': [{'criterion': 'gini', 'ag_args': {'name_suffix': 'Gini', 'problem_types': ['binary', 'multiclass']}}, {'criterion': 'entropy', 'ag_args': {'name_suffix': 'Entr', 'problem_types': ['binary', 'multiclass']}}, {'criterion': 'squared_error', 'ag_args': {'name_suffix': 'MSE', 'problem_types': ['regression']}}],
	'KNN': [{'weights': 'uniform', 'ag_args': {'name_suffix': 'Unif'}, 'n_jobs': 4}, {'weights': 'distance', 'ag_args': {'name_suffix': 'Dist'}, 'n_jobs': 4}],
}
Fitting 11 L1 models ...
Fitting model: KNeighborsUnif ...
	0.8972	 = Validation score   (accuracy)
	0.82s	 = Training   runtime
	3.0s	 = Validation runtime
Fitting model: KNeighborsDist ...
	0.8979	 = Validation score   (accuracy)
	0.57s	 = Training   runtime
	3.34s	 = Validation runtime
Fitting model: LightGBMXT ...
	0.9752	 = Validation score   (accuracy)
	2285.59s	 = Training   runtime
	0.6s	 = Validation runtime
Fitting model: WeightedEnsemble_L2 ...
	Ensemble Weights: {'LightGBMXT': 1.0}
	0.9807	 = Validation score   (accuracy)
	6.12s	 = Training   runtime
	0.03s	 = Validation runtime
AutoGluon training complete, total runtime = 4591.87s ... Best model: "WeightedEnsemble_L2"
TabularPredictor saved. To load, use: predictor = TabularPredictor.load("AutogluonModels/ag-20250416_034029-006/Predictor_S1 (SBS1 - 0.99)")
Presets specified: ['medium_quality']
Beginning AutoGluon training ...
AutoGluon will save models to "AutogluonModels/ag-20250416_034029-006/Predictor_S2 (SBS2 - 0.99)"
=================== System Info ===================
AutoGluon Version:  1.1.0
Python Version:     3.10.15
Operating System:   Linux
Platform Machine:   x86_64
Platform Version:   #1 SMP PREEMPT_DYNAMIC Thu Apr 3 12:12:16 UTC 2025
CPU Count:          272
Memory Avail:       193.63 GB / 203.90 GB (95.0%)
Disk Space Avail:   1356.54 GB / 5120.00 GB (26.5%)
===================================================
Train Data Rows:    14495
Train Data Columns: 97
Label Column:       S2 (SBS2 - 0.99)
AutoGluon infers your prediction problem is: 'binary' (because only two unique label-values observed).
	2 unique label values:  [False, True]
	If 'binary' is not the correct problem_type, please manually specify the problem_type parameter during predictor init (You may specify problem_type as one of: ['binary', 'multiclass', 'regression'])
Problem Type:       binary
Preprocessing data ...
Selected class <--> label mapping:  class 1 = True, class 0 = False
Using Feature Generators to preprocess the data ...
Fitting AutoMLPipelineFeatureGenerator...
	Available Memory:                    198281.55 MB
	Train Data (Original)  Memory Usage: 10.63 MB (0.0% of available memory)
	Inferring data type of each feature based on column values. Set feature_metadata_in to manually specify special dtypes of the features.
	Stage 1 Generators:
		Fitting AsTypeFeatureGenerator...
			Note: Converting 1 features to boolean dtype as they only contain 2 unique values.
	Stage 2 Generators:
		Fitting FillNaFeatureGenerator...
	Stage 3 Generators:
		Fitting IdentityFeatureGenerator...
	Stage 4 Generators:
		Fitting DropUniqueFeatureGenerator...
	Stage 5 Generators:
		Fitting DropDuplicatesFeatureGenerator...
	Types of features in original data (raw dtype, special dtypes):
		('bool', []) :  1 | ['S1 (SBS1 - 0.99)']
		('int', [])  : 96 | ['A[C>A]A', 'A[C>A]C', 'A[C>A]G', 'A[C>A]T', 'A[C>G]A', ...]
	Types of features in processed data (raw dtype, special dtypes):
		('int', [])       : 96 | ['A[C>A]A', 'A[C>A]C', 'A[C>A]G', 'A[C>A]T', 'A[C>G]A', ...]
		('int', ['bool']) :  1 | ['S1 (SBS1 - 0.99)']
	9.2s = Fit runtime
	97 features in original data used to generate 97 features in processed data.
	Train Data (Processed) Memory Usage: 10.63 MB (0.0% of available memory)
Data preprocessing and feature engineering runtime = 9.81s ...
AutoGluon will gauge predictive performance using evaluation metric: 'accuracy'
	To change this, specify the eval_metric parameter of Predictor()
Automatically generating train/validation split with holdout_frac=0.1, Train Rows: 13045, Val Rows: 1450
User-specified model hyperparameters to be fit:
{
	'GBM': [{'extra_trees': True, 'ag_args': {'name_suffix': 'XT'}}, {}, 'GBMLarge'],
	'CAT': {},
	'XGB': {},
	'RF': [{'criterion': 'gini', 'ag_args': {'name_suffix': 'Gini', 'problem_types': ['binary', 'multiclass']}}, {'criterion': 'entropy', 'ag_args': {'name_suffix': 'Entr', 'problem_types': ['binary', 'multiclass']}}, {'criterion': 'squared_error', 'ag_args': {'name_suffix': 'MSE', 'problem_types': ['regression']}}],
	'XT': [{'criterion': 'gini', 'ag_args': {'name_suffix': 'Gini', 'problem_types': ['binary', 'multiclass']}}, {'criterion': 'entropy', 'ag_args': {'name_suffix': 'Entr', 'problem_types': ['binary', 'multiclass']}}, {'criterion': 'squared_error', 'ag_args': {'name_suffix': 'MSE', 'problem_types': ['regression']}}],
	'KNN': [{'weights': 'uniform', 'ag_args': {'name_suffix': 'Unif'}, 'n_jobs': 4}, {'weights': 'distance', 'ag_args': {'name_suffix': 'Dist'}, 'n_jobs': 4}],
}
Fitting 11 L1 models ...
Fitting model: KNeighborsUnif ...
	0.8766	 = Validation score   (accuracy)
	0.85s	 = Training   runtime
	3.63s	 = Validation runtime
Fitting model: KNeighborsDist ...
	0.8766	 = Validation score   (accuracy)
	0.59s	 = Training   runtime
	3.14s	 = Validation runtime
Fitting model: LightGBMXT ...
	0.9793	 = Validation score   (accuracy)
	2147.46s	 = Training   runtime
	1.69s	 = Validation runtime
Fitting model: WeightedEnsemble_L2 ...
	Ensemble Weights: {'LightGBM': 1.0}
	0.9814	 = Validation score   (accuracy)
	5.83s	 = Training   runtime
	0.04s	 = Validation runtime
AutoGluon training complete, total runtime = 4642.18s ... Best model: "WeightedEnsemble_L2"
TabularPredictor saved. To load, use: predictor = TabularPredictor.load("AutogluonModels/ag-20250416_034029-010/Predictor_S1 (SBS1 - 0.99)")
Presets specified: ['medium_quality']
Beginning AutoGluon training ...
AutoGluon will save models to "AutogluonModels/ag-20250416_034029-010/Predictor_S2 (SBS2 - 0.99)"
=================== System Info ===================
AutoGluon Version:  1.1.0
Python Version:     3.10.15
Operating System:   Linux
Platform Machine:   x86_64
Platform Version:   #1 SMP PREEMPT_DYNAMIC Thu Apr 3 12:12:16 UTC 2025
CPU Count:          272
Memory Avail:       193.63 GB / 203.90 GB (95.0%)
Disk Space Avail:   1356.52 GB / 5120.00 GB (26.5%)
===================================================
Train Data Rows:    14495
Train Data Columns: 97
Label Column:       S2 (SBS2 - 0.99)
AutoGluon infers your prediction problem is: 'binary' (because only two unique label-values observed).
	2 unique label values:  [False, True]
	If 'binary' is not the correct problem_type, please manually specify the problem_type parameter during predictor init (You may specify problem_type as one of: ['binary', 'multiclass', 'regression'])
Problem Type:       binary
Preprocessing data ...
Selected class <--> label mapping:  class 1 = True, class 0 = False
Using Feature Generators to preprocess the data ...
Fitting AutoMLPipelineFeatureGenerator...
	Available Memory:                    198285.02 MB
	Train Data (Original)  Memory Usage: 10.63 MB (0.0% of available memory)
	Inferring data type of each feature based on column values. Set feature_metadata_in to manually specify special dtypes of the features.
	Stage 1 Generators:
		Fitting AsTypeFeatureGenerator...
			Note: Converting 1 features to boolean dtype as they only contain 2 unique values.
	Stage 2 Generators:
		Fitting FillNaFeatureGenerator...
	Stage 3 Generators:
		Fitting IdentityFeatureGenerator...
	Stage 4 Generators:
		Fitting DropUniqueFeatureGenerator...
	Stage 5 Generators:
		Fitting DropDuplicatesFeatureGenerator...
	Types of features in original data (raw dtype, special dtypes):
		('bool', []) :  1 | ['S1 (SBS1 - 0.99)']
		('int', [])  : 96 | ['A[C>A]A', 'A[C>A]C', 'A[C>A]G', 'A[C>A]T', 'A[C>G]A', ...]
	Types of features in processed data (raw dtype, special dtypes):
		('int', [])       : 96 | ['A[C>A]A', 'A[C>A]C', 'A[C>A]G', 'A[C>A]T', 'A[C>G]A', ...]
		('int', ['bool']) :  1 | ['S1 (SBS1 - 0.99)']
	6.7s = Fit runtime
	97 features in original data used to generate 97 features in processed data.
	Train Data (Processed) Memory Usage: 10.63 MB (0.0% of available memory)
Data preprocessing and feature engineering runtime = 7.19s ...
AutoGluon will gauge predictive performance using evaluation metric: 'accuracy'
	To change this, specify the eval_metric parameter of Predictor()
Automatically generating train/validation split with holdout_frac=0.1, Train Rows: 13045, Val Rows: 1450
User-specified model hyperparameters to be fit:
{
	'GBM': [{'extra_trees': True, 'ag_args': {'name_suffix': 'XT'}}, {}, 'GBMLarge'],
	'CAT': {},
	'XGB': {},
	'RF': [{'criterion': 'gini', 'ag_args': {'name_suffix': 'Gini', 'problem_types': ['binary', 'multiclass']}}, {'criterion': 'entropy', 'ag_args': {'name_suffix': 'Entr', 'problem_types': ['binary', 'multiclass']}}, {'criterion': 'squared_error', 'ag_args': {'name_suffix': 'MSE', 'problem_types': ['regression']}}],
	'XT': [{'criterion': 'gini', 'ag_args': {'name_suffix': 'Gini', 'problem_types': ['binary', 'multiclass']}}, {'criterion': 'entropy', 'ag_args': {'name_suffix': 'Entr', 'problem_types': ['binary', 'multiclass']}}, {'criterion': 'squared_error', 'ag_args': {'name_suffix': 'MSE', 'problem_types': ['regression']}}],
	'KNN': [{'weights': 'uniform', 'ag_args': {'name_suffix': 'Unif'}, 'n_jobs': 4}, {'weights': 'distance', 'ag_args': {'name_suffix': 'Dist'}, 'n_jobs': 4}],
}
Fitting 11 L1 models ...
Fitting model: KNeighborsUnif ...
	0.9034	 = Validation score   (accuracy)
	0.63s	 = Training   runtime
	3.48s	 = Validation runtime
Fitting model: KNeighborsDist ...
	0.9034	 = Validation score   (accuracy)
	0.61s	 = Training   runtime
	3.17s	 = Validation runtime
Fitting model: LightGBMXT ...
	0.9207	 = Validation score   (accuracy)
	594.56s	 = Training   runtime
	1.59s	 = Validation runtime
Fitting model: LightGBM ...
	0.9793	 = Validation score   (accuracy)
	2437.43s	 = Training   runtime
	0.7s	 = Validation runtime
Fitting model: WeightedEnsemble_L2 ...
	Ensemble Weights: {'CatBoost': 0.75, 'LightGBM': 0.25}
	0.98	 = Validation score   (accuracy)
	5.71s	 = Training   runtime
	0.03s	 = Validation runtime
AutoGluon training complete, total runtime = 4713.08s ... Best model: "WeightedEnsemble_L2"
TabularPredictor saved. To load, use: predictor = TabularPredictor.load("AutogluonModels/ag-20250416_034029-007/Predictor_S1 (SBS1 - 0.99)")
Presets specified: ['medium_quality']
Beginning AutoGluon training ...
AutoGluon will save models to "AutogluonModels/ag-20250416_034029-007/Predictor_S2 (SBS2 - 0.99)"
=================== System Info ===================
AutoGluon Version:  1.1.0
Python Version:     3.10.15
Operating System:   Linux
Platform Machine:   x86_64
Platform Version:   #1 SMP PREEMPT_DYNAMIC Thu Apr 3 12:12:16 UTC 2025
CPU Count:          272
Memory Avail:       193.63 GB / 203.90 GB (95.0%)
Disk Space Avail:   1356.50 GB / 5120.00 GB (26.5%)
===================================================
Train Data Rows:    14495
Train Data Columns: 97
Label Column:       S2 (SBS2 - 0.99)
AutoGluon infers your prediction problem is: 'binary' (because only two unique label-values observed).
	2 unique label values:  [False, True]
	If 'binary' is not the correct problem_type, please manually specify the problem_type parameter during predictor init (You may specify problem_type as one of: ['binary', 'multiclass', 'regression'])
Problem Type:       binary
Preprocessing data ...
Selected class <--> label mapping:  class 1 = True, class 0 = False
Using Feature Generators to preprocess the data ...
Fitting AutoMLPipelineFeatureGenerator...
	Available Memory:                    198287.94 MB
	Train Data (Original)  Memory Usage: 10.63 MB (0.0% of available memory)
	Inferring data type of each feature based on column values. Set feature_metadata_in to manually specify special dtypes of the features.
	Stage 1 Generators:
		Fitting AsTypeFeatureGenerator...
			Note: Converting 1 features to boolean dtype as they only contain 2 unique values.
	Stage 2 Generators:
		Fitting FillNaFeatureGenerator...
	Stage 3 Generators:
		Fitting IdentityFeatureGenerator...
	Stage 4 Generators:
		Fitting DropUniqueFeatureGenerator...
	Stage 5 Generators:
		Fitting DropDuplicatesFeatureGenerator...
	Types of features in original data (raw dtype, special dtypes):
		('bool', []) :  1 | ['S1 (SBS1 - 0.99)']
		('int', [])  : 96 | ['A[C>A]A', 'A[C>A]C', 'A[C>A]G', 'A[C>A]T', 'A[C>G]A', ...]
	Types of features in processed data (raw dtype, special dtypes):
		('int', [])       : 96 | ['A[C>A]A', 'A[C>A]C', 'A[C>A]G', 'A[C>A]T', 'A[C>G]A', ...]
		('int', ['bool']) :  1 | ['S1 (SBS1 - 0.99)']
	10.5s = Fit runtime
	97 features in original data used to generate 97 features in processed data.
	Train Data (Processed) Memory Usage: 10.63 MB (0.0% of available memory)
Data preprocessing and feature engineering runtime = 10.97s ...
AutoGluon will gauge predictive performance using evaluation metric: 'accuracy'
	To change this, specify the eval_metric parameter of Predictor()
Automatically generating train/validation split with holdout_frac=0.1, Train Rows: 13045, Val Rows: 1450
User-specified model hyperparameters to be fit:
{
	'GBM': [{'extra_trees': True, 'ag_args': {'name_suffix': 'XT'}}, {}, 'GBMLarge'],
	'CAT': {},
	'XGB': {},
	'RF': [{'criterion': 'gini', 'ag_args': {'name_suffix': 'Gini', 'problem_types': ['binary', 'multiclass']}}, {'criterion': 'entropy', 'ag_args': {'name_suffix': 'Entr', 'problem_types': ['binary', 'multiclass']}}, {'criterion': 'squared_error', 'ag_args': {'name_suffix': 'MSE', 'problem_types': ['regression']}}],
	'XT': [{'criterion': 'gini', 'ag_args': {'name_suffix': 'Gini', 'problem_types': ['binary', 'multiclass']}}, {'criterion': 'entropy', 'ag_args': {'name_suffix': 'Entr', 'problem_types': ['binary', 'multiclass']}}, {'criterion': 'squared_error', 'ag_args': {'name_suffix': 'MSE', 'problem_types': ['regression']}}],
	'KNN': [{'weights': 'uniform', 'ag_args': {'name_suffix': 'Unif'}, 'n_jobs': 4}, {'weights': 'distance', 'ag_args': {'name_suffix': 'Dist'}, 'n_jobs': 4}],
}
Fitting 11 L1 models ...
Fitting model: KNeighborsUnif ...
	0.8766	 = Validation score   (accuracy)
	0.55s	 = Training   runtime
	3.1s	 = Validation runtime
Fitting model: KNeighborsDist ...
	0.8766	 = Validation score   (accuracy)
	0.61s	 = Training   runtime
	3.35s	 = Validation runtime
Fitting model: LightGBMXT ...
	0.9262	 = Validation score   (accuracy)
	424.84s	 = Training   runtime
	0.7s	 = Validation runtime
Fitting model: LightGBM ...
	0.9034	 = Validation score   (accuracy)
	347.25s	 = Training   runtime
	0.29s	 = Validation runtime
Fitting model: RandomForestGini ...
	0.8883	 = Validation score   (accuracy)
	55.48s	 = Training   runtime
	2.54s	 = Validation runtime
Fitting model: RandomForestEntr ...
	0.9117	 = Validation score   (accuracy)
	661.08s	 = Training   runtime
	1.21s	 = Validation runtime
Fitting model: LightGBM ...
	0.8917	 = Validation score   (accuracy)
	55.84s	 = Training   runtime
	1.98s	 = Validation runtime
Fitting model: CatBoost ...
	0.9772	 = Validation score   (accuracy)
	2714.85s	 = Training   runtime
	1.06s	 = Validation runtime
Fitting model: WeightedEnsemble_L2 ...
	Ensemble Weights: {'LightGBMXT': 1.0}
	0.9772	 = Validation score   (accuracy)
	9.86s	 = Training   runtime
	0.08s	 = Validation runtime
AutoGluon training complete, total runtime = 5001.29s ... Best model: "WeightedEnsemble_L2"
TabularPredictor saved. To load, use: predictor = TabularPredictor.load("AutogluonModels/ag-20250416_034029-002/Predictor_S1 (SBS1 - 0.99)")
Presets specified: ['medium_quality']
Beginning AutoGluon training ...
AutoGluon will save models to "AutogluonModels/ag-20250416_034029-002/Predictor_S2 (SBS2 - 0.99)"
=================== System Info ===================
AutoGluon Version:  1.1.0
Python Version:     3.10.15
Operating System:   Linux
Platform Machine:   x86_64
Platform Version:   #1 SMP PREEMPT_DYNAMIC Thu Apr 3 12:12:16 UTC 2025
CPU Count:          272
Memory Avail:       193.59 GB / 203.90 GB (94.9%)
Disk Space Avail:   1356.40 GB / 5120.00 GB (26.5%)
===================================================
Train Data Rows:    14495
Train Data Columns: 97
Label Column:       S2 (SBS2 - 0.99)
AutoGluon infers your prediction problem is: 'binary' (because only two unique label-values observed).
	2 unique label values:  [False, True]
	If 'binary' is not the correct problem_type, please manually specify the problem_type parameter during predictor init (You may specify problem_type as one of: ['binary', 'multiclass', 'regression'])
Problem Type:       binary
Preprocessing data ...
Selected class <--> label mapping:  class 1 = True, class 0 = False
Using Feature Generators to preprocess the data ...
Fitting AutoMLPipelineFeatureGenerator...
	Available Memory:                    198245.51 MB
	Train Data (Original)  Memory Usage: 10.63 MB (0.0% of available memory)
	Inferring data type of each feature based on column values. Set feature_metadata_in to manually specify special dtypes of the features.
	Stage 1 Generators:
		Fitting AsTypeFeatureGenerator...
			Note: Converting 1 features to boolean dtype as they only contain 2 unique values.
	Stage 2 Generators:
		Fitting FillNaFeatureGenerator...
	Stage 3 Generators:
		Fitting IdentityFeatureGenerator...
	Stage 4 Generators:
		Fitting DropUniqueFeatureGenerator...
	Stage 5 Generators:
		Fitting DropDuplicatesFeatureGenerator...
	Types of features in original data (raw dtype, special dtypes):
		('bool', []) :  1 | ['S1 (SBS1 - 0.99)']
		('int', [])  : 96 | ['A[C>A]A', 'A[C>A]C', 'A[C>A]G', 'A[C>A]T', 'A[C>G]A', ...]
	Types of features in processed data (raw dtype, special dtypes):
		('int', [])       : 96 | ['A[C>A]A', 'A[C>A]C', 'A[C>A]G', 'A[C>A]T', 'A[C>G]A', ...]
		('int', ['bool']) :  1 | ['S1 (SBS1 - 0.99)']
	11.3s = Fit runtime
	97 features in original data used to generate 97 features in processed data.
	Train Data (Processed) Memory Usage: 10.63 MB (0.0% of available memory)
Data preprocessing and feature engineering runtime = 11.94s ...
AutoGluon will gauge predictive performance using evaluation metric: 'accuracy'
	To change this, specify the eval_metric parameter of Predictor()
Automatically generating train/validation split with holdout_frac=0.1, Train Rows: 13045, Val Rows: 1450
User-specified model hyperparameters to be fit:
{
	'GBM': [{'extra_trees': True, 'ag_args': {'name_suffix': 'XT'}}, {}, 'GBMLarge'],
	'CAT': {},
	'XGB': {},
	'RF': [{'criterion': 'gini', 'ag_args': {'name_suffix': 'Gini', 'problem_types': ['binary', 'multiclass']}}, {'criterion': 'entropy', 'ag_args': {'name_suffix': 'Entr', 'problem_types': ['binary', 'multiclass']}}, {'criterion': 'squared_error', 'ag_args': {'name_suffix': 'MSE', 'problem_types': ['regression']}}],
	'XT': [{'criterion': 'gini', 'ag_args': {'name_suffix': 'Gini', 'problem_types': ['binary', 'multiclass']}}, {'criterion': 'entropy', 'ag_args': {'name_suffix': 'Entr', 'problem_types': ['binary', 'multiclass']}}, {'criterion': 'squared_error', 'ag_args': {'name_suffix': 'MSE', 'problem_types': ['regression']}}],
	'KNN': [{'weights': 'uniform', 'ag_args': {'name_suffix': 'Unif'}, 'n_jobs': 4}, {'weights': 'distance', 'ag_args': {'name_suffix': 'Dist'}, 'n_jobs': 4}],
}
Fitting 11 L1 models ...
Fitting model: KNeighborsUnif ...
	0.8738	 = Validation score   (accuracy)
	1.65s	 = Training   runtime
	4.87s	 = Validation runtime
Fitting model: KNeighborsDist ...
	0.8745	 = Validation score   (accuracy)
	0.72s	 = Training   runtime
	4.34s	 = Validation runtime
Fitting model: LightGBMXT ...
	0.88	 = Validation score   (accuracy)
	596.76s	 = Training   runtime
	0.5s	 = Validation runtime
Fitting model: LightGBM ...
	0.929	 = Validation score   (accuracy)
	797.63s	 = Training   runtime
	1.91s	 = Validation runtime
Fitting model: LightGBM ...
	0.9234	 = Validation score   (accuracy)
	692.89s	 = Training   runtime
	0.88s	 = Validation runtime
Fitting model: LightGBM ...
	0.9317	 = Validation score   (accuracy)
	437.76s	 = Training   runtime
	0.42s	 = Validation runtime
Fitting model: RandomForestGini ...
	0.9193	 = Validation score   (accuracy)
	533.86s	 = Training   runtime
	1.78s	 = Validation runtime
Fitting model: RandomForestGini ...
	0.9097	 = Validation score   (accuracy)
	658.83s	 = Training   runtime
	1.89s	 = Validation runtime
Fitting model: LightGBM ...
	0.8869	 = Validation score   (accuracy)
	594.08s	 = Training   runtime
	1.51s	 = Validation runtime
Fitting model: LightGBM ...
	0.9138	 = Validation score   (accuracy)
	94.02s	 = Training   runtime
	5.02s	 = Validation runtime
Fitting model: RandomForestEntr ...
	0.9048	 = Validation score   (accuracy)
	109.25s	 = Training   runtime
	5.62s	 = Validation runtime
Fitting model: RandomForestEntr ...
	0.9021	 = Validation score   (accuracy)
	1362.92s	 = Training   runtime
	9.06s	 = Validation runtime
Fitting model: LightGBM ...
	0.9159	 = Validation score   (accuracy)
	105.53s	 = Training   runtime
	4.37s	 = Validation runtime
Fitting model: CatBoost ...
	0.9041	 = Validation score   (accuracy)
	458.89s	 = Training   runtime
	0.52s	 = Validation runtime
Fitting model: ExtraTreesGini ...
	0.8938	 = Validation score   (accuracy)
	694.16s	 = Training   runtime
	0.86s	 = Validation runtime
Fitting model: LightGBM ...
	0.9269	 = Validation score   (accuracy)
	774.66s	 = Training   runtime
	1.87s	 = Validation runtime
Fitting model: LightGBM ...
	0.911	 = Validation score   (accuracy)
	113.88s	 = Training   runtime
	4.75s	 = Validation runtime
Fitting model: CatBoost ...
	0.9186	 = Validation score   (accuracy)
	1141.92s	 = Training   runtime
	1.84s	 = Validation runtime
Fitting model: LightGBM ...
	0.9331	 = Validation score   (accuracy)
	1051.47s	 = Training   runtime
	1.83s	 = Validation runtime
Fitting model: LightGBM ...
	0.8855	 = Validation score   (accuracy)
	62.13s	 = Training   runtime
	3.8s	 = Validation runtime
Fitting model: ExtraTreesEntr ...
	0.8883	 = Validation score   (accuracy)
	52.9s	 = Training   runtime
	5.05s	 = Validation runtime
Fitting model: XGBoost ...
	0.9214	 = Validation score   (accuracy)
	285.83s	 = Training   runtime
	0.33s	 = Validation runtime
Fitting model: ExtraTreesGini ...
	0.9269	 = Validation score   (accuracy)
	593.02s	 = Training   runtime
	0.88s	 = Validation runtime
Fitting model: RandomForestGini ...
	0.8931	 = Validation score   (accuracy)
	41.73s	 = Training   runtime
	4.36s	 = Validation runtime
Fitting model: ExtraTreesEntr ...
	0.8979	 = Validation score   (accuracy)
	60.04s	 = Training   runtime
	5.05s	 = Validation runtime
Fitting model: XGBoost ...
	0.9172	 = Validation score   (accuracy)
	99.66s	 = Training   runtime
	4.04s	 = Validation runtime
Fitting model: RandomForestEntr ...
	0.9283	 = Validation score   (accuracy)
	1403.62s	 = Training   runtime
	5.0s	 = Validation runtime
Fitting model: LightGBM ...
	0.9159	 = Validation score   (accuracy)
	675.27s	 = Training   runtime
	3.4s	 = Validation runtime
Fitting model: RandomForestGini ...
	0.9083	 = Validation score   (accuracy)
	993.65s	 = Training   runtime
	1.65s	 = Validation runtime
	0.9193	 = Validation score   (accuracy)
	81.95s	 = Training   runtime
	4.58s	 = Validation runtime
Fitting model: RandomForestGini ...
Fitting model: CatBoost ...
	0.9297	 = Validation score   (accuracy)
	479.16s	 = Training   runtime
	1.03s	 = Validation runtime
Fitting model: RandomForestGini ...
	0.9021	 = Validation score   (accuracy)
	88.28s	 = Training   runtime
	5.44s	 = Validation runtime
Fitting model: RandomForestEntr ...
	0.9179	 = Validation score   (accuracy)
	556.81s	 = Training   runtime
	1.02s	 = Validation runtime
Fitting model: RandomForestGini ...
	0.8917	 = Validation score   (accuracy)
	95.26s	 = Training   runtime
	6.14s	 = Validation runtime
Fitting model: RandomForestEntr ...
	0.8931	 = Validation score   (accuracy)
	648.11s	 = Training   runtime
	0.72s	 = Validation runtime
Fitting model: RandomForestGini ...
	0.8814	 = Validation score   (accuracy)
	1008.76s	 = Training   runtime
	2.34s	 = Validation runtime
Fitting model: RandomForestGini ...
	0.8862	 = Validation score   (accuracy)
	859.03s	 = Training   runtime
	3.27s	 = Validation runtime
Fitting model: RandomForestGini ...
	0.8979	 = Validation score   (accuracy)
	114.28s	 = Training   runtime
	15.32s	 = Validation runtime
Fitting model: CatBoost ...
	0.8993	 = Validation score   (accuracy)
	556.67s	 = Training   runtime
	4.02s	 = Validation runtime
Fitting model: LightGBMLarge ...
	0.9166	 = Validation score   (accuracy)
	143.46s	 = Training   runtime
	16.79s	 = Validation runtime
Fitting model: RandomForestEntr ...
	0.9062	 = Validation score   (accuracy)
	138.12s	 = Training   runtime
	19.03s	 = Validation runtime
Fitting model: RandomForestEntr ...
	0.8945	 = Validation score   (accuracy)
	131.04s	 = Training   runtime
	13.64s	 = Validation runtime
Fitting model: CatBoost ...
	0.8876	 = Validation score   (accuracy)
	138.38s	 = Training   runtime
	12.28s	 = Validation runtime
Fitting model: RandomForestEntr ...
	0.8766	 = Validation score   (accuracy)
	127.91s	 = Training   runtime
	9.84s	 = Validation runtime
Fitting model: RandomForestEntr ...
	0.9262	 = Validation score   (accuracy)
	400.98s	 = Training   runtime
	1.95s	 = Validation runtime
Fitting model: LightGBMLarge ...
	0.8834	 = Validation score   (accuracy)
	124.75s	 = Training   runtime
	9.42s	 = Validation runtime
Fitting model: RandomForestEntr ...
	0.9207	 = Validation score   (accuracy)
	476.58s	 = Training   runtime
	1.96s	 = Validation runtime
Fitting model: RandomForestGini ...
	0.9214	 = Validation score   (accuracy)
	1195.6s	 = Training   runtime
	4.65s	 = Validation runtime
Fitting model: RandomForestGini ...
	0.9179	 = Validation score   (accuracy)
	164.11s	 = Training   runtime
	18.96s	 = Validation runtime
Fitting model: CatBoost ...
	0.9	 = Validation score   (accuracy)
	148.18s	 = Training   runtime
	20.19s	 = Validation runtime
Fitting model: CatBoost ...
	0.8855	 = Validation score   (accuracy)
	128.09s	 = Training   runtime
	12.31s	 = Validation runtime
Fitting model: CatBoost ...
	0.8793	 = Validation score   (accuracy)
	119.89s	 = Training   runtime
	14.46s	 = Validation runtime
	0.8793	 = Validation score   (accuracy)
	121.66s	 = Training   runtime
	11.2s	 = Validation runtime
Fitting model: CatBoost ...
Fitting model: CatBoost ...
	0.9214	 = Validation score   (accuracy)
	928.66s	 = Training   runtime
	1.57s	 = Validation runtime
Fitting model: ExtraTreesGini ...
	0.9083	 = Validation score   (accuracy)
	134.5s	 = Training   runtime
	5.33s	 = Validation runtime
Fitting model: RandomForestEntr ...
	0.8931	 = Validation score   (accuracy)
	70.49s	 = Training   runtime
	5.29s	 = Validation runtime
Fitting model: ExtraTreesEntr ...
	0.909	 = Validation score   (accuracy)
	135.12s	 = Training   runtime
	6.02s	 = Validation runtime
Fitting model: RandomForestEntr ...
	0.8924	 = Validation score   (accuracy)
	64.29s	 = Training   runtime
	4.72s	 = Validation runtime
Fitting model: XGBoost ...
	0.9083	 = Validation score   (accuracy)
	97.95s	 = Training   runtime
	4.35s	 = Validation runtime
Fitting model: CatBoost ...
	0.9097	 = Validation score   (accuracy)
	117.49s	 = Training   runtime
	3.76s	 = Validation runtime
Fitting model: CatBoost ...
	0.9352	 = Validation score   (accuracy)
	1193.37s	 = Training   runtime
	1.78s	 = Validation runtime
Fitting model: RandomForestGini ...
	0.8848	 = Validation score   (accuracy)
	336.21s	 = Training   runtime
	1.13s	 = Validation runtime
Fitting model: ExtraTreesGini ...
	0.8869	 = Validation score   (accuracy)
	378.15s	 = Training   runtime
	1.25s	 = Validation runtime
Fitting model: ExtraTreesGini ...
	0.9117	 = Validation score   (accuracy)
	627.27s	 = Training   runtime
	2.77s	 = Validation runtime
Fitting model: ExtraTreesGini ...
	0.9262	 = Validation score   (accuracy)
	837.67s	 = Training   runtime
	1.53s	 = Validation runtime
Fitting model: ExtraTreesGini ...
	0.9152	 = Validation score   (accuracy)
	104.55s	 = Training   runtime
	16.56s	 = Validation runtime
Fitting model: RandomForestEntr ...
	0.8786	 = Validation score   (accuracy)
	79.15s	 = Training   runtime
	14.61s	 = Validation runtime
Fitting model: ExtraTreesEntr ...
	0.8952	 = Validation score   (accuracy)
	1405.48s	 = Training   runtime
	3.94s	 = Validation runtime
Fitting model: RandomForestGini ...
	0.8897	 = Validation score   (accuracy)
	483.83s	 = Training   runtime
	5.58s	 = Validation runtime
Fitting model: ExtraTreesGini ...
	0.8786	 = Validation score   (accuracy)
	108.32s	 = Training   runtime
	37.88s	 = Validation runtime
Fitting model: ExtraTreesEntr ...
	0.8986	 = Validation score   (accuracy)
	122.05s	 = Training   runtime
	25.73s	 = Validation runtime
Fitting model: ExtraTreesEntr ...
	0.9172	 = Validation score   (accuracy)
	574.79s	 = Training   runtime
	2.5s	 = Validation runtime
Fitting model: ExtraTreesGini ...
	0.8883	 = Validation score   (accuracy)
	125.02s	 = Training   runtime
	28.72s	 = Validation runtime
Fitting model: ExtraTreesEntr ...
	0.9007	 = Validation score   (accuracy)
	1916.13s	 = Training   runtime
	2.72s	 = Validation runtime
Fitting model: LightGBM ...
	0.9166	 = Validation score   (accuracy)
	149.4s	 = Training   runtime
	42.24s	 = Validation runtime
Fitting model: CatBoost ...
	0.9138	 = Validation score   (accuracy)
	801.5s	 = Training   runtime
	3.09s	 = Validation runtime
Fitting model: ExtraTreesGini ...
	0.9207	 = Validation score   (accuracy)
	471.37s	 = Training   runtime
	4.18s	 = Validation runtime
Fitting model: LightGBMLarge ...
	0.9248	 = Validation score   (accuracy)
	674.93s	 = Training   runtime
	2.26s	 = Validation runtime
Fitting model: ExtraTreesGini ...
	0.8828	 = Validation score   (accuracy)
	152.6s	 = Training   runtime
	50.07s	 = Validation runtime
Fitting model: XGBoost ...
	0.8848	 = Validation score   (accuracy)
	160.2s	 = Training   runtime
	40.96s	 = Validation runtime
	0.8869	 = Validation score   (accuracy)
	163.24s	 = Training   runtime
	44.82s	 = Validation runtime
Fitting model: ExtraTreesEntr ...
Fitting model: RandomForestEntr ...
	0.9166	 = Validation score   (accuracy)
	479.92s	 = Training   runtime
	2.6s	 = Validation runtime
Fitting model: ExtraTreesGini ...
	0.8793	 = Validation score   (accuracy)
	153.17s	 = Training   runtime
	43.65s	 = Validation runtime
Fitting model: XGBoost ...
	0.8959	 = Validation score   (accuracy)
	164.62s	 = Training   runtime
	32.21s	 = Validation runtime
Fitting model: XGBoost ...
	0.8897	 = Validation score   (accuracy)
	167.51s	 = Training   runtime
	29.69s	 = Validation runtime
	0.8869	 = Validation score   (accuracy)
	167.97s	 = Training   runtime
	27.45s	 = Validation runtime
Fitting model: ExtraTreesEntr ...
Fitting model: XGBoost ...
	0.8869	 = Validation score   (accuracy)
	138.28s	 = Training   runtime
	24.27s	 = Validation runtime
Fitting model: ExtraTreesEntr ...
	0.8966	 = Validation score   (accuracy)
	133.25s	 = Training   runtime
	28.78s	 = Validation runtime
Fitting model: ExtraTreesEntr ...
	0.8841	 = Validation score   (accuracy)
	116.05s	 = Training   runtime
	17.96s	 = Validation runtime
Fitting model: XGBoost ...
	0.8897	 = Validation score   (accuracy)
	124.82s	 = Training   runtime
	12.55s	 = Validation runtime
Fitting model: CatBoost ...
	0.8945	 = Validation score   (accuracy)
	119.18s	 = Training   runtime
	14.73s	 = Validation runtime
Fitting model: ExtraTreesEntr ...
	0.891	 = Validation score   (accuracy)
	104.0s	 = Training   runtime
	14.01s	 = Validation runtime
Fitting model: XGBoost ...
	0.8897	 = Validation score   (accuracy)
	110.21s	 = Training   runtime
	10.33s	 = Validation runtime
Fitting model: XGBoost ...
	0.8979	 = Validation score   (accuracy)
	95.05s	 = Training   runtime
	7.93s	 = Validation runtime
Fitting model: XGBoost ...
	0.8917	 = Validation score   (accuracy)
	91.86s	 = Training   runtime
	4.95s	 = Validation runtime
Fitting model: XGBoost ...
	0.8848	 = Validation score   (accuracy)
	351.94s	 = Training   runtime
	0.25s	 = Validation runtime
Fitting model: LightGBMLarge ...
	0.8821	 = Validation score   (accuracy)
	313.05s	 = Training   runtime
	0.62s	 = Validation runtime
Fitting model: LightGBMLarge ...
	0.8917	 = Validation score   (accuracy)
	275.11s	 = Training   runtime
	0.38s	 = Validation runtime
Fitting model: LightGBMLarge ...
	0.8848	 = Validation score   (accuracy)
	291.5s	 = Training   runtime
	0.54s	 = Validation runtime
Fitting model: ExtraTreesGini ...
	0.9076	 = Validation score   (accuracy)
	383.77s	 = Training   runtime
	0.95s	 = Validation runtime
Fitting model: LightGBMLarge ...
	0.9262	 = Validation score   (accuracy)
	968.08s	 = Training   runtime
	0.49s	 = Validation runtime
Fitting model: ExtraTreesGini ...
	0.8814	 = Validation score   (accuracy)
	58.35s	 = Training   runtime
	6.7s	 = Validation runtime
Fitting model: ExtraTreesEntr ...
	0.8938	 = Validation score   (accuracy)
	70.69s	 = Training   runtime
	4.06s	 = Validation runtime
Fitting model: ExtraTreesEntr ...
	0.9097	 = Validation score   (accuracy)
	368.25s	 = Training   runtime
	4.84s	 = Validation runtime
Fitting model: LightGBMLarge ...
	0.9269	 = Validation score   (accuracy)
	533.15s	 = Training   runtime
	3.91s	 = Validation runtime
Fitting model: LightGBMLarge ...
	0.8855	 = Validation score   (accuracy)
	54.4s	 = Training   runtime
	7.34s	 = Validation runtime
Fitting model: XGBoost ...
	0.8938	 = Validation score   (accuracy)
	67.26s	 = Training   runtime
	5.4s	 = Validation runtime
Fitting model: XGBoost ...
	0.9193	 = Validation score   (accuracy)
	348.78s	 = Training   runtime
	0.7s	 = Validation runtime
Fitting model: LightGBMLarge ...
	0.9234	 = Validation score   (accuracy)
	387.77s	 = Training   runtime
	0.54s	 = Validation runtime
Fitting model: LightGBMLarge ...
	0.9055	 = Validation score   (accuracy)
	427.35s	 = Training   runtime
	0.74s	 = Validation runtime
Fitting model: LightGBMLarge ...
	0.9241	 = Validation score   (accuracy)
	805.65s	 = Training   runtime
	0.33s	 = Validation runtime
Fitting model: ExtraTreesGini ...
	0.8972	 = Validation score   (accuracy)
	859.04s	 = Training   runtime
	3.02s	 = Validation runtime
Fitting model: RandomForestGini ...
	0.8952	 = Validation score   (accuracy)
	35.36s	 = Training   runtime
	3.73s	 = Validation runtime
Fitting model: ExtraTreesEntr ...
	0.8938	 = Validation score   (accuracy)
	76.39s	 = Training   runtime
	3.77s	 = Validation runtime
Fitting model: RandomForestEntr ...
	0.891	 = Validation score   (accuracy)
	60.3s	 = Training   runtime
	3.89s	 = Validation runtime
Fitting model: XGBoost ...
	0.9221	 = Validation score   (accuracy)
	260.86s	 = Training   runtime
	0.68s	 = Validation runtime
Fitting model: LightGBMLarge ...
	0.8897	 = Validation score   (accuracy)
	50.02s	 = Training   runtime
	4.0s	 = Validation runtime
Fitting model: CatBoost ...
	0.8945	 = Validation score   (accuracy)
	255.54s	 = Training   runtime
	0.24s	 = Validation runtime
Fitting model: ExtraTreesGini ...
	0.8821	 = Validation score   (accuracy)
	36.95s	 = Training   runtime
	3.19s	 = Validation runtime
Fitting model: ExtraTreesEntr ...
	0.891	 = Validation score   (accuracy)
	602.79s	 = Training   runtime
	4.78s	 = Validation runtime
Fitting model: LightGBMLarge ...
	0.8834	 = Validation score   (accuracy)
	35.26s	 = Training   runtime
	3.21s	 = Validation runtime
Fitting model: XGBoost ...
	0.9262	 = Validation score   (accuracy)
	457.31s	 = Training   runtime
	0.89s	 = Validation runtime
Fitting model: LightGBMLarge ...
	0.9	 = Validation score   (accuracy)
	2255.05s	 = Training   runtime
	1.38s	 = Validation runtime
Fitting model: WeightedEnsemble_L2 ...
	Ensemble Weights: {'KNeighborsDist': 0.278, 'LightGBM': 0.222, 'CatBoost': 0.222, 'LightGBMXT': 0.111, 'RandomForestEntr': 0.111, 'RandomForestGini': 0.056}
	0.9124	 = Validation score   (accuracy)
	6.01s	 = Training   runtime
	0.03s	 = Validation runtime
AutoGluon training complete, total runtime = 4318.4s ... Best model: "WeightedEnsemble_L2"
TabularPredictor saved. To load, use: predictor = TabularPredictor.load("AutogluonModels/ag-20250416_034029/Predictor_S2 (SBS2 - 0.99)")
Presets specified: ['medium_quality']
Beginning AutoGluon training ...
AutoGluon will save models to "AutogluonModels/ag-20250416_034029/Predictor_S3 (SBS3 - 0.97)"
=================== System Info ===================
AutoGluon Version:  1.1.0
Python Version:     3.10.15
Operating System:   Linux
Platform Machine:   x86_64
Platform Version:   #1 SMP PREEMPT_DYNAMIC Thu Apr 3 12:12:16 UTC 2025
CPU Count:          272
Memory Avail:       192.31 GB / 203.90 GB (94.3%)
Disk Space Avail:   1353.08 GB / 5120.00 GB (26.4%)
===================================================
Train Data Rows:    14495
Train Data Columns: 98
Label Column:       S3 (SBS3 - 0.97)
AutoGluon infers your prediction problem is: 'binary' (because only two unique label-values observed).
	2 unique label values:  [False, True]
	If 'binary' is not the correct problem_type, please manually specify the problem_type parameter during predictor init (You may specify problem_type as one of: ['binary', 'multiclass', 'regression'])
Problem Type:       binary
Preprocessing data ...
Selected class <--> label mapping:  class 1 = True, class 0 = False
Using Feature Generators to preprocess the data ...
Fitting AutoMLPipelineFeatureGenerator...
	Available Memory:                    196938.75 MB
	Train Data (Original)  Memory Usage: 10.64 MB (0.0% of available memory)
	Inferring data type of each feature based on column values. Set feature_metadata_in to manually specify special dtypes of the features.
	Stage 1 Generators:
		Fitting AsTypeFeatureGenerator...
			Note: Converting 2 features to boolean dtype as they only contain 2 unique values.
	Stage 2 Generators:
		Fitting FillNaFeatureGenerator...
	Stage 3 Generators:
		Fitting IdentityFeatureGenerator...
	Stage 4 Generators:
		Fitting DropUniqueFeatureGenerator...
	Stage 5 Generators:
		Fitting DropDuplicatesFeatureGenerator...
	Types of features in original data (raw dtype, special dtypes):
		('bool', []) :  2 | ['S1 (SBS1 - 0.99)', 'S2 (SBS2 - 0.99)']
		('int', [])  : 96 | ['A[C>A]A', 'A[C>A]C', 'A[C>A]G', 'A[C>A]T', 'A[C>G]A', ...]
	Types of features in processed data (raw dtype, special dtypes):
		('int', [])       : 96 | ['A[C>A]A', 'A[C>A]C', 'A[C>A]G', 'A[C>A]T', 'A[C>G]A', ...]
		('int', ['bool']) :  2 | ['S1 (SBS1 - 0.99)', 'S2 (SBS2 - 0.99)']
	4.2s = Fit runtime
	98 features in original data used to generate 98 features in processed data.
	Train Data (Processed) Memory Usage: 10.64 MB (0.0% of available memory)
Data preprocessing and feature engineering runtime = 4.63s ...
AutoGluon will gauge predictive performance using evaluation metric: 'accuracy'
	To change this, specify the eval_metric parameter of Predictor()
Automatically generating train/validation split with holdout_frac=0.1, Train Rows: 13045, Val Rows: 1450
User-specified model hyperparameters to be fit:
{
	'GBM': [{'extra_trees': True, 'ag_args': {'name_suffix': 'XT'}}, {}, 'GBMLarge'],
	'CAT': {},
	'XGB': {},
	'RF': [{'criterion': 'gini', 'ag_args': {'name_suffix': 'Gini', 'problem_types': ['binary', 'multiclass']}}, {'criterion': 'entropy', 'ag_args': {'name_suffix': 'Entr', 'problem_types': ['binary', 'multiclass']}}, {'criterion': 'squared_error', 'ag_args': {'name_suffix': 'MSE', 'problem_types': ['regression']}}],
	'XT': [{'criterion': 'gini', 'ag_args': {'name_suffix': 'Gini', 'problem_types': ['binary', 'multiclass']}}, {'criterion': 'entropy', 'ag_args': {'name_suffix': 'Entr', 'problem_types': ['binary', 'multiclass']}}, {'criterion': 'squared_error', 'ag_args': {'name_suffix': 'MSE', 'problem_types': ['regression']}}],
	'KNN': [{'weights': 'uniform', 'ag_args': {'name_suffix': 'Unif'}, 'n_jobs': 4}, {'weights': 'distance', 'ag_args': {'name_suffix': 'Dist'}, 'n_jobs': 4}],
}
Fitting 11 L1 models ...
Fitting model: KNeighborsUnif ...
	0.7676	 = Validation score   (accuracy)
	0.6s	 = Training   runtime
	3.46s	 = Validation runtime
Fitting model: KNeighborsDist ...
	0.7683	 = Validation score   (accuracy)
	0.69s	 = Training   runtime
	3.58s	 = Validation runtime
Fitting model: LightGBMXT ...
	0.8952	 = Validation score   (accuracy)
	406.56s	 = Training   runtime
	1.06s	 = Validation runtime
Fitting model: LightGBMLarge ...
	0.9269	 = Validation score   (accuracy)
	2784.58s	 = Training   runtime
	1.85s	 = Validation runtime
Fitting model: WeightedEnsemble_L2 ...
	Ensemble Weights: {'LightGBM': 0.667, 'XGBoost': 0.167, 'KNeighborsUnif': 0.083, 'LightGBMXT': 0.083}
	0.9338	 = Validation score   (accuracy)
	6.01s	 = Training   runtime
	0.03s	 = Validation runtime
AutoGluon training complete, total runtime = 4720.46s ... Best model: "WeightedEnsemble_L2"
TabularPredictor saved. To load, use: predictor = TabularPredictor.load("AutogluonModels/ag-20250416_034029-015/Predictor_S2 (SBS2 - 0.99)")
Presets specified: ['medium_quality']
Beginning AutoGluon training ...
AutoGluon will save models to "AutogluonModels/ag-20250416_034029-015/Predictor_S3 (SBS3 - 0.97)"
=================== System Info ===================
AutoGluon Version:  1.1.0
Python Version:     3.10.15
Operating System:   Linux
Platform Machine:   x86_64
Platform Version:   #1 SMP PREEMPT_DYNAMIC Thu Apr 3 12:12:16 UTC 2025
CPU Count:          272
Memory Avail:       192.24 GB / 203.90 GB (94.3%)
Disk Space Avail:   1353.05 GB / 5120.00 GB (26.4%)
===================================================
Train Data Rows:    14495
Train Data Columns: 98
Label Column:       S3 (SBS3 - 0.97)
AutoGluon infers your prediction problem is: 'binary' (because only two unique label-values observed).
	2 unique label values:  [False, True]
	If 'binary' is not the correct problem_type, please manually specify the problem_type parameter during predictor init (You may specify problem_type as one of: ['binary', 'multiclass', 'regression'])
Problem Type:       binary
Preprocessing data ...
Selected class <--> label mapping:  class 1 = True, class 0 = False
Using Feature Generators to preprocess the data ...
Fitting AutoMLPipelineFeatureGenerator...
	Available Memory:                    196863.07 MB
	Train Data (Original)  Memory Usage: 10.64 MB (0.0% of available memory)
	Inferring data type of each feature based on column values. Set feature_metadata_in to manually specify special dtypes of the features.
	Stage 1 Generators:
		Fitting AsTypeFeatureGenerator...
			Note: Converting 2 features to boolean dtype as they only contain 2 unique values.
	Stage 2 Generators:
		Fitting FillNaFeatureGenerator...
	Stage 3 Generators:
		Fitting IdentityFeatureGenerator...
	Stage 4 Generators:
		Fitting DropUniqueFeatureGenerator...
	Stage 5 Generators:
		Fitting DropDuplicatesFeatureGenerator...
	Types of features in original data (raw dtype, special dtypes):
		('bool', []) :  2 | ['S1 (SBS1 - 0.99)', 'S2 (SBS2 - 0.99)']
		('int', [])  : 96 | ['A[C>A]A', 'A[C>A]C', 'A[C>A]G', 'A[C>A]T', 'A[C>G]A', ...]
	Types of features in processed data (raw dtype, special dtypes):
		('int', [])       : 96 | ['A[C>A]A', 'A[C>A]C', 'A[C>A]G', 'A[C>A]T', 'A[C>G]A', ...]
		('int', ['bool']) :  2 | ['S1 (SBS1 - 0.99)', 'S2 (SBS2 - 0.99)']
	4.8s = Fit runtime
	98 features in original data used to generate 98 features in processed data.
	Train Data (Processed) Memory Usage: 10.64 MB (0.0% of available memory)
Data preprocessing and feature engineering runtime = 5.21s ...
AutoGluon will gauge predictive performance using evaluation metric: 'accuracy'
	To change this, specify the eval_metric parameter of Predictor()
Automatically generating train/validation split with holdout_frac=0.1, Train Rows: 13045, Val Rows: 1450
User-specified model hyperparameters to be fit:
{
	'GBM': [{'extra_trees': True, 'ag_args': {'name_suffix': 'XT'}}, {}, 'GBMLarge'],
	'CAT': {},
	'XGB': {},
	'RF': [{'criterion': 'gini', 'ag_args': {'name_suffix': 'Gini', 'problem_types': ['binary', 'multiclass']}}, {'criterion': 'entropy', 'ag_args': {'name_suffix': 'Entr', 'problem_types': ['binary', 'multiclass']}}, {'criterion': 'squared_error', 'ag_args': {'name_suffix': 'MSE', 'problem_types': ['regression']}}],
	'XT': [{'criterion': 'gini', 'ag_args': {'name_suffix': 'Gini', 'problem_types': ['binary', 'multiclass']}}, {'criterion': 'entropy', 'ag_args': {'name_suffix': 'Entr', 'problem_types': ['binary', 'multiclass']}}, {'criterion': 'squared_error', 'ag_args': {'name_suffix': 'MSE', 'problem_types': ['regression']}}],
	'KNN': [{'weights': 'uniform', 'ag_args': {'name_suffix': 'Unif'}, 'n_jobs': 4}, {'weights': 'distance', 'ag_args': {'name_suffix': 'Dist'}, 'n_jobs': 4}],
}
Fitting 11 L1 models ...
Fitting model: KNeighborsUnif ...
	0.8048	 = Validation score   (accuracy)
	0.66s	 = Training   runtime
	3.28s	 = Validation runtime
Fitting model: KNeighborsDist ...
	0.8062	 = Validation score   (accuracy)
	0.66s	 = Training   runtime
	3.41s	 = Validation runtime
Fitting model: LightGBMXT ...
	0.8814	 = Validation score   (accuracy)
	1889.09s	 = Training   runtime
	0.33s	 = Validation runtime
Fitting model: WeightedEnsemble_L2 ...
	Ensemble Weights: {'CatBoost': 1.0}
	0.8869	 = Validation score   (accuracy)
	6.36s	 = Training   runtime
	0.04s	 = Validation runtime
AutoGluon training complete, total runtime = 4899.32s ... Best model: "WeightedEnsemble_L2"
TabularPredictor saved. To load, use: predictor = TabularPredictor.load("AutogluonModels/ag-20250416_034029-005/Predictor_S2 (SBS2 - 0.99)")
Presets specified: ['medium_quality']
Beginning AutoGluon training ...
AutoGluon will save models to "AutogluonModels/ag-20250416_034029-005/Predictor_S3 (SBS3 - 0.97)"
=================== System Info ===================
AutoGluon Version:  1.1.0
Python Version:     3.10.15
Operating System:   Linux
Platform Machine:   x86_64
Platform Version:   #1 SMP PREEMPT_DYNAMIC Thu Apr 3 12:12:16 UTC 2025
CPU Count:          272
Memory Avail:       192.24 GB / 203.90 GB (94.3%)
Disk Space Avail:   1353.03 GB / 5120.00 GB (26.4%)
===================================================
Train Data Rows:    14495
Train Data Columns: 98
Label Column:       S3 (SBS3 - 0.97)
AutoGluon infers your prediction problem is: 'binary' (because only two unique label-values observed).
	2 unique label values:  [False, True]
	If 'binary' is not the correct problem_type, please manually specify the problem_type parameter during predictor init (You may specify problem_type as one of: ['binary', 'multiclass', 'regression'])
Problem Type:       binary
Preprocessing data ...
Selected class <--> label mapping:  class 1 = True, class 0 = False
Using Feature Generators to preprocess the data ...
Fitting AutoMLPipelineFeatureGenerator...
	Available Memory:                    196860.87 MB
	Train Data (Original)  Memory Usage: 10.64 MB (0.0% of available memory)
	Inferring data type of each feature based on column values. Set feature_metadata_in to manually specify special dtypes of the features.
	Stage 1 Generators:
		Fitting AsTypeFeatureGenerator...
			Note: Converting 2 features to boolean dtype as they only contain 2 unique values.
	Stage 2 Generators:
		Fitting FillNaFeatureGenerator...
	Stage 3 Generators:
		Fitting IdentityFeatureGenerator...
	Stage 4 Generators:
		Fitting DropUniqueFeatureGenerator...
	Stage 5 Generators:
		Fitting DropDuplicatesFeatureGenerator...
	Types of features in original data (raw dtype, special dtypes):
		('bool', []) :  2 | ['S1 (SBS1 - 0.99)', 'S2 (SBS2 - 0.99)']
		('int', [])  : 96 | ['A[C>A]A', 'A[C>A]C', 'A[C>A]G', 'A[C>A]T', 'A[C>G]A', ...]
	Types of features in processed data (raw dtype, special dtypes):
		('int', [])       : 96 | ['A[C>A]A', 'A[C>A]C', 'A[C>A]G', 'A[C>A]T', 'A[C>G]A', ...]
		('int', ['bool']) :  2 | ['S1 (SBS1 - 0.99)', 'S2 (SBS2 - 0.99)']
	9.5s = Fit runtime
	98 features in original data used to generate 98 features in processed data.
	Train Data (Processed) Memory Usage: 10.64 MB (0.0% of available memory)
Data preprocessing and feature engineering runtime = 10.13s ...
AutoGluon will gauge predictive performance using evaluation metric: 'accuracy'
	To change this, specify the eval_metric parameter of Predictor()
Automatically generating train/validation split with holdout_frac=0.1, Train Rows: 13045, Val Rows: 1450
User-specified model hyperparameters to be fit:
{
	'GBM': [{'extra_trees': True, 'ag_args': {'name_suffix': 'XT'}}, {}, 'GBMLarge'],
	'CAT': {},
	'XGB': {},
	'RF': [{'criterion': 'gini', 'ag_args': {'name_suffix': 'Gini', 'problem_types': ['binary', 'multiclass']}}, {'criterion': 'entropy', 'ag_args': {'name_suffix': 'Entr', 'problem_types': ['binary', 'multiclass']}}, {'criterion': 'squared_error', 'ag_args': {'name_suffix': 'MSE', 'problem_types': ['regression']}}],
	'XT': [{'criterion': 'gini', 'ag_args': {'name_suffix': 'Gini', 'problem_types': ['binary', 'multiclass']}}, {'criterion': 'entropy', 'ag_args': {'name_suffix': 'Entr', 'problem_types': ['binary', 'multiclass']}}, {'criterion': 'squared_error', 'ag_args': {'name_suffix': 'MSE', 'problem_types': ['regression']}}],
	'KNN': [{'weights': 'uniform', 'ag_args': {'name_suffix': 'Unif'}, 'n_jobs': 4}, {'weights': 'distance', 'ag_args': {'name_suffix': 'Dist'}, 'n_jobs': 4}],
}
Fitting 11 L1 models ...
Fitting model: KNeighborsUnif ...
	0.6524	 = Validation score   (accuracy)
	0.81s	 = Training   runtime
	3.48s	 = Validation runtime
Fitting model: KNeighborsDist ...
	0.6524	 = Validation score   (accuracy)
	0.58s	 = Training   runtime
	3.5s	 = Validation runtime
Fitting model: LightGBMXT ...
	0.92	 = Validation score   (accuracy)
	1705.7s	 = Training   runtime
	1.36s	 = Validation runtime
Fitting model: WeightedEnsemble_L2 ...
	Ensemble Weights: {'LightGBMLarge': 0.818, 'LightGBMXT': 0.091, 'ExtraTreesEntr': 0.091}
	0.9221	 = Validation score   (accuracy)
	5.53s	 = Training   runtime
	0.03s	 = Validation runtime
AutoGluon training complete, total runtime = 5085.16s ... Best model: "WeightedEnsemble_L2"
TabularPredictor saved. To load, use: predictor = TabularPredictor.load("AutogluonModels/ag-20250416_034029-013/Predictor_S2 (SBS2 - 0.99)")
Presets specified: ['medium_quality']
Beginning AutoGluon training ...
AutoGluon will save models to "AutogluonModels/ag-20250416_034029-013/Predictor_S3 (SBS3 - 0.97)"
=================== System Info ===================
AutoGluon Version:  1.1.0
Python Version:     3.10.15
Operating System:   Linux
Platform Machine:   x86_64
Platform Version:   #1 SMP PREEMPT_DYNAMIC Thu Apr 3 12:12:16 UTC 2025
CPU Count:          272
Memory Avail:       192.23 GB / 203.90 GB (94.3%)
Disk Space Avail:   1353.01 GB / 5120.00 GB (26.4%)
===================================================
Train Data Rows:    14495
Train Data Columns: 98
Label Column:       S3 (SBS3 - 0.97)
AutoGluon infers your prediction problem is: 'binary' (because only two unique label-values observed).
	2 unique label values:  [False, True]
	If 'binary' is not the correct problem_type, please manually specify the problem_type parameter during predictor init (You may specify problem_type as one of: ['binary', 'multiclass', 'regression'])
Problem Type:       binary
Preprocessing data ...
Selected class <--> label mapping:  class 1 = True, class 0 = False
Using Feature Generators to preprocess the data ...
Fitting AutoMLPipelineFeatureGenerator...
	Available Memory:                    196858.75 MB
	Train Data (Original)  Memory Usage: 10.64 MB (0.0% of available memory)
	Inferring data type of each feature based on column values. Set feature_metadata_in to manually specify special dtypes of the features.
	Stage 1 Generators:
		Fitting AsTypeFeatureGenerator...
			Note: Converting 2 features to boolean dtype as they only contain 2 unique values.
	Stage 2 Generators:
		Fitting FillNaFeatureGenerator...
	Stage 3 Generators:
		Fitting IdentityFeatureGenerator...
	Stage 4 Generators:
		Fitting DropUniqueFeatureGenerator...
	Stage 5 Generators:
		Fitting DropDuplicatesFeatureGenerator...
	Types of features in original data (raw dtype, special dtypes):
		('bool', []) :  2 | ['S1 (SBS1 - 0.99)', 'S2 (SBS2 - 0.99)']
		('int', [])  : 96 | ['A[C>A]A', 'A[C>A]C', 'A[C>A]G', 'A[C>A]T', 'A[C>G]A', ...]
	Types of features in processed data (raw dtype, special dtypes):
		('int', [])       : 96 | ['A[C>A]A', 'A[C>A]C', 'A[C>A]G', 'A[C>A]T', 'A[C>G]A', ...]
		('int', ['bool']) :  2 | ['S1 (SBS1 - 0.99)', 'S2 (SBS2 - 0.99)']
	4.5s = Fit runtime
	98 features in original data used to generate 98 features in processed data.
	Train Data (Processed) Memory Usage: 10.64 MB (0.0% of available memory)
Data preprocessing and feature engineering runtime = 5.09s ...
AutoGluon will gauge predictive performance using evaluation metric: 'accuracy'
	To change this, specify the eval_metric parameter of Predictor()
Automatically generating train/validation split with holdout_frac=0.1, Train Rows: 13045, Val Rows: 1450
User-specified model hyperparameters to be fit:
{
	'GBM': [{'extra_trees': True, 'ag_args': {'name_suffix': 'XT'}}, {}, 'GBMLarge'],
	'CAT': {},
	'XGB': {},
	'RF': [{'criterion': 'gini', 'ag_args': {'name_suffix': 'Gini', 'problem_types': ['binary', 'multiclass']}}, {'criterion': 'entropy', 'ag_args': {'name_suffix': 'Entr', 'problem_types': ['binary', 'multiclass']}}, {'criterion': 'squared_error', 'ag_args': {'name_suffix': 'MSE', 'problem_types': ['regression']}}],
	'XT': [{'criterion': 'gini', 'ag_args': {'name_suffix': 'Gini', 'problem_types': ['binary', 'multiclass']}}, {'criterion': 'entropy', 'ag_args': {'name_suffix': 'Entr', 'problem_types': ['binary', 'multiclass']}}, {'criterion': 'squared_error', 'ag_args': {'name_suffix': 'MSE', 'problem_types': ['regression']}}],
	'KNN': [{'weights': 'uniform', 'ag_args': {'name_suffix': 'Unif'}, 'n_jobs': 4}, {'weights': 'distance', 'ag_args': {'name_suffix': 'Dist'}, 'n_jobs': 4}],
}
Fitting 11 L1 models ...
Fitting model: KNeighborsUnif ...
	0.7876	 = Validation score   (accuracy)
	0.72s	 = Training   runtime
	3.41s	 = Validation runtime
Fitting model: KNeighborsDist ...
	0.7897	 = Validation score   (accuracy)
	0.81s	 = Training   runtime
	3.48s	 = Validation runtime
Fitting model: LightGBMXT ...
	0.8903	 = Validation score   (accuracy)
	1977.48s	 = Training   runtime
	0.3s	 = Validation runtime
Fitting model: WeightedEnsemble_L2 ...
	Ensemble Weights: {'LightGBMXT': 0.875, 'KNeighborsUnif': 0.062, 'RandomForestGini': 0.062}
	0.9034	 = Validation score   (accuracy)
	6.09s	 = Training   runtime
	0.03s	 = Validation runtime
AutoGluon training complete, total runtime = 5481.43s ... Best model: "WeightedEnsemble_L2"
TabularPredictor saved. To load, use: predictor = TabularPredictor.load("AutogluonModels/ag-20250416_034029-001/Predictor_S2 (SBS2 - 0.99)")
Presets specified: ['medium_quality']
Beginning AutoGluon training ...
AutoGluon will save models to "AutogluonModels/ag-20250416_034029-001/Predictor_S3 (SBS3 - 0.97)"
=================== System Info ===================
AutoGluon Version:  1.1.0
Python Version:     3.10.15
Operating System:   Linux
Platform Machine:   x86_64
Platform Version:   #1 SMP PREEMPT_DYNAMIC Thu Apr 3 12:12:16 UTC 2025
CPU Count:          272
Memory Avail:       192.23 GB / 203.90 GB (94.3%)
Disk Space Avail:   1352.99 GB / 5120.00 GB (26.4%)
===================================================
Train Data Rows:    14495
Train Data Columns: 98
Label Column:       S3 (SBS3 - 0.97)
AutoGluon infers your prediction problem is: 'binary' (because only two unique label-values observed).
	2 unique label values:  [False, True]
	If 'binary' is not the correct problem_type, please manually specify the problem_type parameter during predictor init (You may specify problem_type as one of: ['binary', 'multiclass', 'regression'])
Problem Type:       binary
Preprocessing data ...
Selected class <--> label mapping:  class 1 = True, class 0 = False
Using Feature Generators to preprocess the data ...
Fitting AutoMLPipelineFeatureGenerator...
	Available Memory:                    196856.14 MB
	Train Data (Original)  Memory Usage: 10.64 MB (0.0% of available memory)
	Inferring data type of each feature based on column values. Set feature_metadata_in to manually specify special dtypes of the features.
	Stage 1 Generators:
		Fitting AsTypeFeatureGenerator...
			Note: Converting 2 features to boolean dtype as they only contain 2 unique values.
	Stage 2 Generators:
		Fitting FillNaFeatureGenerator...
	Stage 3 Generators:
		Fitting IdentityFeatureGenerator...
	Stage 4 Generators:
		Fitting DropUniqueFeatureGenerator...
	Stage 5 Generators:
		Fitting DropDuplicatesFeatureGenerator...
	Types of features in original data (raw dtype, special dtypes):
		('bool', []) :  2 | ['S1 (SBS1 - 0.99)', 'S2 (SBS2 - 0.99)']
		('int', [])  : 96 | ['A[C>A]A', 'A[C>A]C', 'A[C>A]G', 'A[C>A]T', 'A[C>G]A', ...]
	Types of features in processed data (raw dtype, special dtypes):
		('int', [])       : 96 | ['A[C>A]A', 'A[C>A]C', 'A[C>A]G', 'A[C>A]T', 'A[C>G]A', ...]
		('int', ['bool']) :  2 | ['S1 (SBS1 - 0.99)', 'S2 (SBS2 - 0.99)']
	5.9s = Fit runtime
	98 features in original data used to generate 98 features in processed data.
	Train Data (Processed) Memory Usage: 10.64 MB (0.0% of available memory)
Data preprocessing and feature engineering runtime = 6.3s ...
AutoGluon will gauge predictive performance using evaluation metric: 'accuracy'
	To change this, specify the eval_metric parameter of Predictor()
Automatically generating train/validation split with holdout_frac=0.1, Train Rows: 13045, Val Rows: 1450
User-specified model hyperparameters to be fit:
{
	'GBM': [{'extra_trees': True, 'ag_args': {'name_suffix': 'XT'}}, {}, 'GBMLarge'],
	'CAT': {},
	'XGB': {},
	'RF': [{'criterion': 'gini', 'ag_args': {'name_suffix': 'Gini', 'problem_types': ['binary', 'multiclass']}}, {'criterion': 'entropy', 'ag_args': {'name_suffix': 'Entr', 'problem_types': ['binary', 'multiclass']}}, {'criterion': 'squared_error', 'ag_args': {'name_suffix': 'MSE', 'problem_types': ['regression']}}],
	'XT': [{'criterion': 'gini', 'ag_args': {'name_suffix': 'Gini', 'problem_types': ['binary', 'multiclass']}}, {'criterion': 'entropy', 'ag_args': {'name_suffix': 'Entr', 'problem_types': ['binary', 'multiclass']}}, {'criterion': 'squared_error', 'ag_args': {'name_suffix': 'MSE', 'problem_types': ['regression']}}],
	'KNN': [{'weights': 'uniform', 'ag_args': {'name_suffix': 'Unif'}, 'n_jobs': 4}, {'weights': 'distance', 'ag_args': {'name_suffix': 'Dist'}, 'n_jobs': 4}],
}
Fitting 11 L1 models ...
Fitting model: KNeighborsUnif ...
	0.7503	 = Validation score   (accuracy)
	0.6s	 = Training   runtime
	3.21s	 = Validation runtime
Fitting model: KNeighborsDist ...
	0.751	 = Validation score   (accuracy)
	0.71s	 = Training   runtime
	3.39s	 = Validation runtime
Fitting model: LightGBMXT ...
	0.9234	 = Validation score   (accuracy)
	2565.76s	 = Training   runtime
	0.91s	 = Validation runtime
Fitting model: WeightedEnsemble_L2 ...
	Ensemble Weights: {'LightGBMLarge': 1.0}
	0.9234	 = Validation score   (accuracy)
	5.75s	 = Training   runtime
	0.03s	 = Validation runtime
AutoGluon training complete, total runtime = 5539.06s ... Best model: "WeightedEnsemble_L2"
TabularPredictor saved. To load, use: predictor = TabularPredictor.load("AutogluonModels/ag-20250416_034029-011/Predictor_S2 (SBS2 - 0.99)")
Presets specified: ['medium_quality']
Beginning AutoGluon training ...
AutoGluon will save models to "AutogluonModels/ag-20250416_034029-011/Predictor_S3 (SBS3 - 0.97)"
=================== System Info ===================
AutoGluon Version:  1.1.0
Python Version:     3.10.15
Operating System:   Linux
Platform Machine:   x86_64
Platform Version:   #1 SMP PREEMPT_DYNAMIC Thu Apr 3 12:12:16 UTC 2025
CPU Count:          272
Memory Avail:       192.22 GB / 203.90 GB (94.3%)
Disk Space Avail:   1352.97 GB / 5120.00 GB (26.4%)
===================================================
Train Data Rows:    14495
Train Data Columns: 98
Label Column:       S3 (SBS3 - 0.97)
AutoGluon infers your prediction problem is: 'binary' (because only two unique label-values observed).
	2 unique label values:  [False, True]
	If 'binary' is not the correct problem_type, please manually specify the problem_type parameter during predictor init (You may specify problem_type as one of: ['binary', 'multiclass', 'regression'])
Problem Type:       binary
Preprocessing data ...
Selected class <--> label mapping:  class 1 = True, class 0 = False
Using Feature Generators to preprocess the data ...
Fitting AutoMLPipelineFeatureGenerator...
	Available Memory:                    196847.17 MB
	Train Data (Original)  Memory Usage: 10.64 MB (0.0% of available memory)
	Inferring data type of each feature based on column values. Set feature_metadata_in to manually specify special dtypes of the features.
	Stage 1 Generators:
		Fitting AsTypeFeatureGenerator...
			Note: Converting 2 features to boolean dtype as they only contain 2 unique values.
	Stage 2 Generators:
		Fitting FillNaFeatureGenerator...
	Stage 3 Generators:
		Fitting IdentityFeatureGenerator...
	Stage 4 Generators:
		Fitting DropUniqueFeatureGenerator...
	Stage 5 Generators:
		Fitting DropDuplicatesFeatureGenerator...
	Types of features in original data (raw dtype, special dtypes):
		('bool', []) :  2 | ['S1 (SBS1 - 0.99)', 'S2 (SBS2 - 0.99)']
		('int', [])  : 96 | ['A[C>A]A', 'A[C>A]C', 'A[C>A]G', 'A[C>A]T', 'A[C>G]A', ...]
	Types of features in processed data (raw dtype, special dtypes):
		('int', [])       : 96 | ['A[C>A]A', 'A[C>A]C', 'A[C>A]G', 'A[C>A]T', 'A[C>G]A', ...]
		('int', ['bool']) :  2 | ['S1 (SBS1 - 0.99)', 'S2 (SBS2 - 0.99)']
	8.9s = Fit runtime
	98 features in original data used to generate 98 features in processed data.
	Train Data (Processed) Memory Usage: 10.64 MB (0.0% of available memory)
Data preprocessing and feature engineering runtime = 9.41s ...
AutoGluon will gauge predictive performance using evaluation metric: 'accuracy'
	To change this, specify the eval_metric parameter of Predictor()
Automatically generating train/validation split with holdout_frac=0.1, Train Rows: 13045, Val Rows: 1450
User-specified model hyperparameters to be fit:
{
	'GBM': [{'extra_trees': True, 'ag_args': {'name_suffix': 'XT'}}, {}, 'GBMLarge'],
	'CAT': {},
	'XGB': {},
	'RF': [{'criterion': 'gini', 'ag_args': {'name_suffix': 'Gini', 'problem_types': ['binary', 'multiclass']}}, {'criterion': 'entropy', 'ag_args': {'name_suffix': 'Entr', 'problem_types': ['binary', 'multiclass']}}, {'criterion': 'squared_error', 'ag_args': {'name_suffix': 'MSE', 'problem_types': ['regression']}}],
	'XT': [{'criterion': 'gini', 'ag_args': {'name_suffix': 'Gini', 'problem_types': ['binary', 'multiclass']}}, {'criterion': 'entropy', 'ag_args': {'name_suffix': 'Entr', 'problem_types': ['binary', 'multiclass']}}, {'criterion': 'squared_error', 'ag_args': {'name_suffix': 'MSE', 'problem_types': ['regression']}}],
	'KNN': [{'weights': 'uniform', 'ag_args': {'name_suffix': 'Unif'}, 'n_jobs': 4}, {'weights': 'distance', 'ag_args': {'name_suffix': 'Dist'}, 'n_jobs': 4}],
}
Fitting 11 L1 models ...
Fitting model: KNeighborsUnif ...
	0.7986	 = Validation score   (accuracy)
	0.76s	 = Training   runtime
	3.65s	 = Validation runtime
Fitting model: KNeighborsDist ...
	0.8	 = Validation score   (accuracy)
	0.65s	 = Training   runtime
	3.75s	 = Validation runtime
Fitting model: LightGBMXT ...
	0.9276	 = Validation score   (accuracy)
	1954.12s	 = Training   runtime
	0.61s	 = Validation runtime
Fitting model: WeightedEnsemble_L2 ...
	Ensemble Weights: {'LightGBMLarge': 0.833, 'ExtraTreesGini': 0.167}
	0.9283	 = Validation score   (accuracy)
	6.21s	 = Training   runtime
	0.03s	 = Validation runtime
AutoGluon training complete, total runtime = 5248.14s ... Best model: "WeightedEnsemble_L2"
TabularPredictor saved. To load, use: predictor = TabularPredictor.load("AutogluonModels/ag-20250416_034029-012/Predictor_S2 (SBS2 - 0.99)")
Presets specified: ['medium_quality']
Beginning AutoGluon training ...
AutoGluon will save models to "AutogluonModels/ag-20250416_034029-012/Predictor_S3 (SBS3 - 0.97)"
=================== System Info ===================
AutoGluon Version:  1.1.0
Python Version:     3.10.15
Operating System:   Linux
Platform Machine:   x86_64
Platform Version:   #1 SMP PREEMPT_DYNAMIC Thu Apr 3 12:12:16 UTC 2025
CPU Count:          272
Memory Avail:       192.22 GB / 203.90 GB (94.3%)
Disk Space Avail:   1352.94 GB / 5120.00 GB (26.4%)
===================================================
Train Data Rows:    14495
Train Data Columns: 98
Label Column:       S3 (SBS3 - 0.97)
AutoGluon infers your prediction problem is: 'binary' (because only two unique label-values observed).
	2 unique label values:  [False, True]
	If 'binary' is not the correct problem_type, please manually specify the problem_type parameter during predictor init (You may specify problem_type as one of: ['binary', 'multiclass', 'regression'])
Problem Type:       binary
Preprocessing data ...
Selected class <--> label mapping:  class 1 = True, class 0 = False
Using Feature Generators to preprocess the data ...
Fitting AutoMLPipelineFeatureGenerator...
	Available Memory:                    196843.62 MB
	Train Data (Original)  Memory Usage: 10.64 MB (0.0% of available memory)
	Inferring data type of each feature based on column values. Set feature_metadata_in to manually specify special dtypes of the features.
	Stage 1 Generators:
		Fitting AsTypeFeatureGenerator...
			Note: Converting 2 features to boolean dtype as they only contain 2 unique values.
	Stage 2 Generators:
		Fitting FillNaFeatureGenerator...
	Stage 3 Generators:
		Fitting IdentityFeatureGenerator...
	Stage 4 Generators:
		Fitting DropUniqueFeatureGenerator...
	Stage 5 Generators:
		Fitting DropDuplicatesFeatureGenerator...
	Types of features in original data (raw dtype, special dtypes):
		('bool', []) :  2 | ['S1 (SBS1 - 0.99)', 'S2 (SBS2 - 0.99)']
		('int', [])  : 96 | ['A[C>A]A', 'A[C>A]C', 'A[C>A]G', 'A[C>A]T', 'A[C>G]A', ...]
	Types of features in processed data (raw dtype, special dtypes):
		('int', [])       : 96 | ['A[C>A]A', 'A[C>A]C', 'A[C>A]G', 'A[C>A]T', 'A[C>G]A', ...]
		('int', ['bool']) :  2 | ['S1 (SBS1 - 0.99)', 'S2 (SBS2 - 0.99)']
	5.2s = Fit runtime
	98 features in original data used to generate 98 features in processed data.
	Train Data (Processed) Memory Usage: 10.64 MB (0.0% of available memory)
Data preprocessing and feature engineering runtime = 5.7s ...
AutoGluon will gauge predictive performance using evaluation metric: 'accuracy'
	To change this, specify the eval_metric parameter of Predictor()
Automatically generating train/validation split with holdout_frac=0.1, Train Rows: 13045, Val Rows: 1450
User-specified model hyperparameters to be fit:
{
	'GBM': [{'extra_trees': True, 'ag_args': {'name_suffix': 'XT'}}, {}, 'GBMLarge'],
	'CAT': {},
	'XGB': {},
	'RF': [{'criterion': 'gini', 'ag_args': {'name_suffix': 'Gini', 'problem_types': ['binary', 'multiclass']}}, {'criterion': 'entropy', 'ag_args': {'name_suffix': 'Entr', 'problem_types': ['binary', 'multiclass']}}, {'criterion': 'squared_error', 'ag_args': {'name_suffix': 'MSE', 'problem_types': ['regression']}}],
	'XT': [{'criterion': 'gini', 'ag_args': {'name_suffix': 'Gini', 'problem_types': ['binary', 'multiclass']}}, {'criterion': 'entropy', 'ag_args': {'name_suffix': 'Entr', 'problem_types': ['binary', 'multiclass']}}, {'criterion': 'squared_error', 'ag_args': {'name_suffix': 'MSE', 'problem_types': ['regression']}}],
	'KNN': [{'weights': 'uniform', 'ag_args': {'name_suffix': 'Unif'}, 'n_jobs': 4}, {'weights': 'distance', 'ag_args': {'name_suffix': 'Dist'}, 'n_jobs': 4}],
}
Fitting 11 L1 models ...
Fitting model: KNeighborsUnif ...
	0.8041	 = Validation score   (accuracy)
	0.68s	 = Training   runtime
	3.3s	 = Validation runtime
Fitting model: KNeighborsDist ...
	0.8055	 = Validation score   (accuracy)
	0.72s	 = Training   runtime
	3.77s	 = Validation runtime
Fitting model: LightGBMXT ...
	0.9276	 = Validation score   (accuracy)
	2219.13s	 = Training   runtime
	0.79s	 = Validation runtime
Fitting model: WeightedEnsemble_L2 ...
	Ensemble Weights: {'LightGBMXT': 0.833, 'RandomForestEntr': 0.167}
	0.9345	 = Validation score   (accuracy)
	5.03s	 = Training   runtime
	0.03s	 = Validation runtime
AutoGluon training complete, total runtime = 5527.17s ... Best model: "WeightedEnsemble_L2"
TabularPredictor saved. To load, use: predictor = TabularPredictor.load("AutogluonModels/ag-20250416_034029-014/Predictor_S2 (SBS2 - 0.99)")
Presets specified: ['medium_quality']
Beginning AutoGluon training ...
AutoGluon will save models to "AutogluonModels/ag-20250416_034029-014/Predictor_S3 (SBS3 - 0.97)"
=================== System Info ===================
AutoGluon Version:  1.1.0
Python Version:     3.10.15
Operating System:   Linux
Platform Machine:   x86_64
Platform Version:   #1 SMP PREEMPT_DYNAMIC Thu Apr 3 12:12:16 UTC 2025
CPU Count:          272
Memory Avail:       192.15 GB / 203.90 GB (94.2%)
Disk Space Avail:   1352.92 GB / 5120.00 GB (26.4%)
===================================================
Train Data Rows:    14495
Train Data Columns: 98
Label Column:       S3 (SBS3 - 0.97)
AutoGluon infers your prediction problem is: 'binary' (because only two unique label-values observed).
	2 unique label values:  [False, True]
	If 'binary' is not the correct problem_type, please manually specify the problem_type parameter during predictor init (You may specify problem_type as one of: ['binary', 'multiclass', 'regression'])
Problem Type:       binary
Preprocessing data ...
Selected class <--> label mapping:  class 1 = True, class 0 = False
Using Feature Generators to preprocess the data ...
Fitting AutoMLPipelineFeatureGenerator...
	Available Memory:                    196775.20 MB
	Train Data (Original)  Memory Usage: 10.64 MB (0.0% of available memory)
	Inferring data type of each feature based on column values. Set feature_metadata_in to manually specify special dtypes of the features.
	Stage 1 Generators:
		Fitting AsTypeFeatureGenerator...
			Note: Converting 2 features to boolean dtype as they only contain 2 unique values.
	Stage 2 Generators:
		Fitting FillNaFeatureGenerator...
	Stage 3 Generators:
		Fitting IdentityFeatureGenerator...
	Stage 4 Generators:
		Fitting DropUniqueFeatureGenerator...
	Stage 5 Generators:
		Fitting DropDuplicatesFeatureGenerator...
	Types of features in original data (raw dtype, special dtypes):
		('bool', []) :  2 | ['S1 (SBS1 - 0.99)', 'S2 (SBS2 - 0.99)']
		('int', [])  : 96 | ['A[C>A]A', 'A[C>A]C', 'A[C>A]G', 'A[C>A]T', 'A[C>G]A', ...]
	Types of features in processed data (raw dtype, special dtypes):
		('int', [])       : 96 | ['A[C>A]A', 'A[C>A]C', 'A[C>A]G', 'A[C>A]T', 'A[C>G]A', ...]
		('int', ['bool']) :  2 | ['S1 (SBS1 - 0.99)', 'S2 (SBS2 - 0.99)']
	5.1s = Fit runtime
	98 features in original data used to generate 98 features in processed data.
	Train Data (Processed) Memory Usage: 10.64 MB (0.0% of available memory)
Data preprocessing and feature engineering runtime = 5.5s ...
AutoGluon will gauge predictive performance using evaluation metric: 'accuracy'
	To change this, specify the eval_metric parameter of Predictor()
Automatically generating train/validation split with holdout_frac=0.1, Train Rows: 13045, Val Rows: 1450
User-specified model hyperparameters to be fit:
{
	'GBM': [{'extra_trees': True, 'ag_args': {'name_suffix': 'XT'}}, {}, 'GBMLarge'],
	'CAT': {},
	'XGB': {},
	'RF': [{'criterion': 'gini', 'ag_args': {'name_suffix': 'Gini', 'problem_types': ['binary', 'multiclass']}}, {'criterion': 'entropy', 'ag_args': {'name_suffix': 'Entr', 'problem_types': ['binary', 'multiclass']}}, {'criterion': 'squared_error', 'ag_args': {'name_suffix': 'MSE', 'problem_types': ['regression']}}],
	'XT': [{'criterion': 'gini', 'ag_args': {'name_suffix': 'Gini', 'problem_types': ['binary', 'multiclass']}}, {'criterion': 'entropy', 'ag_args': {'name_suffix': 'Entr', 'problem_types': ['binary', 'multiclass']}}, {'criterion': 'squared_error', 'ag_args': {'name_suffix': 'MSE', 'problem_types': ['regression']}}],
	'KNN': [{'weights': 'uniform', 'ag_args': {'name_suffix': 'Unif'}, 'n_jobs': 4}, {'weights': 'distance', 'ag_args': {'name_suffix': 'Dist'}, 'n_jobs': 4}],
}
Fitting 11 L1 models ...
Fitting model: KNeighborsUnif ...
	0.8041	 = Validation score   (accuracy)
	0.68s	 = Training   runtime
	3.53s	 = Validation runtime
Fitting model: KNeighborsDist ...
	0.8055	 = Validation score   (accuracy)
	0.63s	 = Training   runtime
	3.38s	 = Validation runtime
Fitting model: LightGBMXT ...
	0.9317	 = Validation score   (accuracy)
	2543.25s	 = Training   runtime
	1.07s	 = Validation runtime
Fitting model: WeightedEnsemble_L2 ...
	Ensemble Weights: {'LightGBMLarge': 0.538, 'LightGBMXT': 0.462}
	0.9345	 = Validation score   (accuracy)
	5.73s	 = Training   runtime
	0.03s	 = Validation runtime
AutoGluon training complete, total runtime = 5926.57s ... Best model: "WeightedEnsemble_L2"
TabularPredictor saved. To load, use: predictor = TabularPredictor.load("AutogluonModels/ag-20250416_034029-009/Predictor_S2 (SBS2 - 0.99)")
Presets specified: ['medium_quality']
Beginning AutoGluon training ...
AutoGluon will save models to "AutogluonModels/ag-20250416_034029-009/Predictor_S3 (SBS3 - 0.97)"
=================== System Info ===================
AutoGluon Version:  1.1.0
Python Version:     3.10.15
Operating System:   Linux
Platform Machine:   x86_64
Platform Version:   #1 SMP PREEMPT_DYNAMIC Thu Apr 3 12:12:16 UTC 2025
CPU Count:          272
Memory Avail:       192.15 GB / 203.90 GB (94.2%)
Disk Space Avail:   1352.90 GB / 5120.00 GB (26.4%)
===================================================
Train Data Rows:    14495
Train Data Columns: 98
Label Column:       S3 (SBS3 - 0.97)
AutoGluon infers your prediction problem is: 'binary' (because only two unique label-values observed).
	2 unique label values:  [False, True]
	If 'binary' is not the correct problem_type, please manually specify the problem_type parameter during predictor init (You may specify problem_type as one of: ['binary', 'multiclass', 'regression'])
Problem Type:       binary
Preprocessing data ...
Selected class <--> label mapping:  class 1 = True, class 0 = False
Using Feature Generators to preprocess the data ...
Fitting AutoMLPipelineFeatureGenerator...
	Available Memory:                    196771.35 MB
	Train Data (Original)  Memory Usage: 10.64 MB (0.0% of available memory)
	Inferring data type of each feature based on column values. Set feature_metadata_in to manually specify special dtypes of the features.
	Stage 1 Generators:
		Fitting AsTypeFeatureGenerator...
			Note: Converting 2 features to boolean dtype as they only contain 2 unique values.
	Stage 2 Generators:
		Fitting FillNaFeatureGenerator...
	Stage 3 Generators:
		Fitting IdentityFeatureGenerator...
	Stage 4 Generators:
		Fitting DropUniqueFeatureGenerator...
	Stage 5 Generators:
		Fitting DropDuplicatesFeatureGenerator...
	Types of features in original data (raw dtype, special dtypes):
		('bool', []) :  2 | ['S1 (SBS1 - 0.99)', 'S2 (SBS2 - 0.99)']
		('int', [])  : 96 | ['A[C>A]A', 'A[C>A]C', 'A[C>A]G', 'A[C>A]T', 'A[C>G]A', ...]
	Types of features in processed data (raw dtype, special dtypes):
		('int', [])       : 96 | ['A[C>A]A', 'A[C>A]C', 'A[C>A]G', 'A[C>A]T', 'A[C>G]A', ...]
		('int', ['bool']) :  2 | ['S1 (SBS1 - 0.99)', 'S2 (SBS2 - 0.99)']
	4.7s = Fit runtime
	98 features in original data used to generate 98 features in processed data.
	Train Data (Processed) Memory Usage: 10.64 MB (0.0% of available memory)
Data preprocessing and feature engineering runtime = 5.12s ...
AutoGluon will gauge predictive performance using evaluation metric: 'accuracy'
	To change this, specify the eval_metric parameter of Predictor()
Automatically generating train/validation split with holdout_frac=0.1, Train Rows: 13045, Val Rows: 1450
User-specified model hyperparameters to be fit:
{
	'GBM': [{'extra_trees': True, 'ag_args': {'name_suffix': 'XT'}}, {}, 'GBMLarge'],
	'CAT': {},
	'XGB': {},
	'RF': [{'criterion': 'gini', 'ag_args': {'name_suffix': 'Gini', 'problem_types': ['binary', 'multiclass']}}, {'criterion': 'entropy', 'ag_args': {'name_suffix': 'Entr', 'problem_types': ['binary', 'multiclass']}}, {'criterion': 'squared_error', 'ag_args': {'name_suffix': 'MSE', 'problem_types': ['regression']}}],
	'XT': [{'criterion': 'gini', 'ag_args': {'name_suffix': 'Gini', 'problem_types': ['binary', 'multiclass']}}, {'criterion': 'entropy', 'ag_args': {'name_suffix': 'Entr', 'problem_types': ['binary', 'multiclass']}}, {'criterion': 'squared_error', 'ag_args': {'name_suffix': 'MSE', 'problem_types': ['regression']}}],
	'KNN': [{'weights': 'uniform', 'ag_args': {'name_suffix': 'Unif'}, 'n_jobs': 4}, {'weights': 'distance', 'ag_args': {'name_suffix': 'Dist'}, 'n_jobs': 4}],
}
Fitting 11 L1 models ...
Fitting model: KNeighborsUnif ...
	0.8076	 = Validation score   (accuracy)
	0.6s	 = Training   runtime
	3.32s	 = Validation runtime
Fitting model: KNeighborsDist ...
	0.809	 = Validation score   (accuracy)
	0.76s	 = Training   runtime
	3.31s	 = Validation runtime
Fitting model: LightGBMXT ...
	0.8614	 = Validation score   (accuracy)
	1231.13s	 = Training   runtime
	1.4s	 = Validation runtime
Fitting model: LightGBM ...
	0.9138	 = Validation score   (accuracy)
	2758.99s	 = Training   runtime
	1.3s	 = Validation runtime
Fitting model: WeightedEnsemble_L2 ...
	Ensemble Weights: {'LightGBM': 0.882, 'LightGBMXT': 0.059, 'RandomForestEntr': 0.059}
	0.9172	 = Validation score   (accuracy)
	6.86s	 = Training   runtime
	0.03s	 = Validation runtime
AutoGluon training complete, total runtime = 5771.17s ... Best model: "WeightedEnsemble_L2"
TabularPredictor saved. To load, use: predictor = TabularPredictor.load("AutogluonModels/ag-20250416_034029-003/Predictor_S2 (SBS2 - 0.99)")
Presets specified: ['medium_quality']
Beginning AutoGluon training ...
AutoGluon will save models to "AutogluonModels/ag-20250416_034029-003/Predictor_S3 (SBS3 - 0.97)"
=================== System Info ===================
AutoGluon Version:  1.1.0
Python Version:     3.10.15
Operating System:   Linux
Platform Machine:   x86_64
Platform Version:   #1 SMP PREEMPT_DYNAMIC Thu Apr 3 12:12:16 UTC 2025
CPU Count:          272
Memory Avail:       192.13 GB / 203.90 GB (94.2%)
Disk Space Avail:   1352.87 GB / 5120.00 GB (26.4%)
===================================================
Train Data Rows:    14495
Train Data Columns: 98
Label Column:       S3 (SBS3 - 0.97)
AutoGluon infers your prediction problem is: 'binary' (because only two unique label-values observed).
	2 unique label values:  [False, True]
	If 'binary' is not the correct problem_type, please manually specify the problem_type parameter during predictor init (You may specify problem_type as one of: ['binary', 'multiclass', 'regression'])
Problem Type:       binary
Preprocessing data ...
Selected class <--> label mapping:  class 1 = True, class 0 = False
Using Feature Generators to preprocess the data ...
Fitting AutoMLPipelineFeatureGenerator...
	Available Memory:                    196753.27 MB
	Train Data (Original)  Memory Usage: 10.64 MB (0.0% of available memory)
	Inferring data type of each feature based on column values. Set feature_metadata_in to manually specify special dtypes of the features.
	Stage 1 Generators:
		Fitting AsTypeFeatureGenerator...
			Note: Converting 2 features to boolean dtype as they only contain 2 unique values.
	Stage 2 Generators:
		Fitting FillNaFeatureGenerator...
	Stage 3 Generators:
		Fitting IdentityFeatureGenerator...
	Stage 4 Generators:
		Fitting DropUniqueFeatureGenerator...
	Stage 5 Generators:
		Fitting DropDuplicatesFeatureGenerator...
	Types of features in original data (raw dtype, special dtypes):
		('bool', []) :  2 | ['S1 (SBS1 - 0.99)', 'S2 (SBS2 - 0.99)']
		('int', [])  : 96 | ['A[C>A]A', 'A[C>A]C', 'A[C>A]G', 'A[C>A]T', 'A[C>G]A', ...]
	Types of features in processed data (raw dtype, special dtypes):
		('int', [])       : 96 | ['A[C>A]A', 'A[C>A]C', 'A[C>A]G', 'A[C>A]T', 'A[C>G]A', ...]
		('int', ['bool']) :  2 | ['S1 (SBS1 - 0.99)', 'S2 (SBS2 - 0.99)']
	5.2s = Fit runtime
	98 features in original data used to generate 98 features in processed data.
	Train Data (Processed) Memory Usage: 10.64 MB (0.0% of available memory)
Data preprocessing and feature engineering runtime = 5.78s ...
AutoGluon will gauge predictive performance using evaluation metric: 'accuracy'
	To change this, specify the eval_metric parameter of Predictor()
Automatically generating train/validation split with holdout_frac=0.1, Train Rows: 13045, Val Rows: 1450
User-specified model hyperparameters to be fit:
{
	'GBM': [{'extra_trees': True, 'ag_args': {'name_suffix': 'XT'}}, {}, 'GBMLarge'],
	'CAT': {},
	'XGB': {},
	'RF': [{'criterion': 'gini', 'ag_args': {'name_suffix': 'Gini', 'problem_types': ['binary', 'multiclass']}}, {'criterion': 'entropy', 'ag_args': {'name_suffix': 'Entr', 'problem_types': ['binary', 'multiclass']}}, {'criterion': 'squared_error', 'ag_args': {'name_suffix': 'MSE', 'problem_types': ['regression']}}],
	'XT': [{'criterion': 'gini', 'ag_args': {'name_suffix': 'Gini', 'problem_types': ['binary', 'multiclass']}}, {'criterion': 'entropy', 'ag_args': {'name_suffix': 'Entr', 'problem_types': ['binary', 'multiclass']}}, {'criterion': 'squared_error', 'ag_args': {'name_suffix': 'MSE', 'problem_types': ['regression']}}],
	'KNN': [{'weights': 'uniform', 'ag_args': {'name_suffix': 'Unif'}, 'n_jobs': 4}, {'weights': 'distance', 'ag_args': {'name_suffix': 'Dist'}, 'n_jobs': 4}],
}
Fitting 11 L1 models ...
Fitting model: KNeighborsUnif ...
	0.769	 = Validation score   (accuracy)
	0.7s	 = Training   runtime
	3.17s	 = Validation runtime
Fitting model: KNeighborsDist ...
	0.7703	 = Validation score   (accuracy)
	0.58s	 = Training   runtime
	3.34s	 = Validation runtime
Fitting model: LightGBMXT ...
	0.8248	 = Validation score   (accuracy)
	1964.96s	 = Training   runtime
	2.24s	 = Validation runtime
Fitting model: LightGBM ...
	0.8869	 = Validation score   (accuracy)
	3074.04s	 = Training   runtime
	1.2s	 = Validation runtime
Fitting model: WeightedEnsemble_L2 ...
	Ensemble Weights: {'LightGBMXT': 0.571, 'KNeighborsDist': 0.286, 'XGBoost': 0.143}
	0.8917	 = Validation score   (accuracy)
	6.75s	 = Training   runtime
	0.04s	 = Validation runtime
AutoGluon training complete, total runtime = 5868.84s ... Best model: "WeightedEnsemble_L2"
TabularPredictor saved. To load, use: predictor = TabularPredictor.load("AutogluonModels/ag-20250416_034029-006/Predictor_S2 (SBS2 - 0.99)")
Presets specified: ['medium_quality']
Beginning AutoGluon training ...
AutoGluon will save models to "AutogluonModels/ag-20250416_034029-006/Predictor_S3 (SBS3 - 0.97)"
=================== System Info ===================
AutoGluon Version:  1.1.0
Python Version:     3.10.15
Operating System:   Linux
Platform Machine:   x86_64
Platform Version:   #1 SMP PREEMPT_DYNAMIC Thu Apr 3 12:12:16 UTC 2025
CPU Count:          272
Memory Avail:       192.14 GB / 203.90 GB (94.2%)
Disk Space Avail:   1352.84 GB / 5120.00 GB (26.4%)
===================================================
Train Data Rows:    14495
Train Data Columns: 98
Label Column:       S3 (SBS3 - 0.97)
AutoGluon infers your prediction problem is: 'binary' (because only two unique label-values observed).
	2 unique label values:  [False, True]
	If 'binary' is not the correct problem_type, please manually specify the problem_type parameter during predictor init (You may specify problem_type as one of: ['binary', 'multiclass', 'regression'])
Problem Type:       binary
Preprocessing data ...
Selected class <--> label mapping:  class 1 = True, class 0 = False
Using Feature Generators to preprocess the data ...
Fitting AutoMLPipelineFeatureGenerator...
	Available Memory:                    196753.18 MB
	Train Data (Original)  Memory Usage: 10.64 MB (0.0% of available memory)
	Inferring data type of each feature based on column values. Set feature_metadata_in to manually specify special dtypes of the features.
	Stage 1 Generators:
		Fitting AsTypeFeatureGenerator...
			Note: Converting 2 features to boolean dtype as they only contain 2 unique values.
	Stage 2 Generators:
		Fitting FillNaFeatureGenerator...
	Stage 3 Generators:
		Fitting IdentityFeatureGenerator...
	Stage 4 Generators:
		Fitting DropUniqueFeatureGenerator...
	Stage 5 Generators:
		Fitting DropDuplicatesFeatureGenerator...
	Types of features in original data (raw dtype, special dtypes):
		('bool', []) :  2 | ['S1 (SBS1 - 0.99)', 'S2 (SBS2 - 0.99)']
		('int', [])  : 96 | ['A[C>A]A', 'A[C>A]C', 'A[C>A]G', 'A[C>A]T', 'A[C>G]A', ...]
	Types of features in processed data (raw dtype, special dtypes):
		('int', [])       : 96 | ['A[C>A]A', 'A[C>A]C', 'A[C>A]G', 'A[C>A]T', 'A[C>G]A', ...]
		('int', ['bool']) :  2 | ['S1 (SBS1 - 0.99)', 'S2 (SBS2 - 0.99)']
	9.2s = Fit runtime
	98 features in original data used to generate 98 features in processed data.
	Train Data (Processed) Memory Usage: 10.64 MB (0.0% of available memory)
Data preprocessing and feature engineering runtime = 9.71s ...
AutoGluon will gauge predictive performance using evaluation metric: 'accuracy'
	To change this, specify the eval_metric parameter of Predictor()
Automatically generating train/validation split with holdout_frac=0.1, Train Rows: 13045, Val Rows: 1450
User-specified model hyperparameters to be fit:
{
	'GBM': [{'extra_trees': True, 'ag_args': {'name_suffix': 'XT'}}, {}, 'GBMLarge'],
	'CAT': {},
	'XGB': {},
	'RF': [{'criterion': 'gini', 'ag_args': {'name_suffix': 'Gini', 'problem_types': ['binary', 'multiclass']}}, {'criterion': 'entropy', 'ag_args': {'name_suffix': 'Entr', 'problem_types': ['binary', 'multiclass']}}, {'criterion': 'squared_error', 'ag_args': {'name_suffix': 'MSE', 'problem_types': ['regression']}}],
	'XT': [{'criterion': 'gini', 'ag_args': {'name_suffix': 'Gini', 'problem_types': ['binary', 'multiclass']}}, {'criterion': 'entropy', 'ag_args': {'name_suffix': 'Entr', 'problem_types': ['binary', 'multiclass']}}, {'criterion': 'squared_error', 'ag_args': {'name_suffix': 'MSE', 'problem_types': ['regression']}}],
	'KNN': [{'weights': 'uniform', 'ag_args': {'name_suffix': 'Unif'}, 'n_jobs': 4}, {'weights': 'distance', 'ag_args': {'name_suffix': 'Dist'}, 'n_jobs': 4}],
}
Fitting 11 L1 models ...
Fitting model: KNeighborsUnif ...
	0.7048	 = Validation score   (accuracy)
	0.65s	 = Training   runtime
	3.7s	 = Validation runtime
Fitting model: KNeighborsDist ...
	0.7055	 = Validation score   (accuracy)
	0.86s	 = Training   runtime
	3.43s	 = Validation runtime
Fitting model: LightGBMXT ...
	0.931	 = Validation score   (accuracy)
	2538.37s	 = Training   runtime
	1.18s	 = Validation runtime
Fitting model: WeightedEnsemble_L2 ...
	Ensemble Weights: {'LightGBMLarge': 0.714, 'LightGBMXT': 0.286}
	0.9324	 = Validation score   (accuracy)
	6.64s	 = Training   runtime
	0.04s	 = Validation runtime
AutoGluon training complete, total runtime = 6112.53s ... Best model: "WeightedEnsemble_L2"
TabularPredictor saved. To load, use: predictor = TabularPredictor.load("AutogluonModels/ag-20250416_034029-008/Predictor_S2 (SBS2 - 0.99)")
Presets specified: ['medium_quality']
Beginning AutoGluon training ...
AutoGluon will save models to "AutogluonModels/ag-20250416_034029-008/Predictor_S3 (SBS3 - 0.97)"
=================== System Info ===================
AutoGluon Version:  1.1.0
Python Version:     3.10.15
Operating System:   Linux
Platform Machine:   x86_64
Platform Version:   #1 SMP PREEMPT_DYNAMIC Thu Apr 3 12:12:16 UTC 2025
CPU Count:          272
Memory Avail:       192.13 GB / 203.90 GB (94.2%)
Disk Space Avail:   1352.82 GB / 5120.00 GB (26.4%)
===================================================
Train Data Rows:    14495
Train Data Columns: 98
Label Column:       S3 (SBS3 - 0.97)
AutoGluon infers your prediction problem is: 'binary' (because only two unique label-values observed).
	2 unique label values:  [False, True]
	If 'binary' is not the correct problem_type, please manually specify the problem_type parameter during predictor init (You may specify problem_type as one of: ['binary', 'multiclass', 'regression'])
Problem Type:       binary
Preprocessing data ...
Selected class <--> label mapping:  class 1 = True, class 0 = False
Using Feature Generators to preprocess the data ...
Fitting AutoMLPipelineFeatureGenerator...
	Available Memory:                    196755.27 MB
	Train Data (Original)  Memory Usage: 10.64 MB (0.0% of available memory)
	Inferring data type of each feature based on column values. Set feature_metadata_in to manually specify special dtypes of the features.
	Stage 1 Generators:
		Fitting AsTypeFeatureGenerator...
			Note: Converting 2 features to boolean dtype as they only contain 2 unique values.
	Stage 2 Generators:
		Fitting FillNaFeatureGenerator...
	Stage 3 Generators:
		Fitting IdentityFeatureGenerator...
	Stage 4 Generators:
		Fitting DropUniqueFeatureGenerator...
	Stage 5 Generators:
		Fitting DropDuplicatesFeatureGenerator...
	Types of features in original data (raw dtype, special dtypes):
		('bool', []) :  2 | ['S1 (SBS1 - 0.99)', 'S2 (SBS2 - 0.99)']
		('int', [])  : 96 | ['A[C>A]A', 'A[C>A]C', 'A[C>A]G', 'A[C>A]T', 'A[C>G]A', ...]
	Types of features in processed data (raw dtype, special dtypes):
		('int', [])       : 96 | ['A[C>A]A', 'A[C>A]C', 'A[C>A]G', 'A[C>A]T', 'A[C>G]A', ...]
		('int', ['bool']) :  2 | ['S1 (SBS1 - 0.99)', 'S2 (SBS2 - 0.99)']
	5.3s = Fit runtime
	98 features in original data used to generate 98 features in processed data.
	Train Data (Processed) Memory Usage: 10.64 MB (0.0% of available memory)
Data preprocessing and feature engineering runtime = 5.75s ...
AutoGluon will gauge predictive performance using evaluation metric: 'accuracy'
	To change this, specify the eval_metric parameter of Predictor()
Automatically generating train/validation split with holdout_frac=0.1, Train Rows: 13045, Val Rows: 1450
User-specified model hyperparameters to be fit:
{
	'GBM': [{'extra_trees': True, 'ag_args': {'name_suffix': 'XT'}}, {}, 'GBMLarge'],
	'CAT': {},
	'XGB': {},
	'RF': [{'criterion': 'gini', 'ag_args': {'name_suffix': 'Gini', 'problem_types': ['binary', 'multiclass']}}, {'criterion': 'entropy', 'ag_args': {'name_suffix': 'Entr', 'problem_types': ['binary', 'multiclass']}}, {'criterion': 'squared_error', 'ag_args': {'name_suffix': 'MSE', 'problem_types': ['regression']}}],
	'XT': [{'criterion': 'gini', 'ag_args': {'name_suffix': 'Gini', 'problem_types': ['binary', 'multiclass']}}, {'criterion': 'entropy', 'ag_args': {'name_suffix': 'Entr', 'problem_types': ['binary', 'multiclass']}}, {'criterion': 'squared_error', 'ag_args': {'name_suffix': 'MSE', 'problem_types': ['regression']}}],
	'KNN': [{'weights': 'uniform', 'ag_args': {'name_suffix': 'Unif'}, 'n_jobs': 4}, {'weights': 'distance', 'ag_args': {'name_suffix': 'Dist'}, 'n_jobs': 4}],
}
Fitting 11 L1 models ...
Fitting model: KNeighborsUnif ...
	0.811	 = Validation score   (accuracy)
	0.69s	 = Training   runtime
	3.44s	 = Validation runtime
Fitting model: KNeighborsDist ...
	0.8124	 = Validation score   (accuracy)
	0.75s	 = Training   runtime
	3.36s	 = Validation runtime
Fitting model: LightGBMXT ...
	0.8441	 = Validation score   (accuracy)
	923.08s	 = Training   runtime
	0.82s	 = Validation runtime
Fitting model: LightGBM ...
	0.8055	 = Validation score   (accuracy)
	1363.74s	 = Training   runtime
	1.47s	 = Validation runtime
Fitting model: LightGBM ...
	0.9083	 = Validation score   (accuracy)
	3141.06s	 = Training   runtime
	1.65s	 = Validation runtime
Fitting model: WeightedEnsemble_L2 ...
	Ensemble Weights: {'CatBoost': 0.647, 'RandomForestGini': 0.235, 'KNeighborsUnif': 0.059, 'LightGBMLarge': 0.059}
	0.9166	 = Validation score   (accuracy)
	5.91s	 = Training   runtime
	0.03s	 = Validation runtime
AutoGluon training complete, total runtime = 6639.6s ... Best model: "WeightedEnsemble_L2"
TabularPredictor saved. To load, use: predictor = TabularPredictor.load("AutogluonModels/ag-20250416_034029-004/Predictor_S2 (SBS2 - 0.99)")
Presets specified: ['medium_quality']
Beginning AutoGluon training ...
AutoGluon will save models to "AutogluonModels/ag-20250416_034029-004/Predictor_S3 (SBS3 - 0.97)"
=================== System Info ===================
AutoGluon Version:  1.1.0
Python Version:     3.10.15
Operating System:   Linux
Platform Machine:   x86_64
Platform Version:   #1 SMP PREEMPT_DYNAMIC Thu Apr 3 12:12:16 UTC 2025
CPU Count:          272
Memory Avail:       192.13 GB / 203.90 GB (94.2%)
Disk Space Avail:   1352.79 GB / 5120.00 GB (26.4%)
===================================================
Train Data Rows:    14495
Train Data Columns: 98
Label Column:       S3 (SBS3 - 0.97)
AutoGluon infers your prediction problem is: 'binary' (because only two unique label-values observed).
	2 unique label values:  [False, True]
	If 'binary' is not the correct problem_type, please manually specify the problem_type parameter during predictor init (You may specify problem_type as one of: ['binary', 'multiclass', 'regression'])
Problem Type:       binary
Preprocessing data ...
Selected class <--> label mapping:  class 1 = True, class 0 = False
Using Feature Generators to preprocess the data ...
Fitting AutoMLPipelineFeatureGenerator...
	Available Memory:                    196750.33 MB
	Train Data (Original)  Memory Usage: 10.64 MB (0.0% of available memory)
	Inferring data type of each feature based on column values. Set feature_metadata_in to manually specify special dtypes of the features.
	Stage 1 Generators:
		Fitting AsTypeFeatureGenerator...
			Note: Converting 2 features to boolean dtype as they only contain 2 unique values.
	Stage 2 Generators:
		Fitting FillNaFeatureGenerator...
	Stage 3 Generators:
		Fitting IdentityFeatureGenerator...
	Stage 4 Generators:
		Fitting DropUniqueFeatureGenerator...
	Stage 5 Generators:
		Fitting DropDuplicatesFeatureGenerator...
	Types of features in original data (raw dtype, special dtypes):
		('bool', []) :  2 | ['S1 (SBS1 - 0.99)', 'S2 (SBS2 - 0.99)']
		('int', [])  : 96 | ['A[C>A]A', 'A[C>A]C', 'A[C>A]G', 'A[C>A]T', 'A[C>G]A', ...]
	Types of features in processed data (raw dtype, special dtypes):
		('int', [])       : 96 | ['A[C>A]A', 'A[C>A]C', 'A[C>A]G', 'A[C>A]T', 'A[C>G]A', ...]
		('int', ['bool']) :  2 | ['S1 (SBS1 - 0.99)', 'S2 (SBS2 - 0.99)']
	4.8s = Fit runtime
	98 features in original data used to generate 98 features in processed data.
	Train Data (Processed) Memory Usage: 10.64 MB (0.0% of available memory)
Data preprocessing and feature engineering runtime = 5.27s ...
AutoGluon will gauge predictive performance using evaluation metric: 'accuracy'
	To change this, specify the eval_metric parameter of Predictor()
Automatically generating train/validation split with holdout_frac=0.1, Train Rows: 13045, Val Rows: 1450
User-specified model hyperparameters to be fit:
{
	'GBM': [{'extra_trees': True, 'ag_args': {'name_suffix': 'XT'}}, {}, 'GBMLarge'],
	'CAT': {},
	'XGB': {},
	'RF': [{'criterion': 'gini', 'ag_args': {'name_suffix': 'Gini', 'problem_types': ['binary', 'multiclass']}}, {'criterion': 'entropy', 'ag_args': {'name_suffix': 'Entr', 'problem_types': ['binary', 'multiclass']}}, {'criterion': 'squared_error', 'ag_args': {'name_suffix': 'MSE', 'problem_types': ['regression']}}],
	'XT': [{'criterion': 'gini', 'ag_args': {'name_suffix': 'Gini', 'problem_types': ['binary', 'multiclass']}}, {'criterion': 'entropy', 'ag_args': {'name_suffix': 'Entr', 'problem_types': ['binary', 'multiclass']}}, {'criterion': 'squared_error', 'ag_args': {'name_suffix': 'MSE', 'problem_types': ['regression']}}],
	'KNN': [{'weights': 'uniform', 'ag_args': {'name_suffix': 'Unif'}, 'n_jobs': 4}, {'weights': 'distance', 'ag_args': {'name_suffix': 'Dist'}, 'n_jobs': 4}],
}
Fitting 11 L1 models ...
Fitting model: KNeighborsUnif ...
	0.7724	 = Validation score   (accuracy)
	0.6s	 = Training   runtime
	3.37s	 = Validation runtime
Fitting model: KNeighborsDist ...
	0.7731	 = Validation score   (accuracy)
	0.6s	 = Training   runtime
	3.37s	 = Validation runtime
Fitting model: LightGBMXT ...
	0.8524	 = Validation score   (accuracy)
	1466.47s	 = Training   runtime
	1.78s	 = Validation runtime
Fitting model: LightGBM ...
	0.8579	 = Validation score   (accuracy)
	875.61s	 = Training   runtime
	0.76s	 = Validation runtime
Fitting model: RandomForestGini ...
	0.8317	 = Validation score   (accuracy)
	69.0s	 = Training   runtime
	2.18s	 = Validation runtime
Fitting model: RandomForestEntr ...
	0.8366	 = Validation score   (accuracy)
	70.27s	 = Training   runtime
	2.55s	 = Validation runtime
Fitting model: CatBoost ...
	0.8145	 = Validation score   (accuracy)
	923.29s	 = Training   runtime
	0.85s	 = Validation runtime
Fitting model: RandomForestGini ...
	0.8917	 = Validation score   (accuracy)
	3052.31s	 = Training   runtime
	3.58s	 = Validation runtime
Fitting model: WeightedEnsemble_L2 ...
	0.8917	 = Validation score   (accuracy)
	2650.97s	 = Training   runtime
	1.82s	 = Validation runtime
Fitting model: WeightedEnsemble_L2 ...
	0.8014	 = Validation score   (accuracy)
	63.87s	 = Training   runtime
	4.25s	 = Validation runtime
	Ensemble Weights: {'LightGBM': 1.0}
	0.8952	 = Validation score   (accuracy)
	31.44s	 = Training   runtime
	0.07s	 = Validation runtime
Fitting model: RandomForestEntr ...
AutoGluon training complete, total runtime = 6664.22s ... Best model: "WeightedEnsemble_L2"
TabularPredictor saved. To load, use: predictor = TabularPredictor.load("AutogluonModels/ag-20250416_034029-007/Predictor_S2 (SBS2 - 0.99)")
Presets specified: ['medium_quality']
Beginning AutoGluon training ...
AutoGluon will save models to "AutogluonModels/ag-20250416_034029-007/Predictor_S3 (SBS3 - 0.97)"
=================== System Info ===================
AutoGluon Version:  1.1.0
Python Version:     3.10.15
Operating System:   Linux
Platform Machine:   x86_64
Platform Version:   #1 SMP PREEMPT_DYNAMIC Thu Apr 3 12:12:16 UTC 2025
CPU Count:          272
Memory Avail:       192.06 GB / 203.90 GB (94.2%)
Disk Space Avail:   1352.60 GB / 5120.00 GB (26.4%)
===================================================
Train Data Rows:    14495
Train Data Columns: 98
Label Column:       S3 (SBS3 - 0.97)
AutoGluon infers your prediction problem is: 'binary' (because only two unique label-values observed).
	2 unique label values:  [False, True]
	If 'binary' is not the correct problem_type, please manually specify the problem_type parameter during predictor init (You may specify problem_type as one of: ['binary', 'multiclass', 'regression'])
Problem Type:       binary
Preprocessing data ...
Selected class <--> label mapping:  class 1 = True, class 0 = False
Using Feature Generators to preprocess the data ...
Fitting AutoMLPipelineFeatureGenerator...
	Available Memory:                    196686.78 MB
	Train Data (Original)  Memory Usage: 10.64 MB (0.0% of available memory)
	Inferring data type of each feature based on column values. Set feature_metadata_in to manually specify special dtypes of the features.
	Stage 1 Generators:
		Fitting AsTypeFeatureGenerator...
	Ensemble Weights: {'LightGBMXT': 0.421, 'XGBoost': 0.211, 'RandomForestEntr': 0.105, 'LightGBMLarge': 0.105, 'KNeighborsUnif': 0.053, 'LightGBM': 0.053, 'RandomForestGini': 0.053}
	0.9034	 = Validation score   (accuracy)
	27.56s	 = Training   runtime
	0.37s	 = Validation runtime
			Note: Converting 2 features to boolean dtype as they only contain 2 unique values.
AutoGluon training complete, total runtime = 6387.39s ... Best model: "WeightedEnsemble_L2"
TabularPredictor saved. To load, use: predictor = TabularPredictor.load("AutogluonModels/ag-20250416_034029-002/Predictor_S2 (SBS2 - 0.99)")
	Stage 2 Generators:
		Fitting FillNaFeatureGenerator...
Presets specified: ['medium_quality']
	Stage 3 Generators:
		Fitting IdentityFeatureGenerator...
	Stage 4 Generators:
		Fitting DropUniqueFeatureGenerator...
Beginning AutoGluon training ...
AutoGluon will save models to "AutogluonModels/ag-20250416_034029-002/Predictor_S3 (SBS3 - 0.97)"
=================== System Info ===================
AutoGluon Version:  1.1.0
Python Version:     3.10.15
Operating System:   Linux
Platform Machine:   x86_64
Platform Version:   #1 SMP PREEMPT_DYNAMIC Thu Apr 3 12:12:16 UTC 2025
CPU Count:          272
Memory Avail:       192.09 GB / 203.90 GB (94.2%)
Disk Space Avail:   1352.59 GB / 5120.00 GB (26.4%)
===================================================
Train Data Rows:    14495
Train Data Columns: 98
Label Column:       S3 (SBS3 - 0.97)
AutoGluon infers your prediction problem is: 'binary' (because only two unique label-values observed).
	2 unique label values:  [False, True]
	If 'binary' is not the correct problem_type, please manually specify the problem_type parameter during predictor init (You may specify problem_type as one of: ['binary', 'multiclass', 'regression'])
Problem Type:       binary
Preprocessing data ...
Selected class <--> label mapping:  class 1 = True, class 0 = False
Using Feature Generators to preprocess the data ...
Fitting AutoMLPipelineFeatureGenerator...
	Available Memory:                    196711.60 MB
	Train Data (Original)  Memory Usage: 10.64 MB (0.0% of available memory)
	Inferring data type of each feature based on column values. Set feature_metadata_in to manually specify special dtypes of the features.
	Stage 5 Generators:
		Fitting DropDuplicatesFeatureGenerator...
	Stage 1 Generators:
		Fitting AsTypeFeatureGenerator...
			Note: Converting 2 features to boolean dtype as they only contain 2 unique values.
	Stage 2 Generators:
		Fitting FillNaFeatureGenerator...
	Stage 3 Generators:
		Fitting IdentityFeatureGenerator...
	Stage 4 Generators:
		Fitting DropUniqueFeatureGenerator...
	Stage 5 Generators:
		Fitting DropDuplicatesFeatureGenerator...
	Types of features in original data (raw dtype, special dtypes):
		('bool', []) :  2 | ['S1 (SBS1 - 0.99)', 'S2 (SBS2 - 0.99)']
		('int', [])  : 96 | ['A[C>A]A', 'A[C>A]C', 'A[C>A]G', 'A[C>A]T', 'A[C>G]A', ...]
	Types of features in processed data (raw dtype, special dtypes):
		('int', [])       : 96 | ['A[C>A]A', 'A[C>A]C', 'A[C>A]G', 'A[C>A]T', 'A[C>G]A', ...]
		('int', ['bool']) :  2 | ['S1 (SBS1 - 0.99)', 'S2 (SBS2 - 0.99)']
	39.2s = Fit runtime
	98 features in original data used to generate 98 features in processed data.
	Train Data (Processed) Memory Usage: 10.64 MB (0.0% of available memory)
Data preprocessing and feature engineering runtime = 42.51s ...
AutoGluon will gauge predictive performance using evaluation metric: 'accuracy'
	To change this, specify the eval_metric parameter of Predictor()
Automatically generating train/validation split with holdout_frac=0.1, Train Rows: 13045, Val Rows: 1450
User-specified model hyperparameters to be fit:
{
	'GBM': [{'extra_trees': True, 'ag_args': {'name_suffix': 'XT'}}, {}, 'GBMLarge'],
	'CAT': {},
	'XGB': {},
	'RF': [{'criterion': 'gini', 'ag_args': {'name_suffix': 'Gini', 'problem_types': ['binary', 'multiclass']}}, {'criterion': 'entropy', 'ag_args': {'name_suffix': 'Entr', 'problem_types': ['binary', 'multiclass']}}, {'criterion': 'squared_error', 'ag_args': {'name_suffix': 'MSE', 'problem_types': ['regression']}}],
	'XT': [{'criterion': 'gini', 'ag_args': {'name_suffix': 'Gini', 'problem_types': ['binary', 'multiclass']}}, {'criterion': 'entropy', 'ag_args': {'name_suffix': 'Entr', 'problem_types': ['binary', 'multiclass']}}, {'criterion': 'squared_error', 'ag_args': {'name_suffix': 'MSE', 'problem_types': ['regression']}}],
	'KNN': [{'weights': 'uniform', 'ag_args': {'name_suffix': 'Unif'}, 'n_jobs': 4}, {'weights': 'distance', 'ag_args': {'name_suffix': 'Dist'}, 'n_jobs': 4}],
}
Fitting 11 L1 models ...
Fitting model: KNeighborsUnif ...
	Types of features in original data (raw dtype, special dtypes):
		('bool', []) :  2 | ['S1 (SBS1 - 0.99)', 'S2 (SBS2 - 0.99)']
		('int', [])  : 96 | ['A[C>A]A', 'A[C>A]C', 'A[C>A]G', 'A[C>A]T', 'A[C>G]A', ...]
	Types of features in processed data (raw dtype, special dtypes):
		('int', [])       : 96 | ['A[C>A]A', 'A[C>A]C', 'A[C>A]G', 'A[C>A]T', 'A[C>G]A', ...]
		('int', ['bool']) :  2 | ['S1 (SBS1 - 0.99)', 'S2 (SBS2 - 0.99)']
	57.6s = Fit runtime
	98 features in original data used to generate 98 features in processed data.
	Train Data (Processed) Memory Usage: 10.64 MB (0.0% of available memory)
Data preprocessing and feature engineering runtime = 60.66s ...
AutoGluon will gauge predictive performance using evaluation metric: 'accuracy'
	To change this, specify the eval_metric parameter of Predictor()
Automatically generating train/validation split with holdout_frac=0.1, Train Rows: 13045, Val Rows: 1450
User-specified model hyperparameters to be fit:
{
	'GBM': [{'extra_trees': True, 'ag_args': {'name_suffix': 'XT'}}, {}, 'GBMLarge'],
	'CAT': {},
	'XGB': {},
	'RF': [{'criterion': 'gini', 'ag_args': {'name_suffix': 'Gini', 'problem_types': ['binary', 'multiclass']}}, {'criterion': 'entropy', 'ag_args': {'name_suffix': 'Entr', 'problem_types': ['binary', 'multiclass']}}, {'criterion': 'squared_error', 'ag_args': {'name_suffix': 'MSE', 'problem_types': ['regression']}}],
	'XT': [{'criterion': 'gini', 'ag_args': {'name_suffix': 'Gini', 'problem_types': ['binary', 'multiclass']}}, {'criterion': 'entropy', 'ag_args': {'name_suffix': 'Entr', 'problem_types': ['binary', 'multiclass']}}, {'criterion': 'squared_error', 'ag_args': {'name_suffix': 'MSE', 'problem_types': ['regression']}}],
	'KNN': [{'weights': 'uniform', 'ag_args': {'name_suffix': 'Unif'}, 'n_jobs': 4}, {'weights': 'distance', 'ag_args': {'name_suffix': 'Dist'}, 'n_jobs': 4}],
}
Fitting 11 L1 models ...
Fitting model: KNeighborsUnif ...
	0.731	 = Validation score   (accuracy)
	2.03s	 = Training   runtime
	6.35s	 = Validation runtime
Fitting model: KNeighborsDist ...
	0.74	 = Validation score   (accuracy)
	4.02s	 = Training   runtime
	12.64s	 = Validation runtime
Fitting model: KNeighborsDist ...
	0.7303	 = Validation score   (accuracy)
	3.2s	 = Training   runtime
	10.78s	 = Validation runtime
Fitting model: LightGBMXT ...
	0.7393	 = Validation score   (accuracy)
	2.74s	 = Training   runtime
	11.25s	 = Validation runtime
Fitting model: LightGBMXT ...
	0.8048	 = Validation score   (accuracy)
	90.01s	 = Training   runtime
	4.85s	 = Validation runtime
Fitting model: CatBoost ...
	0.7648	 = Validation score   (accuracy)
	2127.04s	 = Training   runtime
	3.1s	 = Validation runtime
Fitting model: LightGBM ...
	0.929	 = Validation score   (accuracy)
	3261.77s	 = Training   runtime
	3.07s	 = Validation runtime
Fitting model: WeightedEnsemble_L2 ...
	Ensemble Weights: {'LightGBM': 0.714, 'LightGBMXT': 0.286}
	0.9372	 = Validation score   (accuracy)
	16.86s	 = Training   runtime
	0.05s	 = Validation runtime
AutoGluon training complete, total runtime = 7002.5s ... Best model: "WeightedEnsemble_L2"
TabularPredictor saved. To load, use: predictor = TabularPredictor.load("AutogluonModels/ag-20250416_034029-010/Predictor_S2 (SBS2 - 0.99)")
Presets specified: ['medium_quality']
Beginning AutoGluon training ...
AutoGluon will save models to "AutogluonModels/ag-20250416_034029-010/Predictor_S3 (SBS3 - 0.97)"
=================== System Info ===================
AutoGluon Version:  1.1.0
Python Version:     3.10.15
Operating System:   Linux
Platform Machine:   x86_64
Platform Version:   #1 SMP PREEMPT_DYNAMIC Thu Apr 3 12:12:16 UTC 2025
CPU Count:          272
Memory Avail:       192.02 GB / 203.90 GB (94.2%)
Disk Space Avail:   1352.48 GB / 5120.00 GB (26.4%)
===================================================
Train Data Rows:    14495
Train Data Columns: 98
Label Column:       S3 (SBS3 - 0.97)
AutoGluon infers your prediction problem is: 'binary' (because only two unique label-values observed).
	2 unique label values:  [False, True]
	If 'binary' is not the correct problem_type, please manually specify the problem_type parameter during predictor init (You may specify problem_type as one of: ['binary', 'multiclass', 'regression'])
Problem Type:       binary
Preprocessing data ...
Selected class <--> label mapping:  class 1 = True, class 0 = False
Using Feature Generators to preprocess the data ...
Fitting AutoMLPipelineFeatureGenerator...
	Available Memory:                    196643.38 MB
	Train Data (Original)  Memory Usage: 10.64 MB (0.0% of available memory)
	Inferring data type of each feature based on column values. Set feature_metadata_in to manually specify special dtypes of the features.
	Stage 1 Generators:
		Fitting AsTypeFeatureGenerator...
			Note: Converting 2 features to boolean dtype as they only contain 2 unique values.
	Stage 2 Generators:
		Fitting FillNaFeatureGenerator...
	Stage 3 Generators:
		Fitting IdentityFeatureGenerator...
	Stage 4 Generators:
		Fitting DropUniqueFeatureGenerator...
	Stage 5 Generators:
		Fitting DropDuplicatesFeatureGenerator...
	0.8297	 = Validation score   (accuracy)
	1341.53s	 = Training   runtime
	1.33s	 = Validation runtime
Fitting model: LightGBM ...
	Types of features in original data (raw dtype, special dtypes):
		('bool', []) :  2 | ['S1 (SBS1 - 0.99)', 'S2 (SBS2 - 0.99)']
		('int', [])  : 96 | ['A[C>A]A', 'A[C>A]C', 'A[C>A]G', 'A[C>A]T', 'A[C>G]A', ...]
	Types of features in processed data (raw dtype, special dtypes):
		('int', [])       : 96 | ['A[C>A]A', 'A[C>A]C', 'A[C>A]G', 'A[C>A]T', 'A[C>G]A', ...]
		('int', ['bool']) :  2 | ['S1 (SBS1 - 0.99)', 'S2 (SBS2 - 0.99)']
	17.0s = Fit runtime
	98 features in original data used to generate 98 features in processed data.
	Train Data (Processed) Memory Usage: 10.64 MB (0.0% of available memory)
Data preprocessing and feature engineering runtime = 18.51s ...
AutoGluon will gauge predictive performance using evaluation metric: 'accuracy'
	To change this, specify the eval_metric parameter of Predictor()
Automatically generating train/validation split with holdout_frac=0.1, Train Rows: 13045, Val Rows: 1450
User-specified model hyperparameters to be fit:
{
	'GBM': [{'extra_trees': True, 'ag_args': {'name_suffix': 'XT'}}, {}, 'GBMLarge'],
	'CAT': {},
	'XGB': {},
	'RF': [{'criterion': 'gini', 'ag_args': {'name_suffix': 'Gini', 'problem_types': ['binary', 'multiclass']}}, {'criterion': 'entropy', 'ag_args': {'name_suffix': 'Entr', 'problem_types': ['binary', 'multiclass']}}, {'criterion': 'squared_error', 'ag_args': {'name_suffix': 'MSE', 'problem_types': ['regression']}}],
	'XT': [{'criterion': 'gini', 'ag_args': {'name_suffix': 'Gini', 'problem_types': ['binary', 'multiclass']}}, {'criterion': 'entropy', 'ag_args': {'name_suffix': 'Entr', 'problem_types': ['binary', 'multiclass']}}, {'criterion': 'squared_error', 'ag_args': {'name_suffix': 'MSE', 'problem_types': ['regression']}}],
	'KNN': [{'weights': 'uniform', 'ag_args': {'name_suffix': 'Unif'}, 'n_jobs': 4}, {'weights': 'distance', 'ag_args': {'name_suffix': 'Dist'}, 'n_jobs': 4}],
}
Fitting 11 L1 models ...
Fitting model: KNeighborsUnif ...
	0.8007	 = Validation score   (accuracy)
	1.83s	 = Training   runtime
	8.67s	 = Validation runtime
Fitting model: KNeighborsDist ...
	0.8021	 = Validation score   (accuracy)
	1.55s	 = Training   runtime
	4.91s	 = Validation runtime
Fitting model: LightGBMXT ...
	0.8041	 = Validation score   (accuracy)
	892.09s	 = Training   runtime
	0.86s	 = Validation runtime
Fitting model: RandomForestGini ...
	0.849	 = Validation score   (accuracy)
	537.79s	 = Training   runtime
	0.43s	 = Validation runtime
Fitting model: ExtraTreesGini ...
	0.7855	 = Validation score   (accuracy)
	65.95s	 = Training   runtime
	4.11s	 = Validation runtime
Fitting model: RandomForestEntr ...
	0.8207	 = Validation score   (accuracy)
	62.48s	 = Training   runtime
	4.71s	 = Validation runtime
Fitting model: ExtraTreesEntr ...
	0.7766	 = Validation score   (accuracy)
	1424.89s	 = Training   runtime
	2.46s	 = Validation runtime
Fitting model: LightGBM ...
	0.7841	 = Validation score   (accuracy)
	91.89s	 = Training   runtime
	5.39s	 = Validation runtime
Fitting model: CatBoost ...
	0.8221	 = Validation score   (accuracy)
	70.7s	 = Training   runtime
	5.14s	 = Validation runtime
Fitting model: XGBoost ...
	0.8586	 = Validation score   (accuracy)
	1545.71s	 = Training   runtime
	2.04s	 = Validation runtime
Fitting model: LightGBM ...
	0.8531	 = Validation score   (accuracy)
	1579.93s	 = Training   runtime
	2.6s	 = Validation runtime
Fitting model: RandomForestGini ...
	0.8303	 = Validation score   (accuracy)
	86.48s	 = Training   runtime
	3.31s	 = Validation runtime
Fitting model: RandomForestEntr ...
	0.849	 = Validation score   (accuracy)
	1112.22s	 = Training   runtime
	5.52s	 = Validation runtime
Fitting model: RandomForestGini ...
	0.7641	 = Validation score   (accuracy)
	815.49s	 = Training   runtime
	0.88s	 = Validation runtime
Fitting model: RandomForestGini ...
	0.8345	 = Validation score   (accuracy)
	89.57s	 = Training   runtime
	6.68s	 = Validation runtime
Fitting model: CatBoost ...
	0.831	 = Validation score   (accuracy)
	1463.43s	 = Training   runtime
	6.89s	 = Validation runtime
Fitting model: LightGBM ...
	0.8317	 = Validation score   (accuracy)
	129.13s	 = Training   runtime
	6.07s	 = Validation runtime
Fitting model: RandomForestEntr ...
	0.7297	 = Validation score   (accuracy)
	103.46s	 = Training   runtime
	4.4s	 = Validation runtime
Fitting model: RandomForestEntr ...
	0.8352	 = Validation score   (accuracy)
	121.38s	 = Training   runtime
	5.49s	 = Validation runtime
Fitting model: CatBoost ...
	0.7297	 = Validation score   (accuracy)
	104.11s	 = Training   runtime
	5.5s	 = Validation runtime
Fitting model: CatBoost ...
	0.8628	 = Validation score   (accuracy)
	2313.85s	 = Training   runtime
	2.91s	 = Validation runtime
Fitting model: LightGBM ...
	0.7779	 = Validation score   (accuracy)
	706.63s	 = Training   runtime
	0.51s	 = Validation runtime
Fitting model: RandomForestGini ...
	0.8697	 = Validation score   (accuracy)
	2669.56s	 = Training   runtime
	4.47s	 = Validation runtime
Fitting model: LightGBM ...
	0.8214	 = Validation score   (accuracy)
	1167.55s	 = Training   runtime
	0.67s	 = Validation runtime
Fitting model: ExtraTreesGini ...
	0.8034	 = Validation score   (accuracy)
	704.77s	 = Training   runtime
	1.0s	 = Validation runtime
Fitting model: ExtraTreesGini ...
	0.751	 = Validation score   (accuracy)
	89.14s	 = Training   runtime
	8.98s	 = Validation runtime
Fitting model: RandomForestEntr ...
	0.8566	 = Validation score   (accuracy)
	754.0s	 = Training   runtime
	2.57s	 = Validation runtime
Fitting model: LightGBMLarge ...
	0.7848	 = Validation score   (accuracy)
	95.47s	 = Training   runtime
	6.7s	 = Validation runtime
Fitting model: ExtraTreesEntr ...
	0.7607	 = Validation score   (accuracy)
	94.49s	 = Training   runtime
	6.63s	 = Validation runtime
Fitting model: ExtraTreesEntr ...
	0.7593	 = Validation score   (accuracy)
	103.41s	 = Training   runtime
	14.25s	 = Validation runtime
Fitting model: CatBoost ...
	0.7814	 = Validation score   (accuracy)
	105.39s	 = Training   runtime
	7.34s	 = Validation runtime
Fitting model: XGBoost ...
	0.7634	 = Validation score   (accuracy)
	106.13s	 = Training   runtime
	7.1s	 = Validation runtime
Fitting model: XGBoost ...
	0.8434	 = Validation score   (accuracy)
	702.48s	 = Training   runtime
	0.68s	 = Validation runtime
Fitting model: ExtraTreesGini ...
	0.8166	 = Validation score   (accuracy)
	57.19s	 = Training   runtime
	4.41s	 = Validation runtime
Fitting model: ExtraTreesEntr ...
	0.7614	 = Validation score   (accuracy)
	597.79s	 = Training   runtime
	1.43s	 = Validation runtime
Fitting model: ExtraTreesGini ...
	0.8145	 = Validation score   (accuracy)
	277.27s	 = Training   runtime
	0.98s	 = Validation runtime
Fitting model: LightGBMLarge ...
	0.811	 = Validation score   (accuracy)
	63.14s	 = Training   runtime
	5.62s	 = Validation runtime
Fitting model: XGBoost ...
	0.8297	 = Validation score   (accuracy)
	1543.1s	 = Training   runtime
	1.93s	 = Validation runtime
Fitting model: RandomForestGini ...
	0.6986	 = Validation score   (accuracy)
	75.54s	 = Training   runtime
	4.85s	 = Validation runtime
Fitting model: ExtraTreesEntr ...
	0.8531	 = Validation score   (accuracy)
	1161.69s	 = Training   runtime
	1.48s	 = Validation runtime
Fitting model: RandomForestGini ...
	0.8559	 = Validation score   (accuracy)
	3872.03s	 = Training   runtime
	9.04s	 = Validation runtime
Fitting model: LightGBM ...
	0.7945	 = Validation score   (accuracy)
	1820.86s	 = Training   runtime
	13.75s	 = Validation runtime
Fitting model: LightGBM ...
	0.8159	 = Validation score   (accuracy)
	94.15s	 = Training   runtime
	8.79s	 = Validation runtime
Fitting model: RandomForestEntr ...
	0.7841	 = Validation score   (accuracy)
	462.44s	 = Training   runtime
	1.29s	 = Validation runtime
Fitting model: ExtraTreesGini ...
	0.7124	 = Validation score   (accuracy)
	110.38s	 = Training   runtime
	7.35s	 = Validation runtime
Fitting model: XGBoost ...
	0.84	 = Validation score   (accuracy)
	139.57s	 = Training   runtime
	6.53s	 = Validation runtime
Fitting model: RandomForestEntr ...
	0.8545	 = Validation score   (accuracy)
	858.76s	 = Training   runtime
	0.82s	 = Validation runtime
Fitting model: ExtraTreesGini ...
	0.7269	 = Validation score   (accuracy)
	90.72s	 = Training   runtime
	6.47s	 = Validation runtime
Fitting model: ExtraTreesEntr ...
	0.8166	 = Validation score   (accuracy)
	132.81s	 = Training   runtime
	9.67s	 = Validation runtime
Fitting model: CatBoost ...
	0.7993	 = Validation score   (accuracy)
	610.83s	 = Training   runtime
	2.27s	 = Validation runtime
Fitting model: LightGBMLarge ...
	0.8186	 = Validation score   (accuracy)
	91.89s	 = Training   runtime
	4.43s	 = Validation runtime
Fitting model: ExtraTreesEntr ...
	0.8407	 = Validation score   (accuracy)
	141.14s	 = Training   runtime
	7.05s	 = Validation runtime
Fitting model: CatBoost ...
	0.7414	 = Validation score   (accuracy)
	86.83s	 = Training   runtime
	4.15s	 = Validation runtime
Fitting model: XGBoost ...
	0.8269	 = Validation score   (accuracy)
	80.07s	 = Training   runtime
	2.7s	 = Validation runtime
Fitting model: XGBoost ...
	0.8538	 = Validation score   (accuracy)
	990.97s	 = Training   runtime
	1.07s	 = Validation runtime
Fitting model: RandomForestGini ...
	0.8359	 = Validation score   (accuracy)
	97.02s	 = Training   runtime
	3.16s	 = Validation runtime
Fitting model: RandomForestEntr ...
	0.8428	 = Validation score   (accuracy)
	596.13s	 = Training   runtime
	2.87s	 = Validation runtime
Fitting model: LightGBMLarge ...
	0.7614	 = Validation score   (accuracy)
	415.21s	 = Training   runtime
	1.24s	 = Validation runtime
Fitting model: LightGBMLarge ...
	0.8372	 = Validation score   (accuracy)
	97.05s	 = Training   runtime
	2.78s	 = Validation runtime
Fitting model: CatBoost ...
	0.869	 = Validation score   (accuracy)
	2188.37s	 = Training   runtime
	5.51s	 = Validation runtime
Fitting model: LightGBM ...
	0.8462	 = Validation score   (accuracy)
	427.85s	 = Training   runtime
	0.42s	 = Validation runtime
Fitting model: ExtraTreesGini ...
	0.7821	 = Validation score   (accuracy)
	691.51s	 = Training   runtime
	0.94s	 = Validation runtime
Fitting model: RandomForestGini ...
	0.7828	 = Validation score   (accuracy)
	456.37s	 = Training   runtime
	1.66s	 = Validation runtime
Fitting model: LightGBMLarge ...
	0.7972	 = Validation score   (accuracy)
	2553.74s	 = Training   runtime
	3.29s	 = Validation runtime
Fitting model: LightGBM ...
	0.8228	 = Validation score   (accuracy)
	51.66s	 = Training   runtime
	5.66s	 = Validation runtime
Fitting model: ExtraTreesEntr ...
	0.7614	 = Validation score   (accuracy)
	102.22s	 = Training   runtime
	7.1s	 = Validation runtime
Fitting model: RandomForestEntr ...
	0.8241	 = Validation score   (accuracy)
	82.01s	 = Training   runtime
	5.17s	 = Validation runtime
Fitting model: XGBoost ...
	0.8297	 = Validation score   (accuracy)
	673.71s	 = Training   runtime
	0.86s	 = Validation runtime
Fitting model: ExtraTreesGini ...
	0.8524	 = Validation score   (accuracy)
	571.95s	 = Training   runtime
	1.81s	 = Validation runtime
Fitting model: LightGBMLarge ...
	0.7648	 = Validation score   (accuracy)
	86.43s	 = Training   runtime
	5.72s	 = Validation runtime
Fitting model: CatBoost ...
	0.7959	 = Validation score   (accuracy)
	74.46s	 = Training   runtime
	3.18s	 = Validation runtime
Fitting model: ExtraTreesEntr ...
	0.8297	 = Validation score   (accuracy)
	1912.98s	 = Training   runtime
	2.57s	 = Validation runtime
Fitting model: RandomForestGini ...
	0.8007	 = Validation score   (accuracy)
	56.8s	 = Training   runtime
	4.78s	 = Validation runtime
Fitting model: XGBoost ...
	0.82	 = Validation score   (accuracy)
	84.05s	 = Training   runtime
	3.0s	 = Validation runtime
Fitting model: RandomForestEntr ...
	0.8097	 = Validation score   (accuracy)
	79.83s	 = Training   runtime
	5.03s	 = Validation runtime
Fitting model: CatBoost ...
	0.8572	 = Validation score   (accuracy)
	758.92s	 = Training   runtime
	0.44s	 = Validation runtime
Fitting model: ExtraTreesGini ...
	0.8621	 = Validation score   (accuracy)
	2021.74s	 = Training   runtime
	2.17s	 = Validation runtime
Fitting model: RandomForestGini ...
	0.8131	 = Validation score   (accuracy)
	68.71s	 = Training   runtime
	6.27s	 = Validation runtime
Fitting model: ExtraTreesEntr ...
	0.8628	 = Validation score   (accuracy)
	561.37s	 = Training   runtime
	5.26s	 = Validation runtime
Fitting model: LightGBMLarge ...
	0.8324	 = Validation score   (accuracy)
	135.14s	 = Training   runtime
	6.34s	 = Validation runtime
Fitting model: RandomForestEntr ...
	0.82	 = Validation score   (accuracy)
	75.33s	 = Training   runtime
	4.28s	 = Validation runtime
Fitting model: XGBoost ...
	0.8179	 = Validation score   (accuracy)
	475.9s	 = Training   runtime
	3.61s	 = Validation runtime
Fitting model: LightGBMLarge ...
	0.84	 = Validation score   (accuracy)
	106.6s	 = Training   runtime
	5.33s	 = Validation runtime
Fitting model: CatBoost ...
	0.811	 = Validation score   (accuracy)
	399.02s	 = Training   runtime
	0.3s	 = Validation runtime
Fitting model: ExtraTreesGini ...
	0.7979	 = Validation score   (accuracy)
	652.57s	 = Training   runtime
	0.89s	 = Validation runtime
Fitting model: ExtraTreesGini ...
	0.7938	 = Validation score   (accuracy)
	849.26s	 = Training   runtime
	1.38s	 = Validation runtime
Fitting model: RandomForestGini ...
	0.7959	 = Validation score   (accuracy)
	70.03s	 = Training   runtime
	5.96s	 = Validation runtime
Fitting model: ExtraTreesEntr ...
	0.7366	 = Validation score   (accuracy)
	78.0s	 = Training   runtime
	5.32s	 = Validation runtime
Fitting model: ExtraTreesEntr ...
	0.7697	 = Validation score   (accuracy)
	100.17s	 = Training   runtime
	5.05s	 = Validation runtime
Fitting model: RandomForestEntr ...
	0.8034	 = Validation score   (accuracy)
	69.65s	 = Training   runtime
	6.05s	 = Validation runtime
Fitting model: XGBoost ...
	0.7372	 = Validation score   (accuracy)
	79.72s	 = Training   runtime
	5.83s	 = Validation runtime
Fitting model: XGBoost ...
	0.7683	 = Validation score   (accuracy)
	99.41s	 = Training   runtime
	3.52s	 = Validation runtime
Fitting model: CatBoost ...
	0.8648	 = Validation score   (accuracy)
	1266.94s	 = Training   runtime
	1.32s	 = Validation runtime
Fitting model: RandomForestGini ...
	0.8531	 = Validation score   (accuracy)
	395.86s	 = Training   runtime
	1.13s	 = Validation runtime
Fitting model: LightGBMLarge ...
	0.8345	 = Validation score   (accuracy)
	111.94s	 = Training   runtime
	2.84s	 = Validation runtime
Fitting model: RandomForestEntr ...
	0.8372	 = Validation score   (accuracy)
	95.92s	 = Training   runtime
	5.2s	 = Validation runtime
Fitting model: CatBoost ...
	0.8593	 = Validation score   (accuracy)
	556.53s	 = Training   runtime
	0.39s	 = Validation runtime
Fitting model: ExtraTreesGini ...
	0.7807	 = Validation score   (accuracy)
	368.76s	 = Training   runtime
	2.32s	 = Validation runtime
Fitting model: LightGBMLarge ...
	0.8262	 = Validation score   (accuracy)
	52.63s	 = Training   runtime
	4.12s	 = Validation runtime
Fitting model: ExtraTreesEntr ...
	0.829	 = Validation score   (accuracy)
	59.71s	 = Training   runtime
	4.13s	 = Validation runtime
Fitting model: XGBoost ...
	0.7993	 = Validation score   (accuracy)
	509.77s	 = Training   runtime
	0.71s	 = Validation runtime
Fitting model: ExtraTreesGini ...
	0.7448	 = Validation score   (accuracy)
	41.9s	 = Training   runtime
	5.4s	 = Validation runtime
Fitting model: ExtraTreesEntr ...
	0.8207	 = Validation score   (accuracy)
	612.0s	 = Training   runtime
	2.04s	 = Validation runtime
Fitting model: LightGBMLarge ...
	0.7476	 = Validation score   (accuracy)
	55.26s	 = Training   runtime
	3.5s	 = Validation runtime
Fitting model: XGBoost ...
	0.8593	 = Validation score   (accuracy)
	407.27s	 = Training   runtime
	0.67s	 = Validation runtime
Fitting model: LightGBMLarge ...
	0.8586	 = Validation score   (accuracy)
	584.11s	 = Training   runtime
	0.45s	 = Validation runtime
Fitting model: ExtraTreesGini ...
	0.8241	 = Validation score   (accuracy)
	37.57s	 = Training   runtime
	2.48s	 = Validation runtime
Fitting model: ExtraTreesEntr ...
	0.8269	 = Validation score   (accuracy)
	39.93s	 = Training   runtime
	2.33s	 = Validation runtime
Fitting model: XGBoost ...
	0.7828	 = Validation score   (accuracy)
	337.9s	 = Training   runtime
	0.45s	 = Validation runtime
Fitting model: LightGBMLarge ...
	0.8014	 = Validation score   (accuracy)
	2763.86s	 = Training   runtime
	0.68s	 = Validation runtime
Fitting model: WeightedEnsemble_L2 ...
	Ensemble Weights: {'CatBoost': 0.286, 'LightGBMLarge': 0.286, 'KNeighborsUnif': 0.143, 'LightGBMXT': 0.143, 'XGBoost': 0.143}
	0.8186	 = Validation score   (accuracy)
	6.11s	 = Training   runtime
	0.03s	 = Validation runtime
AutoGluon training complete, total runtime = 6787.6s ... Best model: "WeightedEnsemble_L2"
TabularPredictor saved. To load, use: predictor = TabularPredictor.load("AutogluonModels/ag-20250416_034029-001/Predictor_S3 (SBS3 - 0.97)")
Presets specified: ['medium_quality']
Beginning AutoGluon training ...
AutoGluon will save models to "AutogluonModels/ag-20250416_034029-001/Predictor_S4 (SBS4 - 0.98)"
=================== System Info ===================
AutoGluon Version:  1.1.0
Python Version:     3.10.15
Operating System:   Linux
Platform Machine:   x86_64
Platform Version:   #1 SMP PREEMPT_DYNAMIC Thu Apr 3 12:12:16 UTC 2025
CPU Count:          272
Memory Avail:       190.73 GB / 203.90 GB (93.5%)
Disk Space Avail:   1347.36 GB / 5120.00 GB (26.3%)
===================================================
Train Data Rows:    14495
Train Data Columns: 99
Label Column:       S4 (SBS4 - 0.98)
AutoGluon infers your prediction problem is: 'binary' (because only two unique label-values observed).
	2 unique label values:  [False, True]
	If 'binary' is not the correct problem_type, please manually specify the problem_type parameter during predictor init (You may specify problem_type as one of: ['binary', 'multiclass', 'regression'])
Problem Type:       binary
Preprocessing data ...
Selected class <--> label mapping:  class 1 = True, class 0 = False
Using Feature Generators to preprocess the data ...
Fitting AutoMLPipelineFeatureGenerator...
	Available Memory:                    195322.98 MB
	Train Data (Original)  Memory Usage: 10.66 MB (0.0% of available memory)
	Inferring data type of each feature based on column values. Set feature_metadata_in to manually specify special dtypes of the features.
	Stage 1 Generators:
		Fitting AsTypeFeatureGenerator...
			Note: Converting 3 features to boolean dtype as they only contain 2 unique values.
	Stage 2 Generators:
		Fitting FillNaFeatureGenerator...
	Stage 3 Generators:
		Fitting IdentityFeatureGenerator...
	Stage 4 Generators:
		Fitting DropUniqueFeatureGenerator...
	Stage 5 Generators:
		Fitting DropDuplicatesFeatureGenerator...
	Types of features in original data (raw dtype, special dtypes):
		('bool', []) :  3 | ['S1 (SBS1 - 0.99)', 'S2 (SBS2 - 0.99)', 'S3 (SBS3 - 0.97)']
		('int', [])  : 96 | ['A[C>A]A', 'A[C>A]C', 'A[C>A]G', 'A[C>A]T', 'A[C>G]A', ...]
	Types of features in processed data (raw dtype, special dtypes):
		('int', [])       : 96 | ['A[C>A]A', 'A[C>A]C', 'A[C>A]G', 'A[C>A]T', 'A[C>G]A', ...]
		('int', ['bool']) :  3 | ['S1 (SBS1 - 0.99)', 'S2 (SBS2 - 0.99)', 'S3 (SBS3 - 0.97)']
	6.3s = Fit runtime
	99 features in original data used to generate 99 features in processed data.
	Train Data (Processed) Memory Usage: 10.66 MB (0.0% of available memory)
Data preprocessing and feature engineering runtime = 6.81s ...
AutoGluon will gauge predictive performance using evaluation metric: 'accuracy'
	To change this, specify the eval_metric parameter of Predictor()
Automatically generating train/validation split with holdout_frac=0.1, Train Rows: 13045, Val Rows: 1450
User-specified model hyperparameters to be fit:
{
	'GBM': [{'extra_trees': True, 'ag_args': {'name_suffix': 'XT'}}, {}, 'GBMLarge'],
	'CAT': {},
	'XGB': {},
	'RF': [{'criterion': 'gini', 'ag_args': {'name_suffix': 'Gini', 'problem_types': ['binary', 'multiclass']}}, {'criterion': 'entropy', 'ag_args': {'name_suffix': 'Entr', 'problem_types': ['binary', 'multiclass']}}, {'criterion': 'squared_error', 'ag_args': {'name_suffix': 'MSE', 'problem_types': ['regression']}}],
	'XT': [{'criterion': 'gini', 'ag_args': {'name_suffix': 'Gini', 'problem_types': ['binary', 'multiclass']}}, {'criterion': 'entropy', 'ag_args': {'name_suffix': 'Entr', 'problem_types': ['binary', 'multiclass']}}, {'criterion': 'squared_error', 'ag_args': {'name_suffix': 'MSE', 'problem_types': ['regression']}}],
	'KNN': [{'weights': 'uniform', 'ag_args': {'name_suffix': 'Unif'}, 'n_jobs': 4}, {'weights': 'distance', 'ag_args': {'name_suffix': 'Dist'}, 'n_jobs': 4}],
}
Fitting 11 L1 models ...
Fitting model: KNeighborsUnif ...
	0.6876	 = Validation score   (accuracy)
	0.68s	 = Training   runtime
	3.62s	 = Validation runtime
Fitting model: KNeighborsDist ...
	0.6876	 = Validation score   (accuracy)
	0.61s	 = Training   runtime
	3.45s	 = Validation runtime
Fitting model: LightGBMXT ...
	0.8524	 = Validation score   (accuracy)
	3056.56s	 = Training   runtime
	2.62s	 = Validation runtime
Fitting model: RandomForestGini ...
	0.82	 = Validation score   (accuracy)
	61.3s	 = Training   runtime
	2.7s	 = Validation runtime
Fitting model: RandomForestEntr ...
	0.8255	 = Validation score   (accuracy)
	69.62s	 = Training   runtime
	2.56s	 = Validation runtime
Fitting model: CatBoost ...
	0.8579	 = Validation score   (accuracy)
	434.3s	 = Training   runtime
	1.98s	 = Validation runtime
Fitting model: LightGBMLarge ...
	0.8166	 = Validation score   (accuracy)
	3872.16s	 = Training   runtime
	1.84s	 = Validation runtime
Fitting model: WeightedEnsemble_L2 ...
	Ensemble Weights: {'LightGBMXT': 1.0}
	0.8248	 = Validation score   (accuracy)
	10.18s	 = Training   runtime
	0.04s	 = Validation runtime
AutoGluon training complete, total runtime = 8659.53s ... Best model: "WeightedEnsemble_L2"
TabularPredictor saved. To load, use: predictor = TabularPredictor.load("AutogluonModels/ag-20250416_034029/Predictor_S3 (SBS3 - 0.97)")
Presets specified: ['medium_quality']
Beginning AutoGluon training ...
AutoGluon will save models to "AutogluonModels/ag-20250416_034029/Predictor_S4 (SBS4 - 0.98)"
=================== System Info ===================
AutoGluon Version:  1.1.0
Python Version:     3.10.15
Operating System:   Linux
Platform Machine:   x86_64
Platform Version:   #1 SMP PREEMPT_DYNAMIC Thu Apr 3 12:12:16 UTC 2025
CPU Count:          272
Memory Avail:       190.72 GB / 203.90 GB (93.5%)
Disk Space Avail:   1347.22 GB / 5120.00 GB (26.3%)
===================================================
Train Data Rows:    14495
Train Data Columns: 99
Label Column:       S4 (SBS4 - 0.98)
AutoGluon infers your prediction problem is: 'binary' (because only two unique label-values observed).
	2 unique label values:  [False, True]
	If 'binary' is not the correct problem_type, please manually specify the problem_type parameter during predictor init (You may specify problem_type as one of: ['binary', 'multiclass', 'regression'])
Problem Type:       binary
Preprocessing data ...
	0.8345	 = Validation score   (accuracy)
	580.35s	 = Training   runtime
	0.46s	 = Validation runtime
Selected class <--> label mapping:  class 1 = True, class 0 = False
Fitting model: ExtraTreesGini ...
Using Feature Generators to preprocess the data ...
Fitting AutoMLPipelineFeatureGenerator...
	Available Memory:                    195308.77 MB
	Train Data (Original)  Memory Usage: 10.66 MB (0.0% of available memory)
	Inferring data type of each feature based on column values. Set feature_metadata_in to manually specify special dtypes of the features.
	Stage 1 Generators:
		Fitting AsTypeFeatureGenerator...
			Note: Converting 3 features to boolean dtype as they only contain 2 unique values.
	Stage 2 Generators:
		Fitting FillNaFeatureGenerator...
	Stage 3 Generators:
		Fitting IdentityFeatureGenerator...
	Stage 4 Generators:
		Fitting DropUniqueFeatureGenerator...
	Stage 5 Generators:
		Fitting DropDuplicatesFeatureGenerator...
	Types of features in original data (raw dtype, special dtypes):
		('bool', []) :  3 | ['S1 (SBS1 - 0.99)', 'S2 (SBS2 - 0.99)', 'S3 (SBS3 - 0.97)']
		('int', [])  : 96 | ['A[C>A]A', 'A[C>A]C', 'A[C>A]G', 'A[C>A]T', 'A[C>G]A', ...]
	Types of features in processed data (raw dtype, special dtypes):
		('int', [])       : 96 | ['A[C>A]A', 'A[C>A]C', 'A[C>A]G', 'A[C>A]T', 'A[C>G]A', ...]
		('int', ['bool']) :  3 | ['S1 (SBS1 - 0.99)', 'S2 (SBS2 - 0.99)', 'S3 (SBS3 - 0.97)']
	10.0s = Fit runtime
	99 features in original data used to generate 99 features in processed data.
	Train Data (Processed) Memory Usage: 10.66 MB (0.0% of available memory)
Data preprocessing and feature engineering runtime = 11.29s ...
AutoGluon will gauge predictive performance using evaluation metric: 'accuracy'
	To change this, specify the eval_metric parameter of Predictor()
Automatically generating train/validation split with holdout_frac=0.1, Train Rows: 13045, Val Rows: 1450
User-specified model hyperparameters to be fit:
{
	'GBM': [{'extra_trees': True, 'ag_args': {'name_suffix': 'XT'}}, {}, 'GBMLarge'],
	'CAT': {},
	'XGB': {},
	'RF': [{'criterion': 'gini', 'ag_args': {'name_suffix': 'Gini', 'problem_types': ['binary', 'multiclass']}}, {'criterion': 'entropy', 'ag_args': {'name_suffix': 'Entr', 'problem_types': ['binary', 'multiclass']}}, {'criterion': 'squared_error', 'ag_args': {'name_suffix': 'MSE', 'problem_types': ['regression']}}],
	'XT': [{'criterion': 'gini', 'ag_args': {'name_suffix': 'Gini', 'problem_types': ['binary', 'multiclass']}}, {'criterion': 'entropy', 'ag_args': {'name_suffix': 'Entr', 'problem_types': ['binary', 'multiclass']}}, {'criterion': 'squared_error', 'ag_args': {'name_suffix': 'MSE', 'problem_types': ['regression']}}],
	'KNN': [{'weights': 'uniform', 'ag_args': {'name_suffix': 'Unif'}, 'n_jobs': 4}, {'weights': 'distance', 'ag_args': {'name_suffix': 'Dist'}, 'n_jobs': 4}],
}
Fitting 11 L1 models ...
Fitting model: KNeighborsUnif ...
	0.6979	 = Validation score   (accuracy)
	1.99s	 = Training   runtime
	10.36s	 = Validation runtime
Fitting model: KNeighborsDist ...
	0.6986	 = Validation score   (accuracy)
	3.15s	 = Training   runtime
	4.98s	 = Validation runtime
Fitting model: LightGBMXT ...
	0.8131	 = Validation score   (accuracy)
	43.76s	 = Training   runtime
	2.54s	 = Validation runtime
Fitting model: ExtraTreesEntr ...
	0.8103	 = Validation score   (accuracy)
	35.18s	 = Training   runtime
	2.63s	 = Validation runtime
Fitting model: XGBoost ...
	0.8448	 = Validation score   (accuracy)
	2980.28s	 = Training   runtime
	0.91s	 = Validation runtime
Fitting model: WeightedEnsemble_L2 ...
	Ensemble Weights: {'CatBoost': 0.389, 'XGBoost': 0.222, 'LightGBMXT': 0.111, 'LightGBM': 0.111, 'KNeighborsDist': 0.056, 'RandomForestEntr': 0.056, 'ExtraTreesGini': 0.056}
	0.86	 = Validation score   (accuracy)
	6.47s	 = Training   runtime
	0.05s	 = Validation runtime
AutoGluon training complete, total runtime = 7508.61s ... Best model: "WeightedEnsemble_L2"
TabularPredictor saved. To load, use: predictor = TabularPredictor.load("AutogluonModels/ag-20250416_034029-012/Predictor_S3 (SBS3 - 0.97)")
Presets specified: ['medium_quality']
Beginning AutoGluon training ...
AutoGluon will save models to "AutogluonModels/ag-20250416_034029-012/Predictor_S4 (SBS4 - 0.98)"
=================== System Info ===================
AutoGluon Version:  1.1.0
Python Version:     3.10.15
Operating System:   Linux
Platform Machine:   x86_64
Platform Version:   #1 SMP PREEMPT_DYNAMIC Thu Apr 3 12:12:16 UTC 2025
CPU Count:          272
Memory Avail:       190.68 GB / 203.90 GB (93.5%)
Disk Space Avail:   1346.98 GB / 5120.00 GB (26.3%)
===================================================
Train Data Rows:    14495
Train Data Columns: 99
Label Column:       S4 (SBS4 - 0.98)
AutoGluon infers your prediction problem is: 'binary' (because only two unique label-values observed).
	2 unique label values:  [False, True]
	If 'binary' is not the correct problem_type, please manually specify the problem_type parameter during predictor init (You may specify problem_type as one of: ['binary', 'multiclass', 'regression'])
Problem Type:       binary
Preprocessing data ...
Selected class <--> label mapping:  class 1 = True, class 0 = False
Using Feature Generators to preprocess the data ...
Fitting AutoMLPipelineFeatureGenerator...
	Available Memory:                    195267.40 MB
	Train Data (Original)  Memory Usage: 10.66 MB (0.0% of available memory)
	Inferring data type of each feature based on column values. Set feature_metadata_in to manually specify special dtypes of the features.
	Stage 1 Generators:
		Fitting AsTypeFeatureGenerator...
			Note: Converting 3 features to boolean dtype as they only contain 2 unique values.
	Stage 2 Generators:
		Fitting FillNaFeatureGenerator...
	Stage 3 Generators:
		Fitting IdentityFeatureGenerator...
	Stage 4 Generators:
		Fitting DropUniqueFeatureGenerator...
	Stage 5 Generators:
		Fitting DropDuplicatesFeatureGenerator...
	Types of features in original data (raw dtype, special dtypes):
		('bool', []) :  3 | ['S1 (SBS1 - 0.99)', 'S2 (SBS2 - 0.99)', 'S3 (SBS3 - 0.97)']
		('int', [])  : 96 | ['A[C>A]A', 'A[C>A]C', 'A[C>A]G', 'A[C>A]T', 'A[C>G]A', ...]
	Types of features in processed data (raw dtype, special dtypes):
		('int', [])       : 96 | ['A[C>A]A', 'A[C>A]C', 'A[C>A]G', 'A[C>A]T', 'A[C>G]A', ...]
		('int', ['bool']) :  3 | ['S1 (SBS1 - 0.99)', 'S2 (SBS2 - 0.99)', 'S3 (SBS3 - 0.97)']
	4.7s = Fit runtime
	99 features in original data used to generate 99 features in processed data.
	Train Data (Processed) Memory Usage: 10.66 MB (0.0% of available memory)
Data preprocessing and feature engineering runtime = 5.18s ...
AutoGluon will gauge predictive performance using evaluation metric: 'accuracy'
	To change this, specify the eval_metric parameter of Predictor()
Automatically generating train/validation split with holdout_frac=0.1, Train Rows: 13045, Val Rows: 1450
User-specified model hyperparameters to be fit:
{
	'GBM': [{'extra_trees': True, 'ag_args': {'name_suffix': 'XT'}}, {}, 'GBMLarge'],
	'CAT': {},
	'XGB': {},
	'RF': [{'criterion': 'gini', 'ag_args': {'name_suffix': 'Gini', 'problem_types': ['binary', 'multiclass']}}, {'criterion': 'entropy', 'ag_args': {'name_suffix': 'Entr', 'problem_types': ['binary', 'multiclass']}}, {'criterion': 'squared_error', 'ag_args': {'name_suffix': 'MSE', 'problem_types': ['regression']}}],
	'XT': [{'criterion': 'gini', 'ag_args': {'name_suffix': 'Gini', 'problem_types': ['binary', 'multiclass']}}, {'criterion': 'entropy', 'ag_args': {'name_suffix': 'Entr', 'problem_types': ['binary', 'multiclass']}}, {'criterion': 'squared_error', 'ag_args': {'name_suffix': 'MSE', 'problem_types': ['regression']}}],
	'KNN': [{'weights': 'uniform', 'ag_args': {'name_suffix': 'Unif'}, 'n_jobs': 4}, {'weights': 'distance', 'ag_args': {'name_suffix': 'Dist'}, 'n_jobs': 4}],
}
Fitting 11 L1 models ...
Fitting model: KNeighborsUnif ...
	0.7324	 = Validation score   (accuracy)
	0.57s	 = Training   runtime
	3.28s	 = Validation runtime
Fitting model: KNeighborsDist ...
	0.7331	 = Validation score   (accuracy)
	0.67s	 = Training   runtime
	3.59s	 = Validation runtime
Fitting model: LightGBMXT ...
	0.8469	 = Validation score   (accuracy)
	418.03s	 = Training   runtime
	0.97s	 = Validation runtime
Fitting model: LightGBMLarge ...
	0.7566	 = Validation score   (accuracy)
	1723.23s	 = Training   runtime
	1.72s	 = Validation runtime
Fitting model: LightGBM ...
	0.7855	 = Validation score   (accuracy)
	4903.85s	 = Training   runtime
	2.07s	 = Validation runtime
Fitting model: WeightedEnsemble_L2 ...
	Ensemble Weights: {'LightGBMLarge': 0.565, 'LightGBMXT': 0.217, 'KNeighborsUnif': 0.087, 'RandomForestGini': 0.043, 'ExtraTreesEntr': 0.043, 'XGBoost': 0.043}
	0.791	 = Validation score   (accuracy)
	6.41s	 = Training   runtime
	0.04s	 = Validation runtime
AutoGluon training complete, total runtime = 8477.84s ... Best model: "WeightedEnsemble_L2"
TabularPredictor saved. To load, use: predictor = TabularPredictor.load("AutogluonModels/ag-20250416_034029-006/Predictor_S3 (SBS3 - 0.97)")
Presets specified: ['medium_quality']
Beginning AutoGluon training ...
AutoGluon will save models to "AutogluonModels/ag-20250416_034029-006/Predictor_S4 (SBS4 - 0.98)"
=================== System Info ===================
AutoGluon Version:  1.1.0
Python Version:     3.10.15
Operating System:   Linux
Platform Machine:   x86_64
Platform Version:   #1 SMP PREEMPT_DYNAMIC Thu Apr 3 12:12:16 UTC 2025
CPU Count:          272
Memory Avail:       190.52 GB / 203.90 GB (93.4%)
Disk Space Avail:   1346.95 GB / 5120.00 GB (26.3%)
===================================================
Train Data Rows:    14495
Train Data Columns: 99
Label Column:       S4 (SBS4 - 0.98)
AutoGluon infers your prediction problem is: 'binary' (because only two unique label-values observed).
	2 unique label values:  [False, True]
	If 'binary' is not the correct problem_type, please manually specify the problem_type parameter during predictor init (You may specify problem_type as one of: ['binary', 'multiclass', 'regression'])
Problem Type:       binary
Preprocessing data ...
Selected class <--> label mapping:  class 1 = True, class 0 = False
Using Feature Generators to preprocess the data ...
Fitting AutoMLPipelineFeatureGenerator...
	Available Memory:                    195107.79 MB
	Train Data (Original)  Memory Usage: 10.66 MB (0.0% of available memory)
	Inferring data type of each feature based on column values. Set feature_metadata_in to manually specify special dtypes of the features.
	Stage 1 Generators:
		Fitting AsTypeFeatureGenerator...
			Note: Converting 3 features to boolean dtype as they only contain 2 unique values.
	Stage 2 Generators:
		Fitting FillNaFeatureGenerator...
	Stage 3 Generators:
		Fitting IdentityFeatureGenerator...
	Stage 4 Generators:
		Fitting DropUniqueFeatureGenerator...
	Stage 5 Generators:
		Fitting DropDuplicatesFeatureGenerator...
	Types of features in original data (raw dtype, special dtypes):
		('bool', []) :  3 | ['S1 (SBS1 - 0.99)', 'S2 (SBS2 - 0.99)', 'S3 (SBS3 - 0.97)']
		('int', [])  : 96 | ['A[C>A]A', 'A[C>A]C', 'A[C>A]G', 'A[C>A]T', 'A[C>G]A', ...]
	Types of features in processed data (raw dtype, special dtypes):
		('int', [])       : 96 | ['A[C>A]A', 'A[C>A]C', 'A[C>A]G', 'A[C>A]T', 'A[C>G]A', ...]
		('int', ['bool']) :  3 | ['S1 (SBS1 - 0.99)', 'S2 (SBS2 - 0.99)', 'S3 (SBS3 - 0.97)']
	8.3s = Fit runtime
	99 features in original data used to generate 99 features in processed data.
	Train Data (Processed) Memory Usage: 10.66 MB (0.0% of available memory)
Data preprocessing and feature engineering runtime = 8.75s ...
AutoGluon will gauge predictive performance using evaluation metric: 'accuracy'
	To change this, specify the eval_metric parameter of Predictor()
Automatically generating train/validation split with holdout_frac=0.1, Train Rows: 13045, Val Rows: 1450
User-specified model hyperparameters to be fit:
{
	'GBM': [{'extra_trees': True, 'ag_args': {'name_suffix': 'XT'}}, {}, 'GBMLarge'],
	'CAT': {},
	'XGB': {},
	'RF': [{'criterion': 'gini', 'ag_args': {'name_suffix': 'Gini', 'problem_types': ['binary', 'multiclass']}}, {'criterion': 'entropy', 'ag_args': {'name_suffix': 'Entr', 'problem_types': ['binary', 'multiclass']}}, {'criterion': 'squared_error', 'ag_args': {'name_suffix': 'MSE', 'problem_types': ['regression']}}],
	'XT': [{'criterion': 'gini', 'ag_args': {'name_suffix': 'Gini', 'problem_types': ['binary', 'multiclass']}}, {'criterion': 'entropy', 'ag_args': {'name_suffix': 'Entr', 'problem_types': ['binary', 'multiclass']}}, {'criterion': 'squared_error', 'ag_args': {'name_suffix': 'MSE', 'problem_types': ['regression']}}],
	'KNN': [{'weights': 'uniform', 'ag_args': {'name_suffix': 'Unif'}, 'n_jobs': 4}, {'weights': 'distance', 'ag_args': {'name_suffix': 'Dist'}, 'n_jobs': 4}],
}
Fitting 11 L1 models ...
Fitting model: KNeighborsUnif ...
	0.6234	 = Validation score   (accuracy)
	0.52s	 = Training   runtime
	3.13s	 = Validation runtime
Fitting model: KNeighborsDist ...
	0.6234	 = Validation score   (accuracy)
	0.6s	 = Training   runtime
	3.2s	 = Validation runtime
Fitting model: LightGBMXT ...
	0.7655	 = Validation score   (accuracy)
	1868.79s	 = Training   runtime
	2.22s	 = Validation runtime
Fitting model: LightGBM ...
	0.751	 = Validation score   (accuracy)
	1133.42s	 = Training   runtime
	1.09s	 = Validation runtime
Fitting model: RandomForestGini ...
	0.7366	 = Validation score   (accuracy)
	55.82s	 = Training   runtime
	2.14s	 = Validation runtime
Fitting model: RandomForestEntr ...
	0.7703	 = Validation score   (accuracy)
	5454.57s	 = Training   runtime
	3.23s	 = Validation runtime
Fitting model: WeightedEnsemble_L2 ...
	Ensemble Weights: {'LightGBMLarge': 0.778, 'LightGBM': 0.111, 'XGBoost': 0.111}
	0.7731	 = Validation score   (accuracy)
	18.06s	 = Training   runtime
	0.04s	 = Validation runtime
AutoGluon training complete, total runtime = 9944.02s ... Best model: "WeightedEnsemble_L2"
TabularPredictor saved. To load, use: predictor = TabularPredictor.load("AutogluonModels/ag-20250416_034029-005/Predictor_S3 (SBS3 - 0.97)")
Presets specified: ['medium_quality']
Beginning AutoGluon training ...
AutoGluon will save models to "AutogluonModels/ag-20250416_034029-005/Predictor_S4 (SBS4 - 0.98)"
=================== System Info ===================
AutoGluon Version:  1.1.0
Python Version:     3.10.15
Operating System:   Linux
Platform Machine:   x86_64
Platform Version:   #1 SMP PREEMPT_DYNAMIC Thu Apr 3 12:12:16 UTC 2025
CPU Count:          272
Memory Avail:       190.49 GB / 203.90 GB (93.4%)
Disk Space Avail:   1346.83 GB / 5120.00 GB (26.3%)
===================================================
Train Data Rows:    14495
Train Data Columns: 99
Label Column:       S4 (SBS4 - 0.98)
AutoGluon infers your prediction problem is: 'binary' (because only two unique label-values observed).
	2 unique label values:  [False, True]
	If 'binary' is not the correct problem_type, please manually specify the problem_type parameter during predictor init (You may specify problem_type as one of: ['binary', 'multiclass', 'regression'])
Problem Type:       binary
Preprocessing data ...
Selected class <--> label mapping:  class 1 = True, class 0 = False
Using Feature Generators to preprocess the data ...
Fitting AutoMLPipelineFeatureGenerator...
	Available Memory:                    195016.91 MB
	Train Data (Original)  Memory Usage: 10.66 MB (0.0% of available memory)
	Inferring data type of each feature based on column values. Set feature_metadata_in to manually specify special dtypes of the features.
	0.7366	 = Validation score   (accuracy)
	53.5s	 = Training   runtime
	3.1s	 = Validation runtime
Fitting model: CatBoost ...
	Stage 1 Generators:
		Fitting AsTypeFeatureGenerator...
			Note: Converting 3 features to boolean dtype as they only contain 2 unique values.
	Stage 2 Generators:
		Fitting FillNaFeatureGenerator...
	Stage 3 Generators:
		Fitting IdentityFeatureGenerator...
	Stage 4 Generators:
		Fitting DropUniqueFeatureGenerator...
	Stage 5 Generators:
		Fitting DropDuplicatesFeatureGenerator...
	Types of features in original data (raw dtype, special dtypes):
		('bool', []) :  3 | ['S1 (SBS1 - 0.99)', 'S2 (SBS2 - 0.99)', 'S3 (SBS3 - 0.97)']
		('int', [])  : 96 | ['A[C>A]A', 'A[C>A]C', 'A[C>A]G', 'A[C>A]T', 'A[C>G]A', ...]
	Types of features in processed data (raw dtype, special dtypes):
		('int', [])       : 96 | ['A[C>A]A', 'A[C>A]C', 'A[C>A]G', 'A[C>A]T', 'A[C>G]A', ...]
		('int', ['bool']) :  3 | ['S1 (SBS1 - 0.99)', 'S2 (SBS2 - 0.99)', 'S3 (SBS3 - 0.97)']
	12.3s = Fit runtime
	99 features in original data used to generate 99 features in processed data.
	Train Data (Processed) Memory Usage: 10.66 MB (0.0% of available memory)
Data preprocessing and feature engineering runtime = 12.96s ...
AutoGluon will gauge predictive performance using evaluation metric: 'accuracy'
	To change this, specify the eval_metric parameter of Predictor()
Automatically generating train/validation split with holdout_frac=0.1, Train Rows: 13045, Val Rows: 1450
User-specified model hyperparameters to be fit:
{
	'GBM': [{'extra_trees': True, 'ag_args': {'name_suffix': 'XT'}}, {}, 'GBMLarge'],
	'CAT': {},
	'XGB': {},
	'RF': [{'criterion': 'gini', 'ag_args': {'name_suffix': 'Gini', 'problem_types': ['binary', 'multiclass']}}, {'criterion': 'entropy', 'ag_args': {'name_suffix': 'Entr', 'problem_types': ['binary', 'multiclass']}}, {'criterion': 'squared_error', 'ag_args': {'name_suffix': 'MSE', 'problem_types': ['regression']}}],
	'XT': [{'criterion': 'gini', 'ag_args': {'name_suffix': 'Gini', 'problem_types': ['binary', 'multiclass']}}, {'criterion': 'entropy', 'ag_args': {'name_suffix': 'Entr', 'problem_types': ['binary', 'multiclass']}}, {'criterion': 'squared_error', 'ag_args': {'name_suffix': 'MSE', 'problem_types': ['regression']}}],
	'KNN': [{'weights': 'uniform', 'ag_args': {'name_suffix': 'Unif'}, 'n_jobs': 4}, {'weights': 'distance', 'ag_args': {'name_suffix': 'Dist'}, 'n_jobs': 4}],
}
Fitting 11 L1 models ...
Fitting model: KNeighborsUnif ...
	0.6276	 = Validation score   (accuracy)
	0.81s	 = Training   runtime
	3.33s	 = Validation runtime
Fitting model: KNeighborsDist ...
	0.6276	 = Validation score   (accuracy)
	0.63s	 = Training   runtime
	3.68s	 = Validation runtime
Fitting model: LightGBMXT ...
	0.8552	 = Validation score   (accuracy)
	7015.03s	 = Training   runtime
	3.44s	 = Validation runtime
Fitting model: WeightedEnsemble_L2 ...
	Ensemble Weights: {'LightGBMXT': 0.667, 'XGBoost': 0.167, 'KNeighborsUnif': 0.083, 'RandomForestEntr': 0.083}
	0.8641	 = Validation score   (accuracy)
	9.14s	 = Training   runtime
	0.03s	 = Validation runtime
AutoGluon training complete, total runtime = 10770.69s ... Best model: "WeightedEnsemble_L2"
TabularPredictor saved. To load, use: predictor = TabularPredictor.load("AutogluonModels/ag-20250416_034029-015/Predictor_S3 (SBS3 - 0.97)")
Presets specified: ['medium_quality']
Beginning AutoGluon training ...
AutoGluon will save models to "AutogluonModels/ag-20250416_034029-015/Predictor_S4 (SBS4 - 0.98)"
=================== System Info ===================
AutoGluon Version:  1.1.0
Python Version:     3.10.15
Operating System:   Linux
Platform Machine:   x86_64
Platform Version:   #1 SMP PREEMPT_DYNAMIC Thu Apr 3 12:12:16 UTC 2025
CPU Count:          272
Memory Avail:       190.49 GB / 203.90 GB (93.4%)
Disk Space Avail:   1346.72 GB / 5120.00 GB (26.3%)
===================================================
Train Data Rows:    14495
Train Data Columns: 99
Label Column:       S4 (SBS4 - 0.98)
AutoGluon infers your prediction problem is: 'binary' (because only two unique label-values observed).
	2 unique label values:  [False, True]
	If 'binary' is not the correct problem_type, please manually specify the problem_type parameter during predictor init (You may specify problem_type as one of: ['binary', 'multiclass', 'regression'])
Problem Type:       binary
Preprocessing data ...
Selected class <--> label mapping:  class 1 = True, class 0 = False
Using Feature Generators to preprocess the data ...
Fitting AutoMLPipelineFeatureGenerator...
	Available Memory:                    195076.75 MB
	Train Data (Original)  Memory Usage: 10.66 MB (0.0% of available memory)
	Inferring data type of each feature based on column values. Set feature_metadata_in to manually specify special dtypes of the features.
	Stage 1 Generators:
		Fitting AsTypeFeatureGenerator...
			Note: Converting 3 features to boolean dtype as they only contain 2 unique values.
	Stage 2 Generators:
		Fitting FillNaFeatureGenerator...
	Stage 3 Generators:
		Fitting IdentityFeatureGenerator...
	Stage 4 Generators:
		Fitting DropUniqueFeatureGenerator...
	Stage 5 Generators:
		Fitting DropDuplicatesFeatureGenerator...
	Types of features in original data (raw dtype, special dtypes):
		('bool', []) :  3 | ['S1 (SBS1 - 0.99)', 'S2 (SBS2 - 0.99)', 'S3 (SBS3 - 0.97)']
		('int', [])  : 96 | ['A[C>A]A', 'A[C>A]C', 'A[C>A]G', 'A[C>A]T', 'A[C>G]A', ...]
	Types of features in processed data (raw dtype, special dtypes):
		('int', [])       : 96 | ['A[C>A]A', 'A[C>A]C', 'A[C>A]G', 'A[C>A]T', 'A[C>G]A', ...]
		('int', ['bool']) :  3 | ['S1 (SBS1 - 0.99)', 'S2 (SBS2 - 0.99)', 'S3 (SBS3 - 0.97)']
	7.4s = Fit runtime
	99 features in original data used to generate 99 features in processed data.
	Train Data (Processed) Memory Usage: 10.66 MB (0.0% of available memory)
Data preprocessing and feature engineering runtime = 8.1s ...
AutoGluon will gauge predictive performance using evaluation metric: 'accuracy'
	To change this, specify the eval_metric parameter of Predictor()
Automatically generating train/validation split with holdout_frac=0.1, Train Rows: 13045, Val Rows: 1450
User-specified model hyperparameters to be fit:
{
	'GBM': [{'extra_trees': True, 'ag_args': {'name_suffix': 'XT'}}, {}, 'GBMLarge'],
	'CAT': {},
	'XGB': {},
	'RF': [{'criterion': 'gini', 'ag_args': {'name_suffix': 'Gini', 'problem_types': ['binary', 'multiclass']}}, {'criterion': 'entropy', 'ag_args': {'name_suffix': 'Entr', 'problem_types': ['binary', 'multiclass']}}, {'criterion': 'squared_error', 'ag_args': {'name_suffix': 'MSE', 'problem_types': ['regression']}}],
	'XT': [{'criterion': 'gini', 'ag_args': {'name_suffix': 'Gini', 'problem_types': ['binary', 'multiclass']}}, {'criterion': 'entropy', 'ag_args': {'name_suffix': 'Entr', 'problem_types': ['binary', 'multiclass']}}, {'criterion': 'squared_error', 'ag_args': {'name_suffix': 'MSE', 'problem_types': ['regression']}}],
	'KNN': [{'weights': 'uniform', 'ag_args': {'name_suffix': 'Unif'}, 'n_jobs': 4}, {'weights': 'distance', 'ag_args': {'name_suffix': 'Dist'}, 'n_jobs': 4}],
}
Fitting 11 L1 models ...
Fitting model: KNeighborsUnif ...
	0.7331	 = Validation score   (accuracy)
	0.89s	 = Training   runtime
	4.08s	 = Validation runtime
Fitting model: KNeighborsDist ...
	0.7345	 = Validation score   (accuracy)
	0.73s	 = Training   runtime
	3.87s	 = Validation runtime
Fitting model: LightGBMXT ...
	0.8255	 = Validation score   (accuracy)
	2719.74s	 = Training   runtime
	4.18s	 = Validation runtime
Fitting model: LightGBM ...
	0.7648	 = Validation score   (accuracy)
	632.53s	 = Training   runtime
	0.3s	 = Validation runtime
Fitting model: ExtraTreesGini ...
	0.7103	 = Validation score   (accuracy)
	38.72s	 = Training   runtime
	2.16s	 = Validation runtime
Fitting model: ExtraTreesEntr ...
	0.7048	 = Validation score   (accuracy)
	40.84s	 = Training   runtime
	2.24s	 = Validation runtime
Fitting model: XGBoost ...
	0.8248	 = Validation score   (accuracy)
	5383.74s	 = Training   runtime
	2.06s	 = Validation runtime
Fitting model: WeightedEnsemble_L2 ...
	Ensemble Weights: {'LightGBMXT': 0.4, 'RandomForestEntr': 0.2, 'CatBoost': 0.2, 'LightGBM': 0.133, 'RandomForestGini': 0.067}
	0.8345	 = Validation score   (accuracy)
	5.4s	 = Training   runtime
	0.02s	 = Validation runtime
AutoGluon training complete, total runtime = 9892.95s ... Best model: "WeightedEnsemble_L2"
TabularPredictor saved. To load, use: predictor = TabularPredictor.load("AutogluonModels/ag-20250416_034029-003/Predictor_S3 (SBS3 - 0.97)")
Presets specified: ['medium_quality']
Beginning AutoGluon training ...
AutoGluon will save models to "AutogluonModels/ag-20250416_034029-003/Predictor_S4 (SBS4 - 0.98)"
=================== System Info ===================
AutoGluon Version:  1.1.0
Python Version:     3.10.15
Operating System:   Linux
Platform Machine:   x86_64
Platform Version:   #1 SMP PREEMPT_DYNAMIC Thu Apr 3 12:12:16 UTC 2025
CPU Count:          272
Memory Avail:       190.43 GB / 203.90 GB (93.4%)
Disk Space Avail:   1346.44 GB / 5120.00 GB (26.3%)
===================================================
Train Data Rows:    14495
Train Data Columns: 99
Label Column:       S4 (SBS4 - 0.98)
AutoGluon infers your prediction problem is: 'binary' (because only two unique label-values observed).
	2 unique label values:  [False, True]
	If 'binary' is not the correct problem_type, please manually specify the problem_type parameter during predictor init (You may specify problem_type as one of: ['binary', 'multiclass', 'regression'])
Problem Type:       binary
Preprocessing data ...
Selected class <--> label mapping:  class 1 = True, class 0 = False
Using Feature Generators to preprocess the data ...
Fitting AutoMLPipelineFeatureGenerator...
	Available Memory:                    195008.04 MB
	Train Data (Original)  Memory Usage: 10.66 MB (0.0% of available memory)
	Inferring data type of each feature based on column values. Set feature_metadata_in to manually specify special dtypes of the features.
	Stage 1 Generators:
		Fitting AsTypeFeatureGenerator...
			Note: Converting 3 features to boolean dtype as they only contain 2 unique values.
	Stage 2 Generators:
		Fitting FillNaFeatureGenerator...
	Stage 3 Generators:
		Fitting IdentityFeatureGenerator...
	Stage 4 Generators:
		Fitting DropUniqueFeatureGenerator...
	Stage 5 Generators:
		Fitting DropDuplicatesFeatureGenerator...
	Types of features in original data (raw dtype, special dtypes):
		('bool', []) :  3 | ['S1 (SBS1 - 0.99)', 'S2 (SBS2 - 0.99)', 'S3 (SBS3 - 0.97)']
		('int', [])  : 96 | ['A[C>A]A', 'A[C>A]C', 'A[C>A]G', 'A[C>A]T', 'A[C>G]A', ...]
	Types of features in processed data (raw dtype, special dtypes):
		('int', [])       : 96 | ['A[C>A]A', 'A[C>A]C', 'A[C>A]G', 'A[C>A]T', 'A[C>G]A', ...]
		('int', ['bool']) :  3 | ['S1 (SBS1 - 0.99)', 'S2 (SBS2 - 0.99)', 'S3 (SBS3 - 0.97)']
	4.5s = Fit runtime
	99 features in original data used to generate 99 features in processed data.
	Train Data (Processed) Memory Usage: 10.66 MB (0.0% of available memory)
Data preprocessing and feature engineering runtime = 5.0s ...
AutoGluon will gauge predictive performance using evaluation metric: 'accuracy'
	To change this, specify the eval_metric parameter of Predictor()
Automatically generating train/validation split with holdout_frac=0.1, Train Rows: 13045, Val Rows: 1450
User-specified model hyperparameters to be fit:
{
	'GBM': [{'extra_trees': True, 'ag_args': {'name_suffix': 'XT'}}, {}, 'GBMLarge'],
	'CAT': {},
	'XGB': {},
	'RF': [{'criterion': 'gini', 'ag_args': {'name_suffix': 'Gini', 'problem_types': ['binary', 'multiclass']}}, {'criterion': 'entropy', 'ag_args': {'name_suffix': 'Entr', 'problem_types': ['binary', 'multiclass']}}, {'criterion': 'squared_error', 'ag_args': {'name_suffix': 'MSE', 'problem_types': ['regression']}}],
	'XT': [{'criterion': 'gini', 'ag_args': {'name_suffix': 'Gini', 'problem_types': ['binary', 'multiclass']}}, {'criterion': 'entropy', 'ag_args': {'name_suffix': 'Entr', 'problem_types': ['binary', 'multiclass']}}, {'criterion': 'squared_error', 'ag_args': {'name_suffix': 'MSE', 'problem_types': ['regression']}}],
	'KNN': [{'weights': 'uniform', 'ag_args': {'name_suffix': 'Unif'}, 'n_jobs': 4}, {'weights': 'distance', 'ag_args': {'name_suffix': 'Dist'}, 'n_jobs': 4}],
}
Fitting 11 L1 models ...
Fitting model: KNeighborsUnif ...
	0.7159	 = Validation score   (accuracy)
	0.61s	 = Training   runtime
	3.55s	 = Validation runtime
Fitting model: KNeighborsDist ...
	0.7166	 = Validation score   (accuracy)
	0.7s	 = Training   runtime
	3.34s	 = Validation runtime
Fitting model: LightGBMXT ...
	0.7676	 = Validation score   (accuracy)
	1378.8s	 = Training   runtime
	1.37s	 = Validation runtime
Fitting model: RandomForestGini ...
	0.8455	 = Validation score   (accuracy)
	6599.37s	 = Training   runtime
	7.36s	 = Validation runtime
Fitting model: WeightedEnsemble_L2 ...
	0.7448	 = Validation score   (accuracy)
	54.24s	 = Training   runtime
	2.91s	 = Validation runtime
Fitting model: RandomForestEntr ...
	Ensemble Weights: {'LightGBM': 1.0}
	0.8531	 = Validation score   (accuracy)
	11.96s	 = Training   runtime
	0.04s	 = Validation runtime
AutoGluon training complete, total runtime = 10823.4s ... Best model: "WeightedEnsemble_L2"
TabularPredictor saved. To load, use: predictor = TabularPredictor.load("AutogluonModels/ag-20250416_034029-011/Predictor_S3 (SBS3 - 0.97)")
Presets specified: ['medium_quality']
Beginning AutoGluon training ...
AutoGluon will save models to "AutogluonModels/ag-20250416_034029-011/Predictor_S4 (SBS4 - 0.98)"
=================== System Info ===================
AutoGluon Version:  1.1.0
Python Version:     3.10.15
Operating System:   Linux
Platform Machine:   x86_64
Platform Version:   #1 SMP PREEMPT_DYNAMIC Thu Apr 3 12:12:16 UTC 2025
CPU Count:          272
Memory Avail:       190.42 GB / 203.90 GB (93.4%)
Disk Space Avail:   1346.33 GB / 5120.00 GB (26.3%)
===================================================
Train Data Rows:    14495
Train Data Columns: 99
Label Column:       S4 (SBS4 - 0.98)
AutoGluon infers your prediction problem is: 'binary' (because only two unique label-values observed).
	2 unique label values:  [False, True]
	If 'binary' is not the correct problem_type, please manually specify the problem_type parameter during predictor init (You may specify problem_type as one of: ['binary', 'multiclass', 'regression'])
Problem Type:       binary
Preprocessing data ...
Selected class <--> label mapping:  class 1 = True, class 0 = False
Using Feature Generators to preprocess the data ...
Fitting AutoMLPipelineFeatureGenerator...
	Available Memory:                    194997.47 MB
	Train Data (Original)  Memory Usage: 10.66 MB (0.0% of available memory)
	Inferring data type of each feature based on column values. Set feature_metadata_in to manually specify special dtypes of the features.
	Stage 1 Generators:
		Fitting AsTypeFeatureGenerator...
			Note: Converting 3 features to boolean dtype as they only contain 2 unique values.
	Stage 2 Generators:
		Fitting FillNaFeatureGenerator...
	Stage 3 Generators:
		Fitting IdentityFeatureGenerator...
	Stage 4 Generators:
		Fitting DropUniqueFeatureGenerator...
	Stage 5 Generators:
		Fitting DropDuplicatesFeatureGenerator...
	Types of features in original data (raw dtype, special dtypes):
		('bool', []) :  3 | ['S1 (SBS1 - 0.99)', 'S2 (SBS2 - 0.99)', 'S3 (SBS3 - 0.97)']
		('int', [])  : 96 | ['A[C>A]A', 'A[C>A]C', 'A[C>A]G', 'A[C>A]T', 'A[C>G]A', ...]
	Types of features in processed data (raw dtype, special dtypes):
		('int', [])       : 96 | ['A[C>A]A', 'A[C>A]C', 'A[C>A]G', 'A[C>A]T', 'A[C>G]A', ...]
		('int', ['bool']) :  3 | ['S1 (SBS1 - 0.99)', 'S2 (SBS2 - 0.99)', 'S3 (SBS3 - 0.97)']
	21.8s = Fit runtime
	99 features in original data used to generate 99 features in processed data.
	Train Data (Processed) Memory Usage: 10.66 MB (0.0% of available memory)
Data preprocessing and feature engineering runtime = 23.81s ...
AutoGluon will gauge predictive performance using evaluation metric: 'accuracy'
	To change this, specify the eval_metric parameter of Predictor()
Automatically generating train/validation split with holdout_frac=0.1, Train Rows: 13045, Val Rows: 1450
User-specified model hyperparameters to be fit:
{
	'GBM': [{'extra_trees': True, 'ag_args': {'name_suffix': 'XT'}}, {}, 'GBMLarge'],
	'CAT': {},
	'XGB': {},
	'RF': [{'criterion': 'gini', 'ag_args': {'name_suffix': 'Gini', 'problem_types': ['binary', 'multiclass']}}, {'criterion': 'entropy', 'ag_args': {'name_suffix': 'Entr', 'problem_types': ['binary', 'multiclass']}}, {'criterion': 'squared_error', 'ag_args': {'name_suffix': 'MSE', 'problem_types': ['regression']}}],
	'XT': [{'criterion': 'gini', 'ag_args': {'name_suffix': 'Gini', 'problem_types': ['binary', 'multiclass']}}, {'criterion': 'entropy', 'ag_args': {'name_suffix': 'Entr', 'problem_types': ['binary', 'multiclass']}}, {'criterion': 'squared_error', 'ag_args': {'name_suffix': 'MSE', 'problem_types': ['regression']}}],
	'KNN': [{'weights': 'uniform', 'ag_args': {'name_suffix': 'Unif'}, 'n_jobs': 4}, {'weights': 'distance', 'ag_args': {'name_suffix': 'Dist'}, 'n_jobs': 4}],
}
Fitting 11 L1 models ...
Fitting model: KNeighborsUnif ...
	0.7172	 = Validation score   (accuracy)
	2.65s	 = Training   runtime
	5.82s	 = Validation runtime
Fitting model: KNeighborsDist ...
	0.7179	 = Validation score   (accuracy)
	2.18s	 = Training   runtime
	7.6s	 = Validation runtime
Fitting model: LightGBMXT ...
	0.6986	 = Validation score   (accuracy)
	1161.43s	 = Training   runtime
	2.38s	 = Validation runtime
Fitting model: LightGBM ...
	0.7441	 = Validation score   (accuracy)
	66.24s	 = Training   runtime
	2.47s	 = Validation runtime
Fitting model: CatBoost ...
	0.7497	 = Validation score   (accuracy)
	485.95s	 = Training   runtime
	2.19s	 = Validation runtime
Fitting model: LightGBMLarge ...
	0.8283	 = Validation score   (accuracy)
	5038.26s	 = Training   runtime
	2.03s	 = Validation runtime
Fitting model: WeightedEnsemble_L2 ...
	Ensemble Weights: {'LightGBMXT': 0.375, 'LightGBM': 0.312, 'KNeighborsUnif': 0.125, 'CatBoost': 0.125, 'RandomForestGini': 0.062}
	0.8366	 = Validation score   (accuracy)
	7.53s	 = Training   runtime
	0.04s	 = Validation runtime
AutoGluon training complete, total runtime = 9846.01s ... Best model: "WeightedEnsemble_L2"
TabularPredictor saved. To load, use: predictor = TabularPredictor.load("AutogluonModels/ag-20250416_034029-004/Predictor_S3 (SBS3 - 0.97)")
Presets specified: ['medium_quality']
Beginning AutoGluon training ...
AutoGluon will save models to "AutogluonModels/ag-20250416_034029-004/Predictor_S4 (SBS4 - 0.98)"
=================== System Info ===================
AutoGluon Version:  1.1.0
Python Version:     3.10.15
Operating System:   Linux
Platform Machine:   x86_64
Platform Version:   #1 SMP PREEMPT_DYNAMIC Thu Apr 3 12:12:16 UTC 2025
CPU Count:          272
Memory Avail:       190.40 GB / 203.90 GB (93.4%)
Disk Space Avail:   1346.22 GB / 5120.00 GB (26.3%)
===================================================
Train Data Rows:    14495
Train Data Columns: 99
Label Column:       S4 (SBS4 - 0.98)
AutoGluon infers your prediction problem is: 'binary' (because only two unique label-values observed).
	2 unique label values:  [False, True]
	If 'binary' is not the correct problem_type, please manually specify the problem_type parameter during predictor init (You may specify problem_type as one of: ['binary', 'multiclass', 'regression'])
Problem Type:       binary
Preprocessing data ...
Selected class <--> label mapping:  class 1 = True, class 0 = False
Using Feature Generators to preprocess the data ...
Fitting AutoMLPipelineFeatureGenerator...
	Available Memory:                    194983.24 MB
	Train Data (Original)  Memory Usage: 10.66 MB (0.0% of available memory)
	Inferring data type of each feature based on column values. Set feature_metadata_in to manually specify special dtypes of the features.
	Stage 1 Generators:
		Fitting AsTypeFeatureGenerator...
			Note: Converting 3 features to boolean dtype as they only contain 2 unique values.
	Stage 2 Generators:
		Fitting FillNaFeatureGenerator...
	Stage 3 Generators:
		Fitting IdentityFeatureGenerator...
	Stage 4 Generators:
		Fitting DropUniqueFeatureGenerator...
	Stage 5 Generators:
		Fitting DropDuplicatesFeatureGenerator...
	Types of features in original data (raw dtype, special dtypes):
		('bool', []) :  3 | ['S1 (SBS1 - 0.99)', 'S2 (SBS2 - 0.99)', 'S3 (SBS3 - 0.97)']
		('int', [])  : 96 | ['A[C>A]A', 'A[C>A]C', 'A[C>A]G', 'A[C>A]T', 'A[C>G]A', ...]
	Types of features in processed data (raw dtype, special dtypes):
		('int', [])       : 96 | ['A[C>A]A', 'A[C>A]C', 'A[C>A]G', 'A[C>A]T', 'A[C>G]A', ...]
		('int', ['bool']) :  3 | ['S1 (SBS1 - 0.99)', 'S2 (SBS2 - 0.99)', 'S3 (SBS3 - 0.97)']
	6.2s = Fit runtime
	99 features in original data used to generate 99 features in processed data.
	Train Data (Processed) Memory Usage: 10.66 MB (0.0% of available memory)
Data preprocessing and feature engineering runtime = 6.79s ...
AutoGluon will gauge predictive performance using evaluation metric: 'accuracy'
	To change this, specify the eval_metric parameter of Predictor()
Automatically generating train/validation split with holdout_frac=0.1, Train Rows: 13045, Val Rows: 1450
User-specified model hyperparameters to be fit:
{
	'GBM': [{'extra_trees': True, 'ag_args': {'name_suffix': 'XT'}}, {}, 'GBMLarge'],
	'CAT': {},
	'XGB': {},
	'RF': [{'criterion': 'gini', 'ag_args': {'name_suffix': 'Gini', 'problem_types': ['binary', 'multiclass']}}, {'criterion': 'entropy', 'ag_args': {'name_suffix': 'Entr', 'problem_types': ['binary', 'multiclass']}}, {'criterion': 'squared_error', 'ag_args': {'name_suffix': 'MSE', 'problem_types': ['regression']}}],
	'XT': [{'criterion': 'gini', 'ag_args': {'name_suffix': 'Gini', 'problem_types': ['binary', 'multiclass']}}, {'criterion': 'entropy', 'ag_args': {'name_suffix': 'Entr', 'problem_types': ['binary', 'multiclass']}}, {'criterion': 'squared_error', 'ag_args': {'name_suffix': 'MSE', 'problem_types': ['regression']}}],
	'KNN': [{'weights': 'uniform', 'ag_args': {'name_suffix': 'Unif'}, 'n_jobs': 4}, {'weights': 'distance', 'ag_args': {'name_suffix': 'Dist'}, 'n_jobs': 4}],
}
Fitting 11 L1 models ...
Fitting model: KNeighborsUnif ...
	0.7214	 = Validation score   (accuracy)
	0.67s	 = Training   runtime
	3.62s	 = Validation runtime
Fitting model: KNeighborsDist ...
	0.7228	 = Validation score   (accuracy)
	0.99s	 = Training   runtime
	3.73s	 = Validation runtime
Fitting model: LightGBMXT ...
	0.7228	 = Validation score   (accuracy)
	2133.81s	 = Training   runtime
	4.05s	 = Validation runtime
Fitting model: LightGBM ...
	0.7952	 = Validation score   (accuracy)
	5049.1s	 = Training   runtime
	2.37s	 = Validation runtime
Fitting model: WeightedEnsemble_L2 ...
	Ensemble Weights: {'CatBoost': 0.867, 'RandomForestEntr': 0.067, 'ExtraTreesGini': 0.067}
	0.8021	 = Validation score   (accuracy)
	11.37s	 = Training   runtime
	0.04s	 = Validation runtime
AutoGluon training complete, total runtime = 9746.92s ... Best model: "WeightedEnsemble_L2"
TabularPredictor saved. To load, use: predictor = TabularPredictor.load("AutogluonModels/ag-20250416_034029-002/Predictor_S3 (SBS3 - 0.97)")
Presets specified: ['medium_quality']
Beginning AutoGluon training ...
AutoGluon will save models to "AutogluonModels/ag-20250416_034029-002/Predictor_S4 (SBS4 - 0.98)"
=================== System Info ===================
AutoGluon Version:  1.1.0
Python Version:     3.10.15
Operating System:   Linux
Platform Machine:   x86_64
Platform Version:   #1 SMP PREEMPT_DYNAMIC Thu Apr 3 12:12:16 UTC 2025
CPU Count:          272
Memory Avail:       190.38 GB / 203.90 GB (93.4%)
Disk Space Avail:   1346.19 GB / 5120.00 GB (26.3%)
===================================================
Train Data Rows:    14495
Train Data Columns: 99
Label Column:       S4 (SBS4 - 0.98)
AutoGluon infers your prediction problem is: 'binary' (because only two unique label-values observed).
	2 unique label values:  [False, True]
	If 'binary' is not the correct problem_type, please manually specify the problem_type parameter during predictor init (You may specify problem_type as one of: ['binary', 'multiclass', 'regression'])
Problem Type:       binary
Preprocessing data ...
Selected class <--> label mapping:  class 1 = True, class 0 = False
Using Feature Generators to preprocess the data ...
Fitting AutoMLPipelineFeatureGenerator...
	Available Memory:                    194951.65 MB
	Train Data (Original)  Memory Usage: 10.66 MB (0.0% of available memory)
	Inferring data type of each feature based on column values. Set feature_metadata_in to manually specify special dtypes of the features.
	Stage 1 Generators:
		Fitting AsTypeFeatureGenerator...
			Note: Converting 3 features to boolean dtype as they only contain 2 unique values.
	Stage 2 Generators:
		Fitting FillNaFeatureGenerator...
	Stage 3 Generators:
		Fitting IdentityFeatureGenerator...
	Stage 4 Generators:
		Fitting DropUniqueFeatureGenerator...
	Stage 5 Generators:
		Fitting DropDuplicatesFeatureGenerator...
	Types of features in original data (raw dtype, special dtypes):
		('bool', []) :  3 | ['S1 (SBS1 - 0.99)', 'S2 (SBS2 - 0.99)', 'S3 (SBS3 - 0.97)']
		('int', [])  : 96 | ['A[C>A]A', 'A[C>A]C', 'A[C>A]G', 'A[C>A]T', 'A[C>G]A', ...]
	Types of features in processed data (raw dtype, special dtypes):
		('int', [])       : 96 | ['A[C>A]A', 'A[C>A]C', 'A[C>A]G', 'A[C>A]T', 'A[C>G]A', ...]
		('int', ['bool']) :  3 | ['S1 (SBS1 - 0.99)', 'S2 (SBS2 - 0.99)', 'S3 (SBS3 - 0.97)']
	10.0s = Fit runtime
	99 features in original data used to generate 99 features in processed data.
	Train Data (Processed) Memory Usage: 10.66 MB (0.0% of available memory)
Data preprocessing and feature engineering runtime = 11.3s ...
AutoGluon will gauge predictive performance using evaluation metric: 'accuracy'
	To change this, specify the eval_metric parameter of Predictor()
Automatically generating train/validation split with holdout_frac=0.1, Train Rows: 13045, Val Rows: 1450
User-specified model hyperparameters to be fit:
{
	'GBM': [{'extra_trees': True, 'ag_args': {'name_suffix': 'XT'}}, {}, 'GBMLarge'],
	'CAT': {},
	'XGB': {},
	'RF': [{'criterion': 'gini', 'ag_args': {'name_suffix': 'Gini', 'problem_types': ['binary', 'multiclass']}}, {'criterion': 'entropy', 'ag_args': {'name_suffix': 'Entr', 'problem_types': ['binary', 'multiclass']}}, {'criterion': 'squared_error', 'ag_args': {'name_suffix': 'MSE', 'problem_types': ['regression']}}],
	'XT': [{'criterion': 'gini', 'ag_args': {'name_suffix': 'Gini', 'problem_types': ['binary', 'multiclass']}}, {'criterion': 'entropy', 'ag_args': {'name_suffix': 'Entr', 'problem_types': ['binary', 'multiclass']}}, {'criterion': 'squared_error', 'ag_args': {'name_suffix': 'MSE', 'problem_types': ['regression']}}],
	'KNN': [{'weights': 'uniform', 'ag_args': {'name_suffix': 'Unif'}, 'n_jobs': 4}, {'weights': 'distance', 'ag_args': {'name_suffix': 'Dist'}, 'n_jobs': 4}],
}
Fitting 11 L1 models ...
Fitting model: KNeighborsUnif ...
	0.6697	 = Validation score   (accuracy)
	0.74s	 = Training   runtime
	3.62s	 = Validation runtime
Fitting model: KNeighborsDist ...
	0.6697	 = Validation score   (accuracy)
	1.11s	 = Training   runtime
	3.7s	 = Validation runtime
Fitting model: LightGBMXT ...
	0.8179	 = Validation score   (accuracy)
	1276.37s	 = Training   runtime
	1.4s	 = Validation runtime
Fitting model: RandomForestGini ...
	0.7876	 = Validation score   (accuracy)
	70.0s	 = Training   runtime
	3.72s	 = Validation runtime
Fitting model: RandomForestEntr ...
	0.7897	 = Validation score   (accuracy)
	84.96s	 = Training   runtime
	3.94s	 = Validation runtime
Fitting model: CatBoost ...
	0.7897	 = Validation score   (accuracy)
	5961.09s	 = Training   runtime
	3.27s	 = Validation runtime
	0.8476	 = Validation score   (accuracy)
	6698.06s	 = Training   runtime
	4.08s	 = Validation runtime
Fitting model: WeightedEnsemble_L2 ...
Fitting model: WeightedEnsemble_L2 ...
	Ensemble Weights: {'CatBoost': 0.625, 'RandomForestGini': 0.312, 'LightGBM': 0.062}
	0.8021	 = Validation score   (accuracy)
	24.05s	 = Training   runtime
	0.18s	 = Validation runtime
AutoGluon training complete, total runtime = 10063.93s ... Best model: "WeightedEnsemble_L2"
TabularPredictor saved. To load, use: predictor = TabularPredictor.load("AutogluonModels/ag-20250416_034029-007/Predictor_S3 (SBS3 - 0.97)")
Presets specified: ['medium_quality']
	Ensemble Weights: {'XGBoost': 1.0}
	0.8628	 = Validation score   (accuracy)
	24.78s	 = Training   runtime
	0.06s	 = Validation runtime
AutoGluon training complete, total runtime = 10946.93s ... Best model: "WeightedEnsemble_L2"
TabularPredictor saved. To load, use: predictor = TabularPredictor.load("AutogluonModels/ag-20250416_034029-008/Predictor_S3 (SBS3 - 0.97)")
Beginning AutoGluon training ...
AutoGluon will save models to "AutogluonModels/ag-20250416_034029-007/Predictor_S4 (SBS4 - 0.98)"
=================== System Info ===================
AutoGluon Version:  1.1.0
Python Version:     3.10.15
Operating System:   Linux
Platform Machine:   x86_64
Platform Version:   #1 SMP PREEMPT_DYNAMIC Thu Apr 3 12:12:16 UTC 2025
CPU Count:          272
Memory Avail:       190.30 GB / 203.90 GB (93.3%)
Disk Space Avail:   1346.03 GB / 5120.00 GB (26.3%)
===================================================
Train Data Rows:    14495
Train Data Columns: 99
Label Column:       S4 (SBS4 - 0.98)
Presets specified: ['medium_quality']
AutoGluon infers your prediction problem is: 'binary' (because only two unique label-values observed).
	2 unique label values:  [False, True]
	If 'binary' is not the correct problem_type, please manually specify the problem_type parameter during predictor init (You may specify problem_type as one of: ['binary', 'multiclass', 'regression'])
Problem Type:       binary
Preprocessing data ...
Selected class <--> label mapping:  class 1 = True, class 0 = False
Using Feature Generators to preprocess the data ...
Fitting AutoMLPipelineFeatureGenerator...
Beginning AutoGluon training ...
AutoGluon will save models to "AutogluonModels/ag-20250416_034029-008/Predictor_S4 (SBS4 - 0.98)"
=================== System Info ===================
AutoGluon Version:  1.1.0
Python Version:     3.10.15
Operating System:   Linux
Platform Machine:   x86_64
Platform Version:   #1 SMP PREEMPT_DYNAMIC Thu Apr 3 12:12:16 UTC 2025
CPU Count:          272
Memory Avail:       190.30 GB / 203.90 GB (93.3%)
Disk Space Avail:   1346.03 GB / 5120.00 GB (26.3%)
===================================================
Train Data Rows:    14495
Train Data Columns: 99
Label Column:       S4 (SBS4 - 0.98)
AutoGluon infers your prediction problem is: 'binary' (because only two unique label-values observed).
	2 unique label values:  [False, True]
	If 'binary' is not the correct problem_type, please manually specify the problem_type parameter during predictor init (You may specify problem_type as one of: ['binary', 'multiclass', 'regression'])
Problem Type:       binary
Preprocessing data ...
Selected class <--> label mapping:  class 1 = True, class 0 = False
Using Feature Generators to preprocess the data ...
Fitting AutoMLPipelineFeatureGenerator...
	Available Memory:                    194881.28 MB
	Train Data (Original)  Memory Usage: 10.66 MB (0.0% of available memory)
	Inferring data type of each feature based on column values. Set feature_metadata_in to manually specify special dtypes of the features.
	Available Memory:                    194881.28 MB
	Train Data (Original)  Memory Usage: 10.66 MB (0.0% of available memory)
	Inferring data type of each feature based on column values. Set feature_metadata_in to manually specify special dtypes of the features.
	Stage 1 Generators:
		Fitting AsTypeFeatureGenerator...
			Note: Converting 3 features to boolean dtype as they only contain 2 unique values.
	Stage 1 Generators:
		Fitting AsTypeFeatureGenerator...
	Stage 2 Generators:
		Fitting FillNaFeatureGenerator...
	Stage 3 Generators:
		Fitting IdentityFeatureGenerator...
	Stage 4 Generators:
		Fitting DropUniqueFeatureGenerator...
			Note: Converting 3 features to boolean dtype as they only contain 2 unique values.
	Stage 2 Generators:
		Fitting FillNaFeatureGenerator...
	Stage 3 Generators:
		Fitting IdentityFeatureGenerator...
	Stage 4 Generators:
		Fitting DropUniqueFeatureGenerator...
	Stage 5 Generators:
		Fitting DropDuplicatesFeatureGenerator...
	Stage 5 Generators:
		Fitting DropDuplicatesFeatureGenerator...
	Types of features in original data (raw dtype, special dtypes):
		('bool', []) :  3 | ['S1 (SBS1 - 0.99)', 'S2 (SBS2 - 0.99)', 'S3 (SBS3 - 0.97)']
		('int', [])  : 96 | ['A[C>A]A', 'A[C>A]C', 'A[C>A]G', 'A[C>A]T', 'A[C>G]A', ...]
	Types of features in processed data (raw dtype, special dtypes):
		('int', [])       : 96 | ['A[C>A]A', 'A[C>A]C', 'A[C>A]G', 'A[C>A]T', 'A[C>G]A', ...]
		('int', ['bool']) :  3 | ['S1 (SBS1 - 0.99)', 'S2 (SBS2 - 0.99)', 'S3 (SBS3 - 0.97)']
	17.7s = Fit runtime
	99 features in original data used to generate 99 features in processed data.
	Train Data (Processed) Memory Usage: 10.66 MB (0.0% of available memory)
Data preprocessing and feature engineering runtime = 19.23s ...
AutoGluon will gauge predictive performance using evaluation metric: 'accuracy'
	To change this, specify the eval_metric parameter of Predictor()
Automatically generating train/validation split with holdout_frac=0.1, Train Rows: 13045, Val Rows: 1450
User-specified model hyperparameters to be fit:
{
	'GBM': [{'extra_trees': True, 'ag_args': {'name_suffix': 'XT'}}, {}, 'GBMLarge'],
	'CAT': {},
	'XGB': {},
	'RF': [{'criterion': 'gini', 'ag_args': {'name_suffix': 'Gini', 'problem_types': ['binary', 'multiclass']}}, {'criterion': 'entropy', 'ag_args': {'name_suffix': 'Entr', 'problem_types': ['binary', 'multiclass']}}, {'criterion': 'squared_error', 'ag_args': {'name_suffix': 'MSE', 'problem_types': ['regression']}}],
	'XT': [{'criterion': 'gini', 'ag_args': {'name_suffix': 'Gini', 'problem_types': ['binary', 'multiclass']}}, {'criterion': 'entropy', 'ag_args': {'name_suffix': 'Entr', 'problem_types': ['binary', 'multiclass']}}, {'criterion': 'squared_error', 'ag_args': {'name_suffix': 'MSE', 'problem_types': ['regression']}}],
	'KNN': [{'weights': 'uniform', 'ag_args': {'name_suffix': 'Unif'}, 'n_jobs': 4}, {'weights': 'distance', 'ag_args': {'name_suffix': 'Dist'}, 'n_jobs': 4}],
}
Fitting 11 L1 models ...
Fitting model: KNeighborsUnif ...
	0.7255	 = Validation score   (accuracy)
	2.97s	 = Training   runtime
	4.74s	 = Validation runtime
Fitting model: KNeighborsDist ...
	Types of features in original data (raw dtype, special dtypes):
		('bool', []) :  3 | ['S1 (SBS1 - 0.99)', 'S2 (SBS2 - 0.99)', 'S3 (SBS3 - 0.97)']
		('int', [])  : 96 | ['A[C>A]A', 'A[C>A]C', 'A[C>A]G', 'A[C>A]T', 'A[C>G]A', ...]
	Types of features in processed data (raw dtype, special dtypes):
		('int', [])       : 96 | ['A[C>A]A', 'A[C>A]C', 'A[C>A]G', 'A[C>A]T', 'A[C>G]A', ...]
		('int', ['bool']) :  3 | ['S1 (SBS1 - 0.99)', 'S2 (SBS2 - 0.99)', 'S3 (SBS3 - 0.97)']
	36.0s = Fit runtime
	99 features in original data used to generate 99 features in processed data.
	Train Data (Processed) Memory Usage: 10.66 MB (0.0% of available memory)
Data preprocessing and feature engineering runtime = 37.48s ...
AutoGluon will gauge predictive performance using evaluation metric: 'accuracy'
	To change this, specify the eval_metric parameter of Predictor()
	0.7283	 = Validation score   (accuracy)
	2.82s	 = Training   runtime
	4.76s	 = Validation runtime
Automatically generating train/validation split with holdout_frac=0.1, Train Rows: 13045, Val Rows: 1450
User-specified model hyperparameters to be fit:
{
	'GBM': [{'extra_trees': True, 'ag_args': {'name_suffix': 'XT'}}, {}, 'GBMLarge'],
	'CAT': {},
	'XGB': {},
	'RF': [{'criterion': 'gini', 'ag_args': {'name_suffix': 'Gini', 'problem_types': ['binary', 'multiclass']}}, {'criterion': 'entropy', 'ag_args': {'name_suffix': 'Entr', 'problem_types': ['binary', 'multiclass']}}, {'criterion': 'squared_error', 'ag_args': {'name_suffix': 'MSE', 'problem_types': ['regression']}}],
	'XT': [{'criterion': 'gini', 'ag_args': {'name_suffix': 'Gini', 'problem_types': ['binary', 'multiclass']}}, {'criterion': 'entropy', 'ag_args': {'name_suffix': 'Entr', 'problem_types': ['binary', 'multiclass']}}, {'criterion': 'squared_error', 'ag_args': {'name_suffix': 'MSE', 'problem_types': ['regression']}}],
	'KNN': [{'weights': 'uniform', 'ag_args': {'name_suffix': 'Unif'}, 'n_jobs': 4}, {'weights': 'distance', 'ag_args': {'name_suffix': 'Dist'}, 'n_jobs': 4}],
}
Fitting model: LightGBMXT ...
Fitting 11 L1 models ...
Fitting model: KNeighborsUnif ...
	0.6641	 = Validation score   (accuracy)
	1.5s	 = Training   runtime
	4.25s	 = Validation runtime
Fitting model: KNeighborsDist ...
	0.6641	 = Validation score   (accuracy)
	1.93s	 = Training   runtime
	5.13s	 = Validation runtime
Fitting model: LightGBMXT ...
	0.7097	 = Validation score   (accuracy)
	1140.0s	 = Training   runtime
	2.3s	 = Validation runtime
Fitting model: RandomForestGini ...
	0.8441	 = Validation score   (accuracy)
	4083.03s	 = Training   runtime
	4.52s	 = Validation runtime
Fitting model: WeightedEnsemble_L2 ...
	0.6903	 = Validation score   (accuracy)
	65.41s	 = Training   runtime
	4.74s	 = Validation runtime
Fitting model: RandomForestEntr ...
	Ensemble Weights: {'LightGBMXT': 0.75, 'LightGBM': 0.25}
	0.8572	 = Validation score   (accuracy)
	29.18s	 = Training   runtime
	0.33s	 = Validation runtime
AutoGluon training complete, total runtime = 12337.2s ... Best model: "WeightedEnsemble_L2"
TabularPredictor saved. To load, use: predictor = TabularPredictor.load("AutogluonModels/ag-20250416_034029-013/Predictor_S3 (SBS3 - 0.97)")
Presets specified: ['medium_quality']
	0.7103	 = Validation score   (accuracy)
	594.46s	 = Training   runtime
	1.23s	 = Validation runtime
Fitting model: RandomForestGini ...
Beginning AutoGluon training ...
AutoGluon will save models to "AutogluonModels/ag-20250416_034029-013/Predictor_S4 (SBS4 - 0.98)"
=================== System Info ===================
AutoGluon Version:  1.1.0
Python Version:     3.10.15
Operating System:   Linux
Platform Machine:   x86_64
Platform Version:   #1 SMP PREEMPT_DYNAMIC Thu Apr 3 12:12:16 UTC 2025
CPU Count:          272
Memory Avail:       190.22 GB / 203.90 GB (93.3%)
Disk Space Avail:   1345.86 GB / 5120.00 GB (26.3%)
===================================================
Train Data Rows:    14495
Train Data Columns: 99
Label Column:       S4 (SBS4 - 0.98)
AutoGluon infers your prediction problem is: 'binary' (because only two unique label-values observed).
	2 unique label values:  [False, True]
	If 'binary' is not the correct problem_type, please manually specify the problem_type parameter during predictor init (You may specify problem_type as one of: ['binary', 'multiclass', 'regression'])
Problem Type:       binary
Preprocessing data ...
Selected class <--> label mapping:  class 1 = True, class 0 = False
Using Feature Generators to preprocess the data ...
Fitting AutoMLPipelineFeatureGenerator...
	Available Memory:                    194801.12 MB
	Train Data (Original)  Memory Usage: 10.66 MB (0.0% of available memory)
	Inferring data type of each feature based on column values. Set feature_metadata_in to manually specify special dtypes of the features.
	Stage 1 Generators:
		Fitting AsTypeFeatureGenerator...
			Note: Converting 3 features to boolean dtype as they only contain 2 unique values.
	Stage 2 Generators:
		Fitting FillNaFeatureGenerator...
	Stage 3 Generators:
		Fitting IdentityFeatureGenerator...
	Stage 4 Generators:
		Fitting DropUniqueFeatureGenerator...
	Stage 5 Generators:
		Fitting DropDuplicatesFeatureGenerator...
	Types of features in original data (raw dtype, special dtypes):
		('bool', []) :  3 | ['S1 (SBS1 - 0.99)', 'S2 (SBS2 - 0.99)', 'S3 (SBS3 - 0.97)']
		('int', [])  : 96 | ['A[C>A]A', 'A[C>A]C', 'A[C>A]G', 'A[C>A]T', 'A[C>G]A', ...]
	Types of features in processed data (raw dtype, special dtypes):
		('int', [])       : 96 | ['A[C>A]A', 'A[C>A]C', 'A[C>A]G', 'A[C>A]T', 'A[C>G]A', ...]
		('int', ['bool']) :  3 | ['S1 (SBS1 - 0.99)', 'S2 (SBS2 - 0.99)', 'S3 (SBS3 - 0.97)']
	28.8s = Fit runtime
	99 features in original data used to generate 99 features in processed data.
	Train Data (Processed) Memory Usage: 10.66 MB (0.0% of available memory)
Data preprocessing and feature engineering runtime = 31.95s ...
AutoGluon will gauge predictive performance using evaluation metric: 'accuracy'
	To change this, specify the eval_metric parameter of Predictor()
Automatically generating train/validation split with holdout_frac=0.1, Train Rows: 13045, Val Rows: 1450
User-specified model hyperparameters to be fit:
{
	'GBM': [{'extra_trees': True, 'ag_args': {'name_suffix': 'XT'}}, {}, 'GBMLarge'],
	'CAT': {},
	'XGB': {},
	'RF': [{'criterion': 'gini', 'ag_args': {'name_suffix': 'Gini', 'problem_types': ['binary', 'multiclass']}}, {'criterion': 'entropy', 'ag_args': {'name_suffix': 'Entr', 'problem_types': ['binary', 'multiclass']}}, {'criterion': 'squared_error', 'ag_args': {'name_suffix': 'MSE', 'problem_types': ['regression']}}],
	'XT': [{'criterion': 'gini', 'ag_args': {'name_suffix': 'Gini', 'problem_types': ['binary', 'multiclass']}}, {'criterion': 'entropy', 'ag_args': {'name_suffix': 'Entr', 'problem_types': ['binary', 'multiclass']}}, {'criterion': 'squared_error', 'ag_args': {'name_suffix': 'MSE', 'problem_types': ['regression']}}],
	'KNN': [{'weights': 'uniform', 'ag_args': {'name_suffix': 'Unif'}, 'n_jobs': 4}, {'weights': 'distance', 'ag_args': {'name_suffix': 'Dist'}, 'n_jobs': 4}],
}
Fitting 11 L1 models ...
Fitting model: KNeighborsUnif ...
	0.7166	 = Validation score   (accuracy)
	5.35s	 = Training   runtime
	10.39s	 = Validation runtime
Fitting model: KNeighborsDist ...
	0.7172	 = Validation score   (accuracy)
	6.7s	 = Training   runtime
	8.8s	 = Validation runtime
Fitting model: LightGBMXT ...
	0.8531	 = Validation score   (accuracy)
	6617.71s	 = Training   runtime
	6.33s	 = Validation runtime
Fitting model: WeightedEnsemble_L2 ...
	0.811	 = Validation score   (accuracy)
	1336.95s	 = Training   runtime
	3.1s	 = Validation runtime
Fitting model: LightGBM ...
	0.689	 = Validation score   (accuracy)
	93.86s	 = Training   runtime
	8.19s	 = Validation runtime
Fitting model: CatBoost ...
	0.7021	 = Validation score   (accuracy)
	97.96s	 = Training   runtime
	4.91s	 = Validation runtime
Fitting model: RandomForestEntr ...
	Ensemble Weights: {'LightGBMXT': 1.0}
	0.8697	 = Validation score   (accuracy)
	33.37s	 = Training   runtime
	0.14s	 = Validation runtime
AutoGluon training complete, total runtime = 11891.27s ... Best model: "WeightedEnsemble_L2"
TabularPredictor saved. To load, use: predictor = TabularPredictor.load("AutogluonModels/ag-20250416_034029-014/Predictor_S3 (SBS3 - 0.97)")
Presets specified: ['medium_quality']
Beginning AutoGluon training ...
AutoGluon will save models to "AutogluonModels/ag-20250416_034029-014/Predictor_S4 (SBS4 - 0.98)"
=================== System Info ===================
AutoGluon Version:  1.1.0
Python Version:     3.10.15
Operating System:   Linux
Platform Machine:   x86_64
Platform Version:   #1 SMP PREEMPT_DYNAMIC Thu Apr 3 12:12:16 UTC 2025
CPU Count:          272
Memory Avail:       190.19 GB / 203.90 GB (93.3%)
Disk Space Avail:   1345.62 GB / 5120.00 GB (26.3%)
===================================================
Train Data Rows:    14495
Train Data Columns: 99
Label Column:       S4 (SBS4 - 0.98)
AutoGluon infers your prediction problem is: 'binary' (because only two unique label-values observed).
	2 unique label values:  [False, True]
	If 'binary' is not the correct problem_type, please manually specify the problem_type parameter during predictor init (You may specify problem_type as one of: ['binary', 'multiclass', 'regression'])
Problem Type:       binary
Preprocessing data ...
Selected class <--> label mapping:  class 1 = True, class 0 = False
Using Feature Generators to preprocess the data ...
Fitting AutoMLPipelineFeatureGenerator...
	Available Memory:                    194760.20 MB
	Train Data (Original)  Memory Usage: 10.66 MB (0.0% of available memory)
	Inferring data type of each feature based on column values. Set feature_metadata_in to manually specify special dtypes of the features.
	Stage 1 Generators:
		Fitting AsTypeFeatureGenerator...
			Note: Converting 3 features to boolean dtype as they only contain 2 unique values.
	Stage 2 Generators:
		Fitting FillNaFeatureGenerator...
	Stage 3 Generators:
		Fitting IdentityFeatureGenerator...
	Stage 4 Generators:
		Fitting DropUniqueFeatureGenerator...
	Stage 5 Generators:
		Fitting DropDuplicatesFeatureGenerator...
	Types of features in original data (raw dtype, special dtypes):
		('bool', []) :  3 | ['S1 (SBS1 - 0.99)', 'S2 (SBS2 - 0.99)', 'S3 (SBS3 - 0.97)']
		('int', [])  : 96 | ['A[C>A]A', 'A[C>A]C', 'A[C>A]G', 'A[C>A]T', 'A[C>G]A', ...]
	Types of features in processed data (raw dtype, special dtypes):
		('int', [])       : 96 | ['A[C>A]A', 'A[C>A]C', 'A[C>A]G', 'A[C>A]T', 'A[C>G]A', ...]
		('int', ['bool']) :  3 | ['S1 (SBS1 - 0.99)', 'S2 (SBS2 - 0.99)', 'S3 (SBS3 - 0.97)']
	31.8s = Fit runtime
	99 features in original data used to generate 99 features in processed data.
	Train Data (Processed) Memory Usage: 10.66 MB (0.0% of available memory)
Data preprocessing and feature engineering runtime = 35.6s ...
AutoGluon will gauge predictive performance using evaluation metric: 'accuracy'
	To change this, specify the eval_metric parameter of Predictor()
Automatically generating train/validation split with holdout_frac=0.1, Train Rows: 13045, Val Rows: 1450
User-specified model hyperparameters to be fit:
{
	'GBM': [{'extra_trees': True, 'ag_args': {'name_suffix': 'XT'}}, {}, 'GBMLarge'],
	'CAT': {},
	'XGB': {},
	'RF': [{'criterion': 'gini', 'ag_args': {'name_suffix': 'Gini', 'problem_types': ['binary', 'multiclass']}}, {'criterion': 'entropy', 'ag_args': {'name_suffix': 'Entr', 'problem_types': ['binary', 'multiclass']}}, {'criterion': 'squared_error', 'ag_args': {'name_suffix': 'MSE', 'problem_types': ['regression']}}],
	'XT': [{'criterion': 'gini', 'ag_args': {'name_suffix': 'Gini', 'problem_types': ['binary', 'multiclass']}}, {'criterion': 'entropy', 'ag_args': {'name_suffix': 'Entr', 'problem_types': ['binary', 'multiclass']}}, {'criterion': 'squared_error', 'ag_args': {'name_suffix': 'MSE', 'problem_types': ['regression']}}],
	'KNN': [{'weights': 'uniform', 'ag_args': {'name_suffix': 'Unif'}, 'n_jobs': 4}, {'weights': 'distance', 'ag_args': {'name_suffix': 'Dist'}, 'n_jobs': 4}],
}
Fitting 11 L1 models ...
Fitting model: KNeighborsUnif ...
	0.7359	 = Validation score   (accuracy)
	6.68s	 = Training   runtime
	7.74s	 = Validation runtime
Fitting model: KNeighborsDist ...
	0.7366	 = Validation score   (accuracy)
	5.24s	 = Training   runtime
	4.75s	 = Validation runtime
Fitting model: LightGBMXT ...
	0.7069	 = Validation score   (accuracy)
	78.73s	 = Training   runtime
	5.47s	 = Validation runtime
Fitting model: CatBoost ...
	0.769	 = Validation score   (accuracy)
	1426.66s	 = Training   runtime
	0.4s	 = Validation runtime
Fitting model: ExtraTreesGini ...
	0.7214	 = Validation score   (accuracy)
	59.29s	 = Training   runtime
	4.13s	 = Validation runtime
Fitting model: ExtraTreesEntr ...
	0.7338	 = Validation score   (accuracy)
	59.27s	 = Training   runtime
	2.85s	 = Validation runtime
Fitting model: XGBoost ...
	0.8131	 = Validation score   (accuracy)
	809.34s	 = Training   runtime
	0.31s	 = Validation runtime
Fitting model: ExtraTreesGini ...
	0.769	 = Validation score   (accuracy)
	1417.51s	 = Training   runtime
	2.03s	 = Validation runtime
Fitting model: LightGBM ...
	0.7717	 = Validation score   (accuracy)
	56.44s	 = Training   runtime
	3.5s	 = Validation runtime
Fitting model: ExtraTreesEntr ...
	0.7614	 = Validation score   (accuracy)
	58.0s	 = Training   runtime
	4.4s	 = Validation runtime
Fitting model: XGBoost ...
	0.7938	 = Validation score   (accuracy)
	2096.09s	 = Training   runtime
	2.8s	 = Validation runtime
Fitting model: LightGBM ...
	0.7097	 = Validation score   (accuracy)
	525.64s	 = Training   runtime
	0.5s	 = Validation runtime
Fitting model: ExtraTreesGini ...
	0.8628	 = Validation score   (accuracy)
	6413.73s	 = Training   runtime
	3.15s	 = Validation runtime
Fitting model: WeightedEnsemble_L2 ...
	0.6697	 = Validation score   (accuracy)
	50.29s	 = Training   runtime
	4.69s	 = Validation runtime
Fitting model: ExtraTreesEntr ...
	Ensemble Weights: {'LightGBMXT': 1.0}
	0.8628	 = Validation score   (accuracy)
	18.89s	 = Training   runtime
	0.11s	 = Validation runtime
AutoGluon training complete, total runtime = 12181.54s ... Best model: "WeightedEnsemble_L2"
TabularPredictor saved. To load, use: predictor = TabularPredictor.load("AutogluonModels/ag-20250416_034029-009/Predictor_S3 (SBS3 - 0.97)")
Presets specified: ['medium_quality']
Beginning AutoGluon training ...
AutoGluon will save models to "AutogluonModels/ag-20250416_034029-009/Predictor_S4 (SBS4 - 0.98)"
=================== System Info ===================
AutoGluon Version:  1.1.0
Python Version:     3.10.15
Operating System:   Linux
Platform Machine:   x86_64
Platform Version:   #1 SMP PREEMPT_DYNAMIC Thu Apr 3 12:12:16 UTC 2025
CPU Count:          272
Memory Avail:       190.11 GB / 203.90 GB (93.2%)
Disk Space Avail:   1344.86 GB / 5120.00 GB (26.3%)
===================================================
Train Data Rows:    14495
Train Data Columns: 99
Label Column:       S4 (SBS4 - 0.98)
AutoGluon infers your prediction problem is: 'binary' (because only two unique label-values observed).
	2 unique label values:  [False, True]
	If 'binary' is not the correct problem_type, please manually specify the problem_type parameter during predictor init (You may specify problem_type as one of: ['binary', 'multiclass', 'regression'])
Problem Type:       binary
Preprocessing data ...
Selected class <--> label mapping:  class 1 = True, class 0 = False
Using Feature Generators to preprocess the data ...
Fitting AutoMLPipelineFeatureGenerator...
	Available Memory:                    194688.24 MB
	Train Data (Original)  Memory Usage: 10.66 MB (0.0% of available memory)
	Inferring data type of each feature based on column values. Set feature_metadata_in to manually specify special dtypes of the features.
	Stage 1 Generators:
		Fitting AsTypeFeatureGenerator...
			Note: Converting 3 features to boolean dtype as they only contain 2 unique values.
	Stage 2 Generators:
		Fitting FillNaFeatureGenerator...
	Stage 3 Generators:
		Fitting IdentityFeatureGenerator...
	Stage 4 Generators:
		Fitting DropUniqueFeatureGenerator...
	Stage 5 Generators:
		Fitting DropDuplicatesFeatureGenerator...
	Types of features in original data (raw dtype, special dtypes):
		('bool', []) :  3 | ['S1 (SBS1 - 0.99)', 'S2 (SBS2 - 0.99)', 'S3 (SBS3 - 0.97)']
		('int', [])  : 96 | ['A[C>A]A', 'A[C>A]C', 'A[C>A]G', 'A[C>A]T', 'A[C>G]A', ...]
	Types of features in processed data (raw dtype, special dtypes):
		('int', [])       : 96 | ['A[C>A]A', 'A[C>A]C', 'A[C>A]G', 'A[C>A]T', 'A[C>G]A', ...]
		('int', ['bool']) :  3 | ['S1 (SBS1 - 0.99)', 'S2 (SBS2 - 0.99)', 'S3 (SBS3 - 0.97)']
	25.5s = Fit runtime
	99 features in original data used to generate 99 features in processed data.
	Train Data (Processed) Memory Usage: 10.66 MB (0.0% of available memory)
Data preprocessing and feature engineering runtime = 28.16s ...
AutoGluon will gauge predictive performance using evaluation metric: 'accuracy'
	To change this, specify the eval_metric parameter of Predictor()
Automatically generating train/validation split with holdout_frac=0.1, Train Rows: 13045, Val Rows: 1450
User-specified model hyperparameters to be fit:
{
	'GBM': [{'extra_trees': True, 'ag_args': {'name_suffix': 'XT'}}, {}, 'GBMLarge'],
	'CAT': {},
	'XGB': {},
	'RF': [{'criterion': 'gini', 'ag_args': {'name_suffix': 'Gini', 'problem_types': ['binary', 'multiclass']}}, {'criterion': 'entropy', 'ag_args': {'name_suffix': 'Entr', 'problem_types': ['binary', 'multiclass']}}, {'criterion': 'squared_error', 'ag_args': {'name_suffix': 'MSE', 'problem_types': ['regression']}}],
	'XT': [{'criterion': 'gini', 'ag_args': {'name_suffix': 'Gini', 'problem_types': ['binary', 'multiclass']}}, {'criterion': 'entropy', 'ag_args': {'name_suffix': 'Entr', 'problem_types': ['binary', 'multiclass']}}, {'criterion': 'squared_error', 'ag_args': {'name_suffix': 'MSE', 'problem_types': ['regression']}}],
	'KNN': [{'weights': 'uniform', 'ag_args': {'name_suffix': 'Unif'}, 'n_jobs': 4}, {'weights': 'distance', 'ag_args': {'name_suffix': 'Dist'}, 'n_jobs': 4}],
}
Fitting 11 L1 models ...
Fitting model: KNeighborsUnif ...
	0.7352	 = Validation score   (accuracy)
	3.5s	 = Training   runtime
	4.74s	 = Validation runtime
Fitting model: KNeighborsDist ...
	0.7359	 = Validation score   (accuracy)
	2.76s	 = Training   runtime
	3.8s	 = Validation runtime
Fitting model: LightGBMXT ...
	0.6772	 = Validation score   (accuracy)
	60.78s	 = Training   runtime
	3.22s	 = Validation runtime
Fitting model: XGBoost ...
	0.7179	 = Validation score   (accuracy)
	582.44s	 = Training   runtime
	0.29s	 = Validation runtime
Fitting model: ExtraTreesGini ...
	0.6876	 = Validation score   (accuracy)
	42.81s	 = Training   runtime
	2.04s	 = Validation runtime
Fitting model: ExtraTreesEntr ...
	0.7566	 = Validation score   (accuracy)
	532.7s	 = Training   runtime
	1.3s	 = Validation runtime
Fitting model: LightGBMLarge ...
	0.6945	 = Validation score   (accuracy)
	40.62s	 = Training   runtime
	2.77s	 = Validation runtime
Fitting model: XGBoost ...
	0.8062	 = Validation score   (accuracy)
	354.66s	 = Training   runtime
	0.6s	 = Validation runtime
Fitting model: LightGBMLarge ...
	0.6972	 = Validation score   (accuracy)
	246.8s	 = Training   runtime
	0.26s	 = Validation runtime
Fitting model: LightGBMLarge ...
	0.7069	 = Validation score   (accuracy)
	238.95s	 = Training   runtime
	0.31s	 = Validation runtime
Fitting model: LightGBMLarge ...
	0.831	 = Validation score   (accuracy)
	3072.02s	 = Training   runtime
	3.42s	 = Validation runtime
Fitting model: LightGBM ...
	0.7407	 = Validation score   (accuracy)
	1859.16s	 = Training   runtime
	2.23s	 = Validation runtime
Fitting model: LightGBM ...
	0.86	 = Validation score   (accuracy)
	6624.84s	 = Training   runtime
	2.51s	 = Validation runtime
Fitting model: WeightedEnsemble_L2 ...
	Ensemble Weights: {'LightGBMXT': 0.96, 'CatBoost': 0.04}
	0.8697	 = Validation score   (accuracy)
	5.71s	 = Training   runtime
	0.03s	 = Validation runtime
AutoGluon training complete, total runtime = 11481.05s ... Best model: "WeightedEnsemble_L2"
TabularPredictor saved. To load, use: predictor = TabularPredictor.load("AutogluonModels/ag-20250416_034029-010/Predictor_S3 (SBS3 - 0.97)")
Presets specified: ['medium_quality']
Beginning AutoGluon training ...
AutoGluon will save models to "AutogluonModels/ag-20250416_034029-010/Predictor_S4 (SBS4 - 0.98)"
=================== System Info ===================
AutoGluon Version:  1.1.0
Python Version:     3.10.15
Operating System:   Linux
Platform Machine:   x86_64
Platform Version:   #1 SMP PREEMPT_DYNAMIC Thu Apr 3 12:12:16 UTC 2025
CPU Count:          272
Memory Avail:       190.11 GB / 203.90 GB (93.2%)
Disk Space Avail:   1344.41 GB / 5120.00 GB (26.3%)
===================================================
Train Data Rows:    14495
Train Data Columns: 99
Label Column:       S4 (SBS4 - 0.98)
AutoGluon infers your prediction problem is: 'binary' (because only two unique label-values observed).
	2 unique label values:  [False, True]
	If 'binary' is not the correct problem_type, please manually specify the problem_type parameter during predictor init (You may specify problem_type as one of: ['binary', 'multiclass', 'regression'])
Problem Type:       binary
Preprocessing data ...
Selected class <--> label mapping:  class 1 = True, class 0 = False
Using Feature Generators to preprocess the data ...
Fitting AutoMLPipelineFeatureGenerator...
	Available Memory:                    194685.43 MB
	Train Data (Original)  Memory Usage: 10.66 MB (0.0% of available memory)
	Inferring data type of each feature based on column values. Set feature_metadata_in to manually specify special dtypes of the features.
	Stage 1 Generators:
		Fitting AsTypeFeatureGenerator...
			Note: Converting 3 features to boolean dtype as they only contain 2 unique values.
	Stage 2 Generators:
		Fitting FillNaFeatureGenerator...
	Stage 3 Generators:
		Fitting IdentityFeatureGenerator...
	Stage 4 Generators:
		Fitting DropUniqueFeatureGenerator...
	Stage 5 Generators:
		Fitting DropDuplicatesFeatureGenerator...
	Types of features in original data (raw dtype, special dtypes):
		('bool', []) :  3 | ['S1 (SBS1 - 0.99)', 'S2 (SBS2 - 0.99)', 'S3 (SBS3 - 0.97)']
		('int', [])  : 96 | ['A[C>A]A', 'A[C>A]C', 'A[C>A]G', 'A[C>A]T', 'A[C>G]A', ...]
	Types of features in processed data (raw dtype, special dtypes):
		('int', [])       : 96 | ['A[C>A]A', 'A[C>A]C', 'A[C>A]G', 'A[C>A]T', 'A[C>G]A', ...]
		('int', ['bool']) :  3 | ['S1 (SBS1 - 0.99)', 'S2 (SBS2 - 0.99)', 'S3 (SBS3 - 0.97)']
	6.5s = Fit runtime
	99 features in original data used to generate 99 features in processed data.
	Train Data (Processed) Memory Usage: 10.66 MB (0.0% of available memory)
Data preprocessing and feature engineering runtime = 7.0s ...
AutoGluon will gauge predictive performance using evaluation metric: 'accuracy'
	To change this, specify the eval_metric parameter of Predictor()
Automatically generating train/validation split with holdout_frac=0.1, Train Rows: 13045, Val Rows: 1450
User-specified model hyperparameters to be fit:
{
	'GBM': [{'extra_trees': True, 'ag_args': {'name_suffix': 'XT'}}, {}, 'GBMLarge'],
	'CAT': {},
	'XGB': {},
	'RF': [{'criterion': 'gini', 'ag_args': {'name_suffix': 'Gini', 'problem_types': ['binary', 'multiclass']}}, {'criterion': 'entropy', 'ag_args': {'name_suffix': 'Entr', 'problem_types': ['binary', 'multiclass']}}, {'criterion': 'squared_error', 'ag_args': {'name_suffix': 'MSE', 'problem_types': ['regression']}}],
	'XT': [{'criterion': 'gini', 'ag_args': {'name_suffix': 'Gini', 'problem_types': ['binary', 'multiclass']}}, {'criterion': 'entropy', 'ag_args': {'name_suffix': 'Entr', 'problem_types': ['binary', 'multiclass']}}, {'criterion': 'squared_error', 'ag_args': {'name_suffix': 'MSE', 'problem_types': ['regression']}}],
	'KNN': [{'weights': 'uniform', 'ag_args': {'name_suffix': 'Unif'}, 'n_jobs': 4}, {'weights': 'distance', 'ag_args': {'name_suffix': 'Dist'}, 'n_jobs': 4}],
}
Fitting 11 L1 models ...
Fitting model: KNeighborsUnif ...
	0.731	 = Validation score   (accuracy)
	0.79s	 = Training   runtime
	3.28s	 = Validation runtime
Fitting model: KNeighborsDist ...
	0.7317	 = Validation score   (accuracy)
	0.63s	 = Training   runtime
	3.55s	 = Validation runtime
Fitting model: LightGBMXT ...
	0.7814	 = Validation score   (accuracy)
	1184.1s	 = Training   runtime
	1.19s	 = Validation runtime
Fitting model: RandomForestGini ...
	0.8103	 = Validation score   (accuracy)
	1590.48s	 = Training   runtime
	4.04s	 = Validation runtime
Fitting model: RandomForestGini ...
	0.7517	 = Validation score   (accuracy)
	64.2s	 = Training   runtime
	4.97s	 = Validation runtime
Fitting model: RandomForestEntr ...
	0.7876	 = Validation score   (accuracy)
	1142.61s	 = Training   runtime
	4.69s	 = Validation runtime
Fitting model: RandomForestGini ...
	0.7903	 = Validation score   (accuracy)
	101.31s	 = Training   runtime
	5.04s	 = Validation runtime
Fitting model: RandomForestEntr ...
	0.7559	 = Validation score   (accuracy)
	115.18s	 = Training   runtime
	5.24s	 = Validation runtime
Fitting model: CatBoost ...
	0.7724	 = Validation score   (accuracy)
	112.82s	 = Training   runtime
	4.66s	 = Validation runtime
Fitting model: RandomForestEntr ...
	0.7876	 = Validation score   (accuracy)
	114.42s	 = Training   runtime
	5.65s	 = Validation runtime
Fitting model: CatBoost ...
	0.8207	 = Validation score   (accuracy)
	2153.95s	 = Training   runtime
	7.44s	 = Validation runtime
Fitting model: LightGBM ...
	0.8034	 = Validation score   (accuracy)
	1879.39s	 = Training   runtime
	5.95s	 = Validation runtime
Fitting model: LightGBM ...
	0.7641	 = Validation score   (accuracy)
	102.6s	 = Training   runtime
	4.2s	 = Validation runtime
Fitting model: CatBoost ...
	0.829	 = Validation score   (accuracy)
	1855.17s	 = Training   runtime
	2.03s	 = Validation runtime
Fitting model: LightGBM ...
	0.7414	 = Validation score   (accuracy)
	779.01s	 = Training   runtime
	1.38s	 = Validation runtime
Fitting model: RandomForestGini ...
	0.729	 = Validation score   (accuracy)
	71.07s	 = Training   runtime
	4.11s	 = Validation runtime
Fitting model: RandomForestEntr ...
	0.7683	 = Validation score   (accuracy)
	403.65s	 = Training   runtime
	0.55s	 = Validation runtime
Fitting model: ExtraTreesGini ...
	0.72	 = Validation score   (accuracy)
	78.49s	 = Training   runtime
	5.19s	 = Validation runtime
Fitting model: CatBoost ...
	0.7262	 = Validation score   (accuracy)
	64.6s	 = Training   runtime
	3.49s	 = Validation runtime
Fitting model: ExtraTreesEntr ...
	0.8283	 = Validation score   (accuracy)
	1159.89s	 = Training   runtime
	1.38s	 = Validation runtime
Fitting model: RandomForestGini ...
	0.7345	 = Validation score   (accuracy)
	62.13s	 = Training   runtime
	5.62s	 = Validation runtime
Fitting model: XGBoost ...
	0.7807	 = Validation score   (accuracy)
	449.27s	 = Training   runtime
	1.08s	 = Validation runtime
Fitting model: ExtraTreesGini ...
	0.7966	 = Validation score   (accuracy)
	119.02s	 = Training   runtime
	4.53s	 = Validation runtime
Fitting model: RandomForestEntr ...
	0.7441	 = Validation score   (accuracy)
	2683.48s	 = Training   runtime
	9.32s	 = Validation runtime
Fitting model: LightGBM ...
	0.7352	 = Validation score   (accuracy)
	68.95s	 = Training   runtime
	4.62s	 = Validation runtime
Fitting model: ExtraTreesEntr ...
	0.7455	 = Validation score   (accuracy)
	89.26s	 = Training   runtime
	6.15s	 = Validation runtime
Fitting model: XGBoost ...
	0.7938	 = Validation score   (accuracy)
	164.68s	 = Training   runtime
	5.44s	 = Validation runtime
Fitting model: CatBoost ...
	0.8262	 = Validation score   (accuracy)
	1910.49s	 = Training   runtime
	3.07s	 = Validation runtime
Fitting model: LightGBM ...
	0.7717	 = Validation score   (accuracy)
	369.3s	 = Training   runtime
	2.1s	 = Validation runtime
Fitting model: LightGBMLarge ...
	0.8241	 = Validation score   (accuracy)
	808.35s	 = Training   runtime
	2.16s	 = Validation runtime
Fitting model: RandomForestGini ...
	0.8138	 = Validation score   (accuracy)
	969.2s	 = Training   runtime
	1.82s	 = Validation runtime
Fitting model: RandomForestGini ...
	0.7903	 = Validation score   (accuracy)
	94.57s	 = Training   runtime
	5.31s	 = Validation runtime
Fitting model: RandomForestEntr ...
	0.78	 = Validation score   (accuracy)
	386.55s	 = Training   runtime
	3.43s	 = Validation runtime
Fitting model: LightGBMLarge ...
	0.7979	 = Validation score   (accuracy)
	117.27s	 = Training   runtime
	8.72s	 = Validation runtime
Fitting model: RandomForestEntr ...
	0.7903	 = Validation score   (accuracy)
	142.46s	 = Training   runtime
	6.02s	 = Validation runtime
Fitting model: CatBoost ...
	0.8021	 = Validation score   (accuracy)
	1162.44s	 = Training   runtime
	3.74s	 = Validation runtime
Fitting model: RandomForestGini ...
	0.7421	 = Validation score   (accuracy)
	885.1s	 = Training   runtime
	1.93s	 = Validation runtime
Fitting model: ExtraTreesGini ...
	0.7979	 = Validation score   (accuracy)
	142.46s	 = Training   runtime
	6.36s	 = Validation runtime
Fitting model: CatBoost ...
	0.8083	 = Validation score   (accuracy)
	1323.86s	 = Training   runtime
	1.05s	 = Validation runtime
Fitting model: ExtraTreesGini ...
	0.7786	 = Validation score   (accuracy)
	126.96s	 = Training   runtime
	5.19s	 = Validation runtime
Fitting model: RandomForestEntr ...
	0.709	 = Validation score   (accuracy)
	97.35s	 = Training   runtime
	4.69s	 = Validation runtime
Fitting model: ExtraTreesEntr ...
	0.7338	 = Validation score   (accuracy)
	785.25s	 = Training   runtime
	1.51s	 = Validation runtime
Fitting model: RandomForestGini ...
	0.7593	 = Validation score   (accuracy)
	77.32s	 = Training   runtime
	6.44s	 = Validation runtime
Fitting model: ExtraTreesEntr ...
	0.7028	 = Validation score   (accuracy)
	105.94s	 = Training   runtime
	7.88s	 = Validation runtime
Fitting model: XGBoost ...
	0.7759	 = Validation score   (accuracy)
	160.78s	 = Training   runtime
	8.57s	 = Validation runtime
Fitting model: CatBoost ...
	0.7186	 = Validation score   (accuracy)
	141.29s	 = Training   runtime
	8.62s	 = Validation runtime
Fitting model: RandomForestEntr ...
	0.76	 = Validation score   (accuracy)
	94.24s	 = Training   runtime
	4.73s	 = Validation runtime
Fitting model: XGBoost ...
	0.7062	 = Validation score   (accuracy)
	93.37s	 = Training   runtime
	4.61s	 = Validation runtime
Fitting model: CatBoost ...
	0.7193	 = Validation score   (accuracy)
	2482.55s	 = Training   runtime
	0.68s	 = Validation runtime
Fitting model: WeightedEnsemble_L2 ...
	Ensemble Weights: {'LightGBMLarge': 0.417, 'LightGBMXT': 0.25, 'RandomForestGini': 0.25, 'CatBoost': 0.083}
	0.7317	 = Validation score   (accuracy)
	23.34s	 = Training   runtime
	0.13s	 = Validation runtime
AutoGluon training complete, total runtime = 6393.38s ... Best model: "WeightedEnsemble_L2"
TabularPredictor saved. To load, use: predictor = TabularPredictor.load("AutogluonModels/ag-20250416_034029-006/Predictor_S4 (SBS4 - 0.98)")
Presets specified: ['medium_quality']
Beginning AutoGluon training ...
AutoGluon will save models to "AutogluonModels/ag-20250416_034029-006/Predictor_S5 (SBS5 - 0.98)"
=================== System Info ===================
AutoGluon Version:  1.1.0
Python Version:     3.10.15
Operating System:   Linux
Platform Machine:   x86_64
Platform Version:   #1 SMP PREEMPT_DYNAMIC Thu Apr 3 12:12:16 UTC 2025
CPU Count:          272
Memory Avail:       189.78 GB / 203.90 GB (93.1%)
Disk Space Avail:   1342.08 GB / 5120.00 GB (26.2%)
===================================================
Train Data Rows:    14495
Train Data Columns: 100
Label Column:       S5 (SBS5 - 0.98)
AutoGluon infers your prediction problem is: 'binary' (because only two unique label-values observed).
	2 unique label values:  [True, False]
	If 'binary' is not the correct problem_type, please manually specify the problem_type parameter during predictor init (You may specify problem_type as one of: ['binary', 'multiclass', 'regression'])
Problem Type:       binary
Preprocessing data ...
Selected class <--> label mapping:  class 1 = True, class 0 = False
Using Feature Generators to preprocess the data ...
Fitting AutoMLPipelineFeatureGenerator...
	Available Memory:                    194347.84 MB
	Train Data (Original)  Memory Usage: 10.67 MB (0.0% of available memory)
	Inferring data type of each feature based on column values. Set feature_metadata_in to manually specify special dtypes of the features.
	0.82	 = Validation score   (accuracy)
	981.64s	 = Training   runtime
	0.52s	 = Validation runtime
Fitting model: ExtraTreesGini ...
	Stage 1 Generators:
		Fitting AsTypeFeatureGenerator...
			Note: Converting 4 features to boolean dtype as they only contain 2 unique values.
	Stage 2 Generators:
		Fitting FillNaFeatureGenerator...
	Stage 3 Generators:
		Fitting IdentityFeatureGenerator...
	Stage 4 Generators:
		Fitting DropUniqueFeatureGenerator...
	Stage 5 Generators:
		Fitting DropDuplicatesFeatureGenerator...
	Types of features in original data (raw dtype, special dtypes):
		('bool', []) :  4 | ['S1 (SBS1 - 0.99)', 'S2 (SBS2 - 0.99)', 'S3 (SBS3 - 0.97)', 'S4 (SBS4 - 0.98)']
		('int', [])  : 96 | ['A[C>A]A', 'A[C>A]C', 'A[C>A]G', 'A[C>A]T', 'A[C>G]A', ...]
	Types of features in processed data (raw dtype, special dtypes):
		('int', [])       : 96 | ['A[C>A]A', 'A[C>A]C', 'A[C>A]G', 'A[C>A]T', 'A[C>G]A', ...]
		('int', ['bool']) :  4 | ['S1 (SBS1 - 0.99)', 'S2 (SBS2 - 0.99)', 'S3 (SBS3 - 0.97)', 'S4 (SBS4 - 0.98)']
	35.4s = Fit runtime
	100 features in original data used to generate 100 features in processed data.
	Train Data (Processed) Memory Usage: 10.67 MB (0.0% of available memory)
Data preprocessing and feature engineering runtime = 39.56s ...
AutoGluon will gauge predictive performance using evaluation metric: 'accuracy'
	To change this, specify the eval_metric parameter of Predictor()
Automatically generating train/validation split with holdout_frac=0.1, Train Rows: 13045, Val Rows: 1450
User-specified model hyperparameters to be fit:
{
	'GBM': [{'extra_trees': True, 'ag_args': {'name_suffix': 'XT'}}, {}, 'GBMLarge'],
	'CAT': {},
	'XGB': {},
	'RF': [{'criterion': 'gini', 'ag_args': {'name_suffix': 'Gini', 'problem_types': ['binary', 'multiclass']}}, {'criterion': 'entropy', 'ag_args': {'name_suffix': 'Entr', 'problem_types': ['binary', 'multiclass']}}, {'criterion': 'squared_error', 'ag_args': {'name_suffix': 'MSE', 'problem_types': ['regression']}}],
	'XT': [{'criterion': 'gini', 'ag_args': {'name_suffix': 'Gini', 'problem_types': ['binary', 'multiclass']}}, {'criterion': 'entropy', 'ag_args': {'name_suffix': 'Entr', 'problem_types': ['binary', 'multiclass']}}, {'criterion': 'squared_error', 'ag_args': {'name_suffix': 'MSE', 'problem_types': ['regression']}}],
	'KNN': [{'weights': 'uniform', 'ag_args': {'name_suffix': 'Unif'}, 'n_jobs': 4}, {'weights': 'distance', 'ag_args': {'name_suffix': 'Dist'}, 'n_jobs': 4}],
}
	0.7269	 = Validation score   (accuracy)
	261.61s	 = Training   runtime
	1.48s	 = Validation runtime
Fitting 11 L1 models ...
Fitting model: KNeighborsUnif ...
Fitting model: LightGBMLarge ...
	0.851	 = Validation score   (accuracy)
	4.59s	 = Training   runtime
	7.61s	 = Validation runtime
Fitting model: KNeighborsDist ...
	0.851	 = Validation score   (accuracy)
	4.3s	 = Training   runtime
	11.78s	 = Validation runtime
Fitting model: LightGBMXT ...
	0.8221	 = Validation score   (accuracy)
	2266.21s	 = Training   runtime
	4.2s	 = Validation runtime
Fitting model: LightGBM ...
	0.7669	 = Validation score   (accuracy)
	63.93s	 = Training   runtime
	3.9s	 = Validation runtime
Fitting model: ExtraTreesEntr ...
	0.7793	 = Validation score   (accuracy)
	63.3s	 = Training   runtime
	4.27s	 = Validation runtime
Fitting model: XGBoost ...
	0.8331	 = Validation score   (accuracy)
	1150.29s	 = Training   runtime
	3.66s	 = Validation runtime
Fitting model: RandomForestGini ...
	0.8048	 = Validation score   (accuracy)
	384.59s	 = Training   runtime
	3.89s	 = Validation runtime
Fitting model: LightGBMLarge ...
	0.7938	 = Validation score   (accuracy)
	98.71s	 = Training   runtime
	5.54s	 = Validation runtime
Fitting model: RandomForestEntr ...
	0.7972	 = Validation score   (accuracy)
	118.67s	 = Training   runtime
	5.74s	 = Validation runtime
Fitting model: CatBoost ...
	0.7414	 = Validation score   (accuracy)
	512.87s	 = Training   runtime
	0.94s	 = Validation runtime
Fitting model: ExtraTreesGini ...
	0.6938	 = Validation score   (accuracy)
	71.13s	 = Training   runtime
	3.86s	 = Validation runtime
Fitting model: ExtraTreesEntr ...
	0.6966	 = Validation score   (accuracy)
	69.22s	 = Training   runtime
	6.23s	 = Validation runtime
Fitting model: XGBoost ...
	0.7966	 = Validation score   (accuracy)
	843.13s	 = Training   runtime
	0.73s	 = Validation runtime
Fitting model: ExtraTreesGini ...
	0.749	 = Validation score   (accuracy)
	64.57s	 = Training   runtime
	5.29s	 = Validation runtime
Fitting model: ExtraTreesEntr ...
	0.7124	 = Validation score   (accuracy)
	3413.06s	 = Training   runtime
	3.55s	 = Validation runtime
Fitting model: WeightedEnsemble_L2 ...
	0.7428	 = Validation score   (accuracy)
	64.91s	 = Training   runtime
	6.27s	 = Validation runtime
Fitting model: XGBoost ...
	Ensemble Weights: {'LightGBMLarge': 0.917, 'RandomForestEntr': 0.083}
	0.7131	 = Validation score   (accuracy)
	34.89s	 = Training   runtime
	0.05s	 = Validation runtime
AutoGluon training complete, total runtime = 6897.63s ... Best model: "WeightedEnsemble_L2"
TabularPredictor saved. To load, use: predictor = TabularPredictor.load("AutogluonModels/ag-20250416_034029-005/Predictor_S4 (SBS4 - 0.98)")
Presets specified: ['medium_quality']
Beginning AutoGluon training ...
AutoGluon will save models to "AutogluonModels/ag-20250416_034029-005/Predictor_S5 (SBS5 - 0.98)"
=================== System Info ===================
AutoGluon Version:  1.1.0
Python Version:     3.10.15
Operating System:   Linux
Platform Machine:   x86_64
Platform Version:   #1 SMP PREEMPT_DYNAMIC Thu Apr 3 12:12:16 UTC 2025
CPU Count:          272
Memory Avail:       189.73 GB / 203.90 GB (93.1%)
Disk Space Avail:   1341.18 GB / 5120.00 GB (26.2%)
===================================================
Train Data Rows:    14495
Train Data Columns: 100
Label Column:       S5 (SBS5 - 0.98)
AutoGluon infers your prediction problem is: 'binary' (because only two unique label-values observed).
	2 unique label values:  [True, False]
	If 'binary' is not the correct problem_type, please manually specify the problem_type parameter during predictor init (You may specify problem_type as one of: ['binary', 'multiclass', 'regression'])
Problem Type:       binary
Preprocessing data ...
Selected class <--> label mapping:  class 1 = True, class 0 = False
Using Feature Generators to preprocess the data ...
Fitting AutoMLPipelineFeatureGenerator...
	Available Memory:                    194307.84 MB
	Train Data (Original)  Memory Usage: 10.67 MB (0.0% of available memory)
	Inferring data type of each feature based on column values. Set feature_metadata_in to manually specify special dtypes of the features.
	Stage 1 Generators:
		Fitting AsTypeFeatureGenerator...
			Note: Converting 4 features to boolean dtype as they only contain 2 unique values.
	Stage 2 Generators:
		Fitting FillNaFeatureGenerator...
	Stage 3 Generators:
		Fitting IdentityFeatureGenerator...
	Stage 4 Generators:
		Fitting DropUniqueFeatureGenerator...
	Stage 5 Generators:
		Fitting DropDuplicatesFeatureGenerator...
	0.8193	 = Validation score   (accuracy)
	698.77s	 = Training   runtime
	2.77s	 = Validation runtime
Fitting model: LightGBMLarge ...
	0.8269	 = Validation score   (accuracy)
	1369.91s	 = Training   runtime
	0.94s	 = Validation runtime
Fitting model: ExtraTreesGini ...
	Types of features in original data (raw dtype, special dtypes):
		('bool', []) :  4 | ['S1 (SBS1 - 0.99)', 'S2 (SBS2 - 0.99)', 'S3 (SBS3 - 0.97)', 'S4 (SBS4 - 0.98)']
		('int', [])  : 96 | ['A[C>A]A', 'A[C>A]C', 'A[C>A]G', 'A[C>A]T', 'A[C>G]A', ...]
	Types of features in processed data (raw dtype, special dtypes):
		('int', [])       : 96 | ['A[C>A]A', 'A[C>A]C', 'A[C>A]G', 'A[C>A]T', 'A[C>G]A', ...]
		('int', ['bool']) :  4 | ['S1 (SBS1 - 0.99)', 'S2 (SBS2 - 0.99)', 'S3 (SBS3 - 0.97)', 'S4 (SBS4 - 0.98)']
	30.4s = Fit runtime
	100 features in original data used to generate 100 features in processed data.
	Train Data (Processed) Memory Usage: 10.67 MB (0.0% of available memory)
Data preprocessing and feature engineering runtime = 33.84s ...
AutoGluon will gauge predictive performance using evaluation metric: 'accuracy'
	To change this, specify the eval_metric parameter of Predictor()
Automatically generating train/validation split with holdout_frac=0.1, Train Rows: 13045, Val Rows: 1450
User-specified model hyperparameters to be fit:
{
	'GBM': [{'extra_trees': True, 'ag_args': {'name_suffix': 'XT'}}, {}, 'GBMLarge'],
	'CAT': {},
	'XGB': {},
	'RF': [{'criterion': 'gini', 'ag_args': {'name_suffix': 'Gini', 'problem_types': ['binary', 'multiclass']}}, {'criterion': 'entropy', 'ag_args': {'name_suffix': 'Entr', 'problem_types': ['binary', 'multiclass']}}, {'criterion': 'squared_error', 'ag_args': {'name_suffix': 'MSE', 'problem_types': ['regression']}}],
	'XT': [{'criterion': 'gini', 'ag_args': {'name_suffix': 'Gini', 'problem_types': ['binary', 'multiclass']}}, {'criterion': 'entropy', 'ag_args': {'name_suffix': 'Entr', 'problem_types': ['binary', 'multiclass']}}, {'criterion': 'squared_error', 'ag_args': {'name_suffix': 'MSE', 'problem_types': ['regression']}}],
	'KNN': [{'weights': 'uniform', 'ag_args': {'name_suffix': 'Unif'}, 'n_jobs': 4}, {'weights': 'distance', 'ag_args': {'name_suffix': 'Dist'}, 'n_jobs': 4}],
}
Fitting 11 L1 models ...
Fitting model: KNeighborsUnif ...
	0.8372	 = Validation score   (accuracy)
	2.44s	 = Training   runtime
	5.36s	 = Validation runtime
Fitting model: KNeighborsDist ...
	0.8372	 = Validation score   (accuracy)
	3.27s	 = Training   runtime
	11.98s	 = Validation runtime
Fitting model: LightGBMXT ...
	0.7752	 = Validation score   (accuracy)
	55.21s	 = Training   runtime
	4.26s	 = Validation runtime
Fitting model: ExtraTreesEntr ...
	0.8166	 = Validation score   (accuracy)
	1413.06s	 = Training   runtime
	0.45s	 = Validation runtime
Fitting model: ExtraTreesGini ...
	0.7779	 = Validation score   (accuracy)
	61.78s	 = Training   runtime
	4.38s	 = Validation runtime
Fitting model: XGBoost ...
	0.7193	 = Validation score   (accuracy)
	396.66s	 = Training   runtime
	1.63s	 = Validation runtime
Fitting model: LightGBMLarge ...
	0.7683	 = Validation score   (accuracy)
	56.59s	 = Training   runtime
	3.94s	 = Validation runtime
Fitting model: ExtraTreesEntr ...
	0.7641	 = Validation score   (accuracy)
	51.33s	 = Training   runtime
	3.54s	 = Validation runtime
Fitting model: XGBoost ...
	0.7952	 = Validation score   (accuracy)
	459.09s	 = Training   runtime
	1.22s	 = Validation runtime
Fitting model: LightGBMLarge ...
	0.8103	 = Validation score   (accuracy)
	259.71s	 = Training   runtime
	0.83s	 = Validation runtime
Fitting model: LightGBMLarge ...
	0.8276	 = Validation score   (accuracy)
	682.8s	 = Training   runtime
	1.62s	 = Validation runtime
Fitting model: LightGBMLarge ...
	0.7641	 = Validation score   (accuracy)
	4533.77s	 = Training   runtime
	1.76s	 = Validation runtime
Fitting model: WeightedEnsemble_L2 ...
	Ensemble Weights: {'CatBoost': 0.929, 'LightGBM': 0.071}
	0.7703	 = Validation score   (accuracy)
	10.57s	 = Training   runtime
	0.03s	 = Validation runtime
AutoGluon training complete, total runtime = 10075.97s ... Best model: "WeightedEnsemble_L2"
TabularPredictor saved. To load, use: predictor = TabularPredictor.load("AutogluonModels/ag-20250416_034029/Predictor_S4 (SBS4 - 0.98)")
Presets specified: ['medium_quality']
Beginning AutoGluon training ...
AutoGluon will save models to "AutogluonModels/ag-20250416_034029/Predictor_S5 (SBS5 - 0.98)"
=================== System Info ===================
AutoGluon Version:  1.1.0
Python Version:     3.10.15
Operating System:   Linux
Platform Machine:   x86_64
Platform Version:   #1 SMP PREEMPT_DYNAMIC Thu Apr 3 12:12:16 UTC 2025
CPU Count:          272
Memory Avail:       189.74 GB / 203.90 GB (93.1%)
Disk Space Avail:   1340.67 GB / 5120.00 GB (26.2%)
===================================================
Train Data Rows:    14495
Train Data Columns: 100
Label Column:       S5 (SBS5 - 0.98)
AutoGluon infers your prediction problem is: 'binary' (because only two unique label-values observed).
	2 unique label values:  [True, False]
	If 'binary' is not the correct problem_type, please manually specify the problem_type parameter during predictor init (You may specify problem_type as one of: ['binary', 'multiclass', 'regression'])
Problem Type:       binary
Preprocessing data ...
Selected class <--> label mapping:  class 1 = True, class 0 = False
Using Feature Generators to preprocess the data ...
Fitting AutoMLPipelineFeatureGenerator...
	Available Memory:                    194301.23 MB
	Train Data (Original)  Memory Usage: 10.67 MB (0.0% of available memory)
	Inferring data type of each feature based on column values. Set feature_metadata_in to manually specify special dtypes of the features.
	Stage 1 Generators:
		Fitting AsTypeFeatureGenerator...
			Note: Converting 4 features to boolean dtype as they only contain 2 unique values.
	Stage 2 Generators:
		Fitting FillNaFeatureGenerator...
	Stage 3 Generators:
		Fitting IdentityFeatureGenerator...
	Stage 4 Generators:
		Fitting DropUniqueFeatureGenerator...
	Stage 5 Generators:
		Fitting DropDuplicatesFeatureGenerator...
	Types of features in original data (raw dtype, special dtypes):
		('bool', []) :  4 | ['S1 (SBS1 - 0.99)', 'S2 (SBS2 - 0.99)', 'S3 (SBS3 - 0.97)', 'S4 (SBS4 - 0.98)']
		('int', [])  : 96 | ['A[C>A]A', 'A[C>A]C', 'A[C>A]G', 'A[C>A]T', 'A[C>G]A', ...]
	Types of features in processed data (raw dtype, special dtypes):
		('int', [])       : 96 | ['A[C>A]A', 'A[C>A]C', 'A[C>A]G', 'A[C>A]T', 'A[C>G]A', ...]
		('int', ['bool']) :  4 | ['S1 (SBS1 - 0.99)', 'S2 (SBS2 - 0.99)', 'S3 (SBS3 - 0.97)', 'S4 (SBS4 - 0.98)']
	8.0s = Fit runtime
	100 features in original data used to generate 100 features in processed data.
	Train Data (Processed) Memory Usage: 10.67 MB (0.0% of available memory)
Data preprocessing and feature engineering runtime = 8.95s ...
AutoGluon will gauge predictive performance using evaluation metric: 'accuracy'
	To change this, specify the eval_metric parameter of Predictor()
Automatically generating train/validation split with holdout_frac=0.1, Train Rows: 13045, Val Rows: 1450
User-specified model hyperparameters to be fit:
{
	'GBM': [{'extra_trees': True, 'ag_args': {'name_suffix': 'XT'}}, {}, 'GBMLarge'],
	'CAT': {},
	'XGB': {},
	'RF': [{'criterion': 'gini', 'ag_args': {'name_suffix': 'Gini', 'problem_types': ['binary', 'multiclass']}}, {'criterion': 'entropy', 'ag_args': {'name_suffix': 'Entr', 'problem_types': ['binary', 'multiclass']}}, {'criterion': 'squared_error', 'ag_args': {'name_suffix': 'MSE', 'problem_types': ['regression']}}],
	'XT': [{'criterion': 'gini', 'ag_args': {'name_suffix': 'Gini', 'problem_types': ['binary', 'multiclass']}}, {'criterion': 'entropy', 'ag_args': {'name_suffix': 'Entr', 'problem_types': ['binary', 'multiclass']}}, {'criterion': 'squared_error', 'ag_args': {'name_suffix': 'MSE', 'problem_types': ['regression']}}],
	'KNN': [{'weights': 'uniform', 'ag_args': {'name_suffix': 'Unif'}, 'n_jobs': 4}, {'weights': 'distance', 'ag_args': {'name_suffix': 'Dist'}, 'n_jobs': 4}],
}
Fitting 11 L1 models ...
Fitting model: KNeighborsUnif ...
	0.8607	 = Validation score   (accuracy)
	1.71s	 = Training   runtime
	4.76s	 = Validation runtime
Fitting model: KNeighborsDist ...
	0.8607	 = Validation score   (accuracy)
	0.89s	 = Training   runtime
	3.54s	 = Validation runtime
Fitting model: LightGBMXT ...
	0.8297	 = Validation score   (accuracy)
	1775.65s	 = Training   runtime
	2.04s	 = Validation runtime
Fitting model: RandomForestGini ...
	0.7759	 = Validation score   (accuracy)
	2493.92s	 = Training   runtime
	1.07s	 = Validation runtime
Fitting model: WeightedEnsemble_L2 ...
	Ensemble Weights: {'LightGBMXT': 0.818, 'KNeighborsUnif': 0.091, 'LightGBM': 0.091}
	0.7972	 = Validation score   (accuracy)
	33.09s	 = Training   runtime
	0.11s	 = Validation runtime
AutoGluon training complete, total runtime = 7079.51s ... Best model: "WeightedEnsemble_L2"
TabularPredictor saved. To load, use: predictor = TabularPredictor.load("AutogluonModels/ag-20250416_034029-003/Predictor_S4 (SBS4 - 0.98)")
Presets specified: ['medium_quality']
Beginning AutoGluon training ...
AutoGluon will save models to "AutogluonModels/ag-20250416_034029-003/Predictor_S5 (SBS5 - 0.98)"
=================== System Info ===================
AutoGluon Version:  1.1.0
Python Version:     3.10.15
Operating System:   Linux
Platform Machine:   x86_64
Platform Version:   #1 SMP PREEMPT_DYNAMIC Thu Apr 3 12:12:16 UTC 2025
CPU Count:          272
Memory Avail:       189.71 GB / 203.90 GB (93.0%)
Disk Space Avail:   1340.64 GB / 5120.00 GB (26.2%)
===================================================
Train Data Rows:    14495
Train Data Columns: 100
Label Column:       S5 (SBS5 - 0.98)
AutoGluon infers your prediction problem is: 'binary' (because only two unique label-values observed).
	2 unique label values:  [True, False]
	If 'binary' is not the correct problem_type, please manually specify the problem_type parameter during predictor init (You may specify problem_type as one of: ['binary', 'multiclass', 'regression'])
Problem Type:       binary
Preprocessing data ...
Selected class <--> label mapping:  class 1 = True, class 0 = False
Using Feature Generators to preprocess the data ...
Fitting AutoMLPipelineFeatureGenerator...
	Available Memory:                    194273.49 MB
	Train Data (Original)  Memory Usage: 10.67 MB (0.0% of available memory)
	Inferring data type of each feature based on column values. Set feature_metadata_in to manually specify special dtypes of the features.
	Stage 1 Generators:
		Fitting AsTypeFeatureGenerator...
			Note: Converting 4 features to boolean dtype as they only contain 2 unique values.
	Stage 2 Generators:
		Fitting FillNaFeatureGenerator...
	Stage 3 Generators:
		Fitting IdentityFeatureGenerator...
	Stage 4 Generators:
		Fitting DropUniqueFeatureGenerator...
	Stage 5 Generators:
		Fitting DropDuplicatesFeatureGenerator...
	Types of features in original data (raw dtype, special dtypes):
		('bool', []) :  4 | ['S1 (SBS1 - 0.99)', 'S2 (SBS2 - 0.99)', 'S3 (SBS3 - 0.97)', 'S4 (SBS4 - 0.98)']
		('int', [])  : 96 | ['A[C>A]A', 'A[C>A]C', 'A[C>A]G', 'A[C>A]T', 'A[C>G]A', ...]
	Types of features in processed data (raw dtype, special dtypes):
		('int', [])       : 96 | ['A[C>A]A', 'A[C>A]C', 'A[C>A]G', 'A[C>A]T', 'A[C>G]A', ...]
		('int', ['bool']) :  4 | ['S1 (SBS1 - 0.99)', 'S2 (SBS2 - 0.99)', 'S3 (SBS3 - 0.97)', 'S4 (SBS4 - 0.98)']
	18.0s = Fit runtime
	100 features in original data used to generate 100 features in processed data.
	Train Data (Processed) Memory Usage: 10.67 MB (0.0% of available memory)
Data preprocessing and feature engineering runtime = 20.16s ...
AutoGluon will gauge predictive performance using evaluation metric: 'accuracy'
	To change this, specify the eval_metric parameter of Predictor()
Automatically generating train/validation split with holdout_frac=0.1, Train Rows: 13045, Val Rows: 1450
User-specified model hyperparameters to be fit:
{
	'GBM': [{'extra_trees': True, 'ag_args': {'name_suffix': 'XT'}}, {}, 'GBMLarge'],
	'CAT': {},
	'XGB': {},
	'RF': [{'criterion': 'gini', 'ag_args': {'name_suffix': 'Gini', 'problem_types': ['binary', 'multiclass']}}, {'criterion': 'entropy', 'ag_args': {'name_suffix': 'Entr', 'problem_types': ['binary', 'multiclass']}}, {'criterion': 'squared_error', 'ag_args': {'name_suffix': 'MSE', 'problem_types': ['regression']}}],
	'XT': [{'criterion': 'gini', 'ag_args': {'name_suffix': 'Gini', 'problem_types': ['binary', 'multiclass']}}, {'criterion': 'entropy', 'ag_args': {'name_suffix': 'Entr', 'problem_types': ['binary', 'multiclass']}}, {'criterion': 'squared_error', 'ag_args': {'name_suffix': 'MSE', 'problem_types': ['regression']}}],
	'KNN': [{'weights': 'uniform', 'ag_args': {'name_suffix': 'Unif'}, 'n_jobs': 4}, {'weights': 'distance', 'ag_args': {'name_suffix': 'Dist'}, 'n_jobs': 4}],
}
	0.791	 = Validation score   (accuracy)
	81.14s	 = Training   runtime
	4.97s	 = Validation runtime
Fitting model: RandomForestEntr ...
Fitting 11 L1 models ...
Fitting model: KNeighborsUnif ...
	0.8745	 = Validation score   (accuracy)
	2.09s	 = Training   runtime
	4.75s	 = Validation runtime
Fitting model: KNeighborsDist ...
	0.8752	 = Validation score   (accuracy)
	1.95s	 = Training   runtime
	4.18s	 = Validation runtime
Fitting model: LightGBMXT ...
	0.7931	 = Validation score   (accuracy)
	87.83s	 = Training   runtime
	4.43s	 = Validation runtime
Fitting model: CatBoost ...
	0.831	 = Validation score   (accuracy)
	1884.62s	 = Training   runtime
	0.56s	 = Validation runtime
Fitting model: ExtraTreesGini ...
	0.7821	 = Validation score   (accuracy)
	47.72s	 = Training   runtime
	4.07s	 = Validation runtime
Fitting model: ExtraTreesEntr ...
	0.8628	 = Validation score   (accuracy)
	1484.96s	 = Training   runtime
	3.4s	 = Validation runtime
Fitting model: LightGBM ...
	0.7786	 = Validation score   (accuracy)
	51.37s	 = Training   runtime
	3.41s	 = Validation runtime
Fitting model: XGBoost ...
	0.8766	 = Validation score   (accuracy)
	2526.26s	 = Training   runtime
	3.31s	 = Validation runtime
Fitting model: LightGBM ...
	0.8131	 = Validation score   (accuracy)
	571.88s	 = Training   runtime
	0.26s	 = Validation runtime
Fitting model: ExtraTreesGini ...
	0.771	 = Validation score   (accuracy)
	36.43s	 = Training   runtime
	1.89s	 = Validation runtime
Fitting model: ExtraTreesEntr ...
	0.7793	 = Validation score   (accuracy)
	42.14s	 = Training   runtime
	2.58s	 = Validation runtime
Fitting model: XGBoost ...
	0.8207	 = Validation score   (accuracy)
	5452.91s	 = Training   runtime
	2.28s	 = Validation runtime
Fitting model: WeightedEnsemble_L2 ...
	Ensemble Weights: {'LightGBMXT': 0.727, 'KNeighborsDist': 0.091, 'CatBoost': 0.091, 'LightGBMLarge': 0.091}
	0.8297	 = Validation score   (accuracy)
	6.32s	 = Training   runtime
	0.03s	 = Validation runtime
AutoGluon training complete, total runtime = 10966.62s ... Best model: "WeightedEnsemble_L2"
TabularPredictor saved. To load, use: predictor = TabularPredictor.load("AutogluonModels/ag-20250416_034029-012/Predictor_S4 (SBS4 - 0.98)")
Presets specified: ['medium_quality']
Beginning AutoGluon training ...
AutoGluon will save models to "AutogluonModels/ag-20250416_034029-012/Predictor_S5 (SBS5 - 0.98)"
=================== System Info ===================
AutoGluon Version:  1.1.0
Python Version:     3.10.15
Operating System:   Linux
Platform Machine:   x86_64
Platform Version:   #1 SMP PREEMPT_DYNAMIC Thu Apr 3 12:12:16 UTC 2025
CPU Count:          272
Memory Avail:       189.58 GB / 203.90 GB (93.0%)
Disk Space Avail:   1340.01 GB / 5120.00 GB (26.2%)
===================================================
Train Data Rows:    14495
Train Data Columns: 100
Label Column:       S5 (SBS5 - 0.98)
AutoGluon infers your prediction problem is: 'binary' (because only two unique label-values observed).
	2 unique label values:  [True, False]
	If 'binary' is not the correct problem_type, please manually specify the problem_type parameter during predictor init (You may specify problem_type as one of: ['binary', 'multiclass', 'regression'])
Problem Type:       binary
Preprocessing data ...
Selected class <--> label mapping:  class 1 = True, class 0 = False
Using Feature Generators to preprocess the data ...
Fitting AutoMLPipelineFeatureGenerator...
	Available Memory:                    194194.51 MB
	Train Data (Original)  Memory Usage: 10.67 MB (0.0% of available memory)
	Inferring data type of each feature based on column values. Set feature_metadata_in to manually specify special dtypes of the features.
	Stage 1 Generators:
		Fitting AsTypeFeatureGenerator...
			Note: Converting 4 features to boolean dtype as they only contain 2 unique values.
	Stage 2 Generators:
		Fitting FillNaFeatureGenerator...
	Stage 3 Generators:
		Fitting IdentityFeatureGenerator...
	Stage 4 Generators:
		Fitting DropUniqueFeatureGenerator...
	Stage 5 Generators:
		Fitting DropDuplicatesFeatureGenerator...
	Types of features in original data (raw dtype, special dtypes):
		('bool', []) :  4 | ['S1 (SBS1 - 0.99)', 'S2 (SBS2 - 0.99)', 'S3 (SBS3 - 0.97)', 'S4 (SBS4 - 0.98)']
		('int', [])  : 96 | ['A[C>A]A', 'A[C>A]C', 'A[C>A]G', 'A[C>A]T', 'A[C>G]A', ...]
	Types of features in processed data (raw dtype, special dtypes):
		('int', [])       : 96 | ['A[C>A]A', 'A[C>A]C', 'A[C>A]G', 'A[C>A]T', 'A[C>G]A', ...]
		('int', ['bool']) :  4 | ['S1 (SBS1 - 0.99)', 'S2 (SBS2 - 0.99)', 'S3 (SBS3 - 0.97)', 'S4 (SBS4 - 0.98)']
	5.1s = Fit runtime
	100 features in original data used to generate 100 features in processed data.
	Train Data (Processed) Memory Usage: 10.67 MB (0.0% of available memory)
Data preprocessing and feature engineering runtime = 5.66s ...
AutoGluon will gauge predictive performance using evaluation metric: 'accuracy'
	To change this, specify the eval_metric parameter of Predictor()
Automatically generating train/validation split with holdout_frac=0.1, Train Rows: 13045, Val Rows: 1450
User-specified model hyperparameters to be fit:
{
	'GBM': [{'extra_trees': True, 'ag_args': {'name_suffix': 'XT'}}, {}, 'GBMLarge'],
	'CAT': {},
	'XGB': {},
	'RF': [{'criterion': 'gini', 'ag_args': {'name_suffix': 'Gini', 'problem_types': ['binary', 'multiclass']}}, {'criterion': 'entropy', 'ag_args': {'name_suffix': 'Entr', 'problem_types': ['binary', 'multiclass']}}, {'criterion': 'squared_error', 'ag_args': {'name_suffix': 'MSE', 'problem_types': ['regression']}}],
	'XT': [{'criterion': 'gini', 'ag_args': {'name_suffix': 'Gini', 'problem_types': ['binary', 'multiclass']}}, {'criterion': 'entropy', 'ag_args': {'name_suffix': 'Entr', 'problem_types': ['binary', 'multiclass']}}, {'criterion': 'squared_error', 'ag_args': {'name_suffix': 'MSE', 'problem_types': ['regression']}}],
	'KNN': [{'weights': 'uniform', 'ag_args': {'name_suffix': 'Unif'}, 'n_jobs': 4}, {'weights': 'distance', 'ag_args': {'name_suffix': 'Dist'}, 'n_jobs': 4}],
}
Fitting 11 L1 models ...
Fitting model: KNeighborsUnif ...
	0.8779	 = Validation score   (accuracy)
	0.75s	 = Training   runtime
	3.59s	 = Validation runtime
Fitting model: KNeighborsDist ...
	0.88	 = Validation score   (accuracy)
	0.73s	 = Training   runtime
	3.25s	 = Validation runtime
Fitting model: LightGBMXT ...
	0.7731	 = Validation score   (accuracy)
	3791.39s	 = Training   runtime
	1.56s	 = Validation runtime
Fitting model: WeightedEnsemble_L2 ...
	Ensemble Weights: {'LightGBM': 0.857, 'LightGBMXT': 0.071, 'LightGBMLarge': 0.071}
	0.7828	 = Validation score   (accuracy)
	6.66s	 = Training   runtime
	0.02s	 = Validation runtime
AutoGluon training complete, total runtime = 7565.83s ... Best model: "WeightedEnsemble_L2"
TabularPredictor saved. To load, use: predictor = TabularPredictor.load("AutogluonModels/ag-20250416_034029-004/Predictor_S4 (SBS4 - 0.98)")
Presets specified: ['medium_quality']
Beginning AutoGluon training ...
AutoGluon will save models to "AutogluonModels/ag-20250416_034029-004/Predictor_S5 (SBS5 - 0.98)"
=================== System Info ===================
AutoGluon Version:  1.1.0
Python Version:     3.10.15
Operating System:   Linux
Platform Machine:   x86_64
Platform Version:   #1 SMP PREEMPT_DYNAMIC Thu Apr 3 12:12:16 UTC 2025
CPU Count:          272
Memory Avail:       189.60 GB / 203.90 GB (93.0%)
Disk Space Avail:   1339.99 GB / 5120.00 GB (26.2%)
===================================================
Train Data Rows:    14495
Train Data Columns: 100
Label Column:       S5 (SBS5 - 0.98)
AutoGluon infers your prediction problem is: 'binary' (because only two unique label-values observed).
	2 unique label values:  [True, False]
	If 'binary' is not the correct problem_type, please manually specify the problem_type parameter during predictor init (You may specify problem_type as one of: ['binary', 'multiclass', 'regression'])
Problem Type:       binary
Preprocessing data ...
Selected class <--> label mapping:  class 1 = True, class 0 = False
Using Feature Generators to preprocess the data ...
Fitting AutoMLPipelineFeatureGenerator...
	Available Memory:                    194164.96 MB
	Train Data (Original)  Memory Usage: 10.67 MB (0.0% of available memory)
	Inferring data type of each feature based on column values. Set feature_metadata_in to manually specify special dtypes of the features.
	Stage 1 Generators:
		Fitting AsTypeFeatureGenerator...
			Note: Converting 4 features to boolean dtype as they only contain 2 unique values.
	Stage 2 Generators:
		Fitting FillNaFeatureGenerator...
	Stage 3 Generators:
		Fitting IdentityFeatureGenerator...
	Stage 4 Generators:
		Fitting DropUniqueFeatureGenerator...
	Stage 5 Generators:
		Fitting DropDuplicatesFeatureGenerator...
	Types of features in original data (raw dtype, special dtypes):
		('bool', []) :  4 | ['S1 (SBS1 - 0.99)', 'S2 (SBS2 - 0.99)', 'S3 (SBS3 - 0.97)', 'S4 (SBS4 - 0.98)']
		('int', [])  : 96 | ['A[C>A]A', 'A[C>A]C', 'A[C>A]G', 'A[C>A]T', 'A[C>G]A', ...]
	Types of features in processed data (raw dtype, special dtypes):
		('int', [])       : 96 | ['A[C>A]A', 'A[C>A]C', 'A[C>A]G', 'A[C>A]T', 'A[C>G]A', ...]
		('int', ['bool']) :  4 | ['S1 (SBS1 - 0.99)', 'S2 (SBS2 - 0.99)', 'S3 (SBS3 - 0.97)', 'S4 (SBS4 - 0.98)']
	4.1s = Fit runtime
	100 features in original data used to generate 100 features in processed data.
	Train Data (Processed) Memory Usage: 10.67 MB (0.0% of available memory)
Data preprocessing and feature engineering runtime = 4.56s ...
AutoGluon will gauge predictive performance using evaluation metric: 'accuracy'
	To change this, specify the eval_metric parameter of Predictor()
Automatically generating train/validation split with holdout_frac=0.1, Train Rows: 13045, Val Rows: 1450
User-specified model hyperparameters to be fit:
{
	'GBM': [{'extra_trees': True, 'ag_args': {'name_suffix': 'XT'}}, {}, 'GBMLarge'],
	'CAT': {},
	'XGB': {},
	'RF': [{'criterion': 'gini', 'ag_args': {'name_suffix': 'Gini', 'problem_types': ['binary', 'multiclass']}}, {'criterion': 'entropy', 'ag_args': {'name_suffix': 'Entr', 'problem_types': ['binary', 'multiclass']}}, {'criterion': 'squared_error', 'ag_args': {'name_suffix': 'MSE', 'problem_types': ['regression']}}],
	'XT': [{'criterion': 'gini', 'ag_args': {'name_suffix': 'Gini', 'problem_types': ['binary', 'multiclass']}}, {'criterion': 'entropy', 'ag_args': {'name_suffix': 'Entr', 'problem_types': ['binary', 'multiclass']}}, {'criterion': 'squared_error', 'ag_args': {'name_suffix': 'MSE', 'problem_types': ['regression']}}],
	'KNN': [{'weights': 'uniform', 'ag_args': {'name_suffix': 'Unif'}, 'n_jobs': 4}, {'weights': 'distance', 'ag_args': {'name_suffix': 'Dist'}, 'n_jobs': 4}],
}
Fitting 11 L1 models ...
Fitting model: KNeighborsUnif ...
	0.8703	 = Validation score   (accuracy)
	0.54s	 = Training   runtime
	3.41s	 = Validation runtime
Fitting model: KNeighborsDist ...
	0.8703	 = Validation score   (accuracy)
	0.57s	 = Training   runtime
	3.11s	 = Validation runtime
Fitting model: LightGBMXT ...
	0.8131	 = Validation score   (accuracy)
	310.35s	 = Training   runtime
	0.45s	 = Validation runtime
Fitting model: LightGBMLarge ...
	0.9	 = Validation score   (accuracy)
	1099.52s	 = Training   runtime
	0.81s	 = Validation runtime
Fitting model: LightGBM ...
	0.8214	 = Validation score   (accuracy)
	633.94s	 = Training   runtime
	1.31s	 = Validation runtime
Fitting model: LightGBMLarge ...
	0.8634	 = Validation score   (accuracy)
	763.4s	 = Training   runtime
	0.83s	 = Validation runtime
Fitting model: RandomForestGini ...
	0.8531	 = Validation score   (accuracy)
	44.68s	 = Training   runtime
	2.33s	 = Validation runtime
Fitting model: RandomForestEntr ...
	0.8593	 = Validation score   (accuracy)
	43.58s	 = Training   runtime
	2.42s	 = Validation runtime
Fitting model: CatBoost ...
	0.8779	 = Validation score   (accuracy)
	706.52s	 = Training   runtime
	0.48s	 = Validation runtime
Fitting model: RandomForestGini ...
	0.869	 = Validation score   (accuracy)
	56.02s	 = Training   runtime
	3.53s	 = Validation runtime
Fitting model: RandomForestEntr ...
	0.8683	 = Validation score   (accuracy)
	49.38s	 = Training   runtime
	3.07s	 = Validation runtime
Fitting model: CatBoost ...
	0.8897	 = Validation score   (accuracy)
	1727.87s	 = Training   runtime
	2.67s	 = Validation runtime
Fitting model: LightGBM ...
	0.8634	 = Validation score   (accuracy)
	405.35s	 = Training   runtime
	0.48s	 = Validation runtime
Fitting model: ExtraTreesGini ...
	0.8241	 = Validation score   (accuracy)
	2841.98s	 = Training   runtime
	2.52s	 = Validation runtime
Fitting model: WeightedEnsemble_L2 ...
	0.8559	 = Validation score   (accuracy)
	48.07s	 = Training   runtime
	3.4s	 = Validation runtime
Fitting model: ExtraTreesEntr ...
	Ensemble Weights: {'LightGBMXT': 0.5, 'LightGBM': 0.167, 'CatBoost': 0.167, 'ExtraTreesEntr': 0.083, 'XGBoost': 0.083}
	0.8345	 = Validation score   (accuracy)
	16.45s	 = Training   runtime
	0.07s	 = Validation runtime
AutoGluon training complete, total runtime = 9278.27s ... Best model: "WeightedEnsemble_L2"
TabularPredictor saved. To load, use: predictor = TabularPredictor.load("AutogluonModels/ag-20250416_034029-015/Predictor_S4 (SBS4 - 0.98)")
Presets specified: ['medium_quality']
Beginning AutoGluon training ...
AutoGluon will save models to "AutogluonModels/ag-20250416_034029-015/Predictor_S5 (SBS5 - 0.98)"
=================== System Info ===================
AutoGluon Version:  1.1.0
Python Version:     3.10.15
Operating System:   Linux
Platform Machine:   x86_64
Platform Version:   #1 SMP PREEMPT_DYNAMIC Thu Apr 3 12:12:16 UTC 2025
CPU Count:          272
Memory Avail:       189.61 GB / 203.90 GB (93.0%)
Disk Space Avail:   1339.60 GB / 5120.00 GB (26.2%)
===================================================
Train Data Rows:    14495
Train Data Columns: 100
Label Column:       S5 (SBS5 - 0.98)
AutoGluon infers your prediction problem is: 'binary' (because only two unique label-values observed).
	2 unique label values:  [True, False]
	If 'binary' is not the correct problem_type, please manually specify the problem_type parameter during predictor init (You may specify problem_type as one of: ['binary', 'multiclass', 'regression'])
Problem Type:       binary
Preprocessing data ...
Selected class <--> label mapping:  class 1 = True, class 0 = False
Using Feature Generators to preprocess the data ...
Fitting AutoMLPipelineFeatureGenerator...
	Available Memory:                    194171.26 MB
	Train Data (Original)  Memory Usage: 10.67 MB (0.0% of available memory)
	Inferring data type of each feature based on column values. Set feature_metadata_in to manually specify special dtypes of the features.
	Stage 1 Generators:
		Fitting AsTypeFeatureGenerator...
			Note: Converting 4 features to boolean dtype as they only contain 2 unique values.
	Stage 2 Generators:
		Fitting FillNaFeatureGenerator...
	Stage 3 Generators:
		Fitting IdentityFeatureGenerator...
	Stage 4 Generators:
		Fitting DropUniqueFeatureGenerator...
	Stage 5 Generators:
		Fitting DropDuplicatesFeatureGenerator...
	Types of features in original data (raw dtype, special dtypes):
		('bool', []) :  4 | ['S1 (SBS1 - 0.99)', 'S2 (SBS2 - 0.99)', 'S3 (SBS3 - 0.97)', 'S4 (SBS4 - 0.98)']
		('int', [])  : 96 | ['A[C>A]A', 'A[C>A]C', 'A[C>A]G', 'A[C>A]T', 'A[C>G]A', ...]
	Types of features in processed data (raw dtype, special dtypes):
		('int', [])       : 96 | ['A[C>A]A', 'A[C>A]C', 'A[C>A]G', 'A[C>A]T', 'A[C>G]A', ...]
		('int', ['bool']) :  4 | ['S1 (SBS1 - 0.99)', 'S2 (SBS2 - 0.99)', 'S3 (SBS3 - 0.97)', 'S4 (SBS4 - 0.98)']
	19.8s = Fit runtime
	100 features in original data used to generate 100 features in processed data.
	Train Data (Processed) Memory Usage: 10.67 MB (0.0% of available memory)
Data preprocessing and feature engineering runtime = 22.0s ...
AutoGluon will gauge predictive performance using evaluation metric: 'accuracy'
	To change this, specify the eval_metric parameter of Predictor()
Automatically generating train/validation split with holdout_frac=0.1, Train Rows: 13045, Val Rows: 1450
User-specified model hyperparameters to be fit:
{
	'GBM': [{'extra_trees': True, 'ag_args': {'name_suffix': 'XT'}}, {}, 'GBMLarge'],
	'CAT': {},
	'XGB': {},
	'RF': [{'criterion': 'gini', 'ag_args': {'name_suffix': 'Gini', 'problem_types': ['binary', 'multiclass']}}, {'criterion': 'entropy', 'ag_args': {'name_suffix': 'Entr', 'problem_types': ['binary', 'multiclass']}}, {'criterion': 'squared_error', 'ag_args': {'name_suffix': 'MSE', 'problem_types': ['regression']}}],
	'XT': [{'criterion': 'gini', 'ag_args': {'name_suffix': 'Gini', 'problem_types': ['binary', 'multiclass']}}, {'criterion': 'entropy', 'ag_args': {'name_suffix': 'Entr', 'problem_types': ['binary', 'multiclass']}}, {'criterion': 'squared_error', 'ag_args': {'name_suffix': 'MSE', 'problem_types': ['regression']}}],
	'KNN': [{'weights': 'uniform', 'ag_args': {'name_suffix': 'Unif'}, 'n_jobs': 4}, {'weights': 'distance', 'ag_args': {'name_suffix': 'Dist'}, 'n_jobs': 4}],
}
Fitting 11 L1 models ...
Fitting model: KNeighborsUnif ...
	0.8807	 = Validation score   (accuracy)
	3.86s	 = Training   runtime
	3.74s	 = Validation runtime
Fitting model: KNeighborsDist ...
	0.8834	 = Validation score   (accuracy)
	3.49s	 = Training   runtime
	3.55s	 = Validation runtime
Fitting model: LightGBMXT ...
	0.8538	 = Validation score   (accuracy)
	55.74s	 = Training   runtime
	5.46s	 = Validation runtime
Fitting model: XGBoost ...
	0.7393	 = Validation score   (accuracy)
	3836.08s	 = Training   runtime
	2.28s	 = Validation runtime
Fitting model: WeightedEnsemble_L2 ...
	Ensemble Weights: {'LightGBMXT': 0.333, 'CatBoost': 0.333, 'LightGBM': 0.111, 'XGBoost': 0.111, 'LightGBMLarge': 0.111}
	0.7552	 = Validation score   (accuracy)
	8.94s	 = Training   runtime
	0.03s	 = Validation runtime
AutoGluon training complete, total runtime = 8091.18s ... Best model: "WeightedEnsemble_L2"
TabularPredictor saved. To load, use: predictor = TabularPredictor.load("AutogluonModels/ag-20250416_034029-002/Predictor_S4 (SBS4 - 0.98)")
Presets specified: ['medium_quality']
Beginning AutoGluon training ...
AutoGluon will save models to "AutogluonModels/ag-20250416_034029-002/Predictor_S5 (SBS5 - 0.98)"
=================== System Info ===================
AutoGluon Version:  1.1.0
Python Version:     3.10.15
Operating System:   Linux
Platform Machine:   x86_64
Platform Version:   #1 SMP PREEMPT_DYNAMIC Thu Apr 3 12:12:16 UTC 2025
CPU Count:          272
Memory Avail:       189.57 GB / 203.90 GB (93.0%)
Disk Space Avail:   1339.48 GB / 5120.00 GB (26.2%)
===================================================
Train Data Rows:    14495
Train Data Columns: 100
Label Column:       S5 (SBS5 - 0.98)
AutoGluon infers your prediction problem is: 'binary' (because only two unique label-values observed).
	2 unique label values:  [True, False]
	If 'binary' is not the correct problem_type, please manually specify the problem_type parameter during predictor init (You may specify problem_type as one of: ['binary', 'multiclass', 'regression'])
Problem Type:       binary
Preprocessing data ...
Selected class <--> label mapping:  class 1 = True, class 0 = False
Using Feature Generators to preprocess the data ...
Fitting AutoMLPipelineFeatureGenerator...
	Available Memory:                    194132.55 MB
	Train Data (Original)  Memory Usage: 10.67 MB (0.0% of available memory)
	Inferring data type of each feature based on column values. Set feature_metadata_in to manually specify special dtypes of the features.
	Stage 1 Generators:
		Fitting AsTypeFeatureGenerator...
			Note: Converting 4 features to boolean dtype as they only contain 2 unique values.
	Stage 2 Generators:
		Fitting FillNaFeatureGenerator...
	Stage 3 Generators:
		Fitting IdentityFeatureGenerator...
	Stage 4 Generators:
		Fitting DropUniqueFeatureGenerator...
	Stage 5 Generators:
		Fitting DropDuplicatesFeatureGenerator...
	0.8959	 = Validation score   (accuracy)
	933.41s	 = Training   runtime
	0.99s	 = Validation runtime
Fitting model: LightGBM ...
	Types of features in original data (raw dtype, special dtypes):
		('bool', []) :  4 | ['S1 (SBS1 - 0.99)', 'S2 (SBS2 - 0.99)', 'S3 (SBS3 - 0.97)', 'S4 (SBS4 - 0.98)']
		('int', [])  : 96 | ['A[C>A]A', 'A[C>A]C', 'A[C>A]G', 'A[C>A]T', 'A[C>G]A', ...]
	Types of features in processed data (raw dtype, special dtypes):
		('int', [])       : 96 | ['A[C>A]A', 'A[C>A]C', 'A[C>A]G', 'A[C>A]T', 'A[C>G]A', ...]
		('int', ['bool']) :  4 | ['S1 (SBS1 - 0.99)', 'S2 (SBS2 - 0.99)', 'S3 (SBS3 - 0.97)', 'S4 (SBS4 - 0.98)']
	11.9s = Fit runtime
	100 features in original data used to generate 100 features in processed data.
	Train Data (Processed) Memory Usage: 10.67 MB (0.0% of available memory)
Data preprocessing and feature engineering runtime = 14.34s ...
AutoGluon will gauge predictive performance using evaluation metric: 'accuracy'
	To change this, specify the eval_metric parameter of Predictor()
Automatically generating train/validation split with holdout_frac=0.1, Train Rows: 13045, Val Rows: 1450
User-specified model hyperparameters to be fit:
{
	'GBM': [{'extra_trees': True, 'ag_args': {'name_suffix': 'XT'}}, {}, 'GBMLarge'],
	'CAT': {},
	'XGB': {},
	'RF': [{'criterion': 'gini', 'ag_args': {'name_suffix': 'Gini', 'problem_types': ['binary', 'multiclass']}}, {'criterion': 'entropy', 'ag_args': {'name_suffix': 'Entr', 'problem_types': ['binary', 'multiclass']}}, {'criterion': 'squared_error', 'ag_args': {'name_suffix': 'MSE', 'problem_types': ['regression']}}],
	'XT': [{'criterion': 'gini', 'ag_args': {'name_suffix': 'Gini', 'problem_types': ['binary', 'multiclass']}}, {'criterion': 'entropy', 'ag_args': {'name_suffix': 'Entr', 'problem_types': ['binary', 'multiclass']}}, {'criterion': 'squared_error', 'ag_args': {'name_suffix': 'MSE', 'problem_types': ['regression']}}],
	'KNN': [{'weights': 'uniform', 'ag_args': {'name_suffix': 'Unif'}, 'n_jobs': 4}, {'weights': 'distance', 'ag_args': {'name_suffix': 'Dist'}, 'n_jobs': 4}],
}
Fitting 11 L1 models ...
Fitting model: KNeighborsUnif ...
	0.8538	 = Validation score   (accuracy)
	1.07s	 = Training   runtime
	4.22s	 = Validation runtime
Fitting model: KNeighborsDist ...
	0.8545	 = Validation score   (accuracy)
	0.74s	 = Training   runtime
	3.4s	 = Validation runtime
Fitting model: LightGBMXT ...
	0.76	 = Validation score   (accuracy)
	8782.73s	 = Training   runtime
	4.02s	 = Validation runtime
Fitting model: WeightedEnsemble_L2 ...
	Ensemble Weights: {'CatBoost': 0.727, 'LightGBMXT': 0.091, 'RandomForestEntr': 0.091, 'XGBoost': 0.091}
	0.7669	 = Validation score   (accuracy)
	11.0s	 = Training   runtime
	0.04s	 = Validation runtime
AutoGluon training complete, total runtime = 13030.87s ... Best model: "WeightedEnsemble_L2"
	0.8055	 = Validation score   (accuracy)
	3729.56s	 = Training   runtime
	1.3s	 = Validation runtime
TabularPredictor saved. To load, use: predictor = TabularPredictor.load("AutogluonModels/ag-20250416_034029-001/Predictor_S4 (SBS4 - 0.98)")
Presets specified: ['medium_quality']
Fitting model: WeightedEnsemble_L2 ...
Beginning AutoGluon training ...
AutoGluon will save models to "AutogluonModels/ag-20250416_034029-001/Predictor_S5 (SBS5 - 0.98)"
=================== System Info ===================
AutoGluon Version:  1.1.0
Python Version:     3.10.15
Operating System:   Linux
Platform Machine:   x86_64
Platform Version:   #1 SMP PREEMPT_DYNAMIC Thu Apr 3 12:12:16 UTC 2025
CPU Count:          272
Memory Avail:       189.53 GB / 203.90 GB (93.0%)
Disk Space Avail:   1339.44 GB / 5120.00 GB (26.2%)
===================================================
Train Data Rows:    14495
Train Data Columns: 100
Label Column:       S5 (SBS5 - 0.98)
AutoGluon infers your prediction problem is: 'binary' (because only two unique label-values observed).
	2 unique label values:  [True, False]
	If 'binary' is not the correct problem_type, please manually specify the problem_type parameter during predictor init (You may specify problem_type as one of: ['binary', 'multiclass', 'regression'])
Problem Type:       binary
Preprocessing data ...
Selected class <--> label mapping:  class 1 = True, class 0 = False
Using Feature Generators to preprocess the data ...
Fitting AutoMLPipelineFeatureGenerator...
	Available Memory:                    194095.31 MB
	Train Data (Original)  Memory Usage: 10.67 MB (0.0% of available memory)
	Inferring data type of each feature based on column values. Set feature_metadata_in to manually specify special dtypes of the features.
	Stage 1 Generators:
		Fitting AsTypeFeatureGenerator...
			Note: Converting 4 features to boolean dtype as they only contain 2 unique values.
	Stage 2 Generators:
		Fitting FillNaFeatureGenerator...
	Stage 3 Generators:
		Fitting IdentityFeatureGenerator...
	Stage 4 Generators:
		Fitting DropUniqueFeatureGenerator...
	Stage 5 Generators:
		Fitting DropDuplicatesFeatureGenerator...
	0.8828	 = Validation score   (accuracy)
	552.19s	 = Training   runtime
	0.63s	 = Validation runtime
Fitting model: ExtraTreesGini ...
	Ensemble Weights: {'LightGBMXT': 0.737, 'RandomForestEntr': 0.105, 'KNeighborsDist': 0.053, 'ExtraTreesGini': 0.053, 'LightGBMLarge': 0.053}
	0.8124	 = Validation score   (accuracy)
	19.85s	 = Training   runtime
	0.1s	 = Validation runtime
AutoGluon training complete, total runtime = 8915.18s ... Best model: "WeightedEnsemble_L2"
TabularPredictor saved. To load, use: predictor = TabularPredictor.load("AutogluonModels/ag-20250416_034029-011/Predictor_S4 (SBS4 - 0.98)")
Presets specified: ['medium_quality']
Beginning AutoGluon training ...
AutoGluon will save models to "AutogluonModels/ag-20250416_034029-011/Predictor_S5 (SBS5 - 0.98)"
=================== System Info ===================
AutoGluon Version:  1.1.0
Python Version:     3.10.15
Operating System:   Linux
Platform Machine:   x86_64
Platform Version:   #1 SMP PREEMPT_DYNAMIC Thu Apr 3 12:12:16 UTC 2025
CPU Count:          272
Memory Avail:       189.53 GB / 203.90 GB (93.0%)
Disk Space Avail:   1339.44 GB / 5120.00 GB (26.2%)
===================================================
Train Data Rows:    14495
Train Data Columns: 100
Label Column:       S5 (SBS5 - 0.98)
AutoGluon infers your prediction problem is: 'binary' (because only two unique label-values observed).
	2 unique label values:  [True, False]
	If 'binary' is not the correct problem_type, please manually specify the problem_type parameter during predictor init (You may specify problem_type as one of: ['binary', 'multiclass', 'regression'])
Problem Type:       binary
Preprocessing data ...
Selected class <--> label mapping:  class 1 = True, class 0 = False
Using Feature Generators to preprocess the data ...
Fitting AutoMLPipelineFeatureGenerator...
	Types of features in original data (raw dtype, special dtypes):
		('bool', []) :  4 | ['S1 (SBS1 - 0.99)', 'S2 (SBS2 - 0.99)', 'S3 (SBS3 - 0.97)', 'S4 (SBS4 - 0.98)']
		('int', [])  : 96 | ['A[C>A]A', 'A[C>A]C', 'A[C>A]G', 'A[C>A]T', 'A[C>G]A', ...]
	Types of features in processed data (raw dtype, special dtypes):
		('int', [])       : 96 | ['A[C>A]A', 'A[C>A]C', 'A[C>A]G', 'A[C>A]T', 'A[C>G]A', ...]
		('int', ['bool']) :  4 | ['S1 (SBS1 - 0.99)', 'S2 (SBS2 - 0.99)', 'S3 (SBS3 - 0.97)', 'S4 (SBS4 - 0.98)']
	21.9s = Fit runtime
	100 features in original data used to generate 100 features in processed data.
	Available Memory:                    194097.31 MB
	Train Data (Original)  Memory Usage: 10.67 MB (0.0% of available memory)
	Inferring data type of each feature based on column values. Set feature_metadata_in to manually specify special dtypes of the features.
	Train Data (Processed) Memory Usage: 10.67 MB (0.0% of available memory)
Data preprocessing and feature engineering runtime = 23.57s ...
AutoGluon will gauge predictive performance using evaluation metric: 'accuracy'
	To change this, specify the eval_metric parameter of Predictor()
Automatically generating train/validation split with holdout_frac=0.1, Train Rows: 13045, Val Rows: 1450
User-specified model hyperparameters to be fit:
{
	'GBM': [{'extra_trees': True, 'ag_args': {'name_suffix': 'XT'}}, {}, 'GBMLarge'],
	'CAT': {},
	'XGB': {},
	'RF': [{'criterion': 'gini', 'ag_args': {'name_suffix': 'Gini', 'problem_types': ['binary', 'multiclass']}}, {'criterion': 'entropy', 'ag_args': {'name_suffix': 'Entr', 'problem_types': ['binary', 'multiclass']}}, {'criterion': 'squared_error', 'ag_args': {'name_suffix': 'MSE', 'problem_types': ['regression']}}],
	'XT': [{'criterion': 'gini', 'ag_args': {'name_suffix': 'Gini', 'problem_types': ['binary', 'multiclass']}}, {'criterion': 'entropy', 'ag_args': {'name_suffix': 'Entr', 'problem_types': ['binary', 'multiclass']}}, {'criterion': 'squared_error', 'ag_args': {'name_suffix': 'MSE', 'problem_types': ['regression']}}],
	'KNN': [{'weights': 'uniform', 'ag_args': {'name_suffix': 'Unif'}, 'n_jobs': 4}, {'weights': 'distance', 'ag_args': {'name_suffix': 'Dist'}, 'n_jobs': 4}],
}
Fitting 11 L1 models ...
Fitting model: KNeighborsUnif ...
	0.8634	 = Validation score   (accuracy)
	208.75s	 = Training   runtime
	0.74s	 = Validation runtime
Fitting model: LightGBMLarge ...
	Stage 1 Generators:
		Fitting AsTypeFeatureGenerator...
			Note: Converting 4 features to boolean dtype as they only contain 2 unique values.
	Stage 2 Generators:
		Fitting FillNaFeatureGenerator...
	Stage 3 Generators:
		Fitting IdentityFeatureGenerator...
	0.8552	 = Validation score   (accuracy)
	2.5s	 = Training   runtime
	3.99s	 = Validation runtime
Fitting model: KNeighborsDist ...
	Stage 4 Generators:
		Fitting DropUniqueFeatureGenerator...
	Stage 5 Generators:
		Fitting DropDuplicatesFeatureGenerator...
	0.8552	 = Validation score   (accuracy)
	2.38s	 = Training   runtime
	3.63s	 = Validation runtime
Fitting model: LightGBMXT ...
	Types of features in original data (raw dtype, special dtypes):
		('bool', []) :  4 | ['S1 (SBS1 - 0.99)', 'S2 (SBS2 - 0.99)', 'S3 (SBS3 - 0.97)', 'S4 (SBS4 - 0.98)']
		('int', [])  : 96 | ['A[C>A]A', 'A[C>A]C', 'A[C>A]G', 'A[C>A]T', 'A[C>G]A', ...]
	Types of features in processed data (raw dtype, special dtypes):
		('int', [])       : 96 | ['A[C>A]A', 'A[C>A]C', 'A[C>A]G', 'A[C>A]T', 'A[C>G]A', ...]
		('int', ['bool']) :  4 | ['S1 (SBS1 - 0.99)', 'S2 (SBS2 - 0.99)', 'S3 (SBS3 - 0.97)', 'S4 (SBS4 - 0.98)']
	40.6s = Fit runtime
	100 features in original data used to generate 100 features in processed data.
	Train Data (Processed) Memory Usage: 10.67 MB (0.0% of available memory)
Data preprocessing and feature engineering runtime = 43.3s ...
AutoGluon will gauge predictive performance using evaluation metric: 'accuracy'
	To change this, specify the eval_metric parameter of Predictor()
Automatically generating train/validation split with holdout_frac=0.1, Train Rows: 13045, Val Rows: 1450
User-specified model hyperparameters to be fit:
{
	'GBM': [{'extra_trees': True, 'ag_args': {'name_suffix': 'XT'}}, {}, 'GBMLarge'],
	'CAT': {},
	'XGB': {},
	'RF': [{'criterion': 'gini', 'ag_args': {'name_suffix': 'Gini', 'problem_types': ['binary', 'multiclass']}}, {'criterion': 'entropy', 'ag_args': {'name_suffix': 'Entr', 'problem_types': ['binary', 'multiclass']}}, {'criterion': 'squared_error', 'ag_args': {'name_suffix': 'MSE', 'problem_types': ['regression']}}],
	'XT': [{'criterion': 'gini', 'ag_args': {'name_suffix': 'Gini', 'problem_types': ['binary', 'multiclass']}}, {'criterion': 'entropy', 'ag_args': {'name_suffix': 'Entr', 'problem_types': ['binary', 'multiclass']}}, {'criterion': 'squared_error', 'ag_args': {'name_suffix': 'MSE', 'problem_types': ['regression']}}],
	'KNN': [{'weights': 'uniform', 'ag_args': {'name_suffix': 'Unif'}, 'n_jobs': 4}, {'weights': 'distance', 'ag_args': {'name_suffix': 'Dist'}, 'n_jobs': 4}],
}
Fitting 11 L1 models ...
Fitting model: KNeighborsUnif ...
	0.8731	 = Validation score   (accuracy)
	3.79s	 = Training   runtime
	3.59s	 = Validation runtime
Fitting model: KNeighborsDist ...
	0.8545	 = Validation score   (accuracy)
	56.1s	 = Training   runtime
	2.66s	 = Validation runtime
Fitting model: ExtraTreesEntr ...
	0.8745	 = Validation score   (accuracy)
	1.12s	 = Training   runtime
	3.44s	 = Validation runtime
Fitting model: LightGBMXT ...
	0.8552	 = Validation score   (accuracy)
	39.84s	 = Training   runtime
	2.12s	 = Validation runtime
Fitting model: XGBoost ...
	0.9138	 = Validation score   (accuracy)
	1429.85s	 = Training   runtime
	1.67s	 = Validation runtime
Fitting model: LightGBM ...
	0.8745	 = Validation score   (accuracy)
	273.08s	 = Training   runtime
	0.54s	 = Validation runtime
Fitting model: LightGBMLarge ...
	0.9097	 = Validation score   (accuracy)
	1574.42s	 = Training   runtime
	1.55s	 = Validation runtime
Fitting model: RandomForestGini ...
	0.8828	 = Validation score   (accuracy)
	62.73s	 = Training   runtime
	2.65s	 = Validation runtime
Fitting model: RandomForestEntr ...
	0.8814	 = Validation score   (accuracy)
	854.05s	 = Training   runtime
	1.01s	 = Validation runtime
Fitting model: LightGBM ...
	0.8269	 = Validation score   (accuracy)
	3093.52s	 = Training   runtime
	1.09s	 = Validation runtime
Fitting model: WeightedEnsemble_L2 ...
	0.8828	 = Validation score   (accuracy)
	63.68s	 = Training   runtime
	3.39s	 = Validation runtime
Fitting model: CatBoost ...
	Ensemble Weights: {'LightGBMXT': 0.333, 'CatBoost': 0.333, 'XGBoost': 0.167, 'ExtraTreesEntr': 0.083, 'LightGBMLarge': 0.083}
	0.8352	 = Validation score   (accuracy)
	9.39s	 = Training   runtime
	0.02s	 = Validation runtime
AutoGluon training complete, total runtime = 8305.91s ... Best model: "WeightedEnsemble_L2"
TabularPredictor saved. To load, use: predictor = TabularPredictor.load("AutogluonModels/ag-20250416_034029-014/Predictor_S4 (SBS4 - 0.98)")
Presets specified: ['medium_quality']
Beginning AutoGluon training ...
AutoGluon will save models to "AutogluonModels/ag-20250416_034029-014/Predictor_S5 (SBS5 - 0.98)"
=================== System Info ===================
AutoGluon Version:  1.1.0
Python Version:     3.10.15
Operating System:   Linux
Platform Machine:   x86_64
Platform Version:   #1 SMP PREEMPT_DYNAMIC Thu Apr 3 12:12:16 UTC 2025
CPU Count:          272
Memory Avail:       189.49 GB / 203.90 GB (92.9%)
Disk Space Avail:   1339.12 GB / 5120.00 GB (26.2%)
===================================================
Train Data Rows:    14495
Train Data Columns: 100
Label Column:       S5 (SBS5 - 0.98)
AutoGluon infers your prediction problem is: 'binary' (because only two unique label-values observed).
	2 unique label values:  [True, False]
	If 'binary' is not the correct problem_type, please manually specify the problem_type parameter during predictor init (You may specify problem_type as one of: ['binary', 'multiclass', 'regression'])
Problem Type:       binary
Preprocessing data ...
Selected class <--> label mapping:  class 1 = True, class 0 = False
Using Feature Generators to preprocess the data ...
Fitting AutoMLPipelineFeatureGenerator...
	Available Memory:                    194049.56 MB
	Train Data (Original)  Memory Usage: 10.67 MB (0.0% of available memory)
	Inferring data type of each feature based on column values. Set feature_metadata_in to manually specify special dtypes of the features.
	Stage 1 Generators:
		Fitting AsTypeFeatureGenerator...
			Note: Converting 4 features to boolean dtype as they only contain 2 unique values.
	Stage 2 Generators:
		Fitting FillNaFeatureGenerator...
	Stage 3 Generators:
		Fitting IdentityFeatureGenerator...
	Stage 4 Generators:
		Fitting DropUniqueFeatureGenerator...
	Stage 5 Generators:
		Fitting DropDuplicatesFeatureGenerator...
	Types of features in original data (raw dtype, special dtypes):
		('bool', []) :  4 | ['S1 (SBS1 - 0.99)', 'S2 (SBS2 - 0.99)', 'S3 (SBS3 - 0.97)', 'S4 (SBS4 - 0.98)']
		('int', [])  : 96 | ['A[C>A]A', 'A[C>A]C', 'A[C>A]G', 'A[C>A]T', 'A[C>G]A', ...]
	Types of features in processed data (raw dtype, special dtypes):
		('int', [])       : 96 | ['A[C>A]A', 'A[C>A]C', 'A[C>A]G', 'A[C>A]T', 'A[C>G]A', ...]
		('int', ['bool']) :  4 | ['S1 (SBS1 - 0.99)', 'S2 (SBS2 - 0.99)', 'S3 (SBS3 - 0.97)', 'S4 (SBS4 - 0.98)']
	5.7s = Fit runtime
	100 features in original data used to generate 100 features in processed data.
	Train Data (Processed) Memory Usage: 10.67 MB (0.0% of available memory)
Data preprocessing and feature engineering runtime = 6.36s ...
AutoGluon will gauge predictive performance using evaluation metric: 'accuracy'
	To change this, specify the eval_metric parameter of Predictor()
Automatically generating train/validation split with holdout_frac=0.1, Train Rows: 13045, Val Rows: 1450
User-specified model hyperparameters to be fit:
{
	'GBM': [{'extra_trees': True, 'ag_args': {'name_suffix': 'XT'}}, {}, 'GBMLarge'],
	'CAT': {},
	'XGB': {},
	'RF': [{'criterion': 'gini', 'ag_args': {'name_suffix': 'Gini', 'problem_types': ['binary', 'multiclass']}}, {'criterion': 'entropy', 'ag_args': {'name_suffix': 'Entr', 'problem_types': ['binary', 'multiclass']}}, {'criterion': 'squared_error', 'ag_args': {'name_suffix': 'MSE', 'problem_types': ['regression']}}],
	'XT': [{'criterion': 'gini', 'ag_args': {'name_suffix': 'Gini', 'problem_types': ['binary', 'multiclass']}}, {'criterion': 'entropy', 'ag_args': {'name_suffix': 'Entr', 'problem_types': ['binary', 'multiclass']}}, {'criterion': 'squared_error', 'ag_args': {'name_suffix': 'MSE', 'problem_types': ['regression']}}],
	'KNN': [{'weights': 'uniform', 'ag_args': {'name_suffix': 'Unif'}, 'n_jobs': 4}, {'weights': 'distance', 'ag_args': {'name_suffix': 'Dist'}, 'n_jobs': 4}],
}
Fitting 11 L1 models ...
Fitting model: KNeighborsUnif ...
	0.8834	 = Validation score   (accuracy)
	0.69s	 = Training   runtime
	3.81s	 = Validation runtime
Fitting model: KNeighborsDist ...
	0.8855	 = Validation score   (accuracy)
	1.4s	 = Training   runtime
	5.55s	 = Validation runtime
Fitting model: LightGBMXT ...
	0.8828	 = Validation score   (accuracy)
	928.4s	 = Training   runtime
	1.23s	 = Validation runtime
Fitting model: LightGBM ...
	0.8883	 = Validation score   (accuracy)
	1402.85s	 = Training   runtime
	1.52s	 = Validation runtime
Fitting model: RandomForestGini ...
	0.8766	 = Validation score   (accuracy)
	65.87s	 = Training   runtime
	3.69s	 = Validation runtime
Fitting model: RandomForestEntr ...
	0.9041	 = Validation score   (accuracy)
	1126.83s	 = Training   runtime
	1.89s	 = Validation runtime
Fitting model: RandomForestGini ...
	0.7379	 = Validation score   (accuracy)
	4107.65s	 = Training   runtime
	1.35s	 = Validation runtime
Fitting model: WeightedEnsemble_L2 ...
	0.8793	 = Validation score   (accuracy)
	85.78s	 = Training   runtime
	4.68s	 = Validation runtime
Fitting model: CatBoost ...
	0.8807	 = Validation score   (accuracy)
	103.78s	 = Training   runtime
	3.98s	 = Validation runtime
Fitting model: RandomForestEntr ...
	Ensemble Weights: {'LightGBMXT': 0.48, 'LightGBM': 0.32, 'CatBoost': 0.12, 'KNeighborsUnif': 0.04, 'RandomForestEntr': 0.04}
	0.7524	 = Validation score   (accuracy)
	27.2s	 = Training   runtime
	0.13s	 = Validation runtime
AutoGluon training complete, total runtime = 9043.32s ... Best model: "WeightedEnsemble_L2"
TabularPredictor saved. To load, use: predictor = TabularPredictor.load("AutogluonModels/ag-20250416_034029-007/Predictor_S4 (SBS4 - 0.98)")
Presets specified: ['medium_quality']
Beginning AutoGluon training ...
AutoGluon will save models to "AutogluonModels/ag-20250416_034029-007/Predictor_S5 (SBS5 - 0.98)"
=================== System Info ===================
AutoGluon Version:  1.1.0
Python Version:     3.10.15
Operating System:   Linux
Platform Machine:   x86_64
Platform Version:   #1 SMP PREEMPT_DYNAMIC Thu Apr 3 12:12:16 UTC 2025
CPU Count:          272
Memory Avail:       189.45 GB / 203.90 GB (92.9%)
Disk Space Avail:   1338.96 GB / 5120.00 GB (26.2%)
===================================================
Train Data Rows:    14495
Train Data Columns: 100
Label Column:       S5 (SBS5 - 0.98)
AutoGluon infers your prediction problem is: 'binary' (because only two unique label-values observed).
	2 unique label values:  [True, False]
	If 'binary' is not the correct problem_type, please manually specify the problem_type parameter during predictor init (You may specify problem_type as one of: ['binary', 'multiclass', 'regression'])
Problem Type:       binary
Preprocessing data ...
Selected class <--> label mapping:  class 1 = True, class 0 = False
Using Feature Generators to preprocess the data ...
Fitting AutoMLPipelineFeatureGenerator...
	Available Memory:                    194011.26 MB
	Train Data (Original)  Memory Usage: 10.67 MB (0.0% of available memory)
	Inferring data type of each feature based on column values. Set feature_metadata_in to manually specify special dtypes of the features.
	Stage 1 Generators:
		Fitting AsTypeFeatureGenerator...
			Note: Converting 4 features to boolean dtype as they only contain 2 unique values.
	Stage 2 Generators:
		Fitting FillNaFeatureGenerator...
	Stage 3 Generators:
		Fitting IdentityFeatureGenerator...
	Stage 4 Generators:
		Fitting DropUniqueFeatureGenerator...
	Stage 5 Generators:
		Fitting DropDuplicatesFeatureGenerator...
	Types of features in original data (raw dtype, special dtypes):
		('bool', []) :  4 | ['S1 (SBS1 - 0.99)', 'S2 (SBS2 - 0.99)', 'S3 (SBS3 - 0.97)', 'S4 (SBS4 - 0.98)']
		('int', [])  : 96 | ['A[C>A]A', 'A[C>A]C', 'A[C>A]G', 'A[C>A]T', 'A[C>G]A', ...]
	Types of features in processed data (raw dtype, special dtypes):
		('int', [])       : 96 | ['A[C>A]A', 'A[C>A]C', 'A[C>A]G', 'A[C>A]T', 'A[C>G]A', ...]
		('int', ['bool']) :  4 | ['S1 (SBS1 - 0.99)', 'S2 (SBS2 - 0.99)', 'S3 (SBS3 - 0.97)', 'S4 (SBS4 - 0.98)']
	53.8s = Fit runtime
	100 features in original data used to generate 100 features in processed data.
	Train Data (Processed) Memory Usage: 10.67 MB (0.0% of available memory)
Data preprocessing and feature engineering runtime = 56.28s ...
AutoGluon will gauge predictive performance using evaluation metric: 'accuracy'
	To change this, specify the eval_metric parameter of Predictor()
Automatically generating train/validation split with holdout_frac=0.1, Train Rows: 13045, Val Rows: 1450
User-specified model hyperparameters to be fit:
{
	'GBM': [{'extra_trees': True, 'ag_args': {'name_suffix': 'XT'}}, {}, 'GBMLarge'],
	'CAT': {},
	'XGB': {},
	'RF': [{'criterion': 'gini', 'ag_args': {'name_suffix': 'Gini', 'problem_types': ['binary', 'multiclass']}}, {'criterion': 'entropy', 'ag_args': {'name_suffix': 'Entr', 'problem_types': ['binary', 'multiclass']}}, {'criterion': 'squared_error', 'ag_args': {'name_suffix': 'MSE', 'problem_types': ['regression']}}],
	'XT': [{'criterion': 'gini', 'ag_args': {'name_suffix': 'Gini', 'problem_types': ['binary', 'multiclass']}}, {'criterion': 'entropy', 'ag_args': {'name_suffix': 'Entr', 'problem_types': ['binary', 'multiclass']}}, {'criterion': 'squared_error', 'ag_args': {'name_suffix': 'MSE', 'problem_types': ['regression']}}],
	'KNN': [{'weights': 'uniform', 'ag_args': {'name_suffix': 'Unif'}, 'n_jobs': 4}, {'weights': 'distance', 'ag_args': {'name_suffix': 'Dist'}, 'n_jobs': 4}],
}
Fitting 11 L1 models ...
Fitting model: KNeighborsUnif ...
	0.8545	 = Validation score   (accuracy)
	3.47s	 = Training   runtime
	12.32s	 = Validation runtime
Fitting model: KNeighborsDist ...
	0.8552	 = Validation score   (accuracy)
	1.53s	 = Training   runtime
	4.34s	 = Validation runtime
Fitting model: LightGBMXT ...
	0.8821	 = Validation score   (accuracy)
	83.24s	 = Training   runtime
	3.47s	 = Validation runtime
Fitting model: CatBoost ...
	0.9228	 = Validation score   (accuracy)
	1496.55s	 = Training   runtime
	2.27s	 = Validation runtime
Fitting model: LightGBM ...
	0.9097	 = Validation score   (accuracy)
	1281.86s	 = Training   runtime
	1.28s	 = Validation runtime
Fitting model: LightGBM ...
	0.8848	 = Validation score   (accuracy)
	751.97s	 = Training   runtime
	0.91s	 = Validation runtime
Fitting model: RandomForestGini ...
	0.8834	 = Validation score   (accuracy)
	666.48s	 = Training   runtime
	0.98s	 = Validation runtime
Fitting model: RandomForestGini ...
	0.8703	 = Validation score   (accuracy)
	79.17s	 = Training   runtime
	4.63s	 = Validation runtime
Fitting model: RandomForestEntr ...
	0.871	 = Validation score   (accuracy)
	102.07s	 = Training   runtime
	5.84s	 = Validation runtime
Fitting model: RandomForestEntr ...
	0.8724	 = Validation score   (accuracy)
	102.32s	 = Training   runtime
	4.14s	 = Validation runtime
Fitting model: CatBoost ...
	0.8752	 = Validation score   (accuracy)
	78.41s	 = Training   runtime
	4.29s	 = Validation runtime
Fitting model: CatBoost ...
	0.8903	 = Validation score   (accuracy)
	727.37s	 = Training   runtime
	0.57s	 = Validation runtime
Fitting model: ExtraTreesGini ...
	0.8738	 = Validation score   (accuracy)
	66.74s	 = Training   runtime
	5.36s	 = Validation runtime
Fitting model: ExtraTreesEntr ...
	0.9214	 = Validation score   (accuracy)
	1709.32s	 = Training   runtime
	2.65s	 = Validation runtime
Fitting model: RandomForestGini ...
	0.8738	 = Validation score   (accuracy)
	65.08s	 = Training   runtime
	6.39s	 = Validation runtime
Fitting model: XGBoost ...
	0.7945	 = Validation score   (accuracy)
	4774.27s	 = Training   runtime
	4.84s	 = Validation runtime
Fitting model: WeightedEnsemble_L2 ...
	0.8959	 = Validation score   (accuracy)
	122.71s	 = Training   runtime
	6.35s	 = Validation runtime
Fitting model: RandomForestEntr ...
	Ensemble Weights: {'LightGBMXT': 0.5, 'RandomForestGini': 0.25, 'KNeighborsUnif': 0.125, 'LightGBM': 0.125}
	0.8131	 = Validation score   (accuracy)
	35.38s	 = Training   runtime
	0.32s	 = Validation runtime
AutoGluon training complete, total runtime = 9754.51s ... Best model: "WeightedEnsemble_L2"
TabularPredictor saved. To load, use: predictor = TabularPredictor.load("AutogluonModels/ag-20250416_034029-013/Predictor_S4 (SBS4 - 0.98)")
Presets specified: ['medium_quality']
Beginning AutoGluon training ...
AutoGluon will save models to "AutogluonModels/ag-20250416_034029-013/Predictor_S5 (SBS5 - 0.98)"
=================== System Info ===================
AutoGluon Version:  1.1.0
Python Version:     3.10.15
Operating System:   Linux
Platform Machine:   x86_64
Platform Version:   #1 SMP PREEMPT_DYNAMIC Thu Apr 3 12:12:16 UTC 2025
CPU Count:          272
Memory Avail:       189.43 GB / 203.90 GB (92.9%)
Disk Space Avail:   1338.48 GB / 5120.00 GB (26.1%)
===================================================
Train Data Rows:    14495
Train Data Columns: 100
Label Column:       S5 (SBS5 - 0.98)
AutoGluon infers your prediction problem is: 'binary' (because only two unique label-values observed).
	2 unique label values:  [True, False]
	If 'binary' is not the correct problem_type, please manually specify the problem_type parameter during predictor init (You may specify problem_type as one of: ['binary', 'multiclass', 'regression'])
Problem Type:       binary
Preprocessing data ...
Selected class <--> label mapping:  class 1 = True, class 0 = False
Using Feature Generators to preprocess the data ...
Fitting AutoMLPipelineFeatureGenerator...
	Available Memory:                    193984.79 MB
	Train Data (Original)  Memory Usage: 10.67 MB (0.0% of available memory)
	Inferring data type of each feature based on column values. Set feature_metadata_in to manually specify special dtypes of the features.
	Stage 1 Generators:
		Fitting AsTypeFeatureGenerator...
			Note: Converting 4 features to boolean dtype as they only contain 2 unique values.
	Stage 2 Generators:
		Fitting FillNaFeatureGenerator...
	Stage 3 Generators:
		Fitting IdentityFeatureGenerator...
	Stage 4 Generators:
		Fitting DropUniqueFeatureGenerator...
	Stage 5 Generators:
		Fitting DropDuplicatesFeatureGenerator...
	Types of features in original data (raw dtype, special dtypes):
		('bool', []) :  4 | ['S1 (SBS1 - 0.99)', 'S2 (SBS2 - 0.99)', 'S3 (SBS3 - 0.97)', 'S4 (SBS4 - 0.98)']
		('int', [])  : 96 | ['A[C>A]A', 'A[C>A]C', 'A[C>A]G', 'A[C>A]T', 'A[C>G]A', ...]
	Types of features in processed data (raw dtype, special dtypes):
		('int', [])       : 96 | ['A[C>A]A', 'A[C>A]C', 'A[C>A]G', 'A[C>A]T', 'A[C>G]A', ...]
		('int', ['bool']) :  4 | ['S1 (SBS1 - 0.99)', 'S2 (SBS2 - 0.99)', 'S3 (SBS3 - 0.97)', 'S4 (SBS4 - 0.98)']
	47.9s = Fit runtime
	100 features in original data used to generate 100 features in processed data.
	0.9048	 = Validation score   (accuracy)
	1382.36s	 = Training   runtime
	1.51s	 = Validation runtime
Fitting model: ExtraTreesGini ...
	Train Data (Processed) Memory Usage: 10.67 MB (0.0% of available memory)
Data preprocessing and feature engineering runtime = 52.01s ...
AutoGluon will gauge predictive performance using evaluation metric: 'accuracy'
	To change this, specify the eval_metric parameter of Predictor()
Automatically generating train/validation split with holdout_frac=0.1, Train Rows: 13045, Val Rows: 1450
User-specified model hyperparameters to be fit:
{
	'GBM': [{'extra_trees': True, 'ag_args': {'name_suffix': 'XT'}}, {}, 'GBMLarge'],
	'CAT': {},
	'XGB': {},
	'RF': [{'criterion': 'gini', 'ag_args': {'name_suffix': 'Gini', 'problem_types': ['binary', 'multiclass']}}, {'criterion': 'entropy', 'ag_args': {'name_suffix': 'Entr', 'problem_types': ['binary', 'multiclass']}}, {'criterion': 'squared_error', 'ag_args': {'name_suffix': 'MSE', 'problem_types': ['regression']}}],
	'XT': [{'criterion': 'gini', 'ag_args': {'name_suffix': 'Gini', 'problem_types': ['binary', 'multiclass']}}, {'criterion': 'entropy', 'ag_args': {'name_suffix': 'Entr', 'problem_types': ['binary', 'multiclass']}}, {'criterion': 'squared_error', 'ag_args': {'name_suffix': 'MSE', 'problem_types': ['regression']}}],
	'KNN': [{'weights': 'uniform', 'ag_args': {'name_suffix': 'Unif'}, 'n_jobs': 4}, {'weights': 'distance', 'ag_args': {'name_suffix': 'Dist'}, 'n_jobs': 4}],
}
Fitting 11 L1 models ...
Fitting model: KNeighborsUnif ...
	0.8766	 = Validation score   (accuracy)
	4.87s	 = Training   runtime
	11.13s	 = Validation runtime
Fitting model: KNeighborsDist ...
	0.8779	 = Validation score   (accuracy)
	6.07s	 = Training   runtime
	4.14s	 = Validation runtime
Fitting model: LightGBMXT ...
	0.8938	 = Validation score   (accuracy)
	110.78s	 = Training   runtime
	6.79s	 = Validation runtime
Fitting model: CatBoost ...
	0.92	 = Validation score   (accuracy)
	1397.54s	 = Training   runtime
	2.58s	 = Validation runtime
Fitting model: LightGBM ...
	0.8752	 = Validation score   (accuracy)
	83.6s	 = Training   runtime
	5.27s	 = Validation runtime
Fitting model: ExtraTreesEntr ...
	0.8738	 = Validation score   (accuracy)
	59.03s	 = Training   runtime
	4.23s	 = Validation runtime
Fitting model: XGBoost ...
	0.9166	 = Validation score   (accuracy)
	1125.99s	 = Training   runtime
	2.74s	 = Validation runtime
Fitting model: RandomForestGini ...
	0.8993	 = Validation score   (accuracy)
	1176.9s	 = Training   runtime
	0.77s	 = Validation runtime
Fitting model: ExtraTreesGini ...
	0.8841	 = Validation score   (accuracy)
	730.88s	 = Training   runtime
	1.68s	 = Validation runtime
Fitting model: ExtraTreesGini ...
	0.8855	 = Validation score   (accuracy)
	450.72s	 = Training   runtime
	4.78s	 = Validation runtime
Fitting model: LightGBMLarge ...
	0.88	 = Validation score   (accuracy)
	85.89s	 = Training   runtime
	5.45s	 = Validation runtime
Fitting model: ExtraTreesEntr ...
	0.8834	 = Validation score   (accuracy)
	735.88s	 = Training   runtime
	1.16s	 = Validation runtime
Fitting model: ExtraTreesGini ...
	0.8945	 = Validation score   (accuracy)
	139.79s	 = Training   runtime
	7.54s	 = Validation runtime
Fitting model: RandomForestEntr ...
	0.8662	 = Validation score   (accuracy)
	90.71s	 = Training   runtime
	5.08s	 = Validation runtime
Fitting model: ExtraTreesEntr ...
	0.8628	 = Validation score   (accuracy)
	2610.91s	 = Training   runtime
	4.06s	 = Validation runtime
	0.8738	 = Validation score   (accuracy)
	81.26s	 = Training   runtime
	9.44s	 = Validation runtime
Fitting model: XGBoost ...
Fitting model: WeightedEnsemble_L2 ...
	0.8683	 = Validation score   (accuracy)
	93.34s	 = Training   runtime
	7.15s	 = Validation runtime
Fitting model: ExtraTreesEntr ...
	Ensemble Weights: {'LightGBM': 0.474, 'RandomForestGini': 0.263, 'ExtraTreesGini': 0.158, 'LightGBMXT': 0.053, 'LightGBMLarge': 0.053}
	0.8683	 = Validation score   (accuracy)
	54.11s	 = Training   runtime
	0.21s	 = Validation runtime
AutoGluon training complete, total runtime = 5839.73s ... Best model: "WeightedEnsemble_L2"
TabularPredictor saved. To load, use: predictor = TabularPredictor.load("AutogluonModels/ag-20250416_034029-005/Predictor_S5 (SBS5 - 0.98)")
Presets specified: ['medium_quality']
Beginning AutoGluon training ...
AutoGluon will save models to "AutogluonModels/ag-20250416_034029-005/Predictor_S6 (SBS7a - 1.00)"
=================== System Info ===================
AutoGluon Version:  1.1.0
Python Version:     3.10.15
Operating System:   Linux
Platform Machine:   x86_64
Platform Version:   #1 SMP PREEMPT_DYNAMIC Thu Apr 3 12:12:16 UTC 2025
CPU Count:          272
Memory Avail:       189.41 GB / 203.90 GB (92.9%)
Disk Space Avail:   1337.90 GB / 5120.00 GB (26.1%)
===================================================
Train Data Rows:    14495
Train Data Columns: 101
Label Column:       S6 (SBS7a - 1.00)
AutoGluon infers your prediction problem is: 'binary' (because only two unique label-values observed).
	2 unique label values:  [False, True]
	If 'binary' is not the correct problem_type, please manually specify the problem_type parameter during predictor init (You may specify problem_type as one of: ['binary', 'multiclass', 'regression'])
Problem Type:       binary
Preprocessing data ...
Selected class <--> label mapping:  class 1 = True, class 0 = False
Using Feature Generators to preprocess the data ...
Fitting AutoMLPipelineFeatureGenerator...
	Available Memory:                    193956.65 MB
	Train Data (Original)  Memory Usage: 10.69 MB (0.0% of available memory)
	Inferring data type of each feature based on column values. Set feature_metadata_in to manually specify special dtypes of the features.
	0.8697	 = Validation score   (accuracy)
	100.45s	 = Training   runtime
	5.46s	 = Validation runtime
Fitting model: XGBoost ...
	Stage 1 Generators:
		Fitting AsTypeFeatureGenerator...
			Note: Converting 5 features to boolean dtype as they only contain 2 unique values.
	Stage 2 Generators:
		Fitting FillNaFeatureGenerator...
	Stage 3 Generators:
		Fitting IdentityFeatureGenerator...
	Stage 4 Generators:
		Fitting DropUniqueFeatureGenerator...
	Stage 5 Generators:
		Fitting DropDuplicatesFeatureGenerator...
	0.8959	 = Validation score   (accuracy)
	140.94s	 = Training   runtime
	7.81s	 = Validation runtime
Fitting model: CatBoost ...
	0.9124	 = Validation score   (accuracy)
	1396.48s	 = Training   runtime
	3.29s	 = Validation runtime
Fitting model: RandomForestGini ...
	Types of features in original data (raw dtype, special dtypes):
		('bool', []) :  5 | ['S1 (SBS1 - 0.99)', 'S2 (SBS2 - 0.99)', 'S3 (SBS3 - 0.97)', 'S4 (SBS4 - 0.98)', 'S5 (SBS5 - 0.98)']
		('int', [])  : 96 | ['A[C>A]A', 'A[C>A]C', 'A[C>A]G', 'A[C>A]T', 'A[C>G]A', ...]
	Types of features in processed data (raw dtype, special dtypes):
		('int', [])       : 96 | ['A[C>A]A', 'A[C>A]C', 'A[C>A]G', 'A[C>A]T', 'A[C>G]A', ...]
		('int', ['bool']) :  5 | ['S1 (SBS1 - 0.99)', 'S2 (SBS2 - 0.99)', 'S3 (SBS3 - 0.97)', 'S4 (SBS4 - 0.98)', 'S5 (SBS5 - 0.98)']
	63.3s = Fit runtime
	101 features in original data used to generate 101 features in processed data.
	Train Data (Processed) Memory Usage: 10.69 MB (0.0% of available memory)
Data preprocessing and feature engineering runtime = 65.21s ...
AutoGluon will gauge predictive performance using evaluation metric: 'accuracy'
	To change this, specify the eval_metric parameter of Predictor()
	0.8703	 = Validation score   (accuracy)
	74.01s	 = Training   runtime
	4.57s	 = Validation runtime
Fitting model: XGBoost ...
Automatically generating train/validation split with holdout_frac=0.1, Train Rows: 13045, Val Rows: 1450
User-specified model hyperparameters to be fit:
{
	'GBM': [{'extra_trees': True, 'ag_args': {'name_suffix': 'XT'}}, {}, 'GBMLarge'],
	'CAT': {},
	'XGB': {},
	'RF': [{'criterion': 'gini', 'ag_args': {'name_suffix': 'Gini', 'problem_types': ['binary', 'multiclass']}}, {'criterion': 'entropy', 'ag_args': {'name_suffix': 'Entr', 'problem_types': ['binary', 'multiclass']}}, {'criterion': 'squared_error', 'ag_args': {'name_suffix': 'MSE', 'problem_types': ['regression']}}],
	'XT': [{'criterion': 'gini', 'ag_args': {'name_suffix': 'Gini', 'problem_types': ['binary', 'multiclass']}}, {'criterion': 'entropy', 'ag_args': {'name_suffix': 'Entr', 'problem_types': ['binary', 'multiclass']}}, {'criterion': 'squared_error', 'ag_args': {'name_suffix': 'MSE', 'problem_types': ['regression']}}],
	'KNN': [{'weights': 'uniform', 'ag_args': {'name_suffix': 'Unif'}, 'n_jobs': 4}, {'weights': 'distance', 'ag_args': {'name_suffix': 'Dist'}, 'n_jobs': 4}],
}
Fitting 11 L1 models ...
Fitting model: KNeighborsUnif ...
	0.7883	 = Validation score   (accuracy)
	2.55s	 = Training   runtime
	3.46s	 = Validation runtime
Fitting model: KNeighborsDist ...
	0.7876	 = Validation score   (accuracy)
	2.21s	 = Training   runtime
	4.81s	 = Validation runtime
Fitting model: LightGBMXT ...
	0.9083	 = Validation score   (accuracy)
	447.27s	 = Training   runtime
	2.64s	 = Validation runtime
Fitting model: LightGBMLarge ...
	0.8924	 = Validation score   (accuracy)
	98.84s	 = Training   runtime
	3.68s	 = Validation runtime
Fitting model: RandomForestEntr ...
	0.8276	 = Validation score   (accuracy)
	3778.11s	 = Training   runtime
	1.9s	 = Validation runtime
Fitting model: WeightedEnsemble_L2 ...
	Ensemble Weights: {'LightGBM': 0.889, 'LightGBMXT': 0.111}
	0.8359	 = Validation score   (accuracy)
	42.3s	 = Training   runtime
	0.24s	 = Validation runtime
AutoGluon training complete, total runtime = 9837.9s ... Best model: "WeightedEnsemble_L2"
TabularPredictor saved. To load, use: predictor = TabularPredictor.load("AutogluonModels/ag-20250416_034029-009/Predictor_S4 (SBS4 - 0.98)")
Presets specified: ['medium_quality']
Beginning AutoGluon training ...
AutoGluon will save models to "AutogluonModels/ag-20250416_034029-009/Predictor_S5 (SBS5 - 0.98)"
=================== System Info ===================
AutoGluon Version:  1.1.0
Python Version:     3.10.15
Operating System:   Linux
Platform Machine:   x86_64
Platform Version:   #1 SMP PREEMPT_DYNAMIC Thu Apr 3 12:12:16 UTC 2025
CPU Count:          272
Memory Avail:       189.35 GB / 203.90 GB (92.9%)
Disk Space Avail:   1337.63 GB / 5120.00 GB (26.1%)
===================================================
Train Data Rows:    14495
Train Data Columns: 100
Label Column:       S5 (SBS5 - 0.98)
AutoGluon infers your prediction problem is: 'binary' (because only two unique label-values observed).
	2 unique label values:  [True, False]
	If 'binary' is not the correct problem_type, please manually specify the problem_type parameter during predictor init (You may specify problem_type as one of: ['binary', 'multiclass', 'regression'])
Problem Type:       binary
Preprocessing data ...
Selected class <--> label mapping:  class 1 = True, class 0 = False
Using Feature Generators to preprocess the data ...
Fitting AutoMLPipelineFeatureGenerator...
	Available Memory:                    193903.21 MB
	Train Data (Original)  Memory Usage: 10.67 MB (0.0% of available memory)
	Inferring data type of each feature based on column values. Set feature_metadata_in to manually specify special dtypes of the features.
	Stage 1 Generators:
		Fitting AsTypeFeatureGenerator...
			Note: Converting 4 features to boolean dtype as they only contain 2 unique values.
	Stage 2 Generators:
		Fitting FillNaFeatureGenerator...
	Stage 3 Generators:
		Fitting IdentityFeatureGenerator...
	Stage 4 Generators:
		Fitting DropUniqueFeatureGenerator...
	Stage 5 Generators:
		Fitting DropDuplicatesFeatureGenerator...
	Types of features in original data (raw dtype, special dtypes):
		('bool', []) :  4 | ['S1 (SBS1 - 0.99)', 'S2 (SBS2 - 0.99)', 'S3 (SBS3 - 0.97)', 'S4 (SBS4 - 0.98)']
		('int', [])  : 96 | ['A[C>A]A', 'A[C>A]C', 'A[C>A]G', 'A[C>A]T', 'A[C>G]A', ...]
	Types of features in processed data (raw dtype, special dtypes):
		('int', [])       : 96 | ['A[C>A]A', 'A[C>A]C', 'A[C>A]G', 'A[C>A]T', 'A[C>G]A', ...]
		('int', ['bool']) :  4 | ['S1 (SBS1 - 0.99)', 'S2 (SBS2 - 0.99)', 'S3 (SBS3 - 0.97)', 'S4 (SBS4 - 0.98)']
	25.0s = Fit runtime
	100 features in original data used to generate 100 features in processed data.
	Train Data (Processed) Memory Usage: 10.67 MB (0.0% of available memory)
Data preprocessing and feature engineering runtime = 26.39s ...
AutoGluon will gauge predictive performance using evaluation metric: 'accuracy'
	To change this, specify the eval_metric parameter of Predictor()
	0.8924	 = Validation score   (accuracy)
	88.31s	 = Training   runtime
	3.76s	 = Validation runtime
Fitting model: CatBoost ...
Automatically generating train/validation split with holdout_frac=0.1, Train Rows: 13045, Val Rows: 1450
User-specified model hyperparameters to be fit:
{
	'GBM': [{'extra_trees': True, 'ag_args': {'name_suffix': 'XT'}}, {}, 'GBMLarge'],
	'CAT': {},
	'XGB': {},
	'RF': [{'criterion': 'gini', 'ag_args': {'name_suffix': 'Gini', 'problem_types': ['binary', 'multiclass']}}, {'criterion': 'entropy', 'ag_args': {'name_suffix': 'Entr', 'problem_types': ['binary', 'multiclass']}}, {'criterion': 'squared_error', 'ag_args': {'name_suffix': 'MSE', 'problem_types': ['regression']}}],
	'XT': [{'criterion': 'gini', 'ag_args': {'name_suffix': 'Gini', 'problem_types': ['binary', 'multiclass']}}, {'criterion': 'entropy', 'ag_args': {'name_suffix': 'Entr', 'problem_types': ['binary', 'multiclass']}}, {'criterion': 'squared_error', 'ag_args': {'name_suffix': 'MSE', 'problem_types': ['regression']}}],
	'KNN': [{'weights': 'uniform', 'ag_args': {'name_suffix': 'Unif'}, 'n_jobs': 4}, {'weights': 'distance', 'ag_args': {'name_suffix': 'Dist'}, 'n_jobs': 4}],
}
Fitting 11 L1 models ...
Fitting model: KNeighborsUnif ...
	0.8807	 = Validation score   (accuracy)
	2.52s	 = Training   runtime
	4.96s	 = Validation runtime
Fitting model: KNeighborsDist ...
	0.8828	 = Validation score   (accuracy)
	2.15s	 = Training   runtime
	4.16s	 = Validation runtime
Fitting model: LightGBMXT ...
	0.8759	 = Validation score   (accuracy)
	261.97s	 = Training   runtime
	0.4s	 = Validation runtime
Fitting model: LightGBMLarge ...
	0.8786	 = Validation score   (accuracy)
	346.55s	 = Training   runtime
	0.58s	 = Validation runtime
Fitting model: LightGBMLarge ...
	0.8841	 = Validation score   (accuracy)
	1975.18s	 = Training   runtime
	2.46s	 = Validation runtime
Fitting model: LightGBM ...
	0.8986	 = Validation score   (accuracy)
	601.63s	 = Training   runtime
	3.09s	 = Validation runtime
Fitting model: LightGBMLarge ...
	0.9103	 = Validation score   (accuracy)
	1110.65s	 = Training   runtime
	0.39s	 = Validation runtime
Fitting model: ExtraTreesGini ...
	0.9172	 = Validation score   (accuracy)
	665.61s	 = Training   runtime
	1.16s	 = Validation runtime
Fitting model: ExtraTreesGini ...
	0.8793	 = Validation score   (accuracy)
	54.59s	 = Training   runtime
	4.72s	 = Validation runtime
Fitting model: ExtraTreesEntr ...
	0.9179	 = Validation score   (accuracy)
	1186.23s	 = Training   runtime
	1.96s	 = Validation runtime
Fitting model: RandomForestGini ...
	0.8814	 = Validation score   (accuracy)
	59.05s	 = Training   runtime
	8.27s	 = Validation runtime
Fitting model: ExtraTreesEntr ...
	0.8793	 = Validation score   (accuracy)
	71.5s	 = Training   runtime
	4.54s	 = Validation runtime
Fitting model: XGBoost ...
	0.8841	 = Validation score   (accuracy)
	75.62s	 = Training   runtime
	5.43s	 = Validation runtime
Fitting model: XGBoost ...
	0.8786	 = Validation score   (accuracy)
	3168.83s	 = Training   runtime
	2.15s	 = Validation runtime
Fitting model: WeightedEnsemble_L2 ...
	0.8952	 = Validation score   (accuracy)
	144.77s	 = Training   runtime
	3.98s	 = Validation runtime
Fitting model: RandomForestEntr ...
	Ensemble Weights: {'CatBoost': 1.0}
	0.8828	 = Validation score   (accuracy)
	21.43s	 = Training   runtime
	0.16s	 = Validation runtime
AutoGluon training complete, total runtime = 7574.76s ... Best model: "WeightedEnsemble_L2"
TabularPredictor saved. To load, use: predictor = TabularPredictor.load("AutogluonModels/ag-20250416_034029-006/Predictor_S5 (SBS5 - 0.98)")
Presets specified: ['medium_quality']
Beginning AutoGluon training ...
AutoGluon will save models to "AutogluonModels/ag-20250416_034029-006/Predictor_S6 (SBS7a - 1.00)"
=================== System Info ===================
AutoGluon Version:  1.1.0
Python Version:     3.10.15
Operating System:   Linux
Platform Machine:   x86_64
Platform Version:   #1 SMP PREEMPT_DYNAMIC Thu Apr 3 12:12:16 UTC 2025
CPU Count:          272
Memory Avail:       189.46 GB / 203.90 GB (92.9%)
Disk Space Avail:   1337.22 GB / 5120.00 GB (26.1%)
===================================================
Train Data Rows:    14495
Train Data Columns: 101
Label Column:       S6 (SBS7a - 1.00)
AutoGluon infers your prediction problem is: 'binary' (because only two unique label-values observed).
	2 unique label values:  [False, True]
	If 'binary' is not the correct problem_type, please manually specify the problem_type parameter during predictor init (You may specify problem_type as one of: ['binary', 'multiclass', 'regression'])
Problem Type:       binary
Preprocessing data ...
	0.9076	 = Validation score   (accuracy)
	635.05s	 = Training   runtime
	0.67s	 = Validation runtime
Fitting model: ExtraTreesGini ...
Selected class <--> label mapping:  class 1 = True, class 0 = False
Using Feature Generators to preprocess the data ...
Fitting AutoMLPipelineFeatureGenerator...
	Available Memory:                    194035.05 MB
	Train Data (Original)  Memory Usage: 10.69 MB (0.0% of available memory)
	Inferring data type of each feature based on column values. Set feature_metadata_in to manually specify special dtypes of the features.
	Stage 1 Generators:
		Fitting AsTypeFeatureGenerator...
			Note: Converting 5 features to boolean dtype as they only contain 2 unique values.
	Stage 2 Generators:
		Fitting FillNaFeatureGenerator...
	Stage 3 Generators:
		Fitting IdentityFeatureGenerator...
	Stage 4 Generators:
		Fitting DropUniqueFeatureGenerator...
	Stage 5 Generators:
		Fitting DropDuplicatesFeatureGenerator...
	Types of features in original data (raw dtype, special dtypes):
		('bool', []) :  5 | ['S1 (SBS1 - 0.99)', 'S2 (SBS2 - 0.99)', 'S3 (SBS3 - 0.97)', 'S4 (SBS4 - 0.98)', 'S5 (SBS5 - 0.98)']
		('int', [])  : 96 | ['A[C>A]A', 'A[C>A]C', 'A[C>A]G', 'A[C>A]T', 'A[C>G]A', ...]
	Types of features in processed data (raw dtype, special dtypes):
		('int', [])       : 96 | ['A[C>A]A', 'A[C>A]C', 'A[C>A]G', 'A[C>A]T', 'A[C>G]A', ...]
		('int', ['bool']) :  5 | ['S1 (SBS1 - 0.99)', 'S2 (SBS2 - 0.99)', 'S3 (SBS3 - 0.97)', 'S4 (SBS4 - 0.98)', 'S5 (SBS5 - 0.98)']
	39.9s = Fit runtime
	101 features in original data used to generate 101 features in processed data.
	Train Data (Processed) Memory Usage: 10.69 MB (0.0% of available memory)
Data preprocessing and feature engineering runtime = 42.53s ...
AutoGluon will gauge predictive performance using evaluation metric: 'accuracy'
	To change this, specify the eval_metric parameter of Predictor()
Automatically generating train/validation split with holdout_frac=0.1, Train Rows: 13045, Val Rows: 1450
User-specified model hyperparameters to be fit:
{
	'GBM': [{'extra_trees': True, 'ag_args': {'name_suffix': 'XT'}}, {}, 'GBMLarge'],
	'CAT': {},
	'XGB': {},
	'RF': [{'criterion': 'gini', 'ag_args': {'name_suffix': 'Gini', 'problem_types': ['binary', 'multiclass']}}, {'criterion': 'entropy', 'ag_args': {'name_suffix': 'Entr', 'problem_types': ['binary', 'multiclass']}}, {'criterion': 'squared_error', 'ag_args': {'name_suffix': 'MSE', 'problem_types': ['regression']}}],
	'XT': [{'criterion': 'gini', 'ag_args': {'name_suffix': 'Gini', 'problem_types': ['binary', 'multiclass']}}, {'criterion': 'entropy', 'ag_args': {'name_suffix': 'Entr', 'problem_types': ['binary', 'multiclass']}}, {'criterion': 'squared_error', 'ag_args': {'name_suffix': 'MSE', 'problem_types': ['regression']}}],
	'KNN': [{'weights': 'uniform', 'ag_args': {'name_suffix': 'Unif'}, 'n_jobs': 4}, {'weights': 'distance', 'ag_args': {'name_suffix': 'Dist'}, 'n_jobs': 4}],
}
Fitting 11 L1 models ...
Fitting model: KNeighborsUnif ...
	0.7917	 = Validation score   (accuracy)
	2.95s	 = Training   runtime
	15.86s	 = Validation runtime
Fitting model: KNeighborsDist ...
	0.791	 = Validation score   (accuracy)
	2.98s	 = Training   runtime
	8.5s	 = Validation runtime
Fitting model: LightGBMXT ...
	0.8766	 = Validation score   (accuracy)
	68.0s	 = Training   runtime
	3.67s	 = Validation runtime
Fitting model: ExtraTreesEntr ...
	0.8972	 = Validation score   (accuracy)
	112.4s	 = Training   runtime
	5.84s	 = Validation runtime
Fitting model: CatBoost ...
	0.8779	 = Validation score   (accuracy)
	54.62s	 = Training   runtime
	3.43s	 = Validation runtime
Fitting model: XGBoost ...
	0.9124	 = Validation score   (accuracy)
	388.97s	 = Training   runtime
	0.68s	 = Validation runtime
Fitting model: LightGBMLarge ...
	0.9145	 = Validation score   (accuracy)
	590.36s	 = Training   runtime
	1.53s	 = Validation runtime
Fitting model: LightGBMLarge ...
	0.8793	 = Validation score   (accuracy)
	971.7s	 = Training   runtime
	0.93s	 = Validation runtime
Fitting model: RandomForestGini ...
	0.9159	 = Validation score   (accuracy)
	555.37s	 = Training   runtime
	0.87s	 = Validation runtime
Fitting model: ExtraTreesGini ...
	0.8697	 = Validation score   (accuracy)
	59.69s	 = Training   runtime
	3.86s	 = Validation runtime
Fitting model: RandomForestEntr ...
	0.9097	 = Validation score   (accuracy)
	551.56s	 = Training   runtime
	1.75s	 = Validation runtime
Fitting model: LightGBMLarge ...
	0.8841	 = Validation score   (accuracy)
	49.35s	 = Training   runtime
	4.73s	 = Validation runtime
Fitting model: ExtraTreesEntr ...
	0.8448	 = Validation score   (accuracy)
	1542.37s	 = Training   runtime
	4.31s	 = Validation runtime
Fitting model: LightGBM ...
	0.8703	 = Validation score   (accuracy)
	86.08s	 = Training   runtime
	4.5s	 = Validation runtime
Fitting model: CatBoost ...
	0.8855	 = Validation score   (accuracy)
	59.8s	 = Training   runtime
	3.18s	 = Validation runtime
Fitting model: XGBoost ...
	0.9083	 = Validation score   (accuracy)
	2195.82s	 = Training   runtime
	2.19s	 = Validation runtime
Fitting model: LightGBM ...
	0.9276	 = Validation score   (accuracy)
	1544.42s	 = Training   runtime
	1.86s	 = Validation runtime
Fitting model: LightGBM ...
	0.8241	 = Validation score   (accuracy)
	7212.11s	 = Training   runtime
	3.75s	 = Validation runtime
Fitting model: WeightedEnsemble_L2 ...
	Ensemble Weights: {'LightGBMLarge': 0.45, 'LightGBMXT': 0.15, 'RandomForestEntr': 0.15, 'KNeighborsUnif': 0.05, 'LightGBM': 0.05, 'RandomForestGini': 0.05, 'ExtraTreesEntr': 0.05, 'XGBoost': 0.05}
	0.831	 = Validation score   (accuracy)
	8.47s	 = Training   runtime
	0.07s	 = Validation runtime
AutoGluon training complete, total runtime = 12515.42s ... Best model: "WeightedEnsemble_L2"
TabularPredictor saved. To load, use: predictor = TabularPredictor.load("AutogluonModels/ag-20250416_034029-008/Predictor_S4 (SBS4 - 0.98)")
Presets specified: ['medium_quality']
Beginning AutoGluon training ...
AutoGluon will save models to "AutogluonModels/ag-20250416_034029-008/Predictor_S5 (SBS5 - 0.98)"
=================== System Info ===================
AutoGluon Version:  1.1.0
Python Version:     3.10.15
Operating System:   Linux
Platform Machine:   x86_64
Platform Version:   #1 SMP PREEMPT_DYNAMIC Thu Apr 3 12:12:16 UTC 2025
CPU Count:          272
Memory Avail:       189.50 GB / 203.90 GB (92.9%)
Disk Space Avail:   1336.74 GB / 5120.00 GB (26.1%)
===================================================
Train Data Rows:    14495
Train Data Columns: 100
Label Column:       S5 (SBS5 - 0.98)
AutoGluon infers your prediction problem is: 'binary' (because only two unique label-values observed).
	2 unique label values:  [True, False]
	If 'binary' is not the correct problem_type, please manually specify the problem_type parameter during predictor init (You may specify problem_type as one of: ['binary', 'multiclass', 'regression'])
Problem Type:       binary
Preprocessing data ...
Selected class <--> label mapping:  class 1 = True, class 0 = False
Using Feature Generators to preprocess the data ...
Fitting AutoMLPipelineFeatureGenerator...
	Available Memory:                    194058.58 MB
	Train Data (Original)  Memory Usage: 10.67 MB (0.0% of available memory)
	Inferring data type of each feature based on column values. Set feature_metadata_in to manually specify special dtypes of the features.
	Stage 1 Generators:
		Fitting AsTypeFeatureGenerator...
			Note: Converting 4 features to boolean dtype as they only contain 2 unique values.
	Stage 2 Generators:
		Fitting FillNaFeatureGenerator...
	Stage 3 Generators:
		Fitting IdentityFeatureGenerator...
	Stage 4 Generators:
		Fitting DropUniqueFeatureGenerator...
	Stage 5 Generators:
		Fitting DropDuplicatesFeatureGenerator...
	Types of features in original data (raw dtype, special dtypes):
		('bool', []) :  4 | ['S1 (SBS1 - 0.99)', 'S2 (SBS2 - 0.99)', 'S3 (SBS3 - 0.97)', 'S4 (SBS4 - 0.98)']
		('int', [])  : 96 | ['A[C>A]A', 'A[C>A]C', 'A[C>A]G', 'A[C>A]T', 'A[C>G]A', ...]
	Types of features in processed data (raw dtype, special dtypes):
		('int', [])       : 96 | ['A[C>A]A', 'A[C>A]C', 'A[C>A]G', 'A[C>A]T', 'A[C>G]A', ...]
		('int', ['bool']) :  4 | ['S1 (SBS1 - 0.99)', 'S2 (SBS2 - 0.99)', 'S3 (SBS3 - 0.97)', 'S4 (SBS4 - 0.98)']
	8.0s = Fit runtime
	100 features in original data used to generate 100 features in processed data.
	Train Data (Processed) Memory Usage: 10.67 MB (0.0% of available memory)
Data preprocessing and feature engineering runtime = 8.66s ...
AutoGluon will gauge predictive performance using evaluation metric: 'accuracy'
	To change this, specify the eval_metric parameter of Predictor()
Automatically generating train/validation split with holdout_frac=0.1, Train Rows: 13045, Val Rows: 1450
User-specified model hyperparameters to be fit:
{
	'GBM': [{'extra_trees': True, 'ag_args': {'name_suffix': 'XT'}}, {}, 'GBMLarge'],
	'CAT': {},
	'XGB': {},
	'RF': [{'criterion': 'gini', 'ag_args': {'name_suffix': 'Gini', 'problem_types': ['binary', 'multiclass']}}, {'criterion': 'entropy', 'ag_args': {'name_suffix': 'Entr', 'problem_types': ['binary', 'multiclass']}}, {'criterion': 'squared_error', 'ag_args': {'name_suffix': 'MSE', 'problem_types': ['regression']}}],
	'XT': [{'criterion': 'gini', 'ag_args': {'name_suffix': 'Gini', 'problem_types': ['binary', 'multiclass']}}, {'criterion': 'entropy', 'ag_args': {'name_suffix': 'Entr', 'problem_types': ['binary', 'multiclass']}}, {'criterion': 'squared_error', 'ag_args': {'name_suffix': 'MSE', 'problem_types': ['regression']}}],
	'KNN': [{'weights': 'uniform', 'ag_args': {'name_suffix': 'Unif'}, 'n_jobs': 4}, {'weights': 'distance', 'ag_args': {'name_suffix': 'Dist'}, 'n_jobs': 4}],
}
Fitting 11 L1 models ...
Fitting model: KNeighborsUnif ...
	0.8814	 = Validation score   (accuracy)
	1.39s	 = Training   runtime
	4.5s	 = Validation runtime
Fitting model: KNeighborsDist ...
	0.8834	 = Validation score   (accuracy)
	0.93s	 = Training   runtime
	4.19s	 = Validation runtime
Fitting model: LightGBMXT ...
	0.8834	 = Validation score   (accuracy)
	451.67s	 = Training   runtime
	0.34s	 = Validation runtime
Fitting model: ExtraTreesGini ...
	0.8607	 = Validation score   (accuracy)
	38.86s	 = Training   runtime
	2.19s	 = Validation runtime
Fitting model: ExtraTreesEntr ...
	0.8634	 = Validation score   (accuracy)
	39.16s	 = Training   runtime
	2.3s	 = Validation runtime
Fitting model: XGBoost ...
	0.9207	 = Validation score   (accuracy)
	676.52s	 = Training   runtime
	1.36s	 = Validation runtime
Fitting model: LightGBMLarge ...
	0.8483	 = Validation score   (accuracy)
	1392.96s	 = Training   runtime
	1.71s	 = Validation runtime
Fitting model: LightGBM ...
	0.8476	 = Validation score   (accuracy)
	936.62s	 = Training   runtime
	0.94s	 = Validation runtime
Fitting model: RandomForestGini ...
	0.8338	 = Validation score   (accuracy)
	51.47s	 = Training   runtime
	2.68s	 = Validation runtime
Fitting model: RandomForestEntr ...
	0.8338	 = Validation score   (accuracy)
	47.67s	 = Training   runtime
	2.27s	 = Validation runtime
Fitting model: CatBoost ...
	0.8386	 = Validation score   (accuracy)
	250.17s	 = Training   runtime
	0.32s	 = Validation runtime
Fitting model: ExtraTreesGini ...
	0.8841	 = Validation score   (accuracy)
	722.71s	 = Training   runtime
	2.16s	 = Validation runtime
Fitting model: LightGBMLarge ...
	0.8421	 = Validation score   (accuracy)
	577.86s	 = Training   runtime
	0.62s	 = Validation runtime
Fitting model: RandomForestGini ...
	0.9166	 = Validation score   (accuracy)
	1013.94s	 = Training   runtime
	1.24s	 = Validation runtime
Fitting model: LightGBM ...
	0.8283	 = Validation score   (accuracy)
	39.09s	 = Training   runtime
	5.36s	 = Validation runtime
Fitting model: ExtraTreesEntr ...
	0.8407	 = Validation score   (accuracy)
	87.22s	 = Training   runtime
	5.17s	 = Validation runtime
Fitting model: RandomForestEntr ...
	0.8276	 = Validation score   (accuracy)
	70.19s	 = Training   runtime
	3.48s	 = Validation runtime
Fitting model: XGBoost ...
	0.8386	 = Validation score   (accuracy)
	63.38s	 = Training   runtime
	2.47s	 = Validation runtime
Fitting model: CatBoost ...
	0.92	 = Validation score   (accuracy)
	1434.81s	 = Training   runtime
	1.69s	 = Validation runtime
Fitting model: RandomForestGini ...
	0.8883	 = Validation score   (accuracy)
	3481.42s	 = Training   runtime
	3.36s	 = Validation runtime
Fitting model: WeightedEnsemble_L2 ...
	Ensemble Weights: {'CatBoost': 0.8, 'LightGBMLarge': 0.2}
	0.891	 = Validation score   (accuracy)
	28.11s	 = Training   runtime
	0.13s	 = Validation runtime
AutoGluon training complete, total runtime = 8204.69s ... Best model: "WeightedEnsemble_L2"
TabularPredictor saved. To load, use: predictor = TabularPredictor.load("AutogluonModels/ag-20250416_034029/Predictor_S5 (SBS5 - 0.98)")
Presets specified: ['medium_quality']
Beginning AutoGluon training ...
AutoGluon will save models to "AutogluonModels/ag-20250416_034029/Predictor_S6 (SBS7a - 1.00)"
=================== System Info ===================
AutoGluon Version:  1.1.0
Python Version:     3.10.15
Operating System:   Linux
Platform Machine:   x86_64
Platform Version:   #1 SMP PREEMPT_DYNAMIC Thu Apr 3 12:12:16 UTC 2025
CPU Count:          272
Memory Avail:       189.43 GB / 203.90 GB (92.9%)
Disk Space Avail:   1336.03 GB / 5120.00 GB (26.1%)
===================================================
Train Data Rows:    14495
Train Data Columns: 101
Label Column:       S6 (SBS7a - 1.00)
AutoGluon infers your prediction problem is: 'binary' (because only two unique label-values observed).
	2 unique label values:  [False, True]
	If 'binary' is not the correct problem_type, please manually specify the problem_type parameter during predictor init (You may specify problem_type as one of: ['binary', 'multiclass', 'regression'])
Problem Type:       binary
Preprocessing data ...
Selected class <--> label mapping:  class 1 = True, class 0 = False
Using Feature Generators to preprocess the data ...
Fitting AutoMLPipelineFeatureGenerator...
	Available Memory:                    193987.82 MB
	Train Data (Original)  Memory Usage: 10.69 MB (0.0% of available memory)
	Inferring data type of each feature based on column values. Set feature_metadata_in to manually specify special dtypes of the features.
	Stage 1 Generators:
		Fitting AsTypeFeatureGenerator...
			Note: Converting 5 features to boolean dtype as they only contain 2 unique values.
	Stage 2 Generators:
		Fitting FillNaFeatureGenerator...
	Stage 3 Generators:
		Fitting IdentityFeatureGenerator...
	Stage 4 Generators:
		Fitting DropUniqueFeatureGenerator...
	Stage 5 Generators:
		Fitting DropDuplicatesFeatureGenerator...
	Types of features in original data (raw dtype, special dtypes):
		('bool', []) :  5 | ['S1 (SBS1 - 0.99)', 'S2 (SBS2 - 0.99)', 'S3 (SBS3 - 0.97)', 'S4 (SBS4 - 0.98)', 'S5 (SBS5 - 0.98)']
		('int', [])  : 96 | ['A[C>A]A', 'A[C>A]C', 'A[C>A]G', 'A[C>A]T', 'A[C>G]A', ...]
	Types of features in processed data (raw dtype, special dtypes):
		('int', [])       : 96 | ['A[C>A]A', 'A[C>A]C', 'A[C>A]G', 'A[C>A]T', 'A[C>G]A', ...]
		('int', ['bool']) :  5 | ['S1 (SBS1 - 0.99)', 'S2 (SBS2 - 0.99)', 'S3 (SBS3 - 0.97)', 'S4 (SBS4 - 0.98)', 'S5 (SBS5 - 0.98)']
	22.7s = Fit runtime
	101 features in original data used to generate 101 features in processed data.
	Train Data (Processed) Memory Usage: 10.69 MB (0.0% of available memory)
Data preprocessing and feature engineering runtime = 25.16s ...
AutoGluon will gauge predictive performance using evaluation metric: 'accuracy'
	To change this, specify the eval_metric parameter of Predictor()
Automatically generating train/validation split with holdout_frac=0.1, Train Rows: 13045, Val Rows: 1450
User-specified model hyperparameters to be fit:
{
	'GBM': [{'extra_trees': True, 'ag_args': {'name_suffix': 'XT'}}, {}, 'GBMLarge'],
	'CAT': {},
	'XGB': {},
	'RF': [{'criterion': 'gini', 'ag_args': {'name_suffix': 'Gini', 'problem_types': ['binary', 'multiclass']}}, {'criterion': 'entropy', 'ag_args': {'name_suffix': 'Entr', 'problem_types': ['binary', 'multiclass']}}, {'criterion': 'squared_error', 'ag_args': {'name_suffix': 'MSE', 'problem_types': ['regression']}}],
	'XT': [{'criterion': 'gini', 'ag_args': {'name_suffix': 'Gini', 'problem_types': ['binary', 'multiclass']}}, {'criterion': 'entropy', 'ag_args': {'name_suffix': 'Entr', 'problem_types': ['binary', 'multiclass']}}, {'criterion': 'squared_error', 'ag_args': {'name_suffix': 'MSE', 'problem_types': ['regression']}}],
	'KNN': [{'weights': 'uniform', 'ag_args': {'name_suffix': 'Unif'}, 'n_jobs': 4}, {'weights': 'distance', 'ag_args': {'name_suffix': 'Dist'}, 'n_jobs': 4}],
}
Fitting 11 L1 models ...
Fitting model: KNeighborsUnif ...
	0.8028	 = Validation score   (accuracy)
	1.65s	 = Training   runtime
	3.76s	 = Validation runtime
Fitting model: KNeighborsDist ...
	0.8972	 = Validation score   (accuracy)
	86.37s	 = Training   runtime
	2.97s	 = Validation runtime
Fitting model: RandomForestEntr ...
	0.8021	 = Validation score   (accuracy)
	1.0s	 = Training   runtime
	3.85s	 = Validation runtime
Fitting model: LightGBMXT ...
	0.8428	 = Validation score   (accuracy)
	330.83s	 = Training   runtime
	1.33s	 = Validation runtime
Fitting model: LightGBMLarge ...
	0.8979	 = Validation score   (accuracy)
	92.08s	 = Training   runtime
	2.85s	 = Validation runtime
Fitting model: CatBoost ...
	0.8421	 = Validation score   (accuracy)
	664.94s	 = Training   runtime
	0.45s	 = Validation runtime
Fitting model: ExtraTreesGini ...
	0.8345	 = Validation score   (accuracy)
	50.79s	 = Training   runtime
	3.15s	 = Validation runtime
Fitting model: ExtraTreesEntr ...
	0.8359	 = Validation score   (accuracy)
	43.93s	 = Training   runtime
	3.52s	 = Validation runtime
Fitting model: XGBoost ...
	0.9124	 = Validation score   (accuracy)
	2189.19s	 = Training   runtime
	2.62s	 = Validation runtime
Fitting model: RandomForestGini ...
	0.8876	 = Validation score   (accuracy)
	70.3s	 = Training   runtime
	3.36s	 = Validation runtime
Fitting model: RandomForestEntr ...
	0.889	 = Validation score   (accuracy)
	69.47s	 = Training   runtime
	3.62s	 = Validation runtime
Fitting model: CatBoost ...
	0.9166	 = Validation score   (accuracy)
	1275.95s	 = Training   runtime
	1.54s	 = Validation runtime
Fitting model: RandomForestGini ...
	0.8945	 = Validation score   (accuracy)
	92.73s	 = Training   runtime
	3.48s	 = Validation runtime
Fitting model: RandomForestEntr ...
	0.9097	 = Validation score   (accuracy)
	3221.32s	 = Training   runtime
	1.04s	 = Validation runtime
Fitting model: WeightedEnsemble_L2 ...
	0.8455	 = Validation score   (accuracy)
	535.6s	 = Training   runtime
	2.39s	 = Validation runtime
Fitting model: LightGBMLarge ...
	0.8241	 = Validation score   (accuracy)
	8092.04s	 = Training   runtime
	6.16s	 = Validation runtime
Fitting model: WeightedEnsemble_L2 ...
	Ensemble Weights: {'LightGBM': 1.0}
	0.9214	 = Validation score   (accuracy)
	45.96s	 = Training   runtime
	0.3s	 = Validation runtime
AutoGluon training complete, total runtime = 8351.01s ... Best model: "WeightedEnsemble_L2"
TabularPredictor saved. To load, use: predictor = TabularPredictor.load("AutogluonModels/ag-20250416_034029-012/Predictor_S5 (SBS5 - 0.98)")
Presets specified: ['medium_quality']
Beginning AutoGluon training ...
AutoGluon will save models to "AutogluonModels/ag-20250416_034029-012/Predictor_S6 (SBS7a - 1.00)"
=================== System Info ===================
AutoGluon Version:  1.1.0
Python Version:     3.10.15
Operating System:   Linux
Platform Machine:   x86_64
Platform Version:   #1 SMP PREEMPT_DYNAMIC Thu Apr 3 12:12:16 UTC 2025
CPU Count:          272
Memory Avail:       189.38 GB / 203.90 GB (92.9%)
Disk Space Avail:   1335.61 GB / 5120.00 GB (26.1%)
===================================================
Train Data Rows:    14495
Train Data Columns: 101
Label Column:       S6 (SBS7a - 1.00)
AutoGluon infers your prediction problem is: 'binary' (because only two unique label-values observed).
	2 unique label values:  [False, True]
	If 'binary' is not the correct problem_type, please manually specify the problem_type parameter during predictor init (You may specify problem_type as one of: ['binary', 'multiclass', 'regression'])
Problem Type:       binary
Preprocessing data ...
Selected class <--> label mapping:  class 1 = True, class 0 = False
Using Feature Generators to preprocess the data ...
Fitting AutoMLPipelineFeatureGenerator...
	0.8938	 = Validation score   (accuracy)
	87.77s	 = Training   runtime
	4.59s	 = Validation runtime
	Available Memory:                    193942.22 MB
	Train Data (Original)  Memory Usage: 10.69 MB (0.0% of available memory)
	Inferring data type of each feature based on column values. Set feature_metadata_in to manually specify special dtypes of the features.
Fitting model: CatBoost ...
	Stage 1 Generators:
		Fitting AsTypeFeatureGenerator...
			Note: Converting 5 features to boolean dtype as they only contain 2 unique values.
	Stage 2 Generators:
		Fitting FillNaFeatureGenerator...
	Stage 3 Generators:
		Fitting IdentityFeatureGenerator...
	Stage 4 Generators:
		Fitting DropUniqueFeatureGenerator...
	Stage 5 Generators:
		Fitting DropDuplicatesFeatureGenerator...
	Ensemble Weights: {'LightGBM': 0.727, 'LightGBMXT': 0.182, 'ExtraTreesEntr': 0.091}
	0.8317	 = Validation score   (accuracy)
	32.73s	 = Training   runtime
	0.13s	 = Validation runtime
AutoGluon training complete, total runtime = 13374.02s ... Best model: "WeightedEnsemble_L2"
TabularPredictor saved. To load, use: predictor = TabularPredictor.load("AutogluonModels/ag-20250416_034029-010/Predictor_S4 (SBS4 - 0.98)")
Presets specified: ['medium_quality']
	Types of features in original data (raw dtype, special dtypes):
		('bool', []) :  5 | ['S1 (SBS1 - 0.99)', 'S2 (SBS2 - 0.99)', 'S3 (SBS3 - 0.97)', 'S4 (SBS4 - 0.98)', 'S5 (SBS5 - 0.98)']
		('int', [])  : 96 | ['A[C>A]A', 'A[C>A]C', 'A[C>A]G', 'A[C>A]T', 'A[C>G]A', ...]
	Types of features in processed data (raw dtype, special dtypes):
		('int', [])       : 96 | ['A[C>A]A', 'A[C>A]C', 'A[C>A]G', 'A[C>A]T', 'A[C>G]A', ...]
		('int', ['bool']) :  5 | ['S1 (SBS1 - 0.99)', 'S2 (SBS2 - 0.99)', 'S3 (SBS3 - 0.97)', 'S4 (SBS4 - 0.98)', 'S5 (SBS5 - 0.98)']
	23.3s = Fit runtime
	101 features in original data used to generate 101 features in processed data.
Beginning AutoGluon training ...
AutoGluon will save models to "AutogluonModels/ag-20250416_034029-010/Predictor_S5 (SBS5 - 0.98)"
=================== System Info ===================
AutoGluon Version:  1.1.0
Python Version:     3.10.15
Operating System:   Linux
Platform Machine:   x86_64
Platform Version:   #1 SMP PREEMPT_DYNAMIC Thu Apr 3 12:12:16 UTC 2025
CPU Count:          272
Memory Avail:       189.36 GB / 203.90 GB (92.9%)
Disk Space Avail:   1335.58 GB / 5120.00 GB (26.1%)
===================================================
Train Data Rows:    14495
Train Data Columns: 100
Label Column:       S5 (SBS5 - 0.98)
AutoGluon infers your prediction problem is: 'binary' (because only two unique label-values observed).
	2 unique label values:  [True, False]
	If 'binary' is not the correct problem_type, please manually specify the problem_type parameter during predictor init (You may specify problem_type as one of: ['binary', 'multiclass', 'regression'])
Problem Type:       binary
Preprocessing data ...
Selected class <--> label mapping:  class 1 = True, class 0 = False
Using Feature Generators to preprocess the data ...
Fitting AutoMLPipelineFeatureGenerator...
	Train Data (Processed) Memory Usage: 10.69 MB (0.0% of available memory)
Data preprocessing and feature engineering runtime = 25.49s ...
AutoGluon will gauge predictive performance using evaluation metric: 'accuracy'
	To change this, specify the eval_metric parameter of Predictor()
Automatically generating train/validation split with holdout_frac=0.1, Train Rows: 13045, Val Rows: 1450
User-specified model hyperparameters to be fit:
{
	'GBM': [{'extra_trees': True, 'ag_args': {'name_suffix': 'XT'}}, {}, 'GBMLarge'],
	'CAT': {},
	'XGB': {},
	'RF': [{'criterion': 'gini', 'ag_args': {'name_suffix': 'Gini', 'problem_types': ['binary', 'multiclass']}}, {'criterion': 'entropy', 'ag_args': {'name_suffix': 'Entr', 'problem_types': ['binary', 'multiclass']}}, {'criterion': 'squared_error', 'ag_args': {'name_suffix': 'MSE', 'problem_types': ['regression']}}],
	'XT': [{'criterion': 'gini', 'ag_args': {'name_suffix': 'Gini', 'problem_types': ['binary', 'multiclass']}}, {'criterion': 'entropy', 'ag_args': {'name_suffix': 'Entr', 'problem_types': ['binary', 'multiclass']}}, {'criterion': 'squared_error', 'ag_args': {'name_suffix': 'MSE', 'problem_types': ['regression']}}],
	'KNN': [{'weights': 'uniform', 'ag_args': {'name_suffix': 'Unif'}, 'n_jobs': 4}, {'weights': 'distance', 'ag_args': {'name_suffix': 'Dist'}, 'n_jobs': 4}],
}
	Available Memory:                    193919.01 MB
	Train Data (Original)  Memory Usage: 10.67 MB (0.0% of available memory)
	Inferring data type of each feature based on column values. Set feature_metadata_in to manually specify special dtypes of the features.
Fitting 11 L1 models ...
Fitting model: KNeighborsUnif ...
	Stage 1 Generators:
		Fitting AsTypeFeatureGenerator...
			Note: Converting 4 features to boolean dtype as they only contain 2 unique values.
	Stage 2 Generators:
		Fitting FillNaFeatureGenerator...
	0.8269	 = Validation score   (accuracy)
	2.66s	 = Training   runtime
	4.58s	 = Validation runtime
Fitting model: KNeighborsDist ...
	Stage 3 Generators:
		Fitting IdentityFeatureGenerator...
	Stage 4 Generators:
		Fitting DropUniqueFeatureGenerator...
	Stage 5 Generators:
		Fitting DropDuplicatesFeatureGenerator...
	0.8262	 = Validation score   (accuracy)
	2.83s	 = Training   runtime
	3.97s	 = Validation runtime
Fitting model: LightGBMXT ...
	Types of features in original data (raw dtype, special dtypes):
		('bool', []) :  4 | ['S1 (SBS1 - 0.99)', 'S2 (SBS2 - 0.99)', 'S3 (SBS3 - 0.97)', 'S4 (SBS4 - 0.98)']
		('int', [])  : 96 | ['A[C>A]A', 'A[C>A]C', 'A[C>A]G', 'A[C>A]T', 'A[C>G]A', ...]
	Types of features in processed data (raw dtype, special dtypes):
		('int', [])       : 96 | ['A[C>A]A', 'A[C>A]C', 'A[C>A]G', 'A[C>A]T', 'A[C>G]A', ...]
		('int', ['bool']) :  4 | ['S1 (SBS1 - 0.99)', 'S2 (SBS2 - 0.99)', 'S3 (SBS3 - 0.97)', 'S4 (SBS4 - 0.98)']
	28.8s = Fit runtime
	100 features in original data used to generate 100 features in processed data.
	Train Data (Processed) Memory Usage: 10.67 MB (0.0% of available memory)
Data preprocessing and feature engineering runtime = 30.91s ...
AutoGluon will gauge predictive performance using evaluation metric: 'accuracy'
	To change this, specify the eval_metric parameter of Predictor()
Automatically generating train/validation split with holdout_frac=0.1, Train Rows: 13045, Val Rows: 1450
User-specified model hyperparameters to be fit:
{
	'GBM': [{'extra_trees': True, 'ag_args': {'name_suffix': 'XT'}}, {}, 'GBMLarge'],
	'CAT': {},
	'XGB': {},
	'RF': [{'criterion': 'gini', 'ag_args': {'name_suffix': 'Gini', 'problem_types': ['binary', 'multiclass']}}, {'criterion': 'entropy', 'ag_args': {'name_suffix': 'Entr', 'problem_types': ['binary', 'multiclass']}}, {'criterion': 'squared_error', 'ag_args': {'name_suffix': 'MSE', 'problem_types': ['regression']}}],
	'XT': [{'criterion': 'gini', 'ag_args': {'name_suffix': 'Gini', 'problem_types': ['binary', 'multiclass']}}, {'criterion': 'entropy', 'ag_args': {'name_suffix': 'Entr', 'problem_types': ['binary', 'multiclass']}}, {'criterion': 'squared_error', 'ag_args': {'name_suffix': 'MSE', 'problem_types': ['regression']}}],
	'KNN': [{'weights': 'uniform', 'ag_args': {'name_suffix': 'Unif'}, 'n_jobs': 4}, {'weights': 'distance', 'ag_args': {'name_suffix': 'Dist'}, 'n_jobs': 4}],
}
Fitting 11 L1 models ...
Fitting model: KNeighborsUnif ...
	0.8834	 = Validation score   (accuracy)
	2.44s	 = Training   runtime
	4.97s	 = Validation runtime
Fitting model: KNeighborsDist ...
	0.8855	 = Validation score   (accuracy)
	1.85s	 = Training   runtime
	5.76s	 = Validation runtime
Fitting model: LightGBMXT ...
	0.8586	 = Validation score   (accuracy)
	1300.18s	 = Training   runtime
	2.6s	 = Validation runtime
Fitting model: LightGBM ...
	0.8834	 = Validation score   (accuracy)
	4461.05s	 = Training   runtime
	2.44s	 = Validation runtime
Fitting model: WeightedEnsemble_L2 ...
	Ensemble Weights: {'LightGBM': 0.909, 'LightGBMXT': 0.091}
	0.8841	 = Validation score   (accuracy)
	19.96s	 = Training   runtime
	0.09s	 = Validation runtime
AutoGluon training complete, total runtime = 7535.49s ... Best model: "WeightedEnsemble_L2"
TabularPredictor saved. To load, use: predictor = TabularPredictor.load("AutogluonModels/ag-20250416_034029-001/Predictor_S5 (SBS5 - 0.98)")
Presets specified: ['medium_quality']
Beginning AutoGluon training ...
AutoGluon will save models to "AutogluonModels/ag-20250416_034029-001/Predictor_S6 (SBS7a - 1.00)"
=================== System Info ===================
AutoGluon Version:  1.1.0
Python Version:     3.10.15
Operating System:   Linux
Platform Machine:   x86_64
Platform Version:   #1 SMP PREEMPT_DYNAMIC Thu Apr 3 12:12:16 UTC 2025
CPU Count:          272
Memory Avail:       189.36 GB / 203.90 GB (92.9%)
Disk Space Avail:   1335.53 GB / 5120.00 GB (26.1%)
===================================================
Train Data Rows:    14495
Train Data Columns: 101
Label Column:       S6 (SBS7a - 1.00)
AutoGluon infers your prediction problem is: 'binary' (because only two unique label-values observed).
	2 unique label values:  [False, True]
	If 'binary' is not the correct problem_type, please manually specify the problem_type parameter during predictor init (You may specify problem_type as one of: ['binary', 'multiclass', 'regression'])
Problem Type:       binary
Preprocessing data ...
Selected class <--> label mapping:  class 1 = True, class 0 = False
Using Feature Generators to preprocess the data ...
Fitting AutoMLPipelineFeatureGenerator...
	Available Memory:                    193919.13 MB
	Train Data (Original)  Memory Usage: 10.69 MB (0.0% of available memory)
	Inferring data type of each feature based on column values. Set feature_metadata_in to manually specify special dtypes of the features.
	Stage 1 Generators:
		Fitting AsTypeFeatureGenerator...
			Note: Converting 5 features to boolean dtype as they only contain 2 unique values.
	Stage 2 Generators:
		Fitting FillNaFeatureGenerator...
	Stage 3 Generators:
		Fitting IdentityFeatureGenerator...
	Stage 4 Generators:
		Fitting DropUniqueFeatureGenerator...
	Stage 5 Generators:
		Fitting DropDuplicatesFeatureGenerator...
	Types of features in original data (raw dtype, special dtypes):
		('bool', []) :  5 | ['S1 (SBS1 - 0.99)', 'S2 (SBS2 - 0.99)', 'S3 (SBS3 - 0.97)', 'S4 (SBS4 - 0.98)', 'S5 (SBS5 - 0.98)']
		('int', [])  : 96 | ['A[C>A]A', 'A[C>A]C', 'A[C>A]G', 'A[C>A]T', 'A[C>G]A', ...]
	Types of features in processed data (raw dtype, special dtypes):
		('int', [])       : 96 | ['A[C>A]A', 'A[C>A]C', 'A[C>A]G', 'A[C>A]T', 'A[C>G]A', ...]
		('int', ['bool']) :  5 | ['S1 (SBS1 - 0.99)', 'S2 (SBS2 - 0.99)', 'S3 (SBS3 - 0.97)', 'S4 (SBS4 - 0.98)', 'S5 (SBS5 - 0.98)']
	22.6s = Fit runtime
	101 features in original data used to generate 101 features in processed data.
	Train Data (Processed) Memory Usage: 10.69 MB (0.0% of available memory)
Data preprocessing and feature engineering runtime = 24.81s ...
AutoGluon will gauge predictive performance using evaluation metric: 'accuracy'
	To change this, specify the eval_metric parameter of Predictor()
Automatically generating train/validation split with holdout_frac=0.1, Train Rows: 13045, Val Rows: 1450
User-specified model hyperparameters to be fit:
{
	'GBM': [{'extra_trees': True, 'ag_args': {'name_suffix': 'XT'}}, {}, 'GBMLarge'],
	'CAT': {},
	'XGB': {},
	'RF': [{'criterion': 'gini', 'ag_args': {'name_suffix': 'Gini', 'problem_types': ['binary', 'multiclass']}}, {'criterion': 'entropy', 'ag_args': {'name_suffix': 'Entr', 'problem_types': ['binary', 'multiclass']}}, {'criterion': 'squared_error', 'ag_args': {'name_suffix': 'MSE', 'problem_types': ['regression']}}],
	'XT': [{'criterion': 'gini', 'ag_args': {'name_suffix': 'Gini', 'problem_types': ['binary', 'multiclass']}}, {'criterion': 'entropy', 'ag_args': {'name_suffix': 'Entr', 'problem_types': ['binary', 'multiclass']}}, {'criterion': 'squared_error', 'ag_args': {'name_suffix': 'MSE', 'problem_types': ['regression']}}],
	'KNN': [{'weights': 'uniform', 'ag_args': {'name_suffix': 'Unif'}, 'n_jobs': 4}, {'weights': 'distance', 'ag_args': {'name_suffix': 'Dist'}, 'n_jobs': 4}],
}
Fitting 11 L1 models ...
Fitting model: KNeighborsUnif ...
	0.8048	 = Validation score   (accuracy)
	2.22s	 = Training   runtime
	5.23s	 = Validation runtime
Fitting model: KNeighborsDist ...
	0.8041	 = Validation score   (accuracy)
	2.08s	 = Training   runtime
	5.81s	 = Validation runtime
Fitting model: LightGBMXT ...
	0.9234	 = Validation score   (accuracy)
	1777.58s	 = Training   runtime
	0.38s	 = Validation runtime
Fitting model: ExtraTreesGini ...
	0.8862	 = Validation score   (accuracy)
	59.42s	 = Training   runtime
	5.61s	 = Validation runtime
Fitting model: ExtraTreesEntr ...
	0.9083	 = Validation score   (accuracy)
	5242.87s	 = Training   runtime
	3.0s	 = Validation runtime
Fitting model: WeightedEnsemble_L2 ...
	0.8731	 = Validation score   (accuracy)
	868.82s	 = Training   runtime
	0.92s	 = Validation runtime
Fitting model: LightGBM ...
	0.8821	 = Validation score   (accuracy)
	64.74s	 = Training   runtime
	4.77s	 = Validation runtime
Fitting model: XGBoost ...
	0.8897	 = Validation score   (accuracy)
	5020.39s	 = Training   runtime
	2.72s	 = Validation runtime
Fitting model: WeightedEnsemble_L2 ...
	Ensemble Weights: {'LightGBM': 0.944, 'LightGBMXT': 0.056}
	0.9103	 = Validation score   (accuracy)
	35.35s	 = Training   runtime
	0.25s	 = Validation runtime
AutoGluon training complete, total runtime = 10146.04s ... Best model: "WeightedEnsemble_L2"
TabularPredictor saved. To load, use: predictor = TabularPredictor.load("AutogluonModels/ag-20250416_034029-003/Predictor_S5 (SBS5 - 0.98)")
Presets specified: ['medium_quality']
Beginning AutoGluon training ...
AutoGluon will save models to "AutogluonModels/ag-20250416_034029-003/Predictor_S6 (SBS7a - 1.00)"
=================== System Info ===================
AutoGluon Version:  1.1.0
Python Version:     3.10.15
Operating System:   Linux
Platform Machine:   x86_64
Platform Version:   #1 SMP PREEMPT_DYNAMIC Thu Apr 3 12:12:16 UTC 2025
CPU Count:          272
Memory Avail:       189.39 GB / 203.90 GB (92.9%)
Disk Space Avail:   1335.35 GB / 5120.00 GB (26.1%)
===================================================
Train Data Rows:    14495
Train Data Columns: 101
Label Column:       S6 (SBS7a - 1.00)
AutoGluon infers your prediction problem is: 'binary' (because only two unique label-values observed).
	2 unique label values:  [False, True]
	If 'binary' is not the correct problem_type, please manually specify the problem_type parameter during predictor init (You may specify problem_type as one of: ['binary', 'multiclass', 'regression'])
Problem Type:       binary
Preprocessing data ...
Selected class <--> label mapping:  class 1 = True, class 0 = False
Using Feature Generators to preprocess the data ...
Fitting AutoMLPipelineFeatureGenerator...
	Available Memory:                    193952.19 MB
	Train Data (Original)  Memory Usage: 10.69 MB (0.0% of available memory)
	Inferring data type of each feature based on column values. Set feature_metadata_in to manually specify special dtypes of the features.
	Stage 1 Generators:
		Fitting AsTypeFeatureGenerator...
			Note: Converting 5 features to boolean dtype as they only contain 2 unique values.
	Stage 2 Generators:
		Fitting FillNaFeatureGenerator...
	Stage 3 Generators:
		Fitting IdentityFeatureGenerator...
	Stage 4 Generators:
		Fitting DropUniqueFeatureGenerator...
	Ensemble Weights: {'LightGBMLarge': 1.0}
	0.8897	 = Validation score   (accuracy)
	34.0s	 = Training   runtime
	0.22s	 = Validation runtime
AutoGluon training complete, total runtime = 8205.86s ... Best model: "WeightedEnsemble_L2"
	0.9055	 = Validation score   (accuracy)
	1348.62s	 = Training   runtime
	0.7s	 = Validation runtime
Fitting model: ExtraTreesGini ...
TabularPredictor saved. To load, use: predictor = TabularPredictor.load("AutogluonModels/ag-20250416_034029-002/Predictor_S5 (SBS5 - 0.98)")
Presets specified: ['medium_quality']
Beginning AutoGluon training ...
AutoGluon will save models to "AutogluonModels/ag-20250416_034029-002/Predictor_S6 (SBS7a - 1.00)"
=================== System Info ===================
AutoGluon Version:  1.1.0
Python Version:     3.10.15
Operating System:   Linux
Platform Machine:   x86_64
Platform Version:   #1 SMP PREEMPT_DYNAMIC Thu Apr 3 12:12:16 UTC 2025
CPU Count:          272
Memory Avail:       189.42 GB / 203.90 GB (92.9%)
Disk Space Avail:   1335.35 GB / 5120.00 GB (26.1%)
===================================================
Train Data Rows:    14495
Train Data Columns: 101
Label Column:       S6 (SBS7a - 1.00)
AutoGluon infers your prediction problem is: 'binary' (because only two unique label-values observed).
	2 unique label values:  [False, True]
	If 'binary' is not the correct problem_type, please manually specify the problem_type parameter during predictor init (You may specify problem_type as one of: ['binary', 'multiclass', 'regression'])
Problem Type:       binary
Preprocessing data ...
Selected class <--> label mapping:  class 1 = True, class 0 = False
Using Feature Generators to preprocess the data ...
Fitting AutoMLPipelineFeatureGenerator...
	Stage 5 Generators:
		Fitting DropDuplicatesFeatureGenerator...
	Available Memory:                    193982.02 MB
	Train Data (Original)  Memory Usage: 10.69 MB (0.0% of available memory)
	Inferring data type of each feature based on column values. Set feature_metadata_in to manually specify special dtypes of the features.
	Types of features in original data (raw dtype, special dtypes):
		('bool', []) :  5 | ['S1 (SBS1 - 0.99)', 'S2 (SBS2 - 0.99)', 'S3 (SBS3 - 0.97)', 'S4 (SBS4 - 0.98)', 'S5 (SBS5 - 0.98)']
		('int', [])  : 96 | ['A[C>A]A', 'A[C>A]C', 'A[C>A]G', 'A[C>A]T', 'A[C>G]A', ...]
	Types of features in processed data (raw dtype, special dtypes):
		('int', [])       : 96 | ['A[C>A]A', 'A[C>A]C', 'A[C>A]G', 'A[C>A]T', 'A[C>G]A', ...]
		('int', ['bool']) :  5 | ['S1 (SBS1 - 0.99)', 'S2 (SBS2 - 0.99)', 'S3 (SBS3 - 0.97)', 'S4 (SBS4 - 0.98)', 'S5 (SBS5 - 0.98)']
	24.9s = Fit runtime
	101 features in original data used to generate 101 features in processed data.
	Train Data (Processed) Memory Usage: 10.69 MB (0.0% of available memory)
Data preprocessing and feature engineering runtime = 26.89s ...
AutoGluon will gauge predictive performance using evaluation metric: 'accuracy'
	To change this, specify the eval_metric parameter of Predictor()
Automatically generating train/validation split with holdout_frac=0.1, Train Rows: 13045, Val Rows: 1450
User-specified model hyperparameters to be fit:
{
	'GBM': [{'extra_trees': True, 'ag_args': {'name_suffix': 'XT'}}, {}, 'GBMLarge'],
	'CAT': {},
	'XGB': {},
	'RF': [{'criterion': 'gini', 'ag_args': {'name_suffix': 'Gini', 'problem_types': ['binary', 'multiclass']}}, {'criterion': 'entropy', 'ag_args': {'name_suffix': 'Entr', 'problem_types': ['binary', 'multiclass']}}, {'criterion': 'squared_error', 'ag_args': {'name_suffix': 'MSE', 'problem_types': ['regression']}}],
	'XT': [{'criterion': 'gini', 'ag_args': {'name_suffix': 'Gini', 'problem_types': ['binary', 'multiclass']}}, {'criterion': 'entropy', 'ag_args': {'name_suffix': 'Entr', 'problem_types': ['binary', 'multiclass']}}, {'criterion': 'squared_error', 'ag_args': {'name_suffix': 'MSE', 'problem_types': ['regression']}}],
	'KNN': [{'weights': 'uniform', 'ag_args': {'name_suffix': 'Unif'}, 'n_jobs': 4}, {'weights': 'distance', 'ag_args': {'name_suffix': 'Dist'}, 'n_jobs': 4}],
}
	Stage 1 Generators:
		Fitting AsTypeFeatureGenerator...
Fitting 11 L1 models ...
Fitting model: KNeighborsUnif ...
			Note: Converting 5 features to boolean dtype as they only contain 2 unique values.
	Stage 2 Generators:
		Fitting FillNaFeatureGenerator...
	Stage 3 Generators:
		Fitting IdentityFeatureGenerator...
	Stage 4 Generators:
		Fitting DropUniqueFeatureGenerator...
	0.8172	 = Validation score   (accuracy)
	3.69s	 = Training   runtime
	5.02s	 = Validation runtime
Fitting model: KNeighborsDist ...
	Stage 5 Generators:
		Fitting DropDuplicatesFeatureGenerator...
	0.8166	 = Validation score   (accuracy)
	3.23s	 = Training   runtime
	4.32s	 = Validation runtime
Fitting model: LightGBMXT ...
	Types of features in original data (raw dtype, special dtypes):
		('bool', []) :  5 | ['S1 (SBS1 - 0.99)', 'S2 (SBS2 - 0.99)', 'S3 (SBS3 - 0.97)', 'S4 (SBS4 - 0.98)', 'S5 (SBS5 - 0.98)']
		('int', [])  : 96 | ['A[C>A]A', 'A[C>A]C', 'A[C>A]G', 'A[C>A]T', 'A[C>G]A', ...]
	Types of features in processed data (raw dtype, special dtypes):
		('int', [])       : 96 | ['A[C>A]A', 'A[C>A]C', 'A[C>A]G', 'A[C>A]T', 'A[C>G]A', ...]
		('int', ['bool']) :  5 | ['S1 (SBS1 - 0.99)', 'S2 (SBS2 - 0.99)', 'S3 (SBS3 - 0.97)', 'S4 (SBS4 - 0.98)', 'S5 (SBS5 - 0.98)']
	34.8s = Fit runtime
	101 features in original data used to generate 101 features in processed data.
	Train Data (Processed) Memory Usage: 10.69 MB (0.0% of available memory)
Data preprocessing and feature engineering runtime = 38.5s ...
AutoGluon will gauge predictive performance using evaluation metric: 'accuracy'
	To change this, specify the eval_metric parameter of Predictor()
Automatically generating train/validation split with holdout_frac=0.1, Train Rows: 13045, Val Rows: 1450
User-specified model hyperparameters to be fit:
{
	'GBM': [{'extra_trees': True, 'ag_args': {'name_suffix': 'XT'}}, {}, 'GBMLarge'],
	'CAT': {},
	'XGB': {},
	'RF': [{'criterion': 'gini', 'ag_args': {'name_suffix': 'Gini', 'problem_types': ['binary', 'multiclass']}}, {'criterion': 'entropy', 'ag_args': {'name_suffix': 'Entr', 'problem_types': ['binary', 'multiclass']}}, {'criterion': 'squared_error', 'ag_args': {'name_suffix': 'MSE', 'problem_types': ['regression']}}],
	'XT': [{'criterion': 'gini', 'ag_args': {'name_suffix': 'Gini', 'problem_types': ['binary', 'multiclass']}}, {'criterion': 'entropy', 'ag_args': {'name_suffix': 'Entr', 'problem_types': ['binary', 'multiclass']}}, {'criterion': 'squared_error', 'ag_args': {'name_suffix': 'MSE', 'problem_types': ['regression']}}],
	'KNN': [{'weights': 'uniform', 'ag_args': {'name_suffix': 'Unif'}, 'n_jobs': 4}, {'weights': 'distance', 'ag_args': {'name_suffix': 'Dist'}, 'n_jobs': 4}],
}
Fitting 11 L1 models ...
Fitting model: KNeighborsUnif ...
	0.7986	 = Validation score   (accuracy)
	4.96s	 = Training   runtime
	11.88s	 = Validation runtime
Fitting model: KNeighborsDist ...
	0.8779	 = Validation score   (accuracy)
	62.62s	 = Training   runtime
	4.75s	 = Validation runtime
	0.7979	 = Validation score   (accuracy)
	3.35s	 = Training   runtime
	4.82s	 = Validation runtime
Fitting model: ExtraTreesEntr ...
Fitting model: LightGBMXT ...
	0.8793	 = Validation score   (accuracy)
	45.23s	 = Training   runtime
	4.48s	 = Validation runtime
Fitting model: XGBoost ...
	0.911	 = Validation score   (accuracy)
	4084.23s	 = Training   runtime
	1.85s	 = Validation runtime
Fitting model: WeightedEnsemble_L2 ...
	Ensemble Weights: {'LightGBM': 0.375, 'XGBoost': 0.25, 'CatBoost': 0.188, 'LightGBMLarge': 0.125, 'KNeighborsDist': 0.062}
	0.9159	 = Validation score   (accuracy)
	9.78s	 = Training   runtime
	0.03s	 = Validation runtime
AutoGluon training complete, total runtime = 8380.94s ... Best model: "WeightedEnsemble_L2"
TabularPredictor saved. To load, use: predictor = TabularPredictor.load("AutogluonModels/ag-20250416_034029-011/Predictor_S5 (SBS5 - 0.98)")
Presets specified: ['medium_quality']
Beginning AutoGluon training ...
AutoGluon will save models to "AutogluonModels/ag-20250416_034029-011/Predictor_S6 (SBS7a - 1.00)"
=================== System Info ===================
AutoGluon Version:  1.1.0
Python Version:     3.10.15
Operating System:   Linux
Platform Machine:   x86_64
Platform Version:   #1 SMP PREEMPT_DYNAMIC Thu Apr 3 12:12:16 UTC 2025
CPU Count:          272
Memory Avail:       189.42 GB / 203.90 GB (92.9%)
Disk Space Avail:   1335.15 GB / 5120.00 GB (26.1%)
===================================================
Train Data Rows:    14495
Train Data Columns: 101
Label Column:       S6 (SBS7a - 1.00)
AutoGluon infers your prediction problem is: 'binary' (because only two unique label-values observed).
	2 unique label values:  [False, True]
	If 'binary' is not the correct problem_type, please manually specify the problem_type parameter during predictor init (You may specify problem_type as one of: ['binary', 'multiclass', 'regression'])
Problem Type:       binary
Preprocessing data ...
Selected class <--> label mapping:  class 1 = True, class 0 = False
Using Feature Generators to preprocess the data ...
Fitting AutoMLPipelineFeatureGenerator...
	Available Memory:                    193978.18 MB
	Train Data (Original)  Memory Usage: 10.69 MB (0.0% of available memory)
	Inferring data type of each feature based on column values. Set feature_metadata_in to manually specify special dtypes of the features.
	Stage 1 Generators:
		Fitting AsTypeFeatureGenerator...
			Note: Converting 5 features to boolean dtype as they only contain 2 unique values.
	Stage 2 Generators:
		Fitting FillNaFeatureGenerator...
	Stage 3 Generators:
		Fitting IdentityFeatureGenerator...
	Stage 4 Generators:
		Fitting DropUniqueFeatureGenerator...
	Stage 5 Generators:
		Fitting DropDuplicatesFeatureGenerator...
	0.8407	 = Validation score   (accuracy)
	2298.63s	 = Training   runtime
	0.94s	 = Validation runtime
Fitting model: WeightedEnsemble_L2 ...
	Types of features in original data (raw dtype, special dtypes):
		('bool', []) :  5 | ['S1 (SBS1 - 0.99)', 'S2 (SBS2 - 0.99)', 'S3 (SBS3 - 0.97)', 'S4 (SBS4 - 0.98)', 'S5 (SBS5 - 0.98)']
		('int', [])  : 96 | ['A[C>A]A', 'A[C>A]C', 'A[C>A]G', 'A[C>A]T', 'A[C>G]A', ...]
	Types of features in processed data (raw dtype, special dtypes):
		('int', [])       : 96 | ['A[C>A]A', 'A[C>A]C', 'A[C>A]G', 'A[C>A]T', 'A[C>G]A', ...]
		('int', ['bool']) :  5 | ['S1 (SBS1 - 0.99)', 'S2 (SBS2 - 0.99)', 'S3 (SBS3 - 0.97)', 'S4 (SBS4 - 0.98)', 'S5 (SBS5 - 0.98)']
	18.2s = Fit runtime
	101 features in original data used to generate 101 features in processed data.
	Train Data (Processed) Memory Usage: 10.69 MB (0.0% of available memory)
Data preprocessing and feature engineering runtime = 19.52s ...
AutoGluon will gauge predictive performance using evaluation metric: 'accuracy'
	To change this, specify the eval_metric parameter of Predictor()
Automatically generating train/validation split with holdout_frac=0.1, Train Rows: 13045, Val Rows: 1450
User-specified model hyperparameters to be fit:
{
	'GBM': [{'extra_trees': True, 'ag_args': {'name_suffix': 'XT'}}, {}, 'GBMLarge'],
	'CAT': {},
	'XGB': {},
	'RF': [{'criterion': 'gini', 'ag_args': {'name_suffix': 'Gini', 'problem_types': ['binary', 'multiclass']}}, {'criterion': 'entropy', 'ag_args': {'name_suffix': 'Entr', 'problem_types': ['binary', 'multiclass']}}, {'criterion': 'squared_error', 'ag_args': {'name_suffix': 'MSE', 'problem_types': ['regression']}}],
	'XT': [{'criterion': 'gini', 'ag_args': {'name_suffix': 'Gini', 'problem_types': ['binary', 'multiclass']}}, {'criterion': 'entropy', 'ag_args': {'name_suffix': 'Entr', 'problem_types': ['binary', 'multiclass']}}, {'criterion': 'squared_error', 'ag_args': {'name_suffix': 'MSE', 'problem_types': ['regression']}}],
	'KNN': [{'weights': 'uniform', 'ag_args': {'name_suffix': 'Unif'}, 'n_jobs': 4}, {'weights': 'distance', 'ag_args': {'name_suffix': 'Dist'}, 'n_jobs': 4}],
}
Fitting 11 L1 models ...
Fitting model: KNeighborsUnif ...
	0.8283	 = Validation score   (accuracy)
	2.6s	 = Training   runtime
	4.49s	 = Validation runtime
Fitting model: KNeighborsDist ...
	Ensemble Weights: {'LightGBM': 0.818, 'LightGBMXT': 0.091, 'XGBoost': 0.091}
	0.849	 = Validation score   (accuracy)
	16.8s	 = Training   runtime
	0.12s	 = Validation runtime
AutoGluon training complete, total runtime = 5719.73s ... Best model: "WeightedEnsemble_L2"
TabularPredictor saved. To load, use: predictor = TabularPredictor.load("AutogluonModels/ag-20250416_034029-005/Predictor_S6 (SBS7a - 1.00)")
Presets specified: ['medium_quality']
Beginning AutoGluon training ...
AutoGluon will save models to "AutogluonModels/ag-20250416_034029-005/Predictor_S7 (SBS7b - 0.96)"
=================== System Info ===================
AutoGluon Version:  1.1.0
Python Version:     3.10.15
Operating System:   Linux
Platform Machine:   x86_64
Platform Version:   #1 SMP PREEMPT_DYNAMIC Thu Apr 3 12:12:16 UTC 2025
CPU Count:          272
Memory Avail:       189.41 GB / 203.90 GB (92.9%)
Disk Space Avail:   1335.13 GB / 5120.00 GB (26.1%)
===================================================
Train Data Rows:    14495
Train Data Columns: 102
Label Column:       S7 (SBS7b - 0.96)
AutoGluon infers your prediction problem is: 'binary' (because only two unique label-values observed).
	2 unique label values:  [False, True]
	If 'binary' is not the correct problem_type, please manually specify the problem_type parameter during predictor init (You may specify problem_type as one of: ['binary', 'multiclass', 'regression'])
Problem Type:       binary
Preprocessing data ...
Selected class <--> label mapping:  class 1 = True, class 0 = False
Using Feature Generators to preprocess the data ...
Fitting AutoMLPipelineFeatureGenerator...
	Available Memory:                    193967.34 MB
	Train Data (Original)  Memory Usage: 10.70 MB (0.0% of available memory)
	Inferring data type of each feature based on column values. Set feature_metadata_in to manually specify special dtypes of the features.
	Stage 1 Generators:
		Fitting AsTypeFeatureGenerator...
	0.8276	 = Validation score   (accuracy)
	2.82s	 = Training   runtime
	4.0s	 = Validation runtime
Fitting model: LightGBMXT ...
			Note: Converting 6 features to boolean dtype as they only contain 2 unique values.
	Stage 2 Generators:
		Fitting FillNaFeatureGenerator...
	Stage 3 Generators:
		Fitting IdentityFeatureGenerator...
	Stage 4 Generators:
		Fitting DropUniqueFeatureGenerator...
	Stage 5 Generators:
		Fitting DropDuplicatesFeatureGenerator...
	0.9117	 = Validation score   (accuracy)
	1272.45s	 = Training   runtime
	0.59s	 = Validation runtime
Fitting model: ExtraTreesGini ...
	Types of features in original data (raw dtype, special dtypes):
		('bool', []) :  6 | ['S1 (SBS1 - 0.99)', 'S2 (SBS2 - 0.99)', 'S3 (SBS3 - 0.97)', 'S4 (SBS4 - 0.98)', 'S5 (SBS5 - 0.98)', ...]
		('int', [])  : 96 | ['A[C>A]A', 'A[C>A]C', 'A[C>A]G', 'A[C>A]T', 'A[C>G]A', ...]
	Types of features in processed data (raw dtype, special dtypes):
		('int', [])       : 96 | ['A[C>A]A', 'A[C>A]C', 'A[C>A]G', 'A[C>A]T', 'A[C>G]A', ...]
		('int', ['bool']) :  6 | ['S1 (SBS1 - 0.99)', 'S2 (SBS2 - 0.99)', 'S3 (SBS3 - 0.97)', 'S4 (SBS4 - 0.98)', 'S5 (SBS5 - 0.98)', ...]
	22.4s = Fit runtime
	102 features in original data used to generate 102 features in processed data.
	Train Data (Processed) Memory Usage: 10.70 MB (0.0% of available memory)
Data preprocessing and feature engineering runtime = 23.38s ...
AutoGluon will gauge predictive performance using evaluation metric: 'accuracy'
	To change this, specify the eval_metric parameter of Predictor()
Automatically generating train/validation split with holdout_frac=0.1, Train Rows: 13045, Val Rows: 1450
User-specified model hyperparameters to be fit:
{
	'GBM': [{'extra_trees': True, 'ag_args': {'name_suffix': 'XT'}}, {}, 'GBMLarge'],
	'CAT': {},
	'XGB': {},
	'RF': [{'criterion': 'gini', 'ag_args': {'name_suffix': 'Gini', 'problem_types': ['binary', 'multiclass']}}, {'criterion': 'entropy', 'ag_args': {'name_suffix': 'Entr', 'problem_types': ['binary', 'multiclass']}}, {'criterion': 'squared_error', 'ag_args': {'name_suffix': 'MSE', 'problem_types': ['regression']}}],
	'XT': [{'criterion': 'gini', 'ag_args': {'name_suffix': 'Gini', 'problem_types': ['binary', 'multiclass']}}, {'criterion': 'entropy', 'ag_args': {'name_suffix': 'Entr', 'problem_types': ['binary', 'multiclass']}}, {'criterion': 'squared_error', 'ag_args': {'name_suffix': 'MSE', 'problem_types': ['regression']}}],
	'KNN': [{'weights': 'uniform', 'ag_args': {'name_suffix': 'Unif'}, 'n_jobs': 4}, {'weights': 'distance', 'ag_args': {'name_suffix': 'Dist'}, 'n_jobs': 4}],
}
Fitting 11 L1 models ...
Fitting model: KNeighborsUnif ...
	0.7076	 = Validation score   (accuracy)
	1.48s	 = Training   runtime
	5.39s	 = Validation runtime
Fitting model: KNeighborsDist ...
