No path specified. Models will be saved in: "AutogluonModels/ag-20250416_150924-001"
No path specified. Models will be saved in: "AutogluonModels/ag-20250416_150925"
No path specified. Models will be saved in: "AutogluonModels/ag-20250416_150924-002"
No path specified. Models will be saved in: "AutogluonModels/ag-20250416_150925-001"
No path specified. Models will be saved in: "AutogluonModels/ag-20250416_150925-002"
No path specified. Models will be saved in: "AutogluonModels/ag-20250416_150925-003"
No path specified. Models will be saved in: "AutogluonModels/ag-20250416_150925-004"
No path specified. Models will be saved in: "AutogluonModels/ag-20250416_150925-005"
No path specified. Models will be saved in: "AutogluonModels/ag-20250416_150925-006"
No presets specified! To achieve strong results with AutoGluon, it is recommended to use the available presets.
	Recommended Presets (For more details refer to https://auto.gluon.ai/stable/tutorials/tabular/tabular-essentials.html#presets):
	presets='best_quality'   : Maximize accuracy. Default time_limit=3600.
	presets='high_quality'   : Strong accuracy with fast inference speed. Default time_limit=3600.
	presets='good_quality'   : Good accuracy with very fast inference speed. Default time_limit=3600.
	presets='medium_quality' : Fast training time, ideal for initial prototyping.
No path specified. Models will be saved in: "AutogluonModels/ag-20250416_150925-007"
No presets specified! To achieve strong results with AutoGluon, it is recommended to use the available presets.
	Recommended Presets (For more details refer to https://auto.gluon.ai/stable/tutorials/tabular/tabular-essentials.html#presets):
	presets='best_quality'   : Maximize accuracy. Default time_limit=3600.
	presets='high_quality'   : Strong accuracy with fast inference speed. Default time_limit=3600.
	presets='good_quality'   : Good accuracy with very fast inference speed. Default time_limit=3600.
	presets='medium_quality' : Fast training time, ideal for initial prototyping.
No path specified. Models will be saved in: "AutogluonModels/ag-20250416_150925-008"
No path specified. Models will be saved in: "AutogluonModels/ag-20250416_150926"
No presets specified! To achieve strong results with AutoGluon, it is recommended to use the available presets.
	Recommended Presets (For more details refer to https://auto.gluon.ai/stable/tutorials/tabular/tabular-essentials.html#presets):
	presets='best_quality'   : Maximize accuracy. Default time_limit=3600.
	presets='high_quality'   : Strong accuracy with fast inference speed. Default time_limit=3600.
	presets='good_quality'   : Good accuracy with very fast inference speed. Default time_limit=3600.
	presets='medium_quality' : Fast training time, ideal for initial prototyping.
No presets specified! To achieve strong results with AutoGluon, it is recommended to use the available presets.
	Recommended Presets (For more details refer to https://auto.gluon.ai/stable/tutorials/tabular/tabular-essentials.html#presets):
	presets='best_quality'   : Maximize accuracy. Default time_limit=3600.
	presets='high_quality'   : Strong accuracy with fast inference speed. Default time_limit=3600.
	presets='good_quality'   : Good accuracy with very fast inference speed. Default time_limit=3600.
	presets='medium_quality' : Fast training time, ideal for initial prototyping.
No presets specified! To achieve strong results with AutoGluon, it is recommended to use the available presets.
	Recommended Presets (For more details refer to https://auto.gluon.ai/stable/tutorials/tabular/tabular-essentials.html#presets):
	presets='best_quality'   : Maximize accuracy. Default time_limit=3600.
	presets='high_quality'   : Strong accuracy with fast inference speed. Default time_limit=3600.
	presets='good_quality'   : Good accuracy with very fast inference speed. Default time_limit=3600.
	presets='medium_quality' : Fast training time, ideal for initial prototyping.
No presets specified! To achieve strong results with AutoGluon, it is recommended to use the available presets.
	Recommended Presets (For more details refer to https://auto.gluon.ai/stable/tutorials/tabular/tabular-essentials.html#presets):
	presets='best_quality'   : Maximize accuracy. Default time_limit=3600.
	presets='high_quality'   : Strong accuracy with fast inference speed. Default time_limit=3600.
	presets='good_quality'   : Good accuracy with very fast inference speed. Default time_limit=3600.
	presets='medium_quality' : Fast training time, ideal for initial prototyping.
No path specified. Models will be saved in: "AutogluonModels/ag-20250416_150925-009"
No presets specified! To achieve strong results with AutoGluon, it is recommended to use the available presets.
	Recommended Presets (For more details refer to https://auto.gluon.ai/stable/tutorials/tabular/tabular-essentials.html#presets):
	presets='best_quality'   : Maximize accuracy. Default time_limit=3600.
	presets='high_quality'   : Strong accuracy with fast inference speed. Default time_limit=3600.
	presets='good_quality'   : Good accuracy with very fast inference speed. Default time_limit=3600.
	presets='medium_quality' : Fast training time, ideal for initial prototyping.
No path specified. Models will be saved in: "AutogluonModels/ag-20250416_150926-001"
No path specified. Models will be saved in: "AutogluonModels/ag-20250416_150925-010"
No presets specified! To achieve strong results with AutoGluon, it is recommended to use the available presets.
	Recommended Presets (For more details refer to https://auto.gluon.ai/stable/tutorials/tabular/tabular-essentials.html#presets):
	presets='best_quality'   : Maximize accuracy. Default time_limit=3600.
	presets='high_quality'   : Strong accuracy with fast inference speed. Default time_limit=3600.
	presets='good_quality'   : Good accuracy with very fast inference speed. Default time_limit=3600.
	presets='medium_quality' : Fast training time, ideal for initial prototyping.
No presets specified! To achieve strong results with AutoGluon, it is recommended to use the available presets.
	Recommended Presets (For more details refer to https://auto.gluon.ai/stable/tutorials/tabular/tabular-essentials.html#presets):
	presets='best_quality'   : Maximize accuracy. Default time_limit=3600.
	presets='high_quality'   : Strong accuracy with fast inference speed. Default time_limit=3600.
	presets='good_quality'   : Good accuracy with very fast inference speed. Default time_limit=3600.
	presets='medium_quality' : Fast training time, ideal for initial prototyping.
No presets specified! To achieve strong results with AutoGluon, it is recommended to use the available presets.
	Recommended Presets (For more details refer to https://auto.gluon.ai/stable/tutorials/tabular/tabular-essentials.html#presets):
	presets='best_quality'   : Maximize accuracy. Default time_limit=3600.
	presets='high_quality'   : Strong accuracy with fast inference speed. Default time_limit=3600.
	presets='good_quality'   : Good accuracy with very fast inference speed. Default time_limit=3600.
	presets='medium_quality' : Fast training time, ideal for initial prototyping.
No presets specified! To achieve strong results with AutoGluon, it is recommended to use the available presets.
	Recommended Presets (For more details refer to https://auto.gluon.ai/stable/tutorials/tabular/tabular-essentials.html#presets):
	presets='best_quality'   : Maximize accuracy. Default time_limit=3600.
	presets='high_quality'   : Strong accuracy with fast inference speed. Default time_limit=3600.
	presets='good_quality'   : Good accuracy with very fast inference speed. Default time_limit=3600.
	presets='medium_quality' : Fast training time, ideal for initial prototyping.
No presets specified! To achieve strong results with AutoGluon, it is recommended to use the available presets.
	Recommended Presets (For more details refer to https://auto.gluon.ai/stable/tutorials/tabular/tabular-essentials.html#presets):
	presets='best_quality'   : Maximize accuracy. Default time_limit=3600.
	presets='high_quality'   : Strong accuracy with fast inference speed. Default time_limit=3600.
	presets='good_quality'   : Good accuracy with very fast inference speed. Default time_limit=3600.
	presets='medium_quality' : Fast training time, ideal for initial prototyping.
No presets specified! To achieve strong results with AutoGluon, it is recommended to use the available presets.
	Recommended Presets (For more details refer to https://auto.gluon.ai/stable/tutorials/tabular/tabular-essentials.html#presets):
	presets='best_quality'   : Maximize accuracy. Default time_limit=3600.
	presets='high_quality'   : Strong accuracy with fast inference speed. Default time_limit=3600.
	presets='good_quality'   : Good accuracy with very fast inference speed. Default time_limit=3600.
	presets='medium_quality' : Fast training time, ideal for initial prototyping.
No presets specified! To achieve strong results with AutoGluon, it is recommended to use the available presets.
	Recommended Presets (For more details refer to https://auto.gluon.ai/stable/tutorials/tabular/tabular-essentials.html#presets):
	presets='best_quality'   : Maximize accuracy. Default time_limit=3600.
	presets='high_quality'   : Strong accuracy with fast inference speed. Default time_limit=3600.
	presets='good_quality'   : Good accuracy with very fast inference speed. Default time_limit=3600.
	presets='medium_quality' : Fast training time, ideal for initial prototyping.
No presets specified! To achieve strong results with AutoGluon, it is recommended to use the available presets.
	Recommended Presets (For more details refer to https://auto.gluon.ai/stable/tutorials/tabular/tabular-essentials.html#presets):
	presets='best_quality'   : Maximize accuracy. Default time_limit=3600.
	presets='high_quality'   : Strong accuracy with fast inference speed. Default time_limit=3600.
	presets='good_quality'   : Good accuracy with very fast inference speed. Default time_limit=3600.
	presets='medium_quality' : Fast training time, ideal for initial prototyping.
No presets specified! To achieve strong results with AutoGluon, it is recommended to use the available presets.
	Recommended Presets (For more details refer to https://auto.gluon.ai/stable/tutorials/tabular/tabular-essentials.html#presets):
	presets='best_quality'   : Maximize accuracy. Default time_limit=3600.
	presets='high_quality'   : Strong accuracy with fast inference speed. Default time_limit=3600.
	presets='good_quality'   : Good accuracy with very fast inference speed. Default time_limit=3600.
	presets='medium_quality' : Fast training time, ideal for initial prototyping.
Beginning AutoGluon training ... Time limit = 60s
AutoGluon will save models to "AutogluonModels/ag-20250416_150925-003/Predictor_S1 (SBS1 - 0.99)"
Beginning AutoGluon training ... Time limit = 60s
AutoGluon will save models to "AutogluonModels/ag-20250416_150925-002/Predictor_S1 (SBS1 - 0.99)"
Beginning AutoGluon training ... Time limit = 60s
AutoGluon will save models to "AutogluonModels/ag-20250416_150924-001/Predictor_S1 (SBS1 - 0.99)"
Beginning AutoGluon training ... Time limit = 60s
AutoGluon will save models to "AutogluonModels/ag-20250416_150924/Predictor_S1 (SBS1 - 0.99)"
Beginning AutoGluon training ... Time limit = 60s
Beginning AutoGluon training ... Time limit = 60s
Beginning AutoGluon training ... Time limit = 60s
Beginning AutoGluon training ... Time limit = 60s
Beginning AutoGluon training ... Time limit = 60s
Beginning AutoGluon training ... Time limit = 60s
Beginning AutoGluon training ... Time limit = 60s
=================== System Info ===================
AutoGluon Version:  1.1.0
Python Version:     3.10.15
Operating System:   Linux
Platform Machine:   x86_64
Platform Version:   #1 SMP PREEMPT_DYNAMIC Thu Apr 3 12:12:16 UTC 2025
CPU Count:          272
Memory Avail:       198.78 GB / 203.90 GB (97.5%)
Disk Space Avail:   1334.87 GB / 5120.00 GB (26.1%)
===================================================
=================== System Info ===================
AutoGluon Version:  1.1.0
Python Version:     3.10.15
Operating System:   Linux
Platform Machine:   x86_64
Platform Version:   #1 SMP PREEMPT_DYNAMIC Thu Apr 3 12:12:16 UTC 2025
CPU Count:          272
Memory Avail:       198.78 GB / 203.90 GB (97.5%)
Disk Space Avail:   1334.87 GB / 5120.00 GB (26.1%)
===================================================
=================== System Info ===================
AutoGluon Version:  1.1.0
Python Version:     3.10.15
Operating System:   Linux
Platform Machine:   x86_64
Platform Version:   #1 SMP PREEMPT_DYNAMIC Thu Apr 3 12:12:16 UTC 2025
CPU Count:          272
Memory Avail:       198.77 GB / 203.90 GB (97.5%)
Disk Space Avail:   1334.87 GB / 5120.00 GB (26.1%)
===================================================
Beginning AutoGluon training ... Time limit = 60s
Beginning AutoGluon training ... Time limit = 60s
AutoGluon will save models to "AutogluonModels/ag-20250416_150925-001/Predictor_S1 (SBS1 - 0.99)"
AutoGluon will save models to "AutogluonModels/ag-20250416_150925-005/Predictor_S1 (SBS1 - 0.99)"
=================== System Info ===================
AutoGluon Version:  1.1.0
Python Version:     3.10.15
Operating System:   Linux
Platform Machine:   x86_64
Platform Version:   #1 SMP PREEMPT_DYNAMIC Thu Apr 3 12:12:16 UTC 2025
CPU Count:          272
Memory Avail:       198.77 GB / 203.90 GB (97.5%)
Disk Space Avail:   1334.87 GB / 5120.00 GB (26.1%)
===================================================
Beginning AutoGluon training ... Time limit = 60s
Beginning AutoGluon training ... Time limit = 60s
AutoGluon will save models to "AutogluonModels/ag-20250416_150925/Predictor_S1 (SBS1 - 0.99)"
AutoGluon will save models to "AutogluonModels/ag-20250416_150925-007/Predictor_S1 (SBS1 - 0.99)"
AutoGluon will save models to "AutogluonModels/ag-20250416_150924-002/Predictor_S1 (SBS1 - 0.99)"
AutoGluon will save models to "AutogluonModels/ag-20250416_150925-004/Predictor_S1 (SBS1 - 0.99)"
AutoGluon will save models to "AutogluonModels/ag-20250416_150926/Predictor_S1 (SBS1 - 0.99)"
Train Data Rows:    14495
Beginning AutoGluon training ... Time limit = 60s
Train Data Rows:    14495
Train Data Rows:    14495
AutoGluon will save models to "AutogluonModels/ag-20250416_150925-008/Predictor_S1 (SBS1 - 0.99)"
AutoGluon will save models to "AutogluonModels/ag-20250416_150925-006/Predictor_S1 (SBS1 - 0.99)"
Train Data Rows:    14495
AutoGluon will save models to "AutogluonModels/ag-20250416_150926-001/Predictor_S1 (SBS1 - 0.99)"
AutoGluon will save models to "AutogluonModels/ag-20250416_150925-009/Predictor_S1 (SBS1 - 0.99)"
=================== System Info ===================
AutoGluon Version:  1.1.0
Python Version:     3.10.15
Operating System:   Linux
Platform Machine:   x86_64
Platform Version:   #1 SMP PREEMPT_DYNAMIC Thu Apr 3 12:12:16 UTC 2025
CPU Count:          272
Memory Avail:       198.78 GB / 203.90 GB (97.5%)
Disk Space Avail:   1334.87 GB / 5120.00 GB (26.1%)
===================================================
=================== System Info ===================
AutoGluon Version:  1.1.0
Python Version:     3.10.15
Operating System:   Linux
Platform Machine:   x86_64
Platform Version:   #1 SMP PREEMPT_DYNAMIC Thu Apr 3 12:12:16 UTC 2025
CPU Count:          272
Memory Avail:       198.78 GB / 203.90 GB (97.5%)
Disk Space Avail:   1334.87 GB / 5120.00 GB (26.1%)
===================================================
=================== System Info ===================
AutoGluon Version:  1.1.0
Python Version:     3.10.15
Operating System:   Linux
Platform Machine:   x86_64
Platform Version:   #1 SMP PREEMPT_DYNAMIC Thu Apr 3 12:12:16 UTC 2025
CPU Count:          272
Memory Avail:       198.78 GB / 203.90 GB (97.5%)
Disk Space Avail:   1334.87 GB / 5120.00 GB (26.1%)
===================================================
Train Data Columns: 96
=================== System Info ===================
AutoGluon Version:  1.1.0
Python Version:     3.10.15
Operating System:   Linux
Platform Machine:   x86_64
Platform Version:   #1 SMP PREEMPT_DYNAMIC Thu Apr 3 12:12:16 UTC 2025
CPU Count:          272
Memory Avail:       198.78 GB / 203.90 GB (97.5%)
Disk Space Avail:   1334.87 GB / 5120.00 GB (26.1%)
===================================================
AutoGluon will save models to "AutogluonModels/ag-20250416_150925-010/Predictor_S1 (SBS1 - 0.99)"
=================== System Info ===================
AutoGluon Version:  1.1.0
Python Version:     3.10.15
Operating System:   Linux
Platform Machine:   x86_64
Platform Version:   #1 SMP PREEMPT_DYNAMIC Thu Apr 3 12:12:16 UTC 2025
CPU Count:          272
Memory Avail:       198.78 GB / 203.90 GB (97.5%)
Disk Space Avail:   1334.87 GB / 5120.00 GB (26.1%)
===================================================
Train Data Columns: 96
Train Data Columns: 96
=================== System Info ===================
AutoGluon Version:  1.1.0
Python Version:     3.10.15
Operating System:   Linux
Platform Machine:   x86_64
Platform Version:   #1 SMP PREEMPT_DYNAMIC Thu Apr 3 12:12:16 UTC 2025
CPU Count:          272
Memory Avail:       198.78 GB / 203.90 GB (97.5%)
Disk Space Avail:   1334.87 GB / 5120.00 GB (26.1%)
===================================================
=================== System Info ===================
AutoGluon Version:  1.1.0
Python Version:     3.10.15
Operating System:   Linux
Platform Machine:   x86_64
Platform Version:   #1 SMP PREEMPT_DYNAMIC Thu Apr 3 12:12:16 UTC 2025
CPU Count:          272
Memory Avail:       198.78 GB / 203.90 GB (97.5%)
Disk Space Avail:   1334.87 GB / 5120.00 GB (26.1%)
===================================================
Train Data Columns: 96
=================== System Info ===================
AutoGluon Version:  1.1.0
Python Version:     3.10.15
Operating System:   Linux
Platform Machine:   x86_64
Platform Version:   #1 SMP PREEMPT_DYNAMIC Thu Apr 3 12:12:16 UTC 2025
CPU Count:          272
Memory Avail:       198.78 GB / 203.90 GB (97.5%)
Disk Space Avail:   1334.87 GB / 5120.00 GB (26.1%)
===================================================
Train Data Rows:    14495
Train Data Rows:    14495
=================== System Info ===================
AutoGluon Version:  1.1.0
Python Version:     3.10.15
Operating System:   Linux
Platform Machine:   x86_64
Platform Version:   #1 SMP PREEMPT_DYNAMIC Thu Apr 3 12:12:16 UTC 2025
CPU Count:          272
Memory Avail:       198.78 GB / 203.90 GB (97.5%)
Disk Space Avail:   1334.87 GB / 5120.00 GB (26.1%)
===================================================
Train Data Rows:    14495
Label Column:       S1 (SBS1 - 0.99)
Train Data Rows:    14495
=================== System Info ===================
AutoGluon Version:  1.1.0
Python Version:     3.10.15
Operating System:   Linux
Platform Machine:   x86_64
Platform Version:   #1 SMP PREEMPT_DYNAMIC Thu Apr 3 12:12:16 UTC 2025
CPU Count:          272
Memory Avail:       198.78 GB / 203.90 GB (97.5%)
Disk Space Avail:   1334.87 GB / 5120.00 GB (26.1%)
===================================================
=================== System Info ===================
AutoGluon Version:  1.1.0
Python Version:     3.10.15
Operating System:   Linux
Platform Machine:   x86_64
Platform Version:   #1 SMP PREEMPT_DYNAMIC Thu Apr 3 12:12:16 UTC 2025
CPU Count:          272
Memory Avail:       198.78 GB / 203.90 GB (97.5%)
Disk Space Avail:   1334.87 GB / 5120.00 GB (26.1%)
===================================================
Train Data Rows:    14495
Label Column:       S1 (SBS1 - 0.99)
Label Column:       S1 (SBS1 - 0.99)
Train Data Rows:    14495
=================== System Info ===================
AutoGluon Version:  1.1.0
Python Version:     3.10.15
Operating System:   Linux
Platform Machine:   x86_64
Platform Version:   #1 SMP PREEMPT_DYNAMIC Thu Apr 3 12:12:16 UTC 2025
CPU Count:          272
Memory Avail:       198.78 GB / 203.90 GB (97.5%)
Disk Space Avail:   1334.87 GB / 5120.00 GB (26.1%)
===================================================
Train Data Rows:    14495
Label Column:       S1 (SBS1 - 0.99)
Train Data Rows:    14495
Train Data Columns: 96
Train Data Columns: 96
Train Data Rows:    14495
Train Data Columns: 96
Train Data Columns: 96
AutoGluon infers your prediction problem is: 'binary' (because only two unique label-values observed).
Train Data Rows:    14495
Train Data Rows:    14495
Train Data Columns: 96
AutoGluon infers your prediction problem is: 'binary' (because only two unique label-values observed).
Train Data Columns: 96
AutoGluon infers your prediction problem is: 'binary' (because only two unique label-values observed).
Train Data Rows:    14495
Train Data Columns: 96
Train Data Columns: 96
AutoGluon infers your prediction problem is: 'binary' (because only two unique label-values observed).
Label Column:       S1 (SBS1 - 0.99)
Label Column:       S1 (SBS1 - 0.99)
Train Data Columns: 96
Label Column:       S1 (SBS1 - 0.99)
Label Column:       S1 (SBS1 - 0.99)
	2 unique label values:  [True, False]
Train Data Columns: 96
Train Data Columns: 96
Label Column:       S1 (SBS1 - 0.99)
	2 unique label values:  [True, False]
Label Column:       S1 (SBS1 - 0.99)
	2 unique label values:  [True, False]
Train Data Columns: 96
Label Column:       S1 (SBS1 - 0.99)
Label Column:       S1 (SBS1 - 0.99)
	2 unique label values:  [True, False]
AutoGluon infers your prediction problem is: 'binary' (because only two unique label-values observed).
Label Column:       S1 (SBS1 - 0.99)
AutoGluon infers your prediction problem is: 'binary' (because only two unique label-values observed).
	If 'binary' is not the correct problem_type, please manually specify the problem_type parameter during predictor init (You may specify problem_type as one of: ['binary', 'multiclass', 'regression'])
AutoGluon infers your prediction problem is: 'binary' (because only two unique label-values observed).
AutoGluon infers your prediction problem is: 'binary' (because only two unique label-values observed).
Label Column:       S1 (SBS1 - 0.99)
Label Column:       S1 (SBS1 - 0.99)
	If 'binary' is not the correct problem_type, please manually specify the problem_type parameter during predictor init (You may specify problem_type as one of: ['binary', 'multiclass', 'regression'])
AutoGluon infers your prediction problem is: 'binary' (because only two unique label-values observed).
	If 'binary' is not the correct problem_type, please manually specify the problem_type parameter during predictor init (You may specify problem_type as one of: ['binary', 'multiclass', 'regression'])
Label Column:       S1 (SBS1 - 0.99)
AutoGluon infers your prediction problem is: 'binary' (because only two unique label-values observed).
AutoGluon infers your prediction problem is: 'binary' (because only two unique label-values observed).
AutoGluon infers your prediction problem is: 'binary' (because only two unique label-values observed).
	If 'binary' is not the correct problem_type, please manually specify the problem_type parameter during predictor init (You may specify problem_type as one of: ['binary', 'multiclass', 'regression'])
	2 unique label values:  [True, False]
	2 unique label values:  [True, False]
AutoGluon infers your prediction problem is: 'binary' (because only two unique label-values observed).
Problem Type:       binary
	2 unique label values:  [True, False]
	2 unique label values:  [True, False]
AutoGluon infers your prediction problem is: 'binary' (because only two unique label-values observed).
Problem Type:       binary
AutoGluon infers your prediction problem is: 'binary' (because only two unique label-values observed).
	2 unique label values:  [True, False]
Problem Type:       binary
	2 unique label values:  [True, False]
AutoGluon infers your prediction problem is: 'binary' (because only two unique label-values observed).
	2 unique label values:  [True, False]
	2 unique label values:  [True, False]
Problem Type:       binary
	If 'binary' is not the correct problem_type, please manually specify the problem_type parameter during predictor init (You may specify problem_type as one of: ['binary', 'multiclass', 'regression'])
	If 'binary' is not the correct problem_type, please manually specify the problem_type parameter during predictor init (You may specify problem_type as one of: ['binary', 'multiclass', 'regression'])
	2 unique label values:  [True, False]
Preprocessing data ...
	If 'binary' is not the correct problem_type, please manually specify the problem_type parameter during predictor init (You may specify problem_type as one of: ['binary', 'multiclass', 'regression'])
	If 'binary' is not the correct problem_type, please manually specify the problem_type parameter during predictor init (You may specify problem_type as one of: ['binary', 'multiclass', 'regression'])
	2 unique label values:  [True, False]
Preprocessing data ...
	2 unique label values:  [True, False]
	If 'binary' is not the correct problem_type, please manually specify the problem_type parameter during predictor init (You may specify problem_type as one of: ['binary', 'multiclass', 'regression'])
Preprocessing data ...
	If 'binary' is not the correct problem_type, please manually specify the problem_type parameter during predictor init (You may specify problem_type as one of: ['binary', 'multiclass', 'regression'])
	2 unique label values:  [True, False]
	If 'binary' is not the correct problem_type, please manually specify the problem_type parameter during predictor init (You may specify problem_type as one of: ['binary', 'multiclass', 'regression'])
	If 'binary' is not the correct problem_type, please manually specify the problem_type parameter during predictor init (You may specify problem_type as one of: ['binary', 'multiclass', 'regression'])
Preprocessing data ...
Problem Type:       binary
Problem Type:       binary
	If 'binary' is not the correct problem_type, please manually specify the problem_type parameter during predictor init (You may specify problem_type as one of: ['binary', 'multiclass', 'regression'])
Problem Type:       binary
Problem Type:       binary
	If 'binary' is not the correct problem_type, please manually specify the problem_type parameter during predictor init (You may specify problem_type as one of: ['binary', 'multiclass', 'regression'])
	If 'binary' is not the correct problem_type, please manually specify the problem_type parameter during predictor init (You may specify problem_type as one of: ['binary', 'multiclass', 'regression'])
Problem Type:       binary
Problem Type:       binary
	If 'binary' is not the correct problem_type, please manually specify the problem_type parameter during predictor init (You may specify problem_type as one of: ['binary', 'multiclass', 'regression'])
Problem Type:       binary
Problem Type:       binary
Selected class <--> label mapping:  class 1 = True, class 0 = False
Selected class <--> label mapping:  class 1 = True, class 0 = False
Preprocessing data ...
Preprocessing data ...
Problem Type:       binary
Preprocessing data ...
Preprocessing data ...
Problem Type:       binary
Problem Type:       binary
Preprocessing data ...
Selected class <--> label mapping:  class 1 = True, class 0 = False
Preprocessing data ...
Problem Type:       binary
Preprocessing data ...
Preprocessing data ...
Selected class <--> label mapping:  class 1 = True, class 0 = False
Using Feature Generators to preprocess the data ...
Using Feature Generators to preprocess the data ...
Preprocessing data ...
Preprocessing data ...
Preprocessing data ...
Selected class <--> label mapping:  class 1 = True, class 0 = False
Selected class <--> label mapping:  class 1 = True, class 0 = False
Selected class <--> label mapping:  class 1 = True, class 0 = False
Preprocessing data ...
Selected class <--> label mapping:  class 1 = True, class 0 = False
Using Feature Generators to preprocess the data ...
Selected class <--> label mapping:  class 1 = True, class 0 = False
Fitting AutoMLPipelineFeatureGenerator...
Using Feature Generators to preprocess the data ...
Selected class <--> label mapping:  class 1 = True, class 0 = False
Fitting AutoMLPipelineFeatureGenerator...
Selected class <--> label mapping:  class 1 = True, class 0 = False
Selected class <--> label mapping:  class 1 = True, class 0 = False
Selected class <--> label mapping:  class 1 = True, class 0 = False
Using Feature Generators to preprocess the data ...
Using Feature Generators to preprocess the data ...
Selected class <--> label mapping:  class 1 = True, class 0 = False
Using Feature Generators to preprocess the data ...
Selected class <--> label mapping:  class 1 = True, class 0 = False
Fitting AutoMLPipelineFeatureGenerator...
Using Feature Generators to preprocess the data ...
Fitting AutoMLPipelineFeatureGenerator...
Selected class <--> label mapping:  class 1 = True, class 0 = False
Using Feature Generators to preprocess the data ...
Using Feature Generators to preprocess the data ...
	Available Memory:                    203202.76 MB
	Available Memory:                    203202.76 MB
Using Feature Generators to preprocess the data ...
Using Feature Generators to preprocess the data ...
Fitting AutoMLPipelineFeatureGenerator...
Using Feature Generators to preprocess the data ...
Fitting AutoMLPipelineFeatureGenerator...
Fitting AutoMLPipelineFeatureGenerator...
Using Feature Generators to preprocess the data ...
Fitting AutoMLPipelineFeatureGenerator...
Using Feature Generators to preprocess the data ...
Using Feature Generators to preprocess the data ...
Fitting AutoMLPipelineFeatureGenerator...
	Available Memory:                    203202.76 MB
Fitting AutoMLPipelineFeatureGenerator...
	Train Data (Original)  Memory Usage: 10.62 MB (0.0% of available memory)
	Available Memory:                    203202.76 MB
	Train Data (Original)  Memory Usage: 10.62 MB (0.0% of available memory)
Fitting AutoMLPipelineFeatureGenerator...
Fitting AutoMLPipelineFeatureGenerator...
Fitting AutoMLPipelineFeatureGenerator...
Fitting AutoMLPipelineFeatureGenerator...
	Available Memory:                    203202.27 MB
	Available Memory:                    203202.27 MB
Fitting AutoMLPipelineFeatureGenerator...
Fitting AutoMLPipelineFeatureGenerator...
	Available Memory:                    203194.40 MB
	Available Memory:                    203194.40 MB
	Train Data (Original)  Memory Usage: 10.62 MB (0.0% of available memory)
	Train Data (Original)  Memory Usage: 10.62 MB (0.0% of available memory)
	Available Memory:                    203194.40 MB
	Inferring data type of each feature based on column values. Set feature_metadata_in to manually specify special dtypes of the features.
	Inferring data type of each feature based on column values. Set feature_metadata_in to manually specify special dtypes of the features.
	Available Memory:                    203192.43 MB
	Train Data (Original)  Memory Usage: 10.62 MB (0.0% of available memory)
	Available Memory:                    203193.35 MB
	Train Data (Original)  Memory Usage: 10.62 MB (0.0% of available memory)
	Available Memory:                    203193.35 MB
	Train Data (Original)  Memory Usage: 10.62 MB (0.0% of available memory)
	Available Memory:                    203193.95 MB
	Available Memory:                    203193.95 MB
	Train Data (Original)  Memory Usage: 10.62 MB (0.0% of available memory)
	Available Memory:                    203193.95 MB
	Inferring data type of each feature based on column values. Set feature_metadata_in to manually specify special dtypes of the features.
	Train Data (Original)  Memory Usage: 10.62 MB (0.0% of available memory)
	Available Memory:                    203193.95 MB
	Inferring data type of each feature based on column values. Set feature_metadata_in to manually specify special dtypes of the features.
	Train Data (Original)  Memory Usage: 10.62 MB (0.0% of available memory)
	Inferring data type of each feature based on column values. Set feature_metadata_in to manually specify special dtypes of the features.
	Train Data (Original)  Memory Usage: 10.62 MB (0.0% of available memory)
	Inferring data type of each feature based on column values. Set feature_metadata_in to manually specify special dtypes of the features.
	Train Data (Original)  Memory Usage: 10.62 MB (0.0% of available memory)
	Train Data (Original)  Memory Usage: 10.62 MB (0.0% of available memory)
	Inferring data type of each feature based on column values. Set feature_metadata_in to manually specify special dtypes of the features.
	Train Data (Original)  Memory Usage: 10.62 MB (0.0% of available memory)
	Train Data (Original)  Memory Usage: 10.62 MB (0.0% of available memory)
	Inferring data type of each feature based on column values. Set feature_metadata_in to manually specify special dtypes of the features.
	Inferring data type of each feature based on column values. Set feature_metadata_in to manually specify special dtypes of the features.
	Train Data (Original)  Memory Usage: 10.62 MB (0.0% of available memory)
	Inferring data type of each feature based on column values. Set feature_metadata_in to manually specify special dtypes of the features.
	Inferring data type of each feature based on column values. Set feature_metadata_in to manually specify special dtypes of the features.
	Inferring data type of each feature based on column values. Set feature_metadata_in to manually specify special dtypes of the features.
	Inferring data type of each feature based on column values. Set feature_metadata_in to manually specify special dtypes of the features.
	Inferring data type of each feature based on column values. Set feature_metadata_in to manually specify special dtypes of the features.
	Inferring data type of each feature based on column values. Set feature_metadata_in to manually specify special dtypes of the features.
	Inferring data type of each feature based on column values. Set feature_metadata_in to manually specify special dtypes of the features.
	Stage 1 Generators:
		Fitting AsTypeFeatureGenerator...
	Stage 2 Generators:
		Fitting FillNaFeatureGenerator...
	Stage 3 Generators:
		Fitting IdentityFeatureGenerator...
	Stage 1 Generators:
		Fitting AsTypeFeatureGenerator...
	Stage 1 Generators:
	Stage 1 Generators:
		Fitting AsTypeFeatureGenerator...
		Fitting AsTypeFeatureGenerator...
	Stage 4 Generators:
	Stage 1 Generators:
		Fitting DropUniqueFeatureGenerator...
		Fitting AsTypeFeatureGenerator...
	Stage 1 Generators:
		Fitting AsTypeFeatureGenerator...
	Stage 1 Generators:
		Fitting AsTypeFeatureGenerator...
	Stage 1 Generators:
		Fitting AsTypeFeatureGenerator...
	Stage 1 Generators:
		Fitting AsTypeFeatureGenerator...
	Stage 2 Generators:
	Stage 1 Generators:
		Fitting FillNaFeatureGenerator...
		Fitting AsTypeFeatureGenerator...
	Stage 2 Generators:
	Stage 1 Generators:
	Stage 2 Generators:
		Fitting FillNaFeatureGenerator...
	Stage 2 Generators:
	Stage 2 Generators:
		Fitting AsTypeFeatureGenerator...
		Fitting FillNaFeatureGenerator...
	Stage 3 Generators:
		Fitting FillNaFeatureGenerator...
		Fitting FillNaFeatureGenerator...
	Stage 2 Generators:
	Stage 1 Generators:
	Stage 3 Generators:
	Stage 2 Generators:
	Stage 1 Generators:
		Fitting IdentityFeatureGenerator...
	Stage 3 Generators:
	Stage 1 Generators:
	Stage 2 Generators:
	Stage 1 Generators:
	Stage 3 Generators:
	Stage 2 Generators:
		Fitting FillNaFeatureGenerator...
	Stage 1 Generators:
		Fitting AsTypeFeatureGenerator...
	Stage 3 Generators:
		Fitting IdentityFeatureGenerator...
		Fitting FillNaFeatureGenerator...
		Fitting AsTypeFeatureGenerator...
	Stage 2 Generators:
		Fitting IdentityFeatureGenerator...
		Fitting AsTypeFeatureGenerator...
		Fitting FillNaFeatureGenerator...
		Fitting AsTypeFeatureGenerator...
		Fitting IdentityFeatureGenerator...
	Stage 4 Generators:
		Fitting FillNaFeatureGenerator...
		Fitting AsTypeFeatureGenerator...
		Fitting IdentityFeatureGenerator...
	Stage 3 Generators:
		Fitting FillNaFeatureGenerator...
	Stage 4 Generators:
	Stage 3 Generators:
	Stage 3 Generators:
		Fitting DropUniqueFeatureGenerator...
	Stage 4 Generators:
	Stage 4 Generators:
	Stage 4 Generators:
	Stage 3 Generators:
		Fitting IdentityFeatureGenerator...
	Stage 5 Generators:
	Stage 2 Generators:
	Stage 3 Generators:
		Fitting DropUniqueFeatureGenerator...
		Fitting IdentityFeatureGenerator...
		Fitting IdentityFeatureGenerator...
		Fitting DropUniqueFeatureGenerator...
	Stage 2 Generators:
		Fitting DropUniqueFeatureGenerator...
		Fitting DropUniqueFeatureGenerator...
	Stage 2 Generators:
		Fitting IdentityFeatureGenerator...
	Stage 2 Generators:
	Stage 2 Generators:
		Fitting DropDuplicatesFeatureGenerator...
		Fitting FillNaFeatureGenerator...
		Fitting IdentityFeatureGenerator...
	Stage 4 Generators:
		Fitting FillNaFeatureGenerator...
	Stage 4 Generators:
		Fitting FillNaFeatureGenerator...
	Stage 4 Generators:
		Fitting FillNaFeatureGenerator...
		Fitting FillNaFeatureGenerator...
		Fitting DropUniqueFeatureGenerator...
	Stage 4 Generators:
		Fitting DropUniqueFeatureGenerator...
	Stage 3 Generators:
		Fitting DropUniqueFeatureGenerator...
	Stage 4 Generators:
	Stage 3 Generators:
	Stage 3 Generators:
		Fitting DropUniqueFeatureGenerator...
		Fitting IdentityFeatureGenerator...
	Stage 3 Generators:
		Fitting DropUniqueFeatureGenerator...
		Fitting IdentityFeatureGenerator...
	Stage 3 Generators:
		Fitting IdentityFeatureGenerator...
		Fitting IdentityFeatureGenerator...
	Stage 4 Generators:
		Fitting IdentityFeatureGenerator...
		Fitting DropUniqueFeatureGenerator...
	Stage 4 Generators:
	Stage 4 Generators:
		Fitting DropUniqueFeatureGenerator...
		Fitting DropUniqueFeatureGenerator...
	Stage 4 Generators:
		Fitting DropUniqueFeatureGenerator...
	Stage 4 Generators:
		Fitting DropUniqueFeatureGenerator...
	Stage 5 Generators:
		Fitting DropDuplicatesFeatureGenerator...
	Stage 5 Generators:
		Fitting DropDuplicatesFeatureGenerator...
	Stage 5 Generators:
		Fitting DropDuplicatesFeatureGenerator...
	Stage 5 Generators:
		Fitting DropDuplicatesFeatureGenerator...
	Stage 5 Generators:
		Fitting DropDuplicatesFeatureGenerator...
	Stage 5 Generators:
		Fitting DropDuplicatesFeatureGenerator...
	Types of features in original data (raw dtype, special dtypes):
		('int', []) : 96 | ['A[C>A]A', 'A[C>A]C', 'A[C>A]G', 'A[C>A]T', 'A[C>G]A', ...]
	Types of features in processed data (raw dtype, special dtypes):
		('int', []) : 96 | ['A[C>A]A', 'A[C>A]C', 'A[C>A]G', 'A[C>A]T', 'A[C>G]A', ...]
	18.1s = Fit runtime
	96 features in original data used to generate 96 features in processed data.
	Stage 5 Generators:
		Fitting DropDuplicatesFeatureGenerator...
	Stage 5 Generators:
		Fitting DropDuplicatesFeatureGenerator...
	Stage 5 Generators:
	Train Data (Processed) Memory Usage: 10.62 MB (0.0% of available memory)
		Fitting DropDuplicatesFeatureGenerator...
	Stage 5 Generators:
	Stage 5 Generators:
	Stage 5 Generators:
Data preprocessing and feature engineering runtime = 19.56s ...
	Stage 5 Generators:
		Fitting DropDuplicatesFeatureGenerator...
		Fitting DropDuplicatesFeatureGenerator...
		Fitting DropDuplicatesFeatureGenerator...
AutoGluon will gauge predictive performance using evaluation metric: 'accuracy'
		Fitting DropDuplicatesFeatureGenerator...
	Types of features in original data (raw dtype, special dtypes):
	Stage 5 Generators:
	To change this, specify the eval_metric parameter of Predictor()
		('int', []) : 96 | ['A[C>A]A', 'A[C>A]C', 'A[C>A]G', 'A[C>A]T', 'A[C>G]A', ...]
	Stage 5 Generators:
	Types of features in original data (raw dtype, special dtypes):
		Fitting DropDuplicatesFeatureGenerator...
	Types of features in original data (raw dtype, special dtypes):
	Types of features in processed data (raw dtype, special dtypes):
	Types of features in original data (raw dtype, special dtypes):
	Types of features in original data (raw dtype, special dtypes):
		Fitting DropDuplicatesFeatureGenerator...
		('int', []) : 96 | ['A[C>A]A', 'A[C>A]C', 'A[C>A]G', 'A[C>A]T', 'A[C>G]A', ...]
	Types of features in original data (raw dtype, special dtypes):
	Types of features in original data (raw dtype, special dtypes):
		('int', []) : 96 | ['A[C>A]A', 'A[C>A]C', 'A[C>A]G', 'A[C>A]T', 'A[C>G]A', ...]
		('int', []) : 96 | ['A[C>A]A', 'A[C>A]C', 'A[C>A]G', 'A[C>A]T', 'A[C>G]A', ...]
		('int', []) : 96 | ['A[C>A]A', 'A[C>A]C', 'A[C>A]G', 'A[C>A]T', 'A[C>G]A', ...]
	Types of features in original data (raw dtype, special dtypes):
		('int', []) : 96 | ['A[C>A]A', 'A[C>A]C', 'A[C>A]G', 'A[C>A]T', 'A[C>G]A', ...]
Automatically generating train/validation split with holdout_frac=0.1, Train Rows: 13045, Val Rows: 1450
	Types of features in processed data (raw dtype, special dtypes):
	Types of features in original data (raw dtype, special dtypes):
		('int', []) : 96 | ['A[C>A]A', 'A[C>A]C', 'A[C>A]G', 'A[C>A]T', 'A[C>G]A', ...]
		('int', []) : 96 | ['A[C>A]A', 'A[C>A]C', 'A[C>A]G', 'A[C>A]T', 'A[C>G]A', ...]
	Types of features in processed data (raw dtype, special dtypes):
	19.5s = Fit runtime
	Types of features in processed data (raw dtype, special dtypes):
		('int', []) : 96 | ['A[C>A]A', 'A[C>A]C', 'A[C>A]G', 'A[C>A]T', 'A[C>G]A', ...]
	Types of features in processed data (raw dtype, special dtypes):
User-specified model hyperparameters to be fit:
{
	'NN_TORCH': {},
	'GBM': [{'extra_trees': True, 'ag_args': {'name_suffix': 'XT'}}, {}, 'GBMLarge'],
	'CAT': {},
	'XGB': {},
	'FASTAI': {},
	'RF': [{'criterion': 'gini', 'ag_args': {'name_suffix': 'Gini', 'problem_types': ['binary', 'multiclass']}}, {'criterion': 'entropy', 'ag_args': {'name_suffix': 'Entr', 'problem_types': ['binary', 'multiclass']}}, {'criterion': 'squared_error', 'ag_args': {'name_suffix': 'MSE', 'problem_types': ['regression', 'quantile']}}],
	'XT': [{'criterion': 'gini', 'ag_args': {'name_suffix': 'Gini', 'problem_types': ['binary', 'multiclass']}}, {'criterion': 'entropy', 'ag_args': {'name_suffix': 'Entr', 'problem_types': ['binary', 'multiclass']}}, {'criterion': 'squared_error', 'ag_args': {'name_suffix': 'MSE', 'problem_types': ['regression', 'quantile']}}],
	'KNN': [{'weights': 'uniform', 'ag_args': {'name_suffix': 'Unif'}}, {'weights': 'distance', 'ag_args': {'name_suffix': 'Dist'}}],
}
		('int', []) : 96 | ['A[C>A]A', 'A[C>A]C', 'A[C>A]G', 'A[C>A]T', 'A[C>G]A', ...]
		('int', []) : 96 | ['A[C>A]A', 'A[C>A]C', 'A[C>A]G', 'A[C>A]T', 'A[C>G]A', ...]
	Types of features in processed data (raw dtype, special dtypes):
	Types of features in processed data (raw dtype, special dtypes):
		('int', []) : 96 | ['A[C>A]A', 'A[C>A]C', 'A[C>A]G', 'A[C>A]T', 'A[C>G]A', ...]
	Types of features in original data (raw dtype, special dtypes):
	Types of features in original data (raw dtype, special dtypes):
	Types of features in original data (raw dtype, special dtypes):
	96 features in original data used to generate 96 features in processed data.
	Types of features in original data (raw dtype, special dtypes):
		('int', []) : 96 | ['A[C>A]A', 'A[C>A]C', 'A[C>A]G', 'A[C>A]T', 'A[C>G]A', ...]
	Types of features in processed data (raw dtype, special dtypes):
		('int', []) : 96 | ['A[C>A]A', 'A[C>A]C', 'A[C>A]G', 'A[C>A]T', 'A[C>G]A', ...]
	20.6s = Fit runtime
	Types of features in original data (raw dtype, special dtypes):
	Types of features in processed data (raw dtype, special dtypes):
		('int', []) : 96 | ['A[C>A]A', 'A[C>A]C', 'A[C>A]G', 'A[C>A]T', 'A[C>G]A', ...]
		('int', []) : 96 | ['A[C>A]A', 'A[C>A]C', 'A[C>A]G', 'A[C>A]T', 'A[C>G]A', ...]
	20.7s = Fit runtime
		('int', []) : 96 | ['A[C>A]A', 'A[C>A]C', 'A[C>A]G', 'A[C>A]T', 'A[C>G]A', ...]
		('int', []) : 96 | ['A[C>A]A', 'A[C>A]C', 'A[C>A]G', 'A[C>A]T', 'A[C>G]A', ...]
		('int', []) : 96 | ['A[C>A]A', 'A[C>A]C', 'A[C>A]G', 'A[C>A]T', 'A[C>G]A', ...]
		('int', []) : 96 | ['A[C>A]A', 'A[C>A]C', 'A[C>A]G', 'A[C>A]T', 'A[C>G]A', ...]
	21.1s = Fit runtime
		('int', []) : 96 | ['A[C>A]A', 'A[C>A]C', 'A[C>A]G', 'A[C>A]T', 'A[C>G]A', ...]
	21.4s = Fit runtime
	Types of features in original data (raw dtype, special dtypes):
	96 features in original data used to generate 96 features in processed data.
	Train Data (Processed) Memory Usage: 10.62 MB (0.0% of available memory)
		('int', []) : 96 | ['A[C>A]A', 'A[C>A]C', 'A[C>A]G', 'A[C>A]T', 'A[C>G]A', ...]
		('int', []) : 96 | ['A[C>A]A', 'A[C>A]C', 'A[C>A]G', 'A[C>A]T', 'A[C>G]A', ...]
	21.4s = Fit runtime
	21.8s = Fit runtime
	96 features in original data used to generate 96 features in processed data.
	Types of features in processed data (raw dtype, special dtypes):
	Types of features in processed data (raw dtype, special dtypes):
	Types of features in processed data (raw dtype, special dtypes):
	Types of features in processed data (raw dtype, special dtypes):
	96 features in original data used to generate 96 features in processed data.
	21.5s = Fit runtime
	96 features in original data used to generate 96 features in processed data.
		('int', []) : 96 | ['A[C>A]A', 'A[C>A]C', 'A[C>A]G', 'A[C>A]T', 'A[C>G]A', ...]
Data preprocessing and feature engineering runtime = 26.1s ...
	Types of features in processed data (raw dtype, special dtypes):
	22.5s = Fit runtime
	96 features in original data used to generate 96 features in processed data.
Fitting 13 L1 models ...
	96 features in original data used to generate 96 features in processed data.
	Train Data (Processed) Memory Usage: 10.62 MB (0.0% of available memory)
		('int', []) : 96 | ['A[C>A]A', 'A[C>A]C', 'A[C>A]G', 'A[C>A]T', 'A[C>G]A', ...]
		('int', []) : 96 | ['A[C>A]A', 'A[C>A]C', 'A[C>A]G', 'A[C>A]T', 'A[C>G]A', ...]
		('int', []) : 96 | ['A[C>A]A', 'A[C>A]C', 'A[C>A]G', 'A[C>A]T', 'A[C>G]A', ...]
		('int', []) : 96 | ['A[C>A]A', 'A[C>A]C', 'A[C>A]G', 'A[C>A]T', 'A[C>G]A', ...]
	96 features in original data used to generate 96 features in processed data.
	Train Data (Processed) Memory Usage: 10.62 MB (0.0% of available memory)
	Types of features in processed data (raw dtype, special dtypes):
	Train Data (Processed) Memory Usage: 10.62 MB (0.0% of available memory)
AutoGluon will gauge predictive performance using evaluation metric: 'accuracy'
		('int', []) : 96 | ['A[C>A]A', 'A[C>A]C', 'A[C>A]G', 'A[C>A]T', 'A[C>G]A', ...]
	Train Data (Processed) Memory Usage: 10.62 MB (0.0% of available memory)
	96 features in original data used to generate 96 features in processed data.
Fitting model: KNeighborsUnif ... Training model for up to 40.43s of the 40.23s of remaining time.
	24.1s = Fit runtime
Data preprocessing and feature engineering runtime = 26.44s ...
	24.0s = Fit runtime
	24.2s = Fit runtime
	24.4s = Fit runtime
	Train Data (Processed) Memory Usage: 10.62 MB (0.0% of available memory)
	Train Data (Processed) Memory Usage: 10.62 MB (0.0% of available memory)
Data preprocessing and feature engineering runtime = 26.52s ...
		('int', []) : 96 | ['A[C>A]A', 'A[C>A]C', 'A[C>A]G', 'A[C>A]T', 'A[C>G]A', ...]
	To change this, specify the eval_metric parameter of Predictor()
Data preprocessing and feature engineering runtime = 26.55s ...
	25.1s = Fit runtime
	Train Data (Processed) Memory Usage: 10.62 MB (0.0% of available memory)
	96 features in original data used to generate 96 features in processed data.
AutoGluon will gauge predictive performance using evaluation metric: 'accuracy'
Data preprocessing and feature engineering runtime = 26.65s ...
	96 features in original data used to generate 96 features in processed data.
	96 features in original data used to generate 96 features in processed data.
	Train Data (Processed) Memory Usage: 10.62 MB (0.0% of available memory)
	96 features in original data used to generate 96 features in processed data.
AutoGluon will gauge predictive performance using evaluation metric: 'accuracy'
	25.2s = Fit runtime
Data preprocessing and feature engineering runtime = 26.69s ...
Data preprocessing and feature engineering runtime = 26.69s ...
AutoGluon will gauge predictive performance using evaluation metric: 'accuracy'
	96 features in original data used to generate 96 features in processed data.
Data preprocessing and feature engineering runtime = 26.68s ...
	To change this, specify the eval_metric parameter of Predictor()
AutoGluon will gauge predictive performance using evaluation metric: 'accuracy'
	Train Data (Processed) Memory Usage: 10.62 MB (0.0% of available memory)
	To change this, specify the eval_metric parameter of Predictor()
Data preprocessing and feature engineering runtime = 26.96s ...
	96 features in original data used to generate 96 features in processed data.
	Train Data (Processed) Memory Usage: 10.62 MB (0.0% of available memory)
AutoGluon will gauge predictive performance using evaluation metric: 'accuracy'
AutoGluon will gauge predictive performance using evaluation metric: 'accuracy'
	To change this, specify the eval_metric parameter of Predictor()
	Train Data (Processed) Memory Usage: 10.62 MB (0.0% of available memory)
AutoGluon will gauge predictive performance using evaluation metric: 'accuracy'
	To change this, specify the eval_metric parameter of Predictor()
	Train Data (Processed) Memory Usage: 10.62 MB (0.0% of available memory)
AutoGluon will gauge predictive performance using evaluation metric: 'accuracy'
Data preprocessing and feature engineering runtime = 27.11s ...
Automatically generating train/validation split with holdout_frac=0.1, Train Rows: 13045, Val Rows: 1450
	Train Data (Processed) Memory Usage: 10.62 MB (0.0% of available memory)
	To change this, specify the eval_metric parameter of Predictor()
Data preprocessing and feature engineering runtime = 27.17s ...
	To change this, specify the eval_metric parameter of Predictor()
	To change this, specify the eval_metric parameter of Predictor()
Data preprocessing and feature engineering runtime = 27.28s ...
	Train Data (Processed) Memory Usage: 10.62 MB (0.0% of available memory)
	To change this, specify the eval_metric parameter of Predictor()
Data preprocessing and feature engineering runtime = 27.33s ...
AutoGluon will gauge predictive performance using evaluation metric: 'accuracy'
User-specified model hyperparameters to be fit:
{
	'NN_TORCH': {},
	'GBM': [{'extra_trees': True, 'ag_args': {'name_suffix': 'XT'}}, {}, 'GBMLarge'],
	'CAT': {},
	'XGB': {},
	'FASTAI': {},
	'RF': [{'criterion': 'gini', 'ag_args': {'name_suffix': 'Gini', 'problem_types': ['binary', 'multiclass']}}, {'criterion': 'entropy', 'ag_args': {'name_suffix': 'Entr', 'problem_types': ['binary', 'multiclass']}}, {'criterion': 'squared_error', 'ag_args': {'name_suffix': 'MSE', 'problem_types': ['regression', 'quantile']}}],
	'XT': [{'criterion': 'gini', 'ag_args': {'name_suffix': 'Gini', 'problem_types': ['binary', 'multiclass']}}, {'criterion': 'entropy', 'ag_args': {'name_suffix': 'Entr', 'problem_types': ['binary', 'multiclass']}}, {'criterion': 'squared_error', 'ag_args': {'name_suffix': 'MSE', 'problem_types': ['regression', 'quantile']}}],
	'KNN': [{'weights': 'uniform', 'ag_args': {'name_suffix': 'Unif'}}, {'weights': 'distance', 'ag_args': {'name_suffix': 'Dist'}}],
}
Data preprocessing and feature engineering runtime = 27.41s ...
Automatically generating train/validation split with holdout_frac=0.1, Train Rows: 13045, Val Rows: 1450
AutoGluon will gauge predictive performance using evaluation metric: 'accuracy'
AutoGluon will gauge predictive performance using evaluation metric: 'accuracy'
AutoGluon will gauge predictive performance using evaluation metric: 'accuracy'
Data preprocessing and feature engineering runtime = 27.52s ...
	To change this, specify the eval_metric parameter of Predictor()
AutoGluon will gauge predictive performance using evaluation metric: 'accuracy'
Automatically generating train/validation split with holdout_frac=0.1, Train Rows: 13045, Val Rows: 1450
Automatically generating train/validation split with holdout_frac=0.1, Train Rows: 13045, Val Rows: 1450
User-specified model hyperparameters to be fit:
{
	'NN_TORCH': {},
	'GBM': [{'extra_trees': True, 'ag_args': {'name_suffix': 'XT'}}, {}, 'GBMLarge'],
	'CAT': {},
	'XGB': {},
	'FASTAI': {},
	'RF': [{'criterion': 'gini', 'ag_args': {'name_suffix': 'Gini', 'problem_types': ['binary', 'multiclass']}}, {'criterion': 'entropy', 'ag_args': {'name_suffix': 'Entr', 'problem_types': ['binary', 'multiclass']}}, {'criterion': 'squared_error', 'ag_args': {'name_suffix': 'MSE', 'problem_types': ['regression', 'quantile']}}],
	'XT': [{'criterion': 'gini', 'ag_args': {'name_suffix': 'Gini', 'problem_types': ['binary', 'multiclass']}}, {'criterion': 'entropy', 'ag_args': {'name_suffix': 'Entr', 'problem_types': ['binary', 'multiclass']}}, {'criterion': 'squared_error', 'ag_args': {'name_suffix': 'MSE', 'problem_types': ['regression', 'quantile']}}],
	'KNN': [{'weights': 'uniform', 'ag_args': {'name_suffix': 'Unif'}}, {'weights': 'distance', 'ag_args': {'name_suffix': 'Dist'}}],
}
	To change this, specify the eval_metric parameter of Predictor()
	To change this, specify the eval_metric parameter of Predictor()
Automatically generating train/validation split with holdout_frac=0.1, Train Rows: 13045, Val Rows: 1450
	To change this, specify the eval_metric parameter of Predictor()
AutoGluon will gauge predictive performance using evaluation metric: 'accuracy'
	To change this, specify the eval_metric parameter of Predictor()
User-specified model hyperparameters to be fit:
{
	'NN_TORCH': {},
	'GBM': [{'extra_trees': True, 'ag_args': {'name_suffix': 'XT'}}, {}, 'GBMLarge'],
	'CAT': {},
	'XGB': {},
	'FASTAI': {},
	'RF': [{'criterion': 'gini', 'ag_args': {'name_suffix': 'Gini', 'problem_types': ['binary', 'multiclass']}}, {'criterion': 'entropy', 'ag_args': {'name_suffix': 'Entr', 'problem_types': ['binary', 'multiclass']}}, {'criterion': 'squared_error', 'ag_args': {'name_suffix': 'MSE', 'problem_types': ['regression', 'quantile']}}],
	'XT': [{'criterion': 'gini', 'ag_args': {'name_suffix': 'Gini', 'problem_types': ['binary', 'multiclass']}}, {'criterion': 'entropy', 'ag_args': {'name_suffix': 'Entr', 'problem_types': ['binary', 'multiclass']}}, {'criterion': 'squared_error', 'ag_args': {'name_suffix': 'MSE', 'problem_types': ['regression', 'quantile']}}],
	'KNN': [{'weights': 'uniform', 'ag_args': {'name_suffix': 'Unif'}}, {'weights': 'distance', 'ag_args': {'name_suffix': 'Dist'}}],
}
User-specified model hyperparameters to be fit:
{
	'NN_TORCH': {},
	'GBM': [{'extra_trees': True, 'ag_args': {'name_suffix': 'XT'}}, {}, 'GBMLarge'],
	'CAT': {},
	'XGB': {},
	'FASTAI': {},
	'RF': [{'criterion': 'gini', 'ag_args': {'name_suffix': 'Gini', 'problem_types': ['binary', 'multiclass']}}, {'criterion': 'entropy', 'ag_args': {'name_suffix': 'Entr', 'problem_types': ['binary', 'multiclass']}}, {'criterion': 'squared_error', 'ag_args': {'name_suffix': 'MSE', 'problem_types': ['regression', 'quantile']}}],
	'XT': [{'criterion': 'gini', 'ag_args': {'name_suffix': 'Gini', 'problem_types': ['binary', 'multiclass']}}, {'criterion': 'entropy', 'ag_args': {'name_suffix': 'Entr', 'problem_types': ['binary', 'multiclass']}}, {'criterion': 'squared_error', 'ag_args': {'name_suffix': 'MSE', 'problem_types': ['regression', 'quantile']}}],
	'KNN': [{'weights': 'uniform', 'ag_args': {'name_suffix': 'Unif'}}, {'weights': 'distance', 'ag_args': {'name_suffix': 'Dist'}}],
}
User-specified model hyperparameters to be fit:
{
	'NN_TORCH': {},
	'GBM': [{'extra_trees': True, 'ag_args': {'name_suffix': 'XT'}}, {}, 'GBMLarge'],
	'CAT': {},
	'XGB': {},
	'FASTAI': {},
	'RF': [{'criterion': 'gini', 'ag_args': {'name_suffix': 'Gini', 'problem_types': ['binary', 'multiclass']}}, {'criterion': 'entropy', 'ag_args': {'name_suffix': 'Entr', 'problem_types': ['binary', 'multiclass']}}, {'criterion': 'squared_error', 'ag_args': {'name_suffix': 'MSE', 'problem_types': ['regression', 'quantile']}}],
	'XT': [{'criterion': 'gini', 'ag_args': {'name_suffix': 'Gini', 'problem_types': ['binary', 'multiclass']}}, {'criterion': 'entropy', 'ag_args': {'name_suffix': 'Entr', 'problem_types': ['binary', 'multiclass']}}, {'criterion': 'squared_error', 'ag_args': {'name_suffix': 'MSE', 'problem_types': ['regression', 'quantile']}}],
	'KNN': [{'weights': 'uniform', 'ag_args': {'name_suffix': 'Unif'}}, {'weights': 'distance', 'ag_args': {'name_suffix': 'Dist'}}],
}
	To change this, specify the eval_metric parameter of Predictor()
Automatically generating train/validation split with holdout_frac=0.1, Train Rows: 13045, Val Rows: 1450
Automatically generating train/validation split with holdout_frac=0.1, Train Rows: 13045, Val Rows: 1450
Automatically generating train/validation split with holdout_frac=0.1, Train Rows: 13045, Val Rows: 1450
User-specified model hyperparameters to be fit:
{
	'NN_TORCH': {},
	'GBM': [{'extra_trees': True, 'ag_args': {'name_suffix': 'XT'}}, {}, 'GBMLarge'],
	'CAT': {},
	'XGB': {},
	'FASTAI': {},
	'RF': [{'criterion': 'gini', 'ag_args': {'name_suffix': 'Gini', 'problem_types': ['binary', 'multiclass']}}, {'criterion': 'entropy', 'ag_args': {'name_suffix': 'Entr', 'problem_types': ['binary', 'multiclass']}}, {'criterion': 'squared_error', 'ag_args': {'name_suffix': 'MSE', 'problem_types': ['regression', 'quantile']}}],
	'XT': [{'criterion': 'gini', 'ag_args': {'name_suffix': 'Gini', 'problem_types': ['binary', 'multiclass']}}, {'criterion': 'entropy', 'ag_args': {'name_suffix': 'Entr', 'problem_types': ['binary', 'multiclass']}}, {'criterion': 'squared_error', 'ag_args': {'name_suffix': 'MSE', 'problem_types': ['regression', 'quantile']}}],
	'KNN': [{'weights': 'uniform', 'ag_args': {'name_suffix': 'Unif'}}, {'weights': 'distance', 'ag_args': {'name_suffix': 'Dist'}}],
}
Automatically generating train/validation split with holdout_frac=0.1, Train Rows: 13045, Val Rows: 1450
User-specified model hyperparameters to be fit:
{
	'NN_TORCH': {},
	'GBM': [{'extra_trees': True, 'ag_args': {'name_suffix': 'XT'}}, {}, 'GBMLarge'],
	'CAT': {},
	'XGB': {},
	'FASTAI': {},
	'RF': [{'criterion': 'gini', 'ag_args': {'name_suffix': 'Gini', 'problem_types': ['binary', 'multiclass']}}, {'criterion': 'entropy', 'ag_args': {'name_suffix': 'Entr', 'problem_types': ['binary', 'multiclass']}}, {'criterion': 'squared_error', 'ag_args': {'name_suffix': 'MSE', 'problem_types': ['regression', 'quantile']}}],
	'XT': [{'criterion': 'gini', 'ag_args': {'name_suffix': 'Gini', 'problem_types': ['binary', 'multiclass']}}, {'criterion': 'entropy', 'ag_args': {'name_suffix': 'Entr', 'problem_types': ['binary', 'multiclass']}}, {'criterion': 'squared_error', 'ag_args': {'name_suffix': 'MSE', 'problem_types': ['regression', 'quantile']}}],
	'KNN': [{'weights': 'uniform', 'ag_args': {'name_suffix': 'Unif'}}, {'weights': 'distance', 'ag_args': {'name_suffix': 'Dist'}}],
}
User-specified model hyperparameters to be fit:
{
	'NN_TORCH': {},
	'GBM': [{'extra_trees': True, 'ag_args': {'name_suffix': 'XT'}}, {}, 'GBMLarge'],
	'CAT': {},
	'XGB': {},
	'FASTAI': {},
	'RF': [{'criterion': 'gini', 'ag_args': {'name_suffix': 'Gini', 'problem_types': ['binary', 'multiclass']}}, {'criterion': 'entropy', 'ag_args': {'name_suffix': 'Entr', 'problem_types': ['binary', 'multiclass']}}, {'criterion': 'squared_error', 'ag_args': {'name_suffix': 'MSE', 'problem_types': ['regression', 'quantile']}}],
	'XT': [{'criterion': 'gini', 'ag_args': {'name_suffix': 'Gini', 'problem_types': ['binary', 'multiclass']}}, {'criterion': 'entropy', 'ag_args': {'name_suffix': 'Entr', 'problem_types': ['binary', 'multiclass']}}, {'criterion': 'squared_error', 'ag_args': {'name_suffix': 'MSE', 'problem_types': ['regression', 'quantile']}}],
	'KNN': [{'weights': 'uniform', 'ag_args': {'name_suffix': 'Unif'}}, {'weights': 'distance', 'ag_args': {'name_suffix': 'Dist'}}],
}
User-specified model hyperparameters to be fit:
{
	'NN_TORCH': {},
	'GBM': [{'extra_trees': True, 'ag_args': {'name_suffix': 'XT'}}, {}, 'GBMLarge'],
	'CAT': {},
	'XGB': {},
	'FASTAI': {},
	'RF': [{'criterion': 'gini', 'ag_args': {'name_suffix': 'Gini', 'problem_types': ['binary', 'multiclass']}}, {'criterion': 'entropy', 'ag_args': {'name_suffix': 'Entr', 'problem_types': ['binary', 'multiclass']}}, {'criterion': 'squared_error', 'ag_args': {'name_suffix': 'MSE', 'problem_types': ['regression', 'quantile']}}],
	'XT': [{'criterion': 'gini', 'ag_args': {'name_suffix': 'Gini', 'problem_types': ['binary', 'multiclass']}}, {'criterion': 'entropy', 'ag_args': {'name_suffix': 'Entr', 'problem_types': ['binary', 'multiclass']}}, {'criterion': 'squared_error', 'ag_args': {'name_suffix': 'MSE', 'problem_types': ['regression', 'quantile']}}],
	'KNN': [{'weights': 'uniform', 'ag_args': {'name_suffix': 'Unif'}}, {'weights': 'distance', 'ag_args': {'name_suffix': 'Dist'}}],
}
Automatically generating train/validation split with holdout_frac=0.1, Train Rows: 13045, Val Rows: 1450
Automatically generating train/validation split with holdout_frac=0.1, Train Rows: 13045, Val Rows: 1450
User-specified model hyperparameters to be fit:
{
	'NN_TORCH': {},
	'GBM': [{'extra_trees': True, 'ag_args': {'name_suffix': 'XT'}}, {}, 'GBMLarge'],
	'CAT': {},
	'XGB': {},
	'FASTAI': {},
	'RF': [{'criterion': 'gini', 'ag_args': {'name_suffix': 'Gini', 'problem_types': ['binary', 'multiclass']}}, {'criterion': 'entropy', 'ag_args': {'name_suffix': 'Entr', 'problem_types': ['binary', 'multiclass']}}, {'criterion': 'squared_error', 'ag_args': {'name_suffix': 'MSE', 'problem_types': ['regression', 'quantile']}}],
	'XT': [{'criterion': 'gini', 'ag_args': {'name_suffix': 'Gini', 'problem_types': ['binary', 'multiclass']}}, {'criterion': 'entropy', 'ag_args': {'name_suffix': 'Entr', 'problem_types': ['binary', 'multiclass']}}, {'criterion': 'squared_error', 'ag_args': {'name_suffix': 'MSE', 'problem_types': ['regression', 'quantile']}}],
	'KNN': [{'weights': 'uniform', 'ag_args': {'name_suffix': 'Unif'}}, {'weights': 'distance', 'ag_args': {'name_suffix': 'Dist'}}],
}
User-specified model hyperparameters to be fit:
{
	'NN_TORCH': {},
	'GBM': [{'extra_trees': True, 'ag_args': {'name_suffix': 'XT'}}, {}, 'GBMLarge'],
	'CAT': {},
	'XGB': {},
	'FASTAI': {},
	'RF': [{'criterion': 'gini', 'ag_args': {'name_suffix': 'Gini', 'problem_types': ['binary', 'multiclass']}}, {'criterion': 'entropy', 'ag_args': {'name_suffix': 'Entr', 'problem_types': ['binary', 'multiclass']}}, {'criterion': 'squared_error', 'ag_args': {'name_suffix': 'MSE', 'problem_types': ['regression', 'quantile']}}],
	'XT': [{'criterion': 'gini', 'ag_args': {'name_suffix': 'Gini', 'problem_types': ['binary', 'multiclass']}}, {'criterion': 'entropy', 'ag_args': {'name_suffix': 'Entr', 'problem_types': ['binary', 'multiclass']}}, {'criterion': 'squared_error', 'ag_args': {'name_suffix': 'MSE', 'problem_types': ['regression', 'quantile']}}],
	'KNN': [{'weights': 'uniform', 'ag_args': {'name_suffix': 'Unif'}}, {'weights': 'distance', 'ag_args': {'name_suffix': 'Dist'}}],
}
Automatically generating train/validation split with holdout_frac=0.1, Train Rows: 13045, Val Rows: 1450
User-specified model hyperparameters to be fit:
{
	'NN_TORCH': {},
	'GBM': [{'extra_trees': True, 'ag_args': {'name_suffix': 'XT'}}, {}, 'GBMLarge'],
	'CAT': {},
	'XGB': {},
	'FASTAI': {},
	'RF': [{'criterion': 'gini', 'ag_args': {'name_suffix': 'Gini', 'problem_types': ['binary', 'multiclass']}}, {'criterion': 'entropy', 'ag_args': {'name_suffix': 'Entr', 'problem_types': ['binary', 'multiclass']}}, {'criterion': 'squared_error', 'ag_args': {'name_suffix': 'MSE', 'problem_types': ['regression', 'quantile']}}],
	'XT': [{'criterion': 'gini', 'ag_args': {'name_suffix': 'Gini', 'problem_types': ['binary', 'multiclass']}}, {'criterion': 'entropy', 'ag_args': {'name_suffix': 'Entr', 'problem_types': ['binary', 'multiclass']}}, {'criterion': 'squared_error', 'ag_args': {'name_suffix': 'MSE', 'problem_types': ['regression', 'quantile']}}],
	'KNN': [{'weights': 'uniform', 'ag_args': {'name_suffix': 'Unif'}}, {'weights': 'distance', 'ag_args': {'name_suffix': 'Dist'}}],
}
Automatically generating train/validation split with holdout_frac=0.1, Train Rows: 13045, Val Rows: 1450
User-specified model hyperparameters to be fit:
{
	'NN_TORCH': {},
	'GBM': [{'extra_trees': True, 'ag_args': {'name_suffix': 'XT'}}, {}, 'GBMLarge'],
	'CAT': {},
	'XGB': {},
	'FASTAI': {},
	'RF': [{'criterion': 'gini', 'ag_args': {'name_suffix': 'Gini', 'problem_types': ['binary', 'multiclass']}}, {'criterion': 'entropy', 'ag_args': {'name_suffix': 'Entr', 'problem_types': ['binary', 'multiclass']}}, {'criterion': 'squared_error', 'ag_args': {'name_suffix': 'MSE', 'problem_types': ['regression', 'quantile']}}],
	'XT': [{'criterion': 'gini', 'ag_args': {'name_suffix': 'Gini', 'problem_types': ['binary', 'multiclass']}}, {'criterion': 'entropy', 'ag_args': {'name_suffix': 'Entr', 'problem_types': ['binary', 'multiclass']}}, {'criterion': 'squared_error', 'ag_args': {'name_suffix': 'MSE', 'problem_types': ['regression', 'quantile']}}],
	'KNN': [{'weights': 'uniform', 'ag_args': {'name_suffix': 'Unif'}}, {'weights': 'distance', 'ag_args': {'name_suffix': 'Dist'}}],
}
Fitting 13 L1 models ...
Fitting 13 L1 models ...
Fitting model: KNeighborsUnif ... Training model for up to 33.89s of the 33.83s of remaining time.
Fitting model: KNeighborsUnif ... Training model for up to 33.48s of the 33.41s of remaining time.
Automatically generating train/validation split with holdout_frac=0.1, Train Rows: 13045, Val Rows: 1450
Automatically generating train/validation split with holdout_frac=0.1, Train Rows: 13045, Val Rows: 1450
User-specified model hyperparameters to be fit:
{
	'NN_TORCH': {},
	'GBM': [{'extra_trees': True, 'ag_args': {'name_suffix': 'XT'}}, {}, 'GBMLarge'],
	'CAT': {},
	'XGB': {},
	'FASTAI': {},
	'RF': [{'criterion': 'gini', 'ag_args': {'name_suffix': 'Gini', 'problem_types': ['binary', 'multiclass']}}, {'criterion': 'entropy', 'ag_args': {'name_suffix': 'Entr', 'problem_types': ['binary', 'multiclass']}}, {'criterion': 'squared_error', 'ag_args': {'name_suffix': 'MSE', 'problem_types': ['regression', 'quantile']}}],
	'XT': [{'criterion': 'gini', 'ag_args': {'name_suffix': 'Gini', 'problem_types': ['binary', 'multiclass']}}, {'criterion': 'entropy', 'ag_args': {'name_suffix': 'Entr', 'problem_types': ['binary', 'multiclass']}}, {'criterion': 'squared_error', 'ag_args': {'name_suffix': 'MSE', 'problem_types': ['regression', 'quantile']}}],
	'KNN': [{'weights': 'uniform', 'ag_args': {'name_suffix': 'Unif'}}, {'weights': 'distance', 'ag_args': {'name_suffix': 'Dist'}}],
}
User-specified model hyperparameters to be fit:
{
	'NN_TORCH': {},
	'GBM': [{'extra_trees': True, 'ag_args': {'name_suffix': 'XT'}}, {}, 'GBMLarge'],
	'CAT': {},
	'XGB': {},
	'FASTAI': {},
	'RF': [{'criterion': 'gini', 'ag_args': {'name_suffix': 'Gini', 'problem_types': ['binary', 'multiclass']}}, {'criterion': 'entropy', 'ag_args': {'name_suffix': 'Entr', 'problem_types': ['binary', 'multiclass']}}, {'criterion': 'squared_error', 'ag_args': {'name_suffix': 'MSE', 'problem_types': ['regression', 'quantile']}}],
	'XT': [{'criterion': 'gini', 'ag_args': {'name_suffix': 'Gini', 'problem_types': ['binary', 'multiclass']}}, {'criterion': 'entropy', 'ag_args': {'name_suffix': 'Entr', 'problem_types': ['binary', 'multiclass']}}, {'criterion': 'squared_error', 'ag_args': {'name_suffix': 'MSE', 'problem_types': ['regression', 'quantile']}}],
	'KNN': [{'weights': 'uniform', 'ag_args': {'name_suffix': 'Unif'}}, {'weights': 'distance', 'ag_args': {'name_suffix': 'Dist'}}],
}
Fitting 13 L1 models ...
Fitting model: KNeighborsUnif ... Training model for up to 33.56s of the 33.5s of remaining time.
Fitting 13 L1 models ...
Fitting 13 L1 models ...
Fitting model: KNeighborsUnif ... Training model for up to 33.45s of the 33.36s of remaining time.
Fitting model: KNeighborsUnif ... Training model for up to 33.35s of the 33.27s of remaining time.
Fitting 13 L1 models ...
Fitting 13 L1 models ...
Fitting 13 L1 models ...
Fitting model: KNeighborsUnif ... Training model for up to 32.72s of the 32.69s of remaining time.
Fitting model: KNeighborsUnif ... Training model for up to 33.31s of the 33.26s of remaining time.
Fitting 13 L1 models ...
Fitting 13 L1 models ...
Fitting 13 L1 models ...
Fitting model: KNeighborsUnif ... Training model for up to 33.04s of the 32.97s of remaining time.
Fitting 13 L1 models ...
Fitting 13 L1 models ...
Fitting model: KNeighborsUnif ... Training model for up to 33.32s of the 33.22s of remaining time.
Fitting model: KNeighborsUnif ... Training model for up to 33.31s of the 33.2s of remaining time.
Fitting model: KNeighborsUnif ... Training model for up to 32.59s of the 32.49s of remaining time.
Fitting model: KNeighborsUnif ... Training model for up to 32.89s of the 32.64s of remaining time.
Fitting model: KNeighborsUnif ... Training model for up to 32.83s of the 32.57s of remaining time.
Fitting 13 L1 models ...
Fitting 13 L1 models ...
Fitting model: KNeighborsUnif ... Training model for up to 32.47s of the 32.34s of remaining time.
Fitting model: KNeighborsUnif ... Training model for up to 32.67s of the 28.2s of remaining time.
	0.9766	 = Validation score   (accuracy)
	20.02s	 = Training   runtime
	2.66s	 = Validation runtime
Fitting model: KNeighborsDist ... Training model for up to 10.06s of the 9.81s of remaining time.
	0.9786	 = Validation score   (accuracy)
	19.75s	 = Training   runtime
	3.41s	 = Validation runtime
Fitting model: KNeighborsDist ... Training model for up to 9.47s of the 9.21s of remaining time.
	0.9786	 = Validation score   (accuracy)
	19.99s	 = Training   runtime
	4.46s	 = Validation runtime
Fitting model: KNeighborsDist ... Training model for up to 8.69s of the 8.58s of remaining time.
	0.9766	 = Validation score   (accuracy)
	15.21s	 = Training   runtime
	4.74s	 = Validation runtime
Fitting model: KNeighborsDist ... Training model for up to 12.48s of the 7.99s of remaining time.
	0.9752	 = Validation score   (accuracy)
	21.52s	 = Training   runtime
	4.71s	 = Validation runtime
Fitting model: KNeighborsDist ... Training model for up to 7.28s of the 7.21s of remaining time.
	0.9772	 = Validation score   (accuracy)
	21.94s	 = Training   runtime
	4.41s	 = Validation runtime
	0.9772	 = Validation score   (accuracy)
	20.32s	 = Training   runtime
	4.97s	 = Validation runtime
Fitting model: KNeighborsDist ... Training model for up to 6.67s of the 6.6s of remaining time.
Fitting model: KNeighborsDist ... Training model for up to 7.67s of the 7.62s of remaining time.
	0.9766	 = Validation score   (accuracy)
	21.16s	 = Training   runtime
	4.56s	 = Validation runtime
	0.9772	 = Validation score   (accuracy)
	20.49s	 = Training   runtime
	4.99s	 = Validation runtime
	0.9779	 = Validation score   (accuracy)
	20.63s	 = Training   runtime
	5.27s	 = Validation runtime
Fitting model: KNeighborsDist ... Training model for up to 7.08s of the 6.99s of remaining time.
Fitting model: KNeighborsDist ... Training model for up to 6.93s of the 6.88s of remaining time.
	0.9786	 = Validation score   (accuracy)
	24.33s	 = Training   runtime
	5.01s	 = Validation runtime
Fitting model: KNeighborsDist ... Training model for up to 7.3s of the 7.2s of remaining time.
	0.9793	 = Validation score   (accuracy)
	20.75s	 = Training   runtime
	5.02s	 = Validation runtime
Fitting model: KNeighborsDist ... Training model for up to 10.62s of the 10.41s of remaining time.
	0.9772	 = Validation score   (accuracy)
	20.64s	 = Training   runtime
	4.92s	 = Validation runtime
Fitting model: KNeighborsDist ... Training model for up to 6.33s of the 6.23s of remaining time.
	0.9793	 = Validation score   (accuracy)
	20.07s	 = Training   runtime
	5.37s	 = Validation runtime
Fitting model: KNeighborsDist ... Training model for up to 6.66s of the 6.6s of remaining time.
	0.9793	 = Validation score   (accuracy)
	0.9793	 = Validation score   (accuracy)
	21.19s	 = Training   runtime
	20.48s	 = Training   runtime
Fitting model: KNeighborsDist ... Training model for up to 6.36s of the 6.23s of remaining time.
	5.11s	 = Validation runtime
	5.44s	 = Validation runtime
	0.9766	 = Validation score   (accuracy)
Fitting model: KNeighborsDist ... Training model for up to 6.46s of the 6.41s of remaining time.
Fitting model: KNeighborsDist ... Training model for up to 5.96s of the 5.93s of remaining time.
	0.69s	 = Training   runtime
	2.63s	 = Validation runtime
Fitting model: LightGBMXT ... Training model for up to 6.27s of the 6.02s of remaining time.
	0.9786	 = Validation score   (accuracy)
	0.79s	 = Training   runtime
	2.3s	 = Validation runtime
Fitting model: LightGBMXT ... Training model for up to 6.09s of the 5.83s of remaining time.
	Not enough time to train KNN model on all training rows. Fit 10000/13045 rows. (Training KNN model on 13045 rows is expected to take 5.89s)
	0.9766	 = Validation score   (accuracy)
	1.75s	 = Training   runtime
	1.73s	 = Validation runtime
Fitting model: LightGBMXT ... Training model for up to 8.58s of the 4.11s of remaining time.
	0.9793	 = Validation score   (accuracy)
	2.53s	 = Training   runtime
	1.82s	 = Validation runtime
Fitting model: LightGBMXT ... Training model for up to 4.05s of the 3.93s of remaining time.
	Not enough time to train KNN model on all training rows. Fit 10000/13045 rows. (Training KNN model on 13045 rows is expected to take 6.96s)
	Not enough time to train KNN model on all training rows. Fit 10000/13045 rows. (Training KNN model on 13045 rows is expected to take 6.03s)
	0.9752	 = Validation score   (accuracy)
	2.66s	 = Training   runtime
	1.94s	 = Validation runtime
Fitting model: LightGBMXT ... Training model for up to 2.34s of the 2.27s of remaining time.
	0.9772	 = Validation score   (accuracy)
	2.4s	 = Training   runtime
	2.24s	 = Validation runtime
	Not enough time to train KNN model on all training rows. Fit 10000/13045 rows. (Training KNN model on 13045 rows is expected to take 6.21s)
Fitting model: LightGBMXT ... Training model for up to 2.71s of the 2.66s of remaining time.
	0.9786	 = Validation score   (accuracy)
	3.21s	 = Training   runtime
	1.64s	 = Validation runtime
Fitting model: LightGBMXT ... Training model for up to 1.56s of the 1.5s of remaining time.
	0.9766	 = Validation score   (accuracy)
	2.94s	 = Training   runtime
	2.53s	 = Validation runtime
Fitting model: LightGBMXT ... Training model for up to 1.35s of the 1.26s of remaining time.
	0.9786	 = Validation score   (accuracy)
	3.36s	 = Training   runtime
	2.01s	 = Validation runtime
Fitting model: LightGBMXT ... Training model for up to 4.97s of the 4.77s of remaining time.
	0.9779	 = Validation score   (accuracy)
	3.68s	 = Training   runtime
	2.03s	 = Validation runtime
Fitting model: LightGBMXT ... Training model for up to 1.0s of the 0.95s of remaining time.
	0.9772	 = Validation score   (accuracy)
	2.91s	 = Training   runtime
	2.6s	 = Validation runtime
Fitting model: LightGBMXT ... Training model for up to 0.6s of the 0.5s of remaining time.
	0.9772	 = Validation score   (accuracy)
	3.82s	 = Training   runtime
	2.12s	 = Validation runtime
Fitting model: LightGBMXT ... Training model for up to 1.16s of the 1.06s of remaining time.
	0.9779	 = Validation score   (accuracy)
	3.49s	 = Training   runtime
	2.33s	 = Validation runtime
Fitting model: LightGBMXT ... Training model for up to 0.54s of the 0.47s of remaining time.
	0.9779	 = Validation score   (accuracy)
	3.93s	 = Training   runtime
	2.21s	 = Validation runtime
	0.9793	 = Validation score   (accuracy)
	3.9s	 = Training   runtime
	2.26s	 = Validation runtime
	0.9786	 = Validation score   (accuracy)
	3.93s	 = Training   runtime
	2.55s	 = Validation runtime
Fitting model: WeightedEnsemble_L2 ... Training model for up to 33.56s of the -0.51s of remaining time.
Fitting model: WeightedEnsemble_L2 ... Training model for up to 32.47s of the -1.05s of remaining time.
Fitting model: WeightedEnsemble_L2 ... Training model for up to 32.72s of the -1.15s of remaining time.
	Ensemble Weights: {'KNeighborsUnif': 1.0}
	0.9793	 = Validation score   (accuracy)
	2.17s	 = Training   runtime
	0.1s	 = Validation runtime
	Ensemble Weights: {'KNeighborsUnif': 1.0}
	0.9793	 = Validation score   (accuracy)
	2.33s	 = Training   runtime
	0.04s	 = Validation runtime
AutoGluon training complete, total runtime = 66.28s ... Best model: "WeightedEnsemble_L2"
	Ensemble Weights: {'KNeighborsUnif': 0.667, 'KNeighborsDist': 0.333}
	0.98	 = Validation score   (accuracy)
	2.57s	 = Training   runtime
	0.04s	 = Validation runtime
AutoGluon training complete, total runtime = 66.37s ... Best model: "WeightedEnsemble_L2"
AutoGluon training complete, total runtime = 66.43s ... Best model: "WeightedEnsemble_L2"
TabularPredictor saved. To load, use: predictor = TabularPredictor.load("AutogluonModels/ag-20250416_150925-006/Predictor_S1 (SBS1 - 0.99)")
No presets specified! To achieve strong results with AutoGluon, it is recommended to use the available presets.
	Recommended Presets (For more details refer to https://auto.gluon.ai/stable/tutorials/tabular/tabular-essentials.html#presets):
	presets='best_quality'   : Maximize accuracy. Default time_limit=3600.
	presets='high_quality'   : Strong accuracy with fast inference speed. Default time_limit=3600.
	presets='good_quality'   : Good accuracy with very fast inference speed. Default time_limit=3600.
	presets='medium_quality' : Fast training time, ideal for initial prototyping.
TabularPredictor saved. To load, use: predictor = TabularPredictor.load("AutogluonModels/ag-20250416_150925-008/Predictor_S1 (SBS1 - 0.99)")
No presets specified! To achieve strong results with AutoGluon, it is recommended to use the available presets.
	Recommended Presets (For more details refer to https://auto.gluon.ai/stable/tutorials/tabular/tabular-essentials.html#presets):
	presets='best_quality'   : Maximize accuracy. Default time_limit=3600.
	presets='high_quality'   : Strong accuracy with fast inference speed. Default time_limit=3600.
	presets='good_quality'   : Good accuracy with very fast inference speed. Default time_limit=3600.
	presets='medium_quality' : Fast training time, ideal for initial prototyping.
TabularPredictor saved. To load, use: predictor = TabularPredictor.load("AutogluonModels/ag-20250416_150925-002/Predictor_S1 (SBS1 - 0.99)")
No presets specified! To achieve strong results with AutoGluon, it is recommended to use the available presets.
	Recommended Presets (For more details refer to https://auto.gluon.ai/stable/tutorials/tabular/tabular-essentials.html#presets):
	presets='best_quality'   : Maximize accuracy. Default time_limit=3600.
	presets='high_quality'   : Strong accuracy with fast inference speed. Default time_limit=3600.
	presets='good_quality'   : Good accuracy with very fast inference speed. Default time_limit=3600.
	presets='medium_quality' : Fast training time, ideal for initial prototyping.
Beginning AutoGluon training ... Time limit = 60s
AutoGluon will save models to "AutogluonModels/ag-20250416_150925-006/Predictor_S2 (SBS2 - 0.99)"
=================== System Info ===================
AutoGluon Version:  1.1.0
Python Version:     3.10.15
Operating System:   Linux
Platform Machine:   x86_64
Platform Version:   #1 SMP PREEMPT_DYNAMIC Thu Apr 3 12:12:16 UTC 2025
CPU Count:          272
Memory Avail:       198.10 GB / 203.90 GB (97.2%)
Disk Space Avail:   1334.54 GB / 5120.00 GB (26.1%)
===================================================
Train Data Rows:    14495
Train Data Columns: 97
Label Column:       S2 (SBS2 - 0.99)
AutoGluon infers your prediction problem is: 'binary' (because only two unique label-values observed).
	2 unique label values:  [False, True]
	If 'binary' is not the correct problem_type, please manually specify the problem_type parameter during predictor init (You may specify problem_type as one of: ['binary', 'multiclass', 'regression'])
Problem Type:       binary
Preprocessing data ...
Beginning AutoGluon training ... Time limit = 60s
AutoGluon will save models to "AutogluonModels/ag-20250416_150925-008/Predictor_S2 (SBS2 - 0.99)"
=================== System Info ===================
AutoGluon Version:  1.1.0
Python Version:     3.10.15
Operating System:   Linux
Platform Machine:   x86_64
Platform Version:   #1 SMP PREEMPT_DYNAMIC Thu Apr 3 12:12:16 UTC 2025
CPU Count:          272
Memory Avail:       198.10 GB / 203.90 GB (97.2%)
Disk Space Avail:   1334.54 GB / 5120.00 GB (26.1%)
===================================================
Train Data Rows:    14495
Train Data Columns: 97
Label Column:       S2 (SBS2 - 0.99)
AutoGluon infers your prediction problem is: 'binary' (because only two unique label-values observed).
	2 unique label values:  [False, True]
	If 'binary' is not the correct problem_type, please manually specify the problem_type parameter during predictor init (You may specify problem_type as one of: ['binary', 'multiclass', 'regression'])
Problem Type:       binary
Beginning AutoGluon training ... Time limit = 60s
Preprocessing data ...
AutoGluon will save models to "AutogluonModels/ag-20250416_150925-002/Predictor_S2 (SBS2 - 0.99)"
Selected class <--> label mapping:  class 1 = True, class 0 = False
=================== System Info ===================
AutoGluon Version:  1.1.0
Python Version:     3.10.15
Operating System:   Linux
Platform Machine:   x86_64
Platform Version:   #1 SMP PREEMPT_DYNAMIC Thu Apr 3 12:12:16 UTC 2025
CPU Count:          272
Memory Avail:       198.09 GB / 203.90 GB (97.2%)
Disk Space Avail:   1334.54 GB / 5120.00 GB (26.1%)
===================================================
Train Data Rows:    14495
Using Feature Generators to preprocess the data ...
Train Data Columns: 97
Fitting AutoMLPipelineFeatureGenerator...
Label Column:       S2 (SBS2 - 0.99)
AutoGluon infers your prediction problem is: 'binary' (because only two unique label-values observed).
	2 unique label values:  [False, True]
	If 'binary' is not the correct problem_type, please manually specify the problem_type parameter during predictor init (You may specify problem_type as one of: ['binary', 'multiclass', 'regression'])
Problem Type:       binary
Preprocessing data ...
Selected class <--> label mapping:  class 1 = True, class 0 = False
Using Feature Generators to preprocess the data ...
Fitting AutoMLPipelineFeatureGenerator...
Selected class <--> label mapping:  class 1 = True, class 0 = False
Using Feature Generators to preprocess the data ...
Fitting AutoMLPipelineFeatureGenerator...
	Available Memory:                    202831.77 MB
	Train Data (Original)  Memory Usage: 10.63 MB (0.0% of available memory)
	Inferring data type of each feature based on column values. Set feature_metadata_in to manually specify special dtypes of the features.
	Available Memory:                    202821.58 MB
	Train Data (Original)  Memory Usage: 10.63 MB (0.0% of available memory)
	Inferring data type of each feature based on column values. Set feature_metadata_in to manually specify special dtypes of the features.
	Available Memory:                    202821.58 MB
	Train Data (Original)  Memory Usage: 10.63 MB (0.0% of available memory)
	Inferring data type of each feature based on column values. Set feature_metadata_in to manually specify special dtypes of the features.
	Stage 1 Generators:
		Fitting AsTypeFeatureGenerator...
	Stage 1 Generators:
		Fitting AsTypeFeatureGenerator...
			Note: Converting 1 features to boolean dtype as they only contain 2 unique values.
	Stage 2 Generators:
		Fitting FillNaFeatureGenerator...
	Stage 3 Generators:
		Fitting IdentityFeatureGenerator...
	Stage 4 Generators:
		Fitting DropUniqueFeatureGenerator...
	Stage 1 Generators:
		Fitting AsTypeFeatureGenerator...
			Note: Converting 1 features to boolean dtype as they only contain 2 unique values.
	Stage 2 Generators:
		Fitting FillNaFeatureGenerator...
	Stage 3 Generators:
		Fitting IdentityFeatureGenerator...
	Stage 4 Generators:
			Note: Converting 1 features to boolean dtype as they only contain 2 unique values.
		Fitting DropUniqueFeatureGenerator...
	Stage 2 Generators:
		Fitting FillNaFeatureGenerator...
	Stage 3 Generators:
		Fitting IdentityFeatureGenerator...
	Stage 4 Generators:
		Fitting DropUniqueFeatureGenerator...
	Stage 5 Generators:
		Fitting DropDuplicatesFeatureGenerator...
	Types of features in original data (raw dtype, special dtypes):
		('bool', []) :  1 | ['S1 (SBS1 - 0.99)']
		('int', [])  : 96 | ['A[C>A]A', 'A[C>A]C', 'A[C>A]G', 'A[C>A]T', 'A[C>G]A', ...]
	Types of features in processed data (raw dtype, special dtypes):
		('int', [])       : 96 | ['A[C>A]A', 'A[C>A]C', 'A[C>A]G', 'A[C>A]T', 'A[C>G]A', ...]
		('int', ['bool']) :  1 | ['S1 (SBS1 - 0.99)']
	5.3s = Fit runtime
	97 features in original data used to generate 97 features in processed data.
	Train Data (Processed) Memory Usage: 10.63 MB (0.0% of available memory)
Data preprocessing and feature engineering runtime = 5.64s ...
AutoGluon will gauge predictive performance using evaluation metric: 'accuracy'
	To change this, specify the eval_metric parameter of Predictor()
	Stage 5 Generators:
		Fitting DropDuplicatesFeatureGenerator...
	Stage 5 Generators:
		Fitting DropDuplicatesFeatureGenerator...
Automatically generating train/validation split with holdout_frac=0.1, Train Rows: 13045, Val Rows: 1450
User-specified model hyperparameters to be fit:
{
	'NN_TORCH': {},
	'GBM': [{'extra_trees': True, 'ag_args': {'name_suffix': 'XT'}}, {}, 'GBMLarge'],
	'CAT': {},
	'XGB': {},
	'FASTAI': {},
	'RF': [{'criterion': 'gini', 'ag_args': {'name_suffix': 'Gini', 'problem_types': ['binary', 'multiclass']}}, {'criterion': 'entropy', 'ag_args': {'name_suffix': 'Entr', 'problem_types': ['binary', 'multiclass']}}, {'criterion': 'squared_error', 'ag_args': {'name_suffix': 'MSE', 'problem_types': ['regression', 'quantile']}}],
	'XT': [{'criterion': 'gini', 'ag_args': {'name_suffix': 'Gini', 'problem_types': ['binary', 'multiclass']}}, {'criterion': 'entropy', 'ag_args': {'name_suffix': 'Entr', 'problem_types': ['binary', 'multiclass']}}, {'criterion': 'squared_error', 'ag_args': {'name_suffix': 'MSE', 'problem_types': ['regression', 'quantile']}}],
	'KNN': [{'weights': 'uniform', 'ag_args': {'name_suffix': 'Unif'}}, {'weights': 'distance', 'ag_args': {'name_suffix': 'Dist'}}],
}
Fitting 13 L1 models ...
	Types of features in original data (raw dtype, special dtypes):
Fitting model: KNeighborsUnif ... Training model for up to 54.35s of the 54.31s of remaining time.
		('bool', []) :  1 | ['S1 (SBS1 - 0.99)']
	Types of features in original data (raw dtype, special dtypes):
		('int', [])  : 96 | ['A[C>A]A', 'A[C>A]C', 'A[C>A]G', 'A[C>A]T', 'A[C>G]A', ...]
		('bool', []) :  1 | ['S1 (SBS1 - 0.99)']
	Types of features in processed data (raw dtype, special dtypes):
		('int', [])  : 96 | ['A[C>A]A', 'A[C>A]C', 'A[C>A]G', 'A[C>A]T', 'A[C>G]A', ...]
		('int', [])       : 96 | ['A[C>A]A', 'A[C>A]C', 'A[C>A]G', 'A[C>A]T', 'A[C>G]A', ...]
	Types of features in processed data (raw dtype, special dtypes):
		('int', ['bool']) :  1 | ['S1 (SBS1 - 0.99)']
		('int', [])       : 96 | ['A[C>A]A', 'A[C>A]C', 'A[C>A]G', 'A[C>A]T', 'A[C>G]A', ...]
	6.8s = Fit runtime
		('int', ['bool']) :  1 | ['S1 (SBS1 - 0.99)']
	97 features in original data used to generate 97 features in processed data.
	7.0s = Fit runtime
	97 features in original data used to generate 97 features in processed data.
	Train Data (Processed) Memory Usage: 10.63 MB (0.0% of available memory)
	Train Data (Processed) Memory Usage: 10.63 MB (0.0% of available memory)
Data preprocessing and feature engineering runtime = 7.26s ...
AutoGluon will gauge predictive performance using evaluation metric: 'accuracy'
	To change this, specify the eval_metric parameter of Predictor()
Data preprocessing and feature engineering runtime = 7.43s ...
AutoGluon will gauge predictive performance using evaluation metric: 'accuracy'
	To change this, specify the eval_metric parameter of Predictor()
Automatically generating train/validation split with holdout_frac=0.1, Train Rows: 13045, Val Rows: 1450
User-specified model hyperparameters to be fit:
{
	'NN_TORCH': {},
	'GBM': [{'extra_trees': True, 'ag_args': {'name_suffix': 'XT'}}, {}, 'GBMLarge'],
	'CAT': {},
	'XGB': {},
	'FASTAI': {},
	'RF': [{'criterion': 'gini', 'ag_args': {'name_suffix': 'Gini', 'problem_types': ['binary', 'multiclass']}}, {'criterion': 'entropy', 'ag_args': {'name_suffix': 'Entr', 'problem_types': ['binary', 'multiclass']}}, {'criterion': 'squared_error', 'ag_args': {'name_suffix': 'MSE', 'problem_types': ['regression', 'quantile']}}],
	'XT': [{'criterion': 'gini', 'ag_args': {'name_suffix': 'Gini', 'problem_types': ['binary', 'multiclass']}}, {'criterion': 'entropy', 'ag_args': {'name_suffix': 'Entr', 'problem_types': ['binary', 'multiclass']}}, {'criterion': 'squared_error', 'ag_args': {'name_suffix': 'MSE', 'problem_types': ['regression', 'quantile']}}],
	'KNN': [{'weights': 'uniform', 'ag_args': {'name_suffix': 'Unif'}}, {'weights': 'distance', 'ag_args': {'name_suffix': 'Dist'}}],
}
Automatically generating train/validation split with holdout_frac=0.1, Train Rows: 13045, Val Rows: 1450
User-specified model hyperparameters to be fit:
{
	'NN_TORCH': {},
	'GBM': [{'extra_trees': True, 'ag_args': {'name_suffix': 'XT'}}, {}, 'GBMLarge'],
	'CAT': {},
	'XGB': {},
	'FASTAI': {},
	'RF': [{'criterion': 'gini', 'ag_args': {'name_suffix': 'Gini', 'problem_types': ['binary', 'multiclass']}}, {'criterion': 'entropy', 'ag_args': {'name_suffix': 'Entr', 'problem_types': ['binary', 'multiclass']}}, {'criterion': 'squared_error', 'ag_args': {'name_suffix': 'MSE', 'problem_types': ['regression', 'quantile']}}],
	'XT': [{'criterion': 'gini', 'ag_args': {'name_suffix': 'Gini', 'problem_types': ['binary', 'multiclass']}}, {'criterion': 'entropy', 'ag_args': {'name_suffix': 'Entr', 'problem_types': ['binary', 'multiclass']}}, {'criterion': 'squared_error', 'ag_args': {'name_suffix': 'MSE', 'problem_types': ['regression', 'quantile']}}],
	'KNN': [{'weights': 'uniform', 'ag_args': {'name_suffix': 'Unif'}}, {'weights': 'distance', 'ag_args': {'name_suffix': 'Dist'}}],
}
Fitting 13 L1 models ...
Fitting 13 L1 models ...
Fitting model: KNeighborsUnif ... Training model for up to 52.57s of the 52.55s of remaining time.
Fitting model: KNeighborsUnif ... Training model for up to 52.74s of the 52.72s of remaining time.
	0.909	 = Validation score   (accuracy)
	0.7s	 = Training   runtime
	5.64s	 = Validation runtime
Fitting model: KNeighborsDist ... Training model for up to 47.84s of the 47.79s of remaining time.
	Ran out of time, early stopping on iteration 1. Best iteration is:
	[1]	valid_set's binary_error: 0.037931
	Ran out of time, early stopping on iteration 1. Best iteration is:
	[1]	valid_set's binary_error: 0.037931
	Ran out of time, early stopping on iteration 1. Best iteration is:
	[1]	valid_set's binary_error: 0.037931
	0.9621	 = Validation score   (accuracy)
	26.39s	 = Training   runtime
	0.14s	 = Validation runtime
	0.9621	 = Validation score   (accuracy)
	21.12s	 = Training   runtime
	0.15s	 = Validation runtime
	0.9621	 = Validation score   (accuracy)
	26.48s	 = Training   runtime
	0.17s	 = Validation runtime
	Ran out of time, early stopping on iteration 1. Best iteration is:
	[1]	valid_set's binary_error: 0.037931
Fitting model: WeightedEnsemble_L2 ... Training model for up to 32.88s of the -21.42s of remaining time.
	Ran out of time, early stopping on iteration 1. Best iteration is:
	[1]	valid_set's binary_error: 0.037931
Fitting model: WeightedEnsemble_L2 ... Training model for up to 33.31s of the -21.28s of remaining time.
	Ran out of time, early stopping on iteration 1. Best iteration is:
	[1]	valid_set's binary_error: 0.037931
	0.9028	 = Validation score   (accuracy)
	0.9621	 = Validation score   (accuracy)
	6.04s	 = Training   runtime
	Ran out of time, early stopping on iteration 1. Best iteration is:
	[1]	valid_set's binary_error: 0.037931
	Ran out of time, early stopping on iteration 4. Best iteration is:
	[1]	valid_set's binary_error: 0.037931
	22.24s	 = Training   runtime
	3.55s	 = Validation runtime
	0.24s	 = Validation runtime
Fitting model: KNeighborsDist ... Training model for up to 42.32s of the 42.3s of remaining time.
	0.9062	 = Validation score   (accuracy)
	6.14s	 = Training   runtime
	3.73s	 = Validation runtime
	0.9621	 = Validation score   (accuracy)
	22.09s	 = Training   runtime
	0.11s	 = Validation runtime
Fitting model: WeightedEnsemble_L2 ... Training model for up to 32.83s of the -22.16s of remaining time.
Fitting model: KNeighborsDist ... Training model for up to 42.39s of the 42.37s of remaining time.
	0.9621	 = Validation score   (accuracy)
	24.04s	 = Training   runtime
	0.13s	 = Validation runtime
	0.9097	 = Validation score   (accuracy)
	1.03s	 = Training   runtime
	3.36s	 = Validation runtime
Fitting model: LightGBMXT ... Training model for up to 42.96s of the 42.91s of remaining time.
	0.9621	 = Validation score   (accuracy)
	25.5s	 = Training   runtime
	0.9621	 = Validation score   (accuracy)
	0.22s	 = Validation runtime
	26.01s	 = Training   runtime
	0.22s	 = Validation runtime
	Ran out of time, early stopping on iteration 1. Best iteration is:
	[1]	valid_set's binary_error: 0.037931
	0.9621	 = Validation score   (accuracy)
	25.39s	 = Training   runtime
	0.15s	 = Validation runtime
	Ran out of time, early stopping on iteration 1. Best iteration is:
	[1]	valid_set's binary_error: 0.037931
Fitting model: WeightedEnsemble_L2 ... Training model for up to 32.59s of the -23.77s of remaining time.
Fitting model: WeightedEnsemble_L2 ... Training model for up to 33.04s of the -23.46s of remaining time.
Fitting model: WeightedEnsemble_L2 ... Training model for up to 33.48s of the -24.25s of remaining time.
	0.9621	 = Validation score   (accuracy)
	24.42s	 = Training   runtime
	0.41s	 = Validation runtime
	Ran out of time, early stopping on iteration 1. Best iteration is:
	[1]	valid_set's binary_error: 0.037931
Fitting model: WeightedEnsemble_L2 ... Training model for up to 33.31s of the -23.71s of remaining time.
	Ran out of time, early stopping on iteration 1. Best iteration is:
	[1]	valid_set's binary_error: 0.037931
Fitting model: WeightedEnsemble_L2 ... Training model for up to 32.67s of the -24.04s of remaining time.
	Ran out of time, early stopping on iteration 1. Best iteration is:
	[1]	valid_set's binary_error: 0.037931
	0.9621	 = Validation score   (accuracy)
	25.24s	 = Training   runtime
	0.14s	 = Validation runtime
	0.9621	 = Validation score   (accuracy)
	25.07s	 = Training   runtime
	0.24s	 = Validation runtime
	0.9621	 = Validation score   (accuracy)
	26.55s	 = Training   runtime
	0.16s	 = Validation runtime
Fitting model: WeightedEnsemble_L2 ... Training model for up to 33.89s of the -25.13s of remaining time.
Fitting model: WeightedEnsemble_L2 ... Training model for up to 33.45s of the -25.36s of remaining time.
Fitting model: WeightedEnsemble_L2 ... Training model for up to 33.35s of the -26.01s of remaining time.
Fitting model: WeightedEnsemble_L2 ... Training model for up to 40.43s of the -22.52s of remaining time.
Fitting model: WeightedEnsemble_L2 ... Training model for up to 33.31s of the -25.94s of remaining time.
	0.9062	 = Validation score   (accuracy)
	4.04s	 = Training   runtime
	1.64s	 = Validation runtime
Fitting model: LightGBMXT ... Training model for up to 36.39s of the 36.37s of remaining time.
	0.9028	 = Validation score   (accuracy)
	4.11s	 = Training   runtime
	1.96s	 = Validation runtime
Fitting model: LightGBMXT ... Training model for up to 35.92s of the 35.9s of remaining time.
	Ensemble Weights: {'KNeighborsUnif': 1.0}
	0.9772	 = Validation score   (accuracy)
	9.47s	 = Training   runtime
	0.06s	 = Validation runtime
	Ensemble Weights: {'KNeighborsUnif': 1.0}
	0.9766	 = Validation score   (accuracy)
	9.63s	 = Training   runtime
	0.13s	 = Validation runtime
AutoGluon training complete, total runtime = 94.69s ... Best model: "WeightedEnsemble_L2"
AutoGluon training complete, total runtime = 94.73s ... Best model: "WeightedEnsemble_L2"
TabularPredictor saved. To load, use: predictor = TabularPredictor.load("AutogluonModels/ag-20250416_150925-010/Predictor_S1 (SBS1 - 0.99)")
No presets specified! To achieve strong results with AutoGluon, it is recommended to use the available presets.
	Recommended Presets (For more details refer to https://auto.gluon.ai/stable/tutorials/tabular/tabular-essentials.html#presets):
	presets='best_quality'   : Maximize accuracy. Default time_limit=3600.
	presets='high_quality'   : Strong accuracy with fast inference speed. Default time_limit=3600.
	presets='good_quality'   : Good accuracy with very fast inference speed. Default time_limit=3600.
	presets='medium_quality' : Fast training time, ideal for initial prototyping.
TabularPredictor saved. To load, use: predictor = TabularPredictor.load("AutogluonModels/ag-20250416_150925-009/Predictor_S1 (SBS1 - 0.99)")
No presets specified! To achieve strong results with AutoGluon, it is recommended to use the available presets.
	Recommended Presets (For more details refer to https://auto.gluon.ai/stable/tutorials/tabular/tabular-essentials.html#presets):
	presets='best_quality'   : Maximize accuracy. Default time_limit=3600.
	presets='high_quality'   : Strong accuracy with fast inference speed. Default time_limit=3600.
	presets='good_quality'   : Good accuracy with very fast inference speed. Default time_limit=3600.
	presets='medium_quality' : Fast training time, ideal for initial prototyping.
Beginning AutoGluon training ... Time limit = 60s
AutoGluon will save models to "AutogluonModels/ag-20250416_150925-009/Predictor_S2 (SBS2 - 0.99)"
Beginning AutoGluon training ... Time limit = 60s
AutoGluon will save models to "AutogluonModels/ag-20250416_150925-010/Predictor_S2 (SBS2 - 0.99)"
=================== System Info ===================
AutoGluon Version:  1.1.0
Python Version:     3.10.15
Operating System:   Linux
Platform Machine:   x86_64
Platform Version:   #1 SMP PREEMPT_DYNAMIC Thu Apr 3 12:12:16 UTC 2025
CPU Count:          272
Memory Avail:       197.50 GB / 203.90 GB (96.9%)
Disk Space Avail:   1334.48 GB / 5120.00 GB (26.1%)
===================================================
Train Data Rows:    14495
Train Data Columns: 97
Label Column:       S2 (SBS2 - 0.99)
=================== System Info ===================
AutoGluon Version:  1.1.0
Python Version:     3.10.15
Operating System:   Linux
Platform Machine:   x86_64
Platform Version:   #1 SMP PREEMPT_DYNAMIC Thu Apr 3 12:12:16 UTC 2025
CPU Count:          272
Memory Avail:       197.50 GB / 203.90 GB (96.9%)
Disk Space Avail:   1334.48 GB / 5120.00 GB (26.1%)
===================================================
AutoGluon infers your prediction problem is: 'binary' (because only two unique label-values observed).
Train Data Rows:    14495
	2 unique label values:  [False, True]
Train Data Columns: 97
	If 'binary' is not the correct problem_type, please manually specify the problem_type parameter during predictor init (You may specify problem_type as one of: ['binary', 'multiclass', 'regression'])
Label Column:       S2 (SBS2 - 0.99)
Problem Type:       binary
Preprocessing data ...
AutoGluon infers your prediction problem is: 'binary' (because only two unique label-values observed).
	2 unique label values:  [False, True]
	If 'binary' is not the correct problem_type, please manually specify the problem_type parameter during predictor init (You may specify problem_type as one of: ['binary', 'multiclass', 'regression'])
Problem Type:       binary
Preprocessing data ...
Selected class <--> label mapping:  class 1 = True, class 0 = False
	Ensemble Weights: {'KNeighborsUnif': 1.0}
	0.9786	 = Validation score   (accuracy)
	10.38s	 = Training   runtime
Selected class <--> label mapping:  class 1 = True, class 0 = False
	0.1s	 = Validation runtime
Using Feature Generators to preprocess the data ...
Using Feature Generators to preprocess the data ...
Fitting AutoMLPipelineFeatureGenerator...
Fitting AutoMLPipelineFeatureGenerator...
AutoGluon training complete, total runtime = 96.15s ... Best model: "WeightedEnsemble_L2"
	Ensemble Weights: {'KNeighborsDist': 1.0}
	0.9793	 = Validation score   (accuracy)
	8.58s	 = Training   runtime
	Available Memory:                    202252.48 MB
	0.13s	 = Validation runtime
	Train Data (Original)  Memory Usage: 10.63 MB (0.0% of available memory)
	Ensemble Weights: {'KNeighborsUnif': 0.667, 'KNeighborsDist': 0.333}
	0.98	 = Validation score   (accuracy)
	9.18s	 = Training   runtime
	0.27s	 = Validation runtime
	Ensemble Weights: {'KNeighborsDist': 1.0}
	Inferring data type of each feature based on column values. Set feature_metadata_in to manually specify special dtypes of the features.
	Available Memory:                    202253.50 MB
	0.9786	 = Validation score   (accuracy)
AutoGluon training complete, total runtime = 96.52s ... Best model: "WeightedEnsemble_L2"
	Train Data (Original)  Memory Usage: 10.63 MB (0.0% of available memory)
	9.3s	 = Training   runtime
	Ensemble Weights: {'KNeighborsUnif': 1.0}
	Ensemble Weights: {'KNeighborsUnif': 1.0}
TabularPredictor saved. To load, use: predictor = TabularPredictor.load("AutogluonModels/ag-20250416_150926-001/Predictor_S1 (SBS1 - 0.99)")
	Inferring data type of each feature based on column values. Set feature_metadata_in to manually specify special dtypes of the features.
	0.14s	 = Validation runtime
	0.9772	 = Validation score   (accuracy)
	0.9766	 = Validation score   (accuracy)
No presets specified! To achieve strong results with AutoGluon, it is recommended to use the available presets.
	Recommended Presets (For more details refer to https://auto.gluon.ai/stable/tutorials/tabular/tabular-essentials.html#presets):
	presets='best_quality'   : Maximize accuracy. Default time_limit=3600.
	presets='high_quality'   : Strong accuracy with fast inference speed. Default time_limit=3600.
	presets='good_quality'   : Good accuracy with very fast inference speed. Default time_limit=3600.
	presets='medium_quality' : Fast training time, ideal for initial prototyping.
	9.61s	 = Training   runtime
AutoGluon training complete, total runtime = 96.83s ... Best model: "WeightedEnsemble_L2"
	9.13s	 = Training   runtime
	0.17s	 = Validation runtime
	0.08s	 = Validation runtime
AutoGluon training complete, total runtime = 97.16s ... Best model: "WeightedEnsemble_L2"
TabularPredictor saved. To load, use: predictor = TabularPredictor.load("AutogluonModels/ag-20250416_150925-005/Predictor_S1 (SBS1 - 0.99)")
Beginning AutoGluon training ... Time limit = 60s
AutoGluon will save models to "AutogluonModels/ag-20250416_150926-001/Predictor_S2 (SBS2 - 0.99)"
No presets specified! To achieve strong results with AutoGluon, it is recommended to use the available presets.
	Recommended Presets (For more details refer to https://auto.gluon.ai/stable/tutorials/tabular/tabular-essentials.html#presets):
	presets='best_quality'   : Maximize accuracy. Default time_limit=3600.
	presets='high_quality'   : Strong accuracy with fast inference speed. Default time_limit=3600.
	presets='good_quality'   : Good accuracy with very fast inference speed. Default time_limit=3600.
	presets='medium_quality' : Fast training time, ideal for initial prototyping.
AutoGluon training complete, total runtime = 97.27s ... Best model: "WeightedEnsemble_L2"
	Ensemble Weights: {'KNeighborsUnif': 1.0}
	0.9752	 = Validation score   (accuracy)
	9.1s	 = Training   runtime
	0.18s	 = Validation runtime
=================== System Info ===================
AutoGluon Version:  1.1.0
Python Version:     3.10.15
Operating System:   Linux
Platform Machine:   x86_64
Platform Version:   #1 SMP PREEMPT_DYNAMIC Thu Apr 3 12:12:16 UTC 2025
CPU Count:          272
Memory Avail:       197.61 GB / 203.90 GB (96.9%)
Disk Space Avail:   1334.48 GB / 5120.00 GB (26.1%)
===================================================
Train Data Rows:    14495
Train Data Columns: 97
Label Column:       S2 (SBS2 - 0.99)
AutoGluon infers your prediction problem is: 'binary' (because only two unique label-values observed).
	2 unique label values:  [False, True]
	If 'binary' is not the correct problem_type, please manually specify the problem_type parameter during predictor init (You may specify problem_type as one of: ['binary', 'multiclass', 'regression'])
Problem Type:       binary
Preprocessing data ...
AutoGluon training complete, total runtime = 97.48s ... Best model: "WeightedEnsemble_L2"
TabularPredictor saved. To load, use: predictor = TabularPredictor.load("AutogluonModels/ag-20250416_150925-003/Predictor_S1 (SBS1 - 0.99)")
Selected class <--> label mapping:  class 1 = True, class 0 = False
No presets specified! To achieve strong results with AutoGluon, it is recommended to use the available presets.
	Recommended Presets (For more details refer to https://auto.gluon.ai/stable/tutorials/tabular/tabular-essentials.html#presets):
	presets='best_quality'   : Maximize accuracy. Default time_limit=3600.
	presets='high_quality'   : Strong accuracy with fast inference speed. Default time_limit=3600.
	presets='good_quality'   : Good accuracy with very fast inference speed. Default time_limit=3600.
	presets='medium_quality' : Fast training time, ideal for initial prototyping.
Beginning AutoGluon training ... Time limit = 60s
AutoGluon will save models to "AutogluonModels/ag-20250416_150925-005/Predictor_S2 (SBS2 - 0.99)"
AutoGluon training complete, total runtime = 97.7s ... Best model: "WeightedEnsemble_L2"
TabularPredictor saved. To load, use: predictor = TabularPredictor.load("AutogluonModels/ag-20250416_150926/Predictor_S1 (SBS1 - 0.99)")
Using Feature Generators to preprocess the data ...
Fitting AutoMLPipelineFeatureGenerator...
No presets specified! To achieve strong results with AutoGluon, it is recommended to use the available presets.
	Recommended Presets (For more details refer to https://auto.gluon.ai/stable/tutorials/tabular/tabular-essentials.html#presets):
	presets='best_quality'   : Maximize accuracy. Default time_limit=3600.
	presets='high_quality'   : Strong accuracy with fast inference speed. Default time_limit=3600.
	presets='good_quality'   : Good accuracy with very fast inference speed. Default time_limit=3600.
	presets='medium_quality' : Fast training time, ideal for initial prototyping.
TabularPredictor saved. To load, use: predictor = TabularPredictor.load("AutogluonModels/ag-20250416_150924-001/Predictor_S1 (SBS1 - 0.99)")
=================== System Info ===================
AutoGluon Version:  1.1.0
Python Version:     3.10.15
Operating System:   Linux
Platform Machine:   x86_64
Platform Version:   #1 SMP PREEMPT_DYNAMIC Thu Apr 3 12:12:16 UTC 2025
CPU Count:          272
Memory Avail:       197.60 GB / 203.90 GB (96.9%)
Disk Space Avail:   1334.48 GB / 5120.00 GB (26.1%)
===================================================
Train Data Rows:    14495
No presets specified! To achieve strong results with AutoGluon, it is recommended to use the available presets.
	Recommended Presets (For more details refer to https://auto.gluon.ai/stable/tutorials/tabular/tabular-essentials.html#presets):
	presets='best_quality'   : Maximize accuracy. Default time_limit=3600.
	presets='high_quality'   : Strong accuracy with fast inference speed. Default time_limit=3600.
	presets='good_quality'   : Good accuracy with very fast inference speed. Default time_limit=3600.
	presets='medium_quality' : Fast training time, ideal for initial prototyping.
Train Data Columns: 97
Label Column:       S2 (SBS2 - 0.99)
AutoGluon infers your prediction problem is: 'binary' (because only two unique label-values observed).
	2 unique label values:  [False, True]
	If 'binary' is not the correct problem_type, please manually specify the problem_type parameter during predictor init (You may specify problem_type as one of: ['binary', 'multiclass', 'regression'])
Problem Type:       binary
Preprocessing data ...
	Ensemble Weights: {'KNeighborsUnif': 1.0}
	0.9766	 = Validation score   (accuracy)
	9.1s	 = Training   runtime
	0.14s	 = Validation runtime
Selected class <--> label mapping:  class 1 = True, class 0 = False
Beginning AutoGluon training ... Time limit = 60s
TabularPredictor saved. To load, use: predictor = TabularPredictor.load("AutogluonModels/ag-20250416_150925-004/Predictor_S1 (SBS1 - 0.99)")
AutoGluon will save models to "AutogluonModels/ag-20250416_150925-003/Predictor_S2 (SBS2 - 0.99)"
Using Feature Generators to preprocess the data ...
Fitting AutoMLPipelineFeatureGenerator...
Beginning AutoGluon training ... Time limit = 60s
AutoGluon training complete, total runtime = 98.19s ... Best model: "WeightedEnsemble_L2"
AutoGluon will save models to "AutogluonModels/ag-20250416_150924-001/Predictor_S2 (SBS2 - 0.99)"
TabularPredictor saved. To load, use: predictor = TabularPredictor.load("AutogluonModels/ag-20250416_150925-007/Predictor_S1 (SBS1 - 0.99)")
	Available Memory:                    202413.75 MB
No presets specified! To achieve strong results with AutoGluon, it is recommended to use the available presets.
	Recommended Presets (For more details refer to https://auto.gluon.ai/stable/tutorials/tabular/tabular-essentials.html#presets):
	presets='best_quality'   : Maximize accuracy. Default time_limit=3600.
	presets='high_quality'   : Strong accuracy with fast inference speed. Default time_limit=3600.
	presets='good_quality'   : Good accuracy with very fast inference speed. Default time_limit=3600.
	presets='medium_quality' : Fast training time, ideal for initial prototyping.
=================== System Info ===================
AutoGluon Version:  1.1.0
Python Version:     3.10.15
Operating System:   Linux
Platform Machine:   x86_64
Platform Version:   #1 SMP PREEMPT_DYNAMIC Thu Apr 3 12:12:16 UTC 2025
CPU Count:          272
Memory Avail:       197.66 GB / 203.90 GB (96.9%)
Disk Space Avail:   1334.48 GB / 5120.00 GB (26.1%)
===================================================
	Train Data (Original)  Memory Usage: 10.63 MB (0.0% of available memory)
No presets specified! To achieve strong results with AutoGluon, it is recommended to use the available presets.
	Recommended Presets (For more details refer to https://auto.gluon.ai/stable/tutorials/tabular/tabular-essentials.html#presets):
	presets='best_quality'   : Maximize accuracy. Default time_limit=3600.
	presets='high_quality'   : Strong accuracy with fast inference speed. Default time_limit=3600.
	presets='good_quality'   : Good accuracy with very fast inference speed. Default time_limit=3600.
	presets='medium_quality' : Fast training time, ideal for initial prototyping.
=================== System Info ===================
AutoGluon Version:  1.1.0
Python Version:     3.10.15
Operating System:   Linux
Platform Machine:   x86_64
Platform Version:   #1 SMP PREEMPT_DYNAMIC Thu Apr 3 12:12:16 UTC 2025
CPU Count:          272
Memory Avail:       197.66 GB / 203.90 GB (96.9%)
Disk Space Avail:   1334.48 GB / 5120.00 GB (26.1%)
===================================================
Train Data Rows:    14495
	Inferring data type of each feature based on column values. Set feature_metadata_in to manually specify special dtypes of the features.
Beginning AutoGluon training ... Time limit = 60s
Train Data Rows:    14495
Train Data Columns: 97
AutoGluon will save models to "AutogluonModels/ag-20250416_150926/Predictor_S2 (SBS2 - 0.99)"
	Available Memory:                    202404.69 MB
Train Data Columns: 97
Label Column:       S2 (SBS2 - 0.99)
	Train Data (Original)  Memory Usage: 10.63 MB (0.0% of available memory)
Label Column:       S2 (SBS2 - 0.99)
AutoGluon infers your prediction problem is: 'binary' (because only two unique label-values observed).
	Ensemble Weights: {'KNeighborsUnif': 1.0}
	Inferring data type of each feature based on column values. Set feature_metadata_in to manually specify special dtypes of the features.
	2 unique label values:  [False, True]
=================== System Info ===================
AutoGluon Version:  1.1.0
Python Version:     3.10.15
Operating System:   Linux
Platform Machine:   x86_64
Platform Version:   #1 SMP PREEMPT_DYNAMIC Thu Apr 3 12:12:16 UTC 2025
CPU Count:          272
Memory Avail:       197.65 GB / 203.90 GB (96.9%)
Disk Space Avail:   1334.48 GB / 5120.00 GB (26.1%)
===================================================
	0.9772	 = Validation score   (accuracy)
	If 'binary' is not the correct problem_type, please manually specify the problem_type parameter during predictor init (You may specify problem_type as one of: ['binary', 'multiclass', 'regression'])
TabularPredictor saved. To load, use: predictor = TabularPredictor.load("AutogluonModels/ag-20250416_150924-002/Predictor_S1 (SBS1 - 0.99)")
Beginning AutoGluon training ... Time limit = 60s
AutoGluon infers your prediction problem is: 'binary' (because only two unique label-values observed).
	Ensemble Weights: {'KNeighborsUnif': 1.0}
Train Data Rows:    14495
	8.91s	 = Training   runtime
Problem Type:       binary
Beginning AutoGluon training ... Time limit = 60s
AutoGluon will save models to "AutogluonModels/ag-20250416_150925-004/Predictor_S2 (SBS2 - 0.99)"
No presets specified! To achieve strong results with AutoGluon, it is recommended to use the available presets.
	Recommended Presets (For more details refer to https://auto.gluon.ai/stable/tutorials/tabular/tabular-essentials.html#presets):
	presets='best_quality'   : Maximize accuracy. Default time_limit=3600.
	presets='high_quality'   : Strong accuracy with fast inference speed. Default time_limit=3600.
	presets='good_quality'   : Good accuracy with very fast inference speed. Default time_limit=3600.
	presets='medium_quality' : Fast training time, ideal for initial prototyping.
	2 unique label values:  [False, True]
	0.9786	 = Validation score   (accuracy)
Train Data Columns: 97
	0.16s	 = Validation runtime
Preprocessing data ...
AutoGluon will save models to "AutogluonModels/ag-20250416_150925-007/Predictor_S2 (SBS2 - 0.99)"
	Ensemble Weights: {'KNeighborsUnif': 1.0}
	If 'binary' is not the correct problem_type, please manually specify the problem_type parameter during predictor init (You may specify problem_type as one of: ['binary', 'multiclass', 'regression'])
	Stage 1 Generators:
	9.05s	 = Training   runtime
Label Column:       S2 (SBS2 - 0.99)
=================== System Info ===================
AutoGluon Version:  1.1.0
Python Version:     3.10.15
Operating System:   Linux
Platform Machine:   x86_64
Platform Version:   #1 SMP PREEMPT_DYNAMIC Thu Apr 3 12:12:16 UTC 2025
CPU Count:          272
Memory Avail:       197.65 GB / 203.90 GB (96.9%)
Disk Space Avail:   1334.48 GB / 5120.00 GB (26.1%)
===================================================
	0.9779	 = Validation score   (accuracy)
Problem Type:       binary
		Fitting AsTypeFeatureGenerator...
	0.1s	 = Validation runtime
=================== System Info ===================
AutoGluon Version:  1.1.0
Python Version:     3.10.15
Operating System:   Linux
Platform Machine:   x86_64
Platform Version:   #1 SMP PREEMPT_DYNAMIC Thu Apr 3 12:12:16 UTC 2025
CPU Count:          272
Memory Avail:       197.65 GB / 203.90 GB (96.9%)
Disk Space Avail:   1334.48 GB / 5120.00 GB (26.1%)
===================================================
AutoGluon infers your prediction problem is: 'binary' (because only two unique label-values observed).
Train Data Rows:    14495
	9.52s	 = Training   runtime
Selected class <--> label mapping:  class 1 = True, class 0 = False
AutoGluon training complete, total runtime = 99.27s ... Best model: "WeightedEnsemble_L2"
Preprocessing data ...
Beginning AutoGluon training ... Time limit = 60s
Train Data Rows:    14495
	2 unique label values:  [False, True]
Train Data Columns: 97
	0.09s	 = Validation runtime
AutoGluon will save models to "AutogluonModels/ag-20250416_150924-002/Predictor_S2 (SBS2 - 0.99)"
Using Feature Generators to preprocess the data ...
Train Data Columns: 97
	If 'binary' is not the correct problem_type, please manually specify the problem_type parameter during predictor init (You may specify problem_type as one of: ['binary', 'multiclass', 'regression'])
AutoGluon training complete, total runtime = 99.47s ... Best model: "WeightedEnsemble_L2"
Selected class <--> label mapping:  class 1 = True, class 0 = False
Label Column:       S2 (SBS2 - 0.99)
Fitting AutoMLPipelineFeatureGenerator...
Label Column:       S2 (SBS2 - 0.99)
=================== System Info ===================
AutoGluon Version:  1.1.0
Python Version:     3.10.15
Operating System:   Linux
Platform Machine:   x86_64
Platform Version:   #1 SMP PREEMPT_DYNAMIC Thu Apr 3 12:12:16 UTC 2025
CPU Count:          272
Memory Avail:       197.64 GB / 203.90 GB (96.9%)
Disk Space Avail:   1334.48 GB / 5120.00 GB (26.1%)
===================================================
Problem Type:       binary
AutoGluon infers your prediction problem is: 'binary' (because only two unique label-values observed).
AutoGluon training complete, total runtime = 99.64s ... Best model: "WeightedEnsemble_L2"
Using Feature Generators to preprocess the data ...
			Note: Converting 1 features to boolean dtype as they only contain 2 unique values.
Train Data Rows:    14495
AutoGluon infers your prediction problem is: 'binary' (because only two unique label-values observed).
Preprocessing data ...
	Stage 1 Generators:
	2 unique label values:  [False, True]
Fitting AutoMLPipelineFeatureGenerator...
Train Data Columns: 97
	2 unique label values:  [False, True]
		Fitting AsTypeFeatureGenerator...
	Stage 2 Generators:
TabularPredictor saved. To load, use: predictor = TabularPredictor.load("AutogluonModels/ag-20250416_150925/Predictor_S1 (SBS1 - 0.99)")
	If 'binary' is not the correct problem_type, please manually specify the problem_type parameter during predictor init (You may specify problem_type as one of: ['binary', 'multiclass', 'regression'])
	Available Memory:                    202393.53 MB
Label Column:       S2 (SBS2 - 0.99)
	If 'binary' is not the correct problem_type, please manually specify the problem_type parameter during predictor init (You may specify problem_type as one of: ['binary', 'multiclass', 'regression'])
Selected class <--> label mapping:  class 1 = True, class 0 = False
		Fitting FillNaFeatureGenerator...
TabularPredictor saved. To load, use: predictor = TabularPredictor.load("AutogluonModels/ag-20250416_150924/Predictor_S1 (SBS1 - 0.99)")
Problem Type:       binary
	Train Data (Original)  Memory Usage: 10.63 MB (0.0% of available memory)
No presets specified! To achieve strong results with AutoGluon, it is recommended to use the available presets.
	Recommended Presets (For more details refer to https://auto.gluon.ai/stable/tutorials/tabular/tabular-essentials.html#presets):
	presets='best_quality'   : Maximize accuracy. Default time_limit=3600.
	presets='high_quality'   : Strong accuracy with fast inference speed. Default time_limit=3600.
	presets='good_quality'   : Good accuracy with very fast inference speed. Default time_limit=3600.
	presets='medium_quality' : Fast training time, ideal for initial prototyping.
AutoGluon infers your prediction problem is: 'binary' (because only two unique label-values observed).
Problem Type:       binary
	Available Memory:                    202368.29 MB
Using Feature Generators to preprocess the data ...
TabularPredictor saved. To load, use: predictor = TabularPredictor.load("AutogluonModels/ag-20250416_150925-001/Predictor_S1 (SBS1 - 0.99)")
Preprocessing data ...
	Inferring data type of each feature based on column values. Set feature_metadata_in to manually specify special dtypes of the features.
No presets specified! To achieve strong results with AutoGluon, it is recommended to use the available presets.
	Recommended Presets (For more details refer to https://auto.gluon.ai/stable/tutorials/tabular/tabular-essentials.html#presets):
	presets='best_quality'   : Maximize accuracy. Default time_limit=3600.
	presets='high_quality'   : Strong accuracy with fast inference speed. Default time_limit=3600.
	presets='good_quality'   : Good accuracy with very fast inference speed. Default time_limit=3600.
	presets='medium_quality' : Fast training time, ideal for initial prototyping.
	Stage 3 Generators:
	2 unique label values:  [False, True]
Preprocessing data ...
	Train Data (Original)  Memory Usage: 10.63 MB (0.0% of available memory)
Fitting AutoMLPipelineFeatureGenerator...
No presets specified! To achieve strong results with AutoGluon, it is recommended to use the available presets.
	Recommended Presets (For more details refer to https://auto.gluon.ai/stable/tutorials/tabular/tabular-essentials.html#presets):
	presets='best_quality'   : Maximize accuracy. Default time_limit=3600.
	presets='high_quality'   : Strong accuracy with fast inference speed. Default time_limit=3600.
	presets='good_quality'   : Good accuracy with very fast inference speed. Default time_limit=3600.
	presets='medium_quality' : Fast training time, ideal for initial prototyping.
		Fitting IdentityFeatureGenerator...
			Note: Converting 1 features to boolean dtype as they only contain 2 unique values.
	If 'binary' is not the correct problem_type, please manually specify the problem_type parameter during predictor init (You may specify problem_type as one of: ['binary', 'multiclass', 'regression'])
Selected class <--> label mapping:  class 1 = True, class 0 = False
Beginning AutoGluon training ... Time limit = 60s
	Inferring data type of each feature based on column values. Set feature_metadata_in to manually specify special dtypes of the features.
Problem Type:       binary
Selected class <--> label mapping:  class 1 = True, class 0 = False
Using Feature Generators to preprocess the data ...
AutoGluon will save models to "AutogluonModels/ag-20250416_150925/Predictor_S2 (SBS2 - 0.99)"
	Stage 2 Generators:
Preprocessing data ...
Fitting AutoMLPipelineFeatureGenerator...
Using Feature Generators to preprocess the data ...
		Fitting FillNaFeatureGenerator...
	Stage 4 Generators:
Beginning AutoGluon training ... Time limit = 60s
Fitting AutoMLPipelineFeatureGenerator...
=================== System Info ===================
AutoGluon Version:  1.1.0
Python Version:     3.10.15
Operating System:   Linux
Platform Machine:   x86_64
Platform Version:   #1 SMP PREEMPT_DYNAMIC Thu Apr 3 12:12:16 UTC 2025
CPU Count:          272
Memory Avail:       197.60 GB / 203.90 GB (96.9%)
Disk Space Avail:   1334.48 GB / 5120.00 GB (26.1%)
===================================================
	Available Memory:                    202353.40 MB
		Fitting DropUniqueFeatureGenerator...
AutoGluon will save models to "AutogluonModels/ag-20250416_150924/Predictor_S2 (SBS2 - 0.99)"
Selected class <--> label mapping:  class 1 = True, class 0 = False
Train Data Rows:    14495
Beginning AutoGluon training ... Time limit = 60s
	Train Data (Original)  Memory Usage: 10.63 MB (0.0% of available memory)
	Stage 3 Generators:
Train Data Columns: 97
AutoGluon will save models to "AutogluonModels/ag-20250416_150925-001/Predictor_S2 (SBS2 - 0.99)"
Using Feature Generators to preprocess the data ...
	Inferring data type of each feature based on column values. Set feature_metadata_in to manually specify special dtypes of the features.
=================== System Info ===================
AutoGluon Version:  1.1.0
Python Version:     3.10.15
Operating System:   Linux
Platform Machine:   x86_64
Platform Version:   #1 SMP PREEMPT_DYNAMIC Thu Apr 3 12:12:16 UTC 2025
CPU Count:          272
Memory Avail:       197.58 GB / 203.90 GB (96.9%)
Disk Space Avail:   1334.48 GB / 5120.00 GB (26.1%)
===================================================
		Fitting IdentityFeatureGenerator...
	Available Memory:                    202330.12 MB
Label Column:       S2 (SBS2 - 0.99)
	Available Memory:                    202330.13 MB
Fitting AutoMLPipelineFeatureGenerator...
	Stage 1 Generators:
=================== System Info ===================
AutoGluon Version:  1.1.0
Python Version:     3.10.15
Operating System:   Linux
Platform Machine:   x86_64
Platform Version:   #1 SMP PREEMPT_DYNAMIC Thu Apr 3 12:12:16 UTC 2025
CPU Count:          272
Memory Avail:       197.58 GB / 203.90 GB (96.9%)
Disk Space Avail:   1334.48 GB / 5120.00 GB (26.1%)
===================================================
Train Data Rows:    14495
	Train Data (Original)  Memory Usage: 10.63 MB (0.0% of available memory)
AutoGluon infers your prediction problem is: 'binary' (because only two unique label-values observed).
	Train Data (Original)  Memory Usage: 10.63 MB (0.0% of available memory)
		Fitting AsTypeFeatureGenerator...
Train Data Rows:    14495
Train Data Columns: 97
	Stage 4 Generators:
	Inferring data type of each feature based on column values. Set feature_metadata_in to manually specify special dtypes of the features.
	2 unique label values:  [False, True]
	Inferring data type of each feature based on column values. Set feature_metadata_in to manually specify special dtypes of the features.
Train Data Columns: 97
Label Column:       S2 (SBS2 - 0.99)
		Fitting DropUniqueFeatureGenerator...
	Available Memory:                    202340.86 MB
	If 'binary' is not the correct problem_type, please manually specify the problem_type parameter during predictor init (You may specify problem_type as one of: ['binary', 'multiclass', 'regression'])
Label Column:       S2 (SBS2 - 0.99)
	Stage 1 Generators:
AutoGluon infers your prediction problem is: 'binary' (because only two unique label-values observed).
	Train Data (Original)  Memory Usage: 10.63 MB (0.0% of available memory)
Problem Type:       binary
AutoGluon infers your prediction problem is: 'binary' (because only two unique label-values observed).
		Fitting AsTypeFeatureGenerator...
	2 unique label values:  [False, True]
Preprocessing data ...
	2 unique label values:  [False, True]
	If 'binary' is not the correct problem_type, please manually specify the problem_type parameter during predictor init (You may specify problem_type as one of: ['binary', 'multiclass', 'regression'])
	Inferring data type of each feature based on column values. Set feature_metadata_in to manually specify special dtypes of the features.
	If 'binary' is not the correct problem_type, please manually specify the problem_type parameter during predictor init (You may specify problem_type as one of: ['binary', 'multiclass', 'regression'])
Problem Type:       binary
Selected class <--> label mapping:  class 1 = True, class 0 = False
Problem Type:       binary
Preprocessing data ...
Preprocessing data ...
Using Feature Generators to preprocess the data ...
Fitting AutoMLPipelineFeatureGenerator...
Selected class <--> label mapping:  class 1 = True, class 0 = False
Using Feature Generators to preprocess the data ...
			Note: Converting 1 features to boolean dtype as they only contain 2 unique values.
Selected class <--> label mapping:  class 1 = True, class 0 = False
Fitting AutoMLPipelineFeatureGenerator...
Using Feature Generators to preprocess the data ...
Fitting AutoMLPipelineFeatureGenerator...
	Stage 2 Generators:
		Fitting FillNaFeatureGenerator...
	Stage 3 Generators:
	Available Memory:                    202300.61 MB
		Fitting IdentityFeatureGenerator...
	Train Data (Original)  Memory Usage: 10.63 MB (0.0% of available memory)
			Note: Converting 1 features to boolean dtype as they only contain 2 unique values.
	Inferring data type of each feature based on column values. Set feature_metadata_in to manually specify special dtypes of the features.
	Available Memory:                    202298.62 MB
	Train Data (Original)  Memory Usage: 10.63 MB (0.0% of available memory)
	Inferring data type of each feature based on column values. Set feature_metadata_in to manually specify special dtypes of the features.
	Stage 4 Generators:
	Available Memory:                    202299.35 MB
	Stage 2 Generators:
		Fitting DropUniqueFeatureGenerator...
	Train Data (Original)  Memory Usage: 10.63 MB (0.0% of available memory)
		Fitting FillNaFeatureGenerator...
	Inferring data type of each feature based on column values. Set feature_metadata_in to manually specify special dtypes of the features.
	Stage 5 Generators:
		Fitting DropDuplicatesFeatureGenerator...
	Stage 3 Generators:
		Fitting IdentityFeatureGenerator...
	Stage 1 Generators:
		Fitting AsTypeFeatureGenerator...
	Stage 4 Generators:
		Fitting DropUniqueFeatureGenerator...
			Note: Converting 1 features to boolean dtype as they only contain 2 unique values.
	Stage 1 Generators:
		Fitting AsTypeFeatureGenerator...
	Stage 2 Generators:
		Fitting FillNaFeatureGenerator...
	Stage 1 Generators:
		Fitting AsTypeFeatureGenerator...
	Stage 3 Generators:
		Fitting IdentityFeatureGenerator...
	Stage 4 Generators:
		Fitting DropUniqueFeatureGenerator...
	Stage 1 Generators:
		Fitting AsTypeFeatureGenerator...
			Note: Converting 1 features to boolean dtype as they only contain 2 unique values.
	Stage 2 Generators:
		Fitting FillNaFeatureGenerator...
			Note: Converting 1 features to boolean dtype as they only contain 2 unique values.
	Stage 1 Generators:
	Stage 1 Generators:
		Fitting AsTypeFeatureGenerator...
		Fitting AsTypeFeatureGenerator...
	Stage 2 Generators:
		Fitting FillNaFeatureGenerator...
	Stage 3 Generators:
		Fitting IdentityFeatureGenerator...
	Stage 5 Generators:
		Fitting DropDuplicatesFeatureGenerator...
	Stage 3 Generators:
		Fitting IdentityFeatureGenerator...
	Stage 4 Generators:
		Fitting DropUniqueFeatureGenerator...
	Stage 4 Generators:
		Fitting DropUniqueFeatureGenerator...
			Note: Converting 1 features to boolean dtype as they only contain 2 unique values.
			Note: Converting 1 features to boolean dtype as they only contain 2 unique values.
	Stage 2 Generators:
		Fitting FillNaFeatureGenerator...
	Stage 2 Generators:
		Fitting FillNaFeatureGenerator...
			Note: Converting 1 features to boolean dtype as they only contain 2 unique values.
	Stage 1 Generators:
		Fitting AsTypeFeatureGenerator...
	Stage 2 Generators:
	Stage 3 Generators:
		Fitting FillNaFeatureGenerator...
		Fitting IdentityFeatureGenerator...
	Stage 3 Generators:
		Fitting IdentityFeatureGenerator...
	Stage 5 Generators:
		Fitting DropDuplicatesFeatureGenerator...
	Stage 3 Generators:
		Fitting IdentityFeatureGenerator...
	Types of features in original data (raw dtype, special dtypes):
		('bool', []) :  1 | ['S1 (SBS1 - 0.99)']
		('int', [])  : 96 | ['A[C>A]A', 'A[C>A]C', 'A[C>A]G', 'A[C>A]T', 'A[C>G]A', ...]
	Types of features in processed data (raw dtype, special dtypes):
	Stage 4 Generators:
	Stage 4 Generators:
		('int', [])       : 96 | ['A[C>A]A', 'A[C>A]C', 'A[C>A]G', 'A[C>A]T', 'A[C>G]A', ...]
		Fitting DropUniqueFeatureGenerator...
		Fitting DropUniqueFeatureGenerator...
	Stage 1 Generators:
		('int', ['bool']) :  1 | ['S1 (SBS1 - 0.99)']
	Stage 4 Generators:
		Fitting AsTypeFeatureGenerator...
	13.9s = Fit runtime
		Fitting DropUniqueFeatureGenerator...
	97 features in original data used to generate 97 features in processed data.
	Stage 5 Generators:
	Stage 5 Generators:
			Note: Converting 1 features to boolean dtype as they only contain 2 unique values.
		Fitting DropDuplicatesFeatureGenerator...
		Fitting DropDuplicatesFeatureGenerator...
	Train Data (Processed) Memory Usage: 10.63 MB (0.0% of available memory)
Data preprocessing and feature engineering runtime = 15.55s ...
AutoGluon will gauge predictive performance using evaluation metric: 'accuracy'
	Stage 2 Generators:
	To change this, specify the eval_metric parameter of Predictor()
		Fitting FillNaFeatureGenerator...
	Stage 1 Generators:
		Fitting AsTypeFeatureGenerator...
	Stage 5 Generators:
		Fitting DropDuplicatesFeatureGenerator...
	Stage 3 Generators:
		Fitting IdentityFeatureGenerator...
			Note: Converting 1 features to boolean dtype as they only contain 2 unique values.
	Stage 4 Generators:
		Fitting DropUniqueFeatureGenerator...
	Types of features in original data (raw dtype, special dtypes):
		('bool', []) :  1 | ['S1 (SBS1 - 0.99)']
		('int', [])  : 96 | ['A[C>A]A', 'A[C>A]C', 'A[C>A]G', 'A[C>A]T', 'A[C>G]A', ...]
	Types of features in processed data (raw dtype, special dtypes):
	Types of features in original data (raw dtype, special dtypes):
		('int', [])       : 96 | ['A[C>A]A', 'A[C>A]C', 'A[C>A]G', 'A[C>A]T', 'A[C>G]A', ...]
		('bool', []) :  1 | ['S1 (SBS1 - 0.99)']
		('int', ['bool']) :  1 | ['S1 (SBS1 - 0.99)']
		('int', [])  : 96 | ['A[C>A]A', 'A[C>A]C', 'A[C>A]G', 'A[C>A]T', 'A[C>G]A', ...]
Automatically generating train/validation split with holdout_frac=0.1, Train Rows: 13045, Val Rows: 1450
	14.3s = Fit runtime
	Types of features in processed data (raw dtype, special dtypes):
	Stage 2 Generators:
User-specified model hyperparameters to be fit:
{
	'NN_TORCH': {},
	'GBM': [{'extra_trees': True, 'ag_args': {'name_suffix': 'XT'}}, {}, 'GBMLarge'],
	'CAT': {},
	'XGB': {},
	'FASTAI': {},
	'RF': [{'criterion': 'gini', 'ag_args': {'name_suffix': 'Gini', 'problem_types': ['binary', 'multiclass']}}, {'criterion': 'entropy', 'ag_args': {'name_suffix': 'Entr', 'problem_types': ['binary', 'multiclass']}}, {'criterion': 'squared_error', 'ag_args': {'name_suffix': 'MSE', 'problem_types': ['regression', 'quantile']}}],
	'XT': [{'criterion': 'gini', 'ag_args': {'name_suffix': 'Gini', 'problem_types': ['binary', 'multiclass']}}, {'criterion': 'entropy', 'ag_args': {'name_suffix': 'Entr', 'problem_types': ['binary', 'multiclass']}}, {'criterion': 'squared_error', 'ag_args': {'name_suffix': 'MSE', 'problem_types': ['regression', 'quantile']}}],
	'KNN': [{'weights': 'uniform', 'ag_args': {'name_suffix': 'Unif'}}, {'weights': 'distance', 'ag_args': {'name_suffix': 'Dist'}}],
}
	97 features in original data used to generate 97 features in processed data.
		('int', [])       : 96 | ['A[C>A]A', 'A[C>A]C', 'A[C>A]G', 'A[C>A]T', 'A[C>G]A', ...]
		Fitting FillNaFeatureGenerator...
			Note: Converting 1 features to boolean dtype as they only contain 2 unique values.
		('int', ['bool']) :  1 | ['S1 (SBS1 - 0.99)']
	16.7s = Fit runtime
	97 features in original data used to generate 97 features in processed data.
	Stage 2 Generators:
		Fitting FillNaFeatureGenerator...
	Train Data (Processed) Memory Usage: 10.63 MB (0.0% of available memory)
	Stage 3 Generators:
		Fitting IdentityFeatureGenerator...
Data preprocessing and feature engineering runtime = 16.52s ...
AutoGluon will gauge predictive performance using evaluation metric: 'accuracy'
	To change this, specify the eval_metric parameter of Predictor()
	Train Data (Processed) Memory Usage: 10.63 MB (0.0% of available memory)
Data preprocessing and feature engineering runtime = 19.19s ...
AutoGluon will gauge predictive performance using evaluation metric: 'accuracy'
	To change this, specify the eval_metric parameter of Predictor()
	Stage 3 Generators:
	Stage 4 Generators:
Fitting 13 L1 models ...
		Fitting IdentityFeatureGenerator...
		Fitting DropUniqueFeatureGenerator...
Fitting model: KNeighborsUnif ... Training model for up to 44.45s of the 44.22s of remaining time.
Automatically generating train/validation split with holdout_frac=0.1, Train Rows: 13045, Val Rows: 1450
User-specified model hyperparameters to be fit:
{
	'NN_TORCH': {},
	'GBM': [{'extra_trees': True, 'ag_args': {'name_suffix': 'XT'}}, {}, 'GBMLarge'],
	'CAT': {},
	'XGB': {},
	'FASTAI': {},
	'RF': [{'criterion': 'gini', 'ag_args': {'name_suffix': 'Gini', 'problem_types': ['binary', 'multiclass']}}, {'criterion': 'entropy', 'ag_args': {'name_suffix': 'Entr', 'problem_types': ['binary', 'multiclass']}}, {'criterion': 'squared_error', 'ag_args': {'name_suffix': 'MSE', 'problem_types': ['regression', 'quantile']}}],
	'XT': [{'criterion': 'gini', 'ag_args': {'name_suffix': 'Gini', 'problem_types': ['binary', 'multiclass']}}, {'criterion': 'entropy', 'ag_args': {'name_suffix': 'Entr', 'problem_types': ['binary', 'multiclass']}}, {'criterion': 'squared_error', 'ag_args': {'name_suffix': 'MSE', 'problem_types': ['regression', 'quantile']}}],
	'KNN': [{'weights': 'uniform', 'ag_args': {'name_suffix': 'Unif'}}, {'weights': 'distance', 'ag_args': {'name_suffix': 'Dist'}}],
}
	Stage 4 Generators:
		Fitting DropUniqueFeatureGenerator...
	Stage 5 Generators:
		Fitting DropDuplicatesFeatureGenerator...
Automatically generating train/validation split with holdout_frac=0.1, Train Rows: 13045, Val Rows: 1450
User-specified model hyperparameters to be fit:
{
	'NN_TORCH': {},
	'GBM': [{'extra_trees': True, 'ag_args': {'name_suffix': 'XT'}}, {}, 'GBMLarge'],
	'CAT': {},
	'XGB': {},
	'FASTAI': {},
	'RF': [{'criterion': 'gini', 'ag_args': {'name_suffix': 'Gini', 'problem_types': ['binary', 'multiclass']}}, {'criterion': 'entropy', 'ag_args': {'name_suffix': 'Entr', 'problem_types': ['binary', 'multiclass']}}, {'criterion': 'squared_error', 'ag_args': {'name_suffix': 'MSE', 'problem_types': ['regression', 'quantile']}}],
	'XT': [{'criterion': 'gini', 'ag_args': {'name_suffix': 'Gini', 'problem_types': ['binary', 'multiclass']}}, {'criterion': 'entropy', 'ag_args': {'name_suffix': 'Entr', 'problem_types': ['binary', 'multiclass']}}, {'criterion': 'squared_error', 'ag_args': {'name_suffix': 'MSE', 'problem_types': ['regression', 'quantile']}}],
	'KNN': [{'weights': 'uniform', 'ag_args': {'name_suffix': 'Unif'}}, {'weights': 'distance', 'ag_args': {'name_suffix': 'Dist'}}],
}
	Stage 5 Generators:
		Fitting DropDuplicatesFeatureGenerator...
Fitting 13 L1 models ...
Fitting model: KNeighborsUnif ... Training model for up to 43.48s of the 43.32s of remaining time.
	Stage 5 Generators:
		Fitting DropDuplicatesFeatureGenerator...
Fitting 13 L1 models ...
Fitting model: KNeighborsUnif ... Training model for up to 40.81s of the 40.65s of remaining time.
	Types of features in original data (raw dtype, special dtypes):
		('bool', []) :  1 | ['S1 (SBS1 - 0.99)']
		('int', [])  : 96 | ['A[C>A]A', 'A[C>A]C', 'A[C>A]G', 'A[C>A]T', 'A[C>G]A', ...]
	Types of features in processed data (raw dtype, special dtypes):
		('int', [])       : 96 | ['A[C>A]A', 'A[C>A]C', 'A[C>A]G', 'A[C>A]T', 'A[C>G]A', ...]
		('int', ['bool']) :  1 | ['S1 (SBS1 - 0.99)']
	20.5s = Fit runtime
	Stage 5 Generators:
	97 features in original data used to generate 97 features in processed data.
		Fitting DropDuplicatesFeatureGenerator...
	Stage 5 Generators:
		Fitting DropDuplicatesFeatureGenerator...
	Types of features in original data (raw dtype, special dtypes):
		('bool', []) :  1 | ['S1 (SBS1 - 0.99)']
		('int', [])  : 96 | ['A[C>A]A', 'A[C>A]C', 'A[C>A]G', 'A[C>A]T', 'A[C>G]A', ...]
	Types of features in processed data (raw dtype, special dtypes):
		('int', [])       : 96 | ['A[C>A]A', 'A[C>A]C', 'A[C>A]G', 'A[C>A]T', 'A[C>G]A', ...]
		('int', ['bool']) :  1 | ['S1 (SBS1 - 0.99)']
	19.8s = Fit runtime
	97 features in original data used to generate 97 features in processed data.
	Train Data (Processed) Memory Usage: 10.63 MB (0.0% of available memory)
Data preprocessing and feature engineering runtime = 22.14s ...
AutoGluon will gauge predictive performance using evaluation metric: 'accuracy'
	To change this, specify the eval_metric parameter of Predictor()
	Train Data (Processed) Memory Usage: 10.63 MB (0.0% of available memory)
Data preprocessing and feature engineering runtime = 21.82s ...
AutoGluon will gauge predictive performance using evaluation metric: 'accuracy'
	To change this, specify the eval_metric parameter of Predictor()
	Types of features in original data (raw dtype, special dtypes):
		('bool', []) :  1 | ['S1 (SBS1 - 0.99)']
		('int', [])  : 96 | ['A[C>A]A', 'A[C>A]C', 'A[C>A]G', 'A[C>A]T', 'A[C>G]A', ...]
	Types of features in processed data (raw dtype, special dtypes):
		('int', [])       : 96 | ['A[C>A]A', 'A[C>A]C', 'A[C>A]G', 'A[C>A]T', 'A[C>G]A', ...]
		('int', ['bool']) :  1 | ['S1 (SBS1 - 0.99)']
	19.6s = Fit runtime
	97 features in original data used to generate 97 features in processed data.
	Types of features in original data (raw dtype, special dtypes):
		('bool', []) :  1 | ['S1 (SBS1 - 0.99)']
		('int', [])  : 96 | ['A[C>A]A', 'A[C>A]C', 'A[C>A]G', 'A[C>A]T', 'A[C>G]A', ...]
	Train Data (Processed) Memory Usage: 10.63 MB (0.0% of available memory)
	Types of features in processed data (raw dtype, special dtypes):
		('int', [])       : 96 | ['A[C>A]A', 'A[C>A]C', 'A[C>A]G', 'A[C>A]T', 'A[C>G]A', ...]
Automatically generating train/validation split with holdout_frac=0.1, Train Rows: 13045, Val Rows: 1450
Data preprocessing and feature engineering runtime = 21.9s ...
		('int', ['bool']) :  1 | ['S1 (SBS1 - 0.99)']
User-specified model hyperparameters to be fit:
{
	'NN_TORCH': {},
	'GBM': [{'extra_trees': True, 'ag_args': {'name_suffix': 'XT'}}, {}, 'GBMLarge'],
	'CAT': {},
	'XGB': {},
	'FASTAI': {},
	'RF': [{'criterion': 'gini', 'ag_args': {'name_suffix': 'Gini', 'problem_types': ['binary', 'multiclass']}}, {'criterion': 'entropy', 'ag_args': {'name_suffix': 'Entr', 'problem_types': ['binary', 'multiclass']}}, {'criterion': 'squared_error', 'ag_args': {'name_suffix': 'MSE', 'problem_types': ['regression', 'quantile']}}],
	'XT': [{'criterion': 'gini', 'ag_args': {'name_suffix': 'Gini', 'problem_types': ['binary', 'multiclass']}}, {'criterion': 'entropy', 'ag_args': {'name_suffix': 'Entr', 'problem_types': ['binary', 'multiclass']}}, {'criterion': 'squared_error', 'ag_args': {'name_suffix': 'MSE', 'problem_types': ['regression', 'quantile']}}],
	'KNN': [{'weights': 'uniform', 'ag_args': {'name_suffix': 'Unif'}}, {'weights': 'distance', 'ag_args': {'name_suffix': 'Dist'}}],
}
AutoGluon will gauge predictive performance using evaluation metric: 'accuracy'
	21.1s = Fit runtime
	To change this, specify the eval_metric parameter of Predictor()
	97 features in original data used to generate 97 features in processed data.
Automatically generating train/validation split with holdout_frac=0.1, Train Rows: 13045, Val Rows: 1450
User-specified model hyperparameters to be fit:
{
	'NN_TORCH': {},
	'GBM': [{'extra_trees': True, 'ag_args': {'name_suffix': 'XT'}}, {}, 'GBMLarge'],
	'CAT': {},
	'XGB': {},
	'FASTAI': {},
	'RF': [{'criterion': 'gini', 'ag_args': {'name_suffix': 'Gini', 'problem_types': ['binary', 'multiclass']}}, {'criterion': 'entropy', 'ag_args': {'name_suffix': 'Entr', 'problem_types': ['binary', 'multiclass']}}, {'criterion': 'squared_error', 'ag_args': {'name_suffix': 'MSE', 'problem_types': ['regression', 'quantile']}}],
	'XT': [{'criterion': 'gini', 'ag_args': {'name_suffix': 'Gini', 'problem_types': ['binary', 'multiclass']}}, {'criterion': 'entropy', 'ag_args': {'name_suffix': 'Entr', 'problem_types': ['binary', 'multiclass']}}, {'criterion': 'squared_error', 'ag_args': {'name_suffix': 'MSE', 'problem_types': ['regression', 'quantile']}}],
	'KNN': [{'weights': 'uniform', 'ag_args': {'name_suffix': 'Unif'}}, {'weights': 'distance', 'ag_args': {'name_suffix': 'Dist'}}],
}
	Train Data (Processed) Memory Usage: 10.63 MB (0.0% of available memory)
Fitting 13 L1 models ...
Fitting model: KNeighborsUnif ... Training model for up to 37.85s of the 37.76s of remaining time.
Automatically generating train/validation split with holdout_frac=0.1, Train Rows: 13045, Val Rows: 1450
Data preprocessing and feature engineering runtime = 24.0s ...
User-specified model hyperparameters to be fit:
{
	'NN_TORCH': {},
	'GBM': [{'extra_trees': True, 'ag_args': {'name_suffix': 'XT'}}, {}, 'GBMLarge'],
	'CAT': {},
	'XGB': {},
	'FASTAI': {},
	'RF': [{'criterion': 'gini', 'ag_args': {'name_suffix': 'Gini', 'problem_types': ['binary', 'multiclass']}}, {'criterion': 'entropy', 'ag_args': {'name_suffix': 'Entr', 'problem_types': ['binary', 'multiclass']}}, {'criterion': 'squared_error', 'ag_args': {'name_suffix': 'MSE', 'problem_types': ['regression', 'quantile']}}],
	'XT': [{'criterion': 'gini', 'ag_args': {'name_suffix': 'Gini', 'problem_types': ['binary', 'multiclass']}}, {'criterion': 'entropy', 'ag_args': {'name_suffix': 'Entr', 'problem_types': ['binary', 'multiclass']}}, {'criterion': 'squared_error', 'ag_args': {'name_suffix': 'MSE', 'problem_types': ['regression', 'quantile']}}],
	'KNN': [{'weights': 'uniform', 'ag_args': {'name_suffix': 'Unif'}}, {'weights': 'distance', 'ag_args': {'name_suffix': 'Dist'}}],
}
AutoGluon will gauge predictive performance using evaluation metric: 'accuracy'
	To change this, specify the eval_metric parameter of Predictor()
	Stage 5 Generators:
		Fitting DropDuplicatesFeatureGenerator...
Fitting 13 L1 models ...
Fitting model: KNeighborsUnif ... Training model for up to 38.18s of the 38.11s of remaining time.
	Stage 5 Generators:
		Fitting DropDuplicatesFeatureGenerator...
Fitting 13 L1 models ...
Fitting model: KNeighborsUnif ... Training model for up to 38.09s of the 38.02s of remaining time.
Automatically generating train/validation split with holdout_frac=0.1, Train Rows: 13045, Val Rows: 1450
User-specified model hyperparameters to be fit:
{
	'NN_TORCH': {},
	'GBM': [{'extra_trees': True, 'ag_args': {'name_suffix': 'XT'}}, {}, 'GBMLarge'],
	'CAT': {},
	'XGB': {},
	'FASTAI': {},
	'RF': [{'criterion': 'gini', 'ag_args': {'name_suffix': 'Gini', 'problem_types': ['binary', 'multiclass']}}, {'criterion': 'entropy', 'ag_args': {'name_suffix': 'Entr', 'problem_types': ['binary', 'multiclass']}}, {'criterion': 'squared_error', 'ag_args': {'name_suffix': 'MSE', 'problem_types': ['regression', 'quantile']}}],
	'XT': [{'criterion': 'gini', 'ag_args': {'name_suffix': 'Gini', 'problem_types': ['binary', 'multiclass']}}, {'criterion': 'entropy', 'ag_args': {'name_suffix': 'Entr', 'problem_types': ['binary', 'multiclass']}}, {'criterion': 'squared_error', 'ag_args': {'name_suffix': 'MSE', 'problem_types': ['regression', 'quantile']}}],
	'KNN': [{'weights': 'uniform', 'ag_args': {'name_suffix': 'Unif'}}, {'weights': 'distance', 'ag_args': {'name_suffix': 'Dist'}}],
}
	Types of features in original data (raw dtype, special dtypes):
		('bool', []) :  1 | ['S1 (SBS1 - 0.99)']
		('int', [])  : 96 | ['A[C>A]A', 'A[C>A]C', 'A[C>A]G', 'A[C>A]T', 'A[C>G]A', ...]
Fitting 13 L1 models ...
	Types of features in processed data (raw dtype, special dtypes):
Fitting model: KNeighborsUnif ... Training model for up to 36.0s of the 35.85s of remaining time.
		('int', [])       : 96 | ['A[C>A]A', 'A[C>A]C', 'A[C>A]G', 'A[C>A]T', 'A[C>G]A', ...]
		('int', ['bool']) :  1 | ['S1 (SBS1 - 0.99)']
	23.7s = Fit runtime
	97 features in original data used to generate 97 features in processed data.
	Types of features in original data (raw dtype, special dtypes):
		('bool', []) :  1 | ['S1 (SBS1 - 0.99)']
		('int', [])  : 96 | ['A[C>A]A', 'A[C>A]C', 'A[C>A]G', 'A[C>A]T', 'A[C>G]A', ...]
	Types of features in processed data (raw dtype, special dtypes):
		('int', [])       : 96 | ['A[C>A]A', 'A[C>A]C', 'A[C>A]G', 'A[C>A]T', 'A[C>G]A', ...]
		('int', ['bool']) :  1 | ['S1 (SBS1 - 0.99)']
	24.7s = Fit runtime
	97 features in original data used to generate 97 features in processed data.
	Types of features in original data (raw dtype, special dtypes):
		('bool', []) :  1 | ['S1 (SBS1 - 0.99)']
		('int', [])  : 96 | ['A[C>A]A', 'A[C>A]C', 'A[C>A]G', 'A[C>A]T', 'A[C>G]A', ...]
	Types of features in processed data (raw dtype, special dtypes):
		('int', [])       : 96 | ['A[C>A]A', 'A[C>A]C', 'A[C>A]G', 'A[C>A]T', 'A[C>G]A', ...]
		('int', ['bool']) :  1 | ['S1 (SBS1 - 0.99)']
	28.1s = Fit runtime
	Train Data (Processed) Memory Usage: 10.63 MB (0.0% of available memory)
	97 features in original data used to generate 97 features in processed data.
Data preprocessing and feature engineering runtime = 26.98s ...
	Types of features in original data (raw dtype, special dtypes):
AutoGluon will gauge predictive performance using evaluation metric: 'accuracy'
		('bool', []) :  1 | ['S1 (SBS1 - 0.99)']
	To change this, specify the eval_metric parameter of Predictor()
		('int', [])  : 96 | ['A[C>A]A', 'A[C>A]C', 'A[C>A]G', 'A[C>A]T', 'A[C>G]A', ...]
	0.9069	 = Validation score   (accuracy)
	9.48s	 = Training   runtime
	4.3s	 = Validation runtime
	Types of features in processed data (raw dtype, special dtypes):
		('int', [])       : 96 | ['A[C>A]A', 'A[C>A]C', 'A[C>A]G', 'A[C>A]T', 'A[C>G]A', ...]
		('int', ['bool']) :  1 | ['S1 (SBS1 - 0.99)']
	27.5s = Fit runtime
	97 features in original data used to generate 97 features in processed data.
Fitting model: KNeighborsDist ... Training model for up to 29.31s of the 29.07s of remaining time.
	Train Data (Processed) Memory Usage: 10.63 MB (0.0% of available memory)
Data preprocessing and feature engineering runtime = 27.95s ...
AutoGluon will gauge predictive performance using evaluation metric: 'accuracy'
	To change this, specify the eval_metric parameter of Predictor()
	Train Data (Processed) Memory Usage: 10.63 MB (0.0% of available memory)
Automatically generating train/validation split with holdout_frac=0.1, Train Rows: 13045, Val Rows: 1450
User-specified model hyperparameters to be fit:
{
	'NN_TORCH': {},
	'GBM': [{'extra_trees': True, 'ag_args': {'name_suffix': 'XT'}}, {}, 'GBMLarge'],
	'CAT': {},
	'XGB': {},
	'FASTAI': {},
	'RF': [{'criterion': 'gini', 'ag_args': {'name_suffix': 'Gini', 'problem_types': ['binary', 'multiclass']}}, {'criterion': 'entropy', 'ag_args': {'name_suffix': 'Entr', 'problem_types': ['binary', 'multiclass']}}, {'criterion': 'squared_error', 'ag_args': {'name_suffix': 'MSE', 'problem_types': ['regression', 'quantile']}}],
	'XT': [{'criterion': 'gini', 'ag_args': {'name_suffix': 'Gini', 'problem_types': ['binary', 'multiclass']}}, {'criterion': 'entropy', 'ag_args': {'name_suffix': 'Entr', 'problem_types': ['binary', 'multiclass']}}, {'criterion': 'squared_error', 'ag_args': {'name_suffix': 'MSE', 'problem_types': ['regression', 'quantile']}}],
	'KNN': [{'weights': 'uniform', 'ag_args': {'name_suffix': 'Unif'}}, {'weights': 'distance', 'ag_args': {'name_suffix': 'Dist'}}],
}
Data preprocessing and feature engineering runtime = 31.67s ...
AutoGluon will gauge predictive performance using evaluation metric: 'accuracy'
	To change this, specify the eval_metric parameter of Predictor()
	Types of features in original data (raw dtype, special dtypes):
	Train Data (Processed) Memory Usage: 10.63 MB (0.0% of available memory)
		('bool', []) :  1 | ['S1 (SBS1 - 0.99)']
	0.8766	 = Validation score   (accuracy)
		('int', [])  : 96 | ['A[C>A]A', 'A[C>A]C', 'A[C>A]G', 'A[C>A]T', 'A[C>G]A', ...]
Data preprocessing and feature engineering runtime = 31.56s ...
	8.78s	 = Training   runtime
	Types of features in processed data (raw dtype, special dtypes):
AutoGluon will gauge predictive performance using evaluation metric: 'accuracy'
	4.09s	 = Validation runtime
		('int', [])       : 96 | ['A[C>A]A', 'A[C>A]C', 'A[C>A]G', 'A[C>A]T', 'A[C>G]A', ...]
	To change this, specify the eval_metric parameter of Predictor()
		('int', ['bool']) :  1 | ['S1 (SBS1 - 0.99)']
	28.4s = Fit runtime
	97 features in original data used to generate 97 features in processed data.
Fitting model: KNeighborsDist ... Training model for up to 26.88s of the 26.72s of remaining time.
Automatically generating train/validation split with holdout_frac=0.1, Train Rows: 13045, Val Rows: 1450
User-specified model hyperparameters to be fit:
{
	'NN_TORCH': {},
	'GBM': [{'extra_trees': True, 'ag_args': {'name_suffix': 'XT'}}, {}, 'GBMLarge'],
	'CAT': {},
	'XGB': {},
	'FASTAI': {},
	'RF': [{'criterion': 'gini', 'ag_args': {'name_suffix': 'Gini', 'problem_types': ['binary', 'multiclass']}}, {'criterion': 'entropy', 'ag_args': {'name_suffix': 'Entr', 'problem_types': ['binary', 'multiclass']}}, {'criterion': 'squared_error', 'ag_args': {'name_suffix': 'MSE', 'problem_types': ['regression', 'quantile']}}],
	'XT': [{'criterion': 'gini', 'ag_args': {'name_suffix': 'Gini', 'problem_types': ['binary', 'multiclass']}}, {'criterion': 'entropy', 'ag_args': {'name_suffix': 'Entr', 'problem_types': ['binary', 'multiclass']}}, {'criterion': 'squared_error', 'ag_args': {'name_suffix': 'MSE', 'problem_types': ['regression', 'quantile']}}],
	'KNN': [{'weights': 'uniform', 'ag_args': {'name_suffix': 'Unif'}}, {'weights': 'distance', 'ag_args': {'name_suffix': 'Dist'}}],
}
Fitting 13 L1 models ...
Fitting model: KNeighborsUnif ... Training model for up to 32.98s of the 32.82s of remaining time.
	Train Data (Processed) Memory Usage: 10.63 MB (0.0% of available memory)
Automatically generating train/validation split with holdout_frac=0.1, Train Rows: 13045, Val Rows: 1450
User-specified model hyperparameters to be fit:
{
	'NN_TORCH': {},
	'GBM': [{'extra_trees': True, 'ag_args': {'name_suffix': 'XT'}}, {}, 'GBMLarge'],
	'CAT': {},
	'XGB': {},
	'FASTAI': {},
	'RF': [{'criterion': 'gini', 'ag_args': {'name_suffix': 'Gini', 'problem_types': ['binary', 'multiclass']}}, {'criterion': 'entropy', 'ag_args': {'name_suffix': 'Entr', 'problem_types': ['binary', 'multiclass']}}, {'criterion': 'squared_error', 'ag_args': {'name_suffix': 'MSE', 'problem_types': ['regression', 'quantile']}}],
	'XT': [{'criterion': 'gini', 'ag_args': {'name_suffix': 'Gini', 'problem_types': ['binary', 'multiclass']}}, {'criterion': 'entropy', 'ag_args': {'name_suffix': 'Entr', 'problem_types': ['binary', 'multiclass']}}, {'criterion': 'squared_error', 'ag_args': {'name_suffix': 'MSE', 'problem_types': ['regression', 'quantile']}}],
	'KNN': [{'weights': 'uniform', 'ag_args': {'name_suffix': 'Unif'}}, {'weights': 'distance', 'ag_args': {'name_suffix': 'Dist'}}],
}
Data preprocessing and feature engineering runtime = 31.26s ...
AutoGluon will gauge predictive performance using evaluation metric: 'accuracy'
	To change this, specify the eval_metric parameter of Predictor()
Automatically generating train/validation split with holdout_frac=0.1, Train Rows: 13045, Val Rows: 1450
User-specified model hyperparameters to be fit:
{
	'NN_TORCH': {},
	'GBM': [{'extra_trees': True, 'ag_args': {'name_suffix': 'XT'}}, {}, 'GBMLarge'],
	'CAT': {},
	'XGB': {},
	'FASTAI': {},
	'RF': [{'criterion': 'gini', 'ag_args': {'name_suffix': 'Gini', 'problem_types': ['binary', 'multiclass']}}, {'criterion': 'entropy', 'ag_args': {'name_suffix': 'Entr', 'problem_types': ['binary', 'multiclass']}}, {'criterion': 'squared_error', 'ag_args': {'name_suffix': 'MSE', 'problem_types': ['regression', 'quantile']}}],
	'XT': [{'criterion': 'gini', 'ag_args': {'name_suffix': 'Gini', 'problem_types': ['binary', 'multiclass']}}, {'criterion': 'entropy', 'ag_args': {'name_suffix': 'Entr', 'problem_types': ['binary', 'multiclass']}}, {'criterion': 'squared_error', 'ag_args': {'name_suffix': 'MSE', 'problem_types': ['regression', 'quantile']}}],
	'KNN': [{'weights': 'uniform', 'ag_args': {'name_suffix': 'Unif'}}, {'weights': 'distance', 'ag_args': {'name_suffix': 'Dist'}}],
}
Fitting 13 L1 models ...
Fitting model: KNeighborsUnif ... Training model for up to 32.04s of the 31.82s of remaining time.
	0.9034	 = Validation score   (accuracy)
	11.65s	 = Training   runtime
	3.97s	 = Validation runtime
Fitting model: KNeighborsDist ... Training model for up to 27.21s of the 27.05s of remaining time.
Fitting 13 L1 models ...
Fitting model: KNeighborsUnif ... Training model for up to 28.41s of the 28.22s of remaining time.
Fitting 13 L1 models ...
Fitting model: KNeighborsUnif ... Training model for up to 28.32s of the 27.98s of remaining time.
Automatically generating train/validation split with holdout_frac=0.1, Train Rows: 13045, Val Rows: 1450
User-specified model hyperparameters to be fit:
{
	'NN_TORCH': {},
	'GBM': [{'extra_trees': True, 'ag_args': {'name_suffix': 'XT'}}, {}, 'GBMLarge'],
	'CAT': {},
	'XGB': {},
	'FASTAI': {},
	'RF': [{'criterion': 'gini', 'ag_args': {'name_suffix': 'Gini', 'problem_types': ['binary', 'multiclass']}}, {'criterion': 'entropy', 'ag_args': {'name_suffix': 'Entr', 'problem_types': ['binary', 'multiclass']}}, {'criterion': 'squared_error', 'ag_args': {'name_suffix': 'MSE', 'problem_types': ['regression', 'quantile']}}],
	'XT': [{'criterion': 'gini', 'ag_args': {'name_suffix': 'Gini', 'problem_types': ['binary', 'multiclass']}}, {'criterion': 'entropy', 'ag_args': {'name_suffix': 'Entr', 'problem_types': ['binary', 'multiclass']}}, {'criterion': 'squared_error', 'ag_args': {'name_suffix': 'MSE', 'problem_types': ['regression', 'quantile']}}],
	'KNN': [{'weights': 'uniform', 'ag_args': {'name_suffix': 'Unif'}}, {'weights': 'distance', 'ag_args': {'name_suffix': 'Dist'}}],
}
Fitting 13 L1 models ...
Fitting model: KNeighborsUnif ... Training model for up to 28.73s of the 28.47s of remaining time.
	0.8979	 = Validation score   (accuracy)
	8.02s	 = Training   runtime
	3.42s	 = Validation runtime
Fitting model: KNeighborsDist ... Training model for up to 25.99s of the 25.91s of remaining time.
	Types of features in original data (raw dtype, special dtypes):
		('bool', []) :  1 | ['S1 (SBS1 - 0.99)']
		('int', [])  : 96 | ['A[C>A]A', 'A[C>A]C', 'A[C>A]G', 'A[C>A]T', 'A[C>G]A', ...]
	Types of features in processed data (raw dtype, special dtypes):
		('int', [])       : 96 | ['A[C>A]A', 'A[C>A]C', 'A[C>A]G', 'A[C>A]T', 'A[C>G]A', ...]
		('int', ['bool']) :  1 | ['S1 (SBS1 - 0.99)']
	38.2s = Fit runtime
	97 features in original data used to generate 97 features in processed data.
	0.9034	 = Validation score   (accuracy)
	11.11s	 = Training   runtime
	3.44s	 = Validation runtime
Fitting model: KNeighborsDist ... Training model for up to 22.56s of the 22.46s of remaining time.
	Train Data (Processed) Memory Usage: 10.63 MB (0.0% of available memory)
Data preprocessing and feature engineering runtime = 40.72s ...
AutoGluon will gauge predictive performance using evaluation metric: 'accuracy'
	To change this, specify the eval_metric parameter of Predictor()
	0.9069	 = Validation score   (accuracy)
	11.41s	 = Training   runtime
	3.56s	 = Validation runtime
Fitting model: KNeighborsDist ... Training model for up to 22.64s of the 22.58s of remaining time.
Automatically generating train/validation split with holdout_frac=0.1, Train Rows: 13045, Val Rows: 1450
User-specified model hyperparameters to be fit:
{
	'NN_TORCH': {},
	'GBM': [{'extra_trees': True, 'ag_args': {'name_suffix': 'XT'}}, {}, 'GBMLarge'],
	'CAT': {},
	'XGB': {},
	'FASTAI': {},
	'RF': [{'criterion': 'gini', 'ag_args': {'name_suffix': 'Gini', 'problem_types': ['binary', 'multiclass']}}, {'criterion': 'entropy', 'ag_args': {'name_suffix': 'Entr', 'problem_types': ['binary', 'multiclass']}}, {'criterion': 'squared_error', 'ag_args': {'name_suffix': 'MSE', 'problem_types': ['regression', 'quantile']}}],
	'XT': [{'criterion': 'gini', 'ag_args': {'name_suffix': 'Gini', 'problem_types': ['binary', 'multiclass']}}, {'criterion': 'entropy', 'ag_args': {'name_suffix': 'Entr', 'problem_types': ['binary', 'multiclass']}}, {'criterion': 'squared_error', 'ag_args': {'name_suffix': 'MSE', 'problem_types': ['regression', 'quantile']}}],
	'KNN': [{'weights': 'uniform', 'ag_args': {'name_suffix': 'Unif'}}, {'weights': 'distance', 'ag_args': {'name_suffix': 'Dist'}}],
}
	0.9083	 = Validation score   (accuracy)
	9.33s	 = Training   runtime
	3.34s	 = Validation runtime
Fitting model: KNeighborsDist ... Training model for up to 22.71s of the 22.57s of remaining time.
	0.8766	 = Validation score   (accuracy)
	5.25s	 = Training   runtime
	3.42s	 = Validation runtime
Fitting model: LightGBMXT ... Training model for up to 17.75s of the 17.58s of remaining time.
Fitting 13 L1 models ...
Fitting model: KNeighborsUnif ... Training model for up to 19.28s of the 19.11s of remaining time.
	0.9069	 = Validation score   (accuracy)
	7.78s	 = Training   runtime
	3.34s	 = Validation runtime
Fitting model: LightGBMXT ... Training model for up to 17.72s of the 17.48s of remaining time.
	0.8972	 = Validation score   (accuracy)
	6.27s	 = Training   runtime
	3.15s	 = Validation runtime
	0.8966	 = Validation score   (accuracy)
	6.99s	 = Training   runtime
	3.41s	 = Validation runtime
Fitting model: KNeighborsDist ... Training model for up to 22.15s of the 21.93s of remaining time.
	0.8545	 = Validation score   (accuracy)
	4.9s	 = Training   runtime
	3.47s	 = Validation runtime
Fitting model: KNeighborsDist ... Training model for up to 19.41s of the 19.07s of remaining time.
Fitting model: KNeighborsDist ... Training model for up to 22.04s of the 21.88s of remaining time.
	0.8738	 = Validation score   (accuracy)
	5.71s	 = Training   runtime
	3.43s	 = Validation runtime
Fitting model: KNeighborsDist ... Training model for up to 18.72s of the 18.53s of remaining time.
	0.9041	 = Validation score   (accuracy)
	7.0s	 = Training   runtime
	3.34s	 = Validation runtime
Fitting model: LightGBMXT ... Training model for up to 16.46s of the 16.3s of remaining time.
	0.8848	 = Validation score   (accuracy)
	4.97s	 = Training   runtime
	3.25s	 = Validation runtime
Fitting model: KNeighborsDist ... Training model for up to 19.87s of the 19.62s of remaining time.
	0.8986	 = Validation score   (accuracy)
	4.64s	 = Training   runtime
	3.23s	 = Validation runtime
Fitting model: LightGBMXT ... Training model for up to 17.77s of the 17.69s of remaining time.
	0.9034	 = Validation score   (accuracy)
	4.62s	 = Training   runtime
	3.0s	 = Validation runtime
Fitting model: LightGBMXT ... Training model for up to 14.48s of the 14.38s of remaining time.
	0.9069	 = Validation score   (accuracy)
	4.9s	 = Training   runtime
	3.15s	 = Validation runtime
Fitting model: LightGBMXT ... Training model for up to 14.2s of the 14.13s of remaining time.
	0.9083	 = Validation score   (accuracy)
	4.72s	 = Training   runtime
	3.14s	 = Validation runtime
	0.8766	 = Validation score   (accuracy)
	4.09s	 = Training   runtime
	3.2s	 = Validation runtime
Fitting model: LightGBMXT ... Training model for up to 14.54s of the 14.39s of remaining time.
Fitting model: KNeighborsDist ... Training model for up to 11.73s of the 11.51s of remaining time.
	0.8545	 = Validation score   (accuracy)
	2.96s	 = Training   runtime
	3.27s	 = Validation runtime
Fitting model: LightGBMXT ... Training model for up to 12.77s of the 12.43s of remaining time.
	0.8979	 = Validation score   (accuracy)
	4.69s	 = Training   runtime
	3.14s	 = Validation runtime
	0.8972	 = Validation score   (accuracy)
	4.59s	 = Training   runtime
	3.14s	 = Validation runtime
Fitting model: LightGBMXT ... Training model for up to 13.9s of the 13.68s of remaining time.
Fitting model: LightGBMXT ... Training model for up to 13.86s of the 13.7s of remaining time.
	0.8855	 = Validation score   (accuracy)
	3.5s	 = Training   runtime
	3.06s	 = Validation runtime
Fitting model: LightGBMXT ... Training model for up to 12.98s of the 12.73s of remaining time.
	0.8745	 = Validation score   (accuracy)
	4.36s	 = Training   runtime
	3.14s	 = Validation runtime
Fitting model: LightGBMXT ... Training model for up to 10.88s of the 10.69s of remaining time.
	0.8766	 = Validation score   (accuracy)
	2.89s	 = Training   runtime
	2.64s	 = Validation runtime
Fitting model: LightGBMXT ... Training model for up to 5.82s of the 5.65s of remaining time.
	Ran out of time, early stopping on iteration 91. Best iteration is:
	[91]	valid_set's binary_error: 0.082069
	0.9179	 = Validation score   (accuracy)
	71.14s	 = Training   runtime
	0.3s	 = Validation runtime
Fitting model: WeightedEnsemble_L2 ... Training model for up to 54.35s of the -29.66s of remaining time.
	Ran out of time, early stopping on iteration 64. Best iteration is:
	[54]	valid_set's binary_error: 0.10069
	0.8993	 = Validation score   (accuracy)
	69.33s	 = Training   runtime
	0.19s	 = Validation runtime
Fitting model: WeightedEnsemble_L2 ... Training model for up to 52.57s of the -34.86s of remaining time.
	Ran out of time, early stopping on iteration 65. Best iteration is:
	[65]	valid_set's binary_error: 0.0862069
	0.9138	 = Validation score   (accuracy)
	75.57s	 = Training   runtime
	0.23s	 = Validation runtime
Fitting model: WeightedEnsemble_L2 ... Training model for up to 52.74s of the -43.37s of remaining time.
	Ran out of time, early stopping on iteration 18. Best iteration is:
	[18]	valid_set's binary_error: 0.134483
	Ensemble Weights: {'LightGBMXT': 0.833, 'KNeighborsUnif': 0.167}
	0.9214	 = Validation score   (accuracy)
	15.15s	 = Training   runtime
	0.96s	 = Validation runtime
AutoGluon training complete, total runtime = 107.85s ... Best model: "WeightedEnsemble_L2"
	0.8655	 = Validation score   (accuracy)
	32.97s	 = Training   runtime
	0.29s	 = Validation runtime
TabularPredictor saved. To load, use: predictor = TabularPredictor.load("AutogluonModels/ag-20250416_150925-006/Predictor_S2 (SBS2 - 0.99)")
No presets specified! To achieve strong results with AutoGluon, it is recommended to use the available presets.
	Recommended Presets (For more details refer to https://auto.gluon.ai/stable/tutorials/tabular/tabular-essentials.html#presets):
	presets='best_quality'   : Maximize accuracy. Default time_limit=3600.
	presets='high_quality'   : Strong accuracy with fast inference speed. Default time_limit=3600.
	presets='good_quality'   : Good accuracy with very fast inference speed. Default time_limit=3600.
	presets='medium_quality' : Fast training time, ideal for initial prototyping.
Beginning AutoGluon training ... Time limit = 60s
AutoGluon will save models to "AutogluonModels/ag-20250416_150925-006/Predictor_S3 (SBS3 - 0.97)"
=================== System Info ===================
AutoGluon Version:  1.1.0
Python Version:     3.10.15
Operating System:   Linux
Platform Machine:   x86_64
Platform Version:   #1 SMP PREEMPT_DYNAMIC Thu Apr 3 12:12:16 UTC 2025
CPU Count:          272
Memory Avail:       197.31 GB / 203.90 GB (96.8%)
Disk Space Avail:   1334.21 GB / 5120.00 GB (26.1%)
===================================================
Train Data Rows:    14495
Train Data Columns: 98
Label Column:       S3 (SBS3 - 0.97)
AutoGluon infers your prediction problem is: 'binary' (because only two unique label-values observed).
	2 unique label values:  [False, True]
	If 'binary' is not the correct problem_type, please manually specify the problem_type parameter during predictor init (You may specify problem_type as one of: ['binary', 'multiclass', 'regression'])
Problem Type:       binary
Preprocessing data ...
	Ran out of time, early stopping on iteration 18. Best iteration is:
	[18]	valid_set's binary_error: 0.133103
Selected class <--> label mapping:  class 1 = True, class 0 = False
Using Feature Generators to preprocess the data ...
Fitting AutoMLPipelineFeatureGenerator...
Fitting model: WeightedEnsemble_L2 ... Training model for up to 40.81s of the -17.38s of remaining time.
	0.8669	 = Validation score   (accuracy)
	33.77s	 = Training   runtime
	0.28s	 = Validation runtime
	Ran out of time, early stopping on iteration 14. Best iteration is:
	[14]	valid_set's binary_error: 0.14069
	Available Memory:                    202042.80 MB
	Train Data (Original)  Memory Usage: 10.64 MB (0.0% of available memory)
	Ran out of time, early stopping on iteration 16. Best iteration is:
	[16]	valid_set's binary_error: 0.135172
	Inferring data type of each feature based on column values. Set feature_metadata_in to manually specify special dtypes of the features.
	Ran out of time, early stopping on iteration 13. Best iteration is:
	[13]	valid_set's binary_error: 0.142759
	0.8593	 = Validation score   (accuracy)
	31.99s	 = Training   runtime
	0.44s	 = Validation runtime
	Ran out of time, early stopping on iteration 11. Best iteration is:
	[11]	valid_set's binary_error: 0.148966
Fitting model: WeightedEnsemble_L2 ... Training model for up to 44.44s of the -18.34s of remaining time.
	0.8572	 = Validation score   (accuracy)
	30.93s	 = Training   runtime
	0.28s	 = Validation runtime
	0.8648	 = Validation score   (accuracy)
	31.4s	 = Training   runtime
	0.47s	 = Validation runtime
	Ran out of time, early stopping on iteration 12. Best iteration is:
	[12]	valid_set's binary_error: 0.148276
	0.851	 = Validation score   (accuracy)
	Ran out of time, early stopping on iteration 6. Best iteration is:
	[1]	valid_set's binary_error: 0.149655
	27.62s	 = Training   runtime
	0.54s	 = Validation runtime
	Ran out of time, early stopping on iteration 4. Best iteration is:
	[1]	valid_set's binary_error: 0.149655
Fitting model: WeightedEnsemble_L2 ... Training model for up to 43.41s of the -18.58s of remaining time.
	0.8517	 = Validation score   (accuracy)
	30.27s	 = Training   runtime
	0.74s	 = Validation runtime
	0.8503	 = Validation score   (accuracy)
	26.92s	 = Training   runtime
	0.4s	 = Validation runtime
	0.8503	 = Validation score   (accuracy)
	24.51s	 = Training   runtime
	0.28s	 = Validation runtime
Fitting model: WeightedEnsemble_L2 ... Training model for up to 37.85s of the -19.18s of remaining time.
Fitting model: WeightedEnsemble_L2 ... Training model for up to 38.05s of the -16.76s of remaining time.
	Ran out of time, early stopping on iteration 15. Best iteration is:
	[15]	valid_set's binary_error: 0.137241
Fitting model: WeightedEnsemble_L2 ... Training model for up to 28.32s of the -18.61s of remaining time.
	0.8628	 = Validation score   (accuracy)
	32.0s	 = Training   runtime
	Ensemble Weights: {'KNeighborsUnif': 0.75, 'LightGBMXT': 0.25}
	0.36s	 = Validation runtime
	0.9076	 = Validation score   (accuracy)
	17.98s	 = Training   runtime
	0.28s	 = Validation runtime
Fitting model: WeightedEnsemble_L2 ... Training model for up to 28.44s of the -19.1s of remaining time.
Fitting model: WeightedEnsemble_L2 ... Training model for up to 38.17s of the -19.58s of remaining time.
AutoGluon training complete, total runtime = 115.41s ... Best model: "WeightedEnsemble_L2"
Fitting model: WeightedEnsemble_L2 ... Training model for up to 19.22s of the -21.77s of remaining time.
TabularPredictor saved. To load, use: predictor = TabularPredictor.load("AutogluonModels/ag-20250416_150925-008/Predictor_S2 (SBS2 - 0.99)")
No presets specified! To achieve strong results with AutoGluon, it is recommended to use the available presets.
	Recommended Presets (For more details refer to https://auto.gluon.ai/stable/tutorials/tabular/tabular-essentials.html#presets):
	presets='best_quality'   : Maximize accuracy. Default time_limit=3600.
	presets='high_quality'   : Strong accuracy with fast inference speed. Default time_limit=3600.
	presets='good_quality'   : Good accuracy with very fast inference speed. Default time_limit=3600.
	presets='medium_quality' : Fast training time, ideal for initial prototyping.
	Ran out of time, early stopping on iteration 15. Best iteration is:
	[15]	valid_set's binary_error: 0.135862
	Ran out of time, early stopping on iteration 22. Best iteration is:
	[22]	valid_set's binary_error: 0.127586
Fitting model: WeightedEnsemble_L2 ... Training model for up to 36.0s of the -20.57s of remaining time.
Beginning AutoGluon training ... Time limit = 60s
AutoGluon will save models to "AutogluonModels/ag-20250416_150925-008/Predictor_S3 (SBS3 - 0.97)"
=================== System Info ===================
AutoGluon Version:  1.1.0
Python Version:     3.10.15
Operating System:   Linux
Platform Machine:   x86_64
Platform Version:   #1 SMP PREEMPT_DYNAMIC Thu Apr 3 12:12:16 UTC 2025
CPU Count:          272
Memory Avail:       197.31 GB / 203.90 GB (96.8%)
Disk Space Avail:   1334.21 GB / 5120.00 GB (26.1%)
===================================================
Train Data Rows:    14495
Train Data Columns: 98
Label Column:       S3 (SBS3 - 0.97)
	0.8641	 = Validation score   (accuracy)
	31.56s	 = Training   runtime
	0.2s	 = Validation runtime
AutoGluon infers your prediction problem is: 'binary' (because only two unique label-values observed).
	2 unique label values:  [False, True]
	If 'binary' is not the correct problem_type, please manually specify the problem_type parameter during predictor init (You may specify problem_type as one of: ['binary', 'multiclass', 'regression'])
Problem Type:       binary
Preprocessing data ...
Selected class <--> label mapping:  class 1 = True, class 0 = False
	0.8724	 = Validation score   (accuracy)
	31.91s	 = Training   runtime
	0.25s	 = Validation runtime
Using Feature Generators to preprocess the data ...
Fitting AutoMLPipelineFeatureGenerator...
	Ran out of time, early stopping on iteration 30. Best iteration is:
	[29]	valid_set's binary_error: 0.12
	Available Memory:                    202052.69 MB
	Train Data (Original)  Memory Usage: 10.64 MB (0.0% of available memory)
	Inferring data type of each feature based on column values. Set feature_metadata_in to manually specify special dtypes of the features.
	0.88	 = Validation score   (accuracy)
	33.31s	 = Training   runtime
	0.27s	 = Validation runtime
	Stage 1 Generators:
		Fitting AsTypeFeatureGenerator...
Fitting model: WeightedEnsemble_L2 ... Training model for up to 28.74s of the -21.1s of remaining time.
Fitting model: WeightedEnsemble_L2 ... Training model for up to 33.02s of the -20.72s of remaining time.
	Ensemble Weights: {'LightGBMXT': 1.0}
	0.9138	 = Validation score   (accuracy)
	14.36s	 = Training   runtime
	0.21s	 = Validation runtime
			Note: Converting 2 features to boolean dtype as they only contain 2 unique values.
AutoGluon training complete, total runtime = 119.94s ... Best model: "WeightedEnsemble_L2"
	Stage 2 Generators:
		Fitting FillNaFeatureGenerator...
Fitting model: WeightedEnsemble_L2 ... Training model for up to 32.04s of the -21.91s of remaining time.
	Stage 3 Generators:
		Fitting IdentityFeatureGenerator...
TabularPredictor saved. To load, use: predictor = TabularPredictor.load("AutogluonModels/ag-20250416_150925-002/Predictor_S2 (SBS2 - 0.99)")
No presets specified! To achieve strong results with AutoGluon, it is recommended to use the available presets.
	Recommended Presets (For more details refer to https://auto.gluon.ai/stable/tutorials/tabular/tabular-essentials.html#presets):
	presets='best_quality'   : Maximize accuracy. Default time_limit=3600.
	presets='high_quality'   : Strong accuracy with fast inference speed. Default time_limit=3600.
	presets='good_quality'   : Good accuracy with very fast inference speed. Default time_limit=3600.
	presets='medium_quality' : Fast training time, ideal for initial prototyping.
	Stage 4 Generators:
		Fitting DropUniqueFeatureGenerator...
Beginning AutoGluon training ... Time limit = 60s
AutoGluon will save models to "AutogluonModels/ag-20250416_150925-002/Predictor_S3 (SBS3 - 0.97)"
=================== System Info ===================
AutoGluon Version:  1.1.0
Python Version:     3.10.15
Operating System:   Linux
Platform Machine:   x86_64
Platform Version:   #1 SMP PREEMPT_DYNAMIC Thu Apr 3 12:12:16 UTC 2025
CPU Count:          272
Memory Avail:       197.29 GB / 203.90 GB (96.8%)
Disk Space Avail:   1334.21 GB / 5120.00 GB (26.1%)
===================================================
Train Data Rows:    14495
Train Data Columns: 98
Label Column:       S3 (SBS3 - 0.97)
AutoGluon infers your prediction problem is: 'binary' (because only two unique label-values observed).
	2 unique label values:  [False, True]
	If 'binary' is not the correct problem_type, please manually specify the problem_type parameter during predictor init (You may specify problem_type as one of: ['binary', 'multiclass', 'regression'])
Problem Type:       binary
Preprocessing data ...
Selected class <--> label mapping:  class 1 = True, class 0 = False
Using Feature Generators to preprocess the data ...
Fitting AutoMLPipelineFeatureGenerator...
	Available Memory:                    202035.28 MB
	Train Data (Original)  Memory Usage: 10.64 MB (0.0% of available memory)
	Inferring data type of each feature based on column values. Set feature_metadata_in to manually specify special dtypes of the features.
	Stage 1 Generators:
		Fitting AsTypeFeatureGenerator...
			Note: Converting 2 features to boolean dtype as they only contain 2 unique values.
	Stage 2 Generators:
		Fitting FillNaFeatureGenerator...
	Stage 3 Generators:
		Fitting IdentityFeatureGenerator...
	Stage 4 Generators:
		Fitting DropUniqueFeatureGenerator...
	Stage 5 Generators:
		Fitting DropDuplicatesFeatureGenerator...
	Ensemble Weights: {'LightGBMXT': 0.5, 'KNeighborsDist': 0.375, 'KNeighborsUnif': 0.125}
	0.8841	 = Validation score   (accuracy)
	14.63s	 = Training   runtime
	0.17s	 = Validation runtime
	Types of features in original data (raw dtype, special dtypes):
		('bool', []) :  2 | ['S1 (SBS1 - 0.99)', 'S2 (SBS2 - 0.99)']
		('int', [])  : 96 | ['A[C>A]A', 'A[C>A]C', 'A[C>A]G', 'A[C>A]T', 'A[C>G]A', ...]
AutoGluon training complete, total runtime = 96.36s ... Best model: "WeightedEnsemble_L2"
	Types of features in processed data (raw dtype, special dtypes):
		('int', [])       : 96 | ['A[C>A]A', 'A[C>A]C', 'A[C>A]G', 'A[C>A]T', 'A[C>G]A', ...]
		('int', ['bool']) :  2 | ['S1 (SBS1 - 0.99)', 'S2 (SBS2 - 0.99)']
	16.1s = Fit runtime
	98 features in original data used to generate 98 features in processed data.
	Train Data (Processed) Memory Usage: 10.64 MB (0.0% of available memory)
Data preprocessing and feature engineering runtime = 16.99s ...
AutoGluon will gauge predictive performance using evaluation metric: 'accuracy'
	To change this, specify the eval_metric parameter of Predictor()
TabularPredictor saved. To load, use: predictor = TabularPredictor.load("AutogluonModels/ag-20250416_150925-009/Predictor_S2 (SBS2 - 0.99)")
No presets specified! To achieve strong results with AutoGluon, it is recommended to use the available presets.
	Recommended Presets (For more details refer to https://auto.gluon.ai/stable/tutorials/tabular/tabular-essentials.html#presets):
	presets='best_quality'   : Maximize accuracy. Default time_limit=3600.
	presets='high_quality'   : Strong accuracy with fast inference speed. Default time_limit=3600.
	presets='good_quality'   : Good accuracy with very fast inference speed. Default time_limit=3600.
	presets='medium_quality' : Fast training time, ideal for initial prototyping.
	Ensemble Weights: {'KNeighborsUnif': 0.778, 'LightGBMXT': 0.222}
	0.909	 = Validation score   (accuracy)
	14.06s	 = Training   runtime
	0.12s	 = Validation runtime
AutoGluon training complete, total runtime = 97.3s ... Best model: "WeightedEnsemble_L2"
	Stage 1 Generators:
		Fitting AsTypeFeatureGenerator...
Automatically generating train/validation split with holdout_frac=0.1, Train Rows: 13045, Val Rows: 1450
User-specified model hyperparameters to be fit:
{
	'NN_TORCH': {},
	'GBM': [{'extra_trees': True, 'ag_args': {'name_suffix': 'XT'}}, {}, 'GBMLarge'],
	'CAT': {},
	'XGB': {},
	'FASTAI': {},
	'RF': [{'criterion': 'gini', 'ag_args': {'name_suffix': 'Gini', 'problem_types': ['binary', 'multiclass']}}, {'criterion': 'entropy', 'ag_args': {'name_suffix': 'Entr', 'problem_types': ['binary', 'multiclass']}}, {'criterion': 'squared_error', 'ag_args': {'name_suffix': 'MSE', 'problem_types': ['regression', 'quantile']}}],
	'XT': [{'criterion': 'gini', 'ag_args': {'name_suffix': 'Gini', 'problem_types': ['binary', 'multiclass']}}, {'criterion': 'entropy', 'ag_args': {'name_suffix': 'Entr', 'problem_types': ['binary', 'multiclass']}}, {'criterion': 'squared_error', 'ag_args': {'name_suffix': 'MSE', 'problem_types': ['regression', 'quantile']}}],
	'KNN': [{'weights': 'uniform', 'ag_args': {'name_suffix': 'Unif'}}, {'weights': 'distance', 'ag_args': {'name_suffix': 'Dist'}}],
}
Beginning AutoGluon training ... Time limit = 60s
AutoGluon will save models to "AutogluonModels/ag-20250416_150925-009/Predictor_S3 (SBS3 - 0.97)"
=================== System Info ===================
AutoGluon Version:  1.1.0
Python Version:     3.10.15
Operating System:   Linux
Platform Machine:   x86_64
Platform Version:   #1 SMP PREEMPT_DYNAMIC Thu Apr 3 12:12:16 UTC 2025
CPU Count:          272
Memory Avail:       197.31 GB / 203.90 GB (96.8%)
Disk Space Avail:   1334.21 GB / 5120.00 GB (26.1%)
===================================================
Train Data Rows:    14495
Train Data Columns: 98
Label Column:       S3 (SBS3 - 0.97)
AutoGluon infers your prediction problem is: 'binary' (because only two unique label-values observed).
	2 unique label values:  [False, True]
	If 'binary' is not the correct problem_type, please manually specify the problem_type parameter during predictor init (You may specify problem_type as one of: ['binary', 'multiclass', 'regression'])
Problem Type:       binary
Preprocessing data ...
Selected class <--> label mapping:  class 1 = True, class 0 = False
TabularPredictor saved. To load, use: predictor = TabularPredictor.load("AutogluonModels/ag-20250416_150925-010/Predictor_S2 (SBS2 - 0.99)")
	Ensemble Weights: {'KNeighborsDist': 1.0}
	Ensemble Weights: {'KNeighborsUnif': 0.4, 'KNeighborsDist': 0.3, 'LightGBMXT': 0.3}
Using Feature Generators to preprocess the data ...
	0.8986	 = Validation score   (accuracy)
	0.9124	 = Validation score   (accuracy)
Fitting AutoMLPipelineFeatureGenerator...
	12.2s	 = Training   runtime
No presets specified! To achieve strong results with AutoGluon, it is recommended to use the available presets.
	Recommended Presets (For more details refer to https://auto.gluon.ai/stable/tutorials/tabular/tabular-essentials.html#presets):
	presets='best_quality'   : Maximize accuracy. Default time_limit=3600.
	presets='high_quality'   : Strong accuracy with fast inference speed. Default time_limit=3600.
	presets='good_quality'   : Good accuracy with very fast inference speed. Default time_limit=3600.
	presets='medium_quality' : Fast training time, ideal for initial prototyping.
	12.48s	 = Training   runtime
	Ensemble Weights: {'KNeighborsDist': 0.875, 'LightGBMXT': 0.125}
	0.15s	 = Validation runtime
	0.12s	 = Validation runtime
	0.9048	 = Validation score   (accuracy)
Fitting 13 L1 models ...
	13.35s	 = Training   runtime
Fitting model: KNeighborsUnif ... Training model for up to 43.01s of the 42.91s of remaining time.
	0.23s	 = Validation runtime
	Available Memory:                    202056.67 MB
	Train Data (Original)  Memory Usage: 10.64 MB (0.0% of available memory)
	Inferring data type of each feature based on column values. Set feature_metadata_in to manually specify special dtypes of the features.
AutoGluon training complete, total runtime = 94.38s ... Best model: "WeightedEnsemble_L2"
	Stage 5 Generators:
			Note: Converting 2 features to boolean dtype as they only contain 2 unique values.
		Fitting DropDuplicatesFeatureGenerator...
	Stage 2 Generators:
AutoGluon training complete, total runtime = 96.35s ... Best model: "WeightedEnsemble_L2"
		Fitting FillNaFeatureGenerator...
Beginning AutoGluon training ... Time limit = 60s
AutoGluon training complete, total runtime = 96.87s ... Best model: "WeightedEnsemble_L2"
AutoGluon will save models to "AutogluonModels/ag-20250416_150925-010/Predictor_S3 (SBS3 - 0.97)"
=================== System Info ===================
AutoGluon Version:  1.1.0
Python Version:     3.10.15
Operating System:   Linux
Platform Machine:   x86_64
Platform Version:   #1 SMP PREEMPT_DYNAMIC Thu Apr 3 12:12:16 UTC 2025
CPU Count:          272
Memory Avail:       197.30 GB / 203.90 GB (96.8%)
Disk Space Avail:   1334.20 GB / 5120.00 GB (26.1%)
===================================================
Train Data Rows:    14495
Train Data Columns: 98
Label Column:       S3 (SBS3 - 0.97)
AutoGluon infers your prediction problem is: 'binary' (because only two unique label-values observed).
	2 unique label values:  [False, True]
	If 'binary' is not the correct problem_type, please manually specify the problem_type parameter during predictor init (You may specify problem_type as one of: ['binary', 'multiclass', 'regression'])
	Stage 3 Generators:
	Ensemble Weights: {'KNeighborsUnif': 0.75, 'LightGBMXT': 0.25}
Problem Type:       binary
TabularPredictor saved. To load, use: predictor = TabularPredictor.load("AutogluonModels/ag-20250416_150925-007/Predictor_S2 (SBS2 - 0.99)")
		Fitting IdentityFeatureGenerator...
	Ensemble Weights: {'KNeighborsUnif': 0.5, 'LightGBMXT': 0.5}
	0.9124	 = Validation score   (accuracy)
Preprocessing data ...
	Ensemble Weights: {'KNeighborsDist': 0.75, 'LightGBMXT': 0.25}
TabularPredictor saved. To load, use: predictor = TabularPredictor.load("AutogluonModels/ag-20250416_150925-005/Predictor_S2 (SBS2 - 0.99)")
No presets specified! To achieve strong results with AutoGluon, it is recommended to use the available presets.
	Recommended Presets (For more details refer to https://auto.gluon.ai/stable/tutorials/tabular/tabular-essentials.html#presets):
	presets='best_quality'   : Maximize accuracy. Default time_limit=3600.
	presets='high_quality'   : Strong accuracy with fast inference speed. Default time_limit=3600.
	presets='good_quality'   : Good accuracy with very fast inference speed. Default time_limit=3600.
	presets='medium_quality' : Fast training time, ideal for initial prototyping.
	0.8779	 = Validation score   (accuracy)
	11.93s	 = Training   runtime
	0.8869	 = Validation score   (accuracy)
No presets specified! To achieve strong results with AutoGluon, it is recommended to use the available presets.
	Recommended Presets (For more details refer to https://auto.gluon.ai/stable/tutorials/tabular/tabular-essentials.html#presets):
	presets='best_quality'   : Maximize accuracy. Default time_limit=3600.
	presets='high_quality'   : Strong accuracy with fast inference speed. Default time_limit=3600.
	presets='good_quality'   : Good accuracy with very fast inference speed. Default time_limit=3600.
	presets='medium_quality' : Fast training time, ideal for initial prototyping.
Selected class <--> label mapping:  class 1 = True, class 0 = False
	12.8s	 = Training   runtime
TabularPredictor saved. To load, use: predictor = TabularPredictor.load("AutogluonModels/ag-20250416_150926-001/Predictor_S2 (SBS2 - 0.99)")
	Stage 4 Generators:
	0.1s	 = Validation runtime
	12.26s	 = Training   runtime
Using Feature Generators to preprocess the data ...
	0.24s	 = Validation runtime
		Fitting DropUniqueFeatureGenerator...
No presets specified! To achieve strong results with AutoGluon, it is recommended to use the available presets.
	Recommended Presets (For more details refer to https://auto.gluon.ai/stable/tutorials/tabular/tabular-essentials.html#presets):
	presets='best_quality'   : Maximize accuracy. Default time_limit=3600.
	presets='high_quality'   : Strong accuracy with fast inference speed. Default time_limit=3600.
	presets='good_quality'   : Good accuracy with very fast inference speed. Default time_limit=3600.
	presets='medium_quality' : Fast training time, ideal for initial prototyping.
	0.19s	 = Validation runtime
Fitting AutoMLPipelineFeatureGenerator...
Beginning AutoGluon training ... Time limit = 60s
	Ensemble Weights: {'KNeighborsUnif': 0.5, 'KNeighborsDist': 0.25, 'LightGBMXT': 0.25}
AutoGluon will save models to "AutogluonModels/ag-20250416_150925-007/Predictor_S3 (SBS3 - 0.97)"
	0.8848	 = Validation score   (accuracy)
AutoGluon training complete, total runtime = 97.26s ... Best model: "WeightedEnsemble_L2"
Beginning AutoGluon training ... Time limit = 60s
	12.81s	 = Training   runtime
AutoGluon training complete, total runtime = 96.29s ... Best model: "WeightedEnsemble_L2"
AutoGluon will save models to "AutogluonModels/ag-20250416_150925-005/Predictor_S3 (SBS3 - 0.97)"
	0.08s	 = Validation runtime
=================== System Info ===================
AutoGluon Version:  1.1.0
Python Version:     3.10.15
Operating System:   Linux
Platform Machine:   x86_64
Platform Version:   #1 SMP PREEMPT_DYNAMIC Thu Apr 3 12:12:16 UTC 2025
CPU Count:          272
Memory Avail:       197.40 GB / 203.90 GB (96.8%)
Disk Space Avail:   1334.20 GB / 5120.00 GB (26.1%)
===================================================
AutoGluon training complete, total runtime = 95.96s ... Best model: "WeightedEnsemble_L2"
Beginning AutoGluon training ... Time limit = 60s
Train Data Rows:    14495
	Available Memory:                    202148.83 MB
AutoGluon will save models to "AutogluonModels/ag-20250416_150926-001/Predictor_S3 (SBS3 - 0.97)"
=================== System Info ===================
AutoGluon Version:  1.1.0
Python Version:     3.10.15
Operating System:   Linux
Platform Machine:   x86_64
Platform Version:   #1 SMP PREEMPT_DYNAMIC Thu Apr 3 12:12:16 UTC 2025
CPU Count:          272
Memory Avail:       197.40 GB / 203.90 GB (96.8%)
Disk Space Avail:   1334.20 GB / 5120.00 GB (26.1%)
===================================================
Train Data Columns: 98
	Train Data (Original)  Memory Usage: 10.64 MB (0.0% of available memory)
Train Data Rows:    14495
Label Column:       S3 (SBS3 - 0.97)
	Inferring data type of each feature based on column values. Set feature_metadata_in to manually specify special dtypes of the features.
Train Data Columns: 98
=================== System Info ===================
AutoGluon Version:  1.1.0
Python Version:     3.10.15
Operating System:   Linux
Platform Machine:   x86_64
Platform Version:   #1 SMP PREEMPT_DYNAMIC Thu Apr 3 12:12:16 UTC 2025
CPU Count:          272
Memory Avail:       197.40 GB / 203.90 GB (96.8%)
Disk Space Avail:   1334.20 GB / 5120.00 GB (26.1%)
===================================================
AutoGluon infers your prediction problem is: 'binary' (because only two unique label-values observed).
AutoGluon training complete, total runtime = 97.73s ... Best model: "WeightedEnsemble_L2"
Label Column:       S3 (SBS3 - 0.97)
Train Data Rows:    14495
	2 unique label values:  [False, True]
Train Data Columns: 98
AutoGluon infers your prediction problem is: 'binary' (because only two unique label-values observed).
	If 'binary' is not the correct problem_type, please manually specify the problem_type parameter during predictor init (You may specify problem_type as one of: ['binary', 'multiclass', 'regression'])
TabularPredictor saved. To load, use: predictor = TabularPredictor.load("AutogluonModels/ag-20250416_150925-004/Predictor_S2 (SBS2 - 0.99)")
TabularPredictor saved. To load, use: predictor = TabularPredictor.load("AutogluonModels/ag-20250416_150925-003/Predictor_S2 (SBS2 - 0.99)")
Label Column:       S3 (SBS3 - 0.97)
	2 unique label values:  [False, True]
TabularPredictor saved. To load, use: predictor = TabularPredictor.load("AutogluonModels/ag-20250416_150924-002/Predictor_S2 (SBS2 - 0.99)")
Problem Type:       binary
AutoGluon infers your prediction problem is: 'binary' (because only two unique label-values observed).
	If 'binary' is not the correct problem_type, please manually specify the problem_type parameter during predictor init (You may specify problem_type as one of: ['binary', 'multiclass', 'regression'])
No presets specified! To achieve strong results with AutoGluon, it is recommended to use the available presets.
	Recommended Presets (For more details refer to https://auto.gluon.ai/stable/tutorials/tabular/tabular-essentials.html#presets):
	presets='best_quality'   : Maximize accuracy. Default time_limit=3600.
	presets='high_quality'   : Strong accuracy with fast inference speed. Default time_limit=3600.
	presets='good_quality'   : Good accuracy with very fast inference speed. Default time_limit=3600.
	presets='medium_quality' : Fast training time, ideal for initial prototyping.
No presets specified! To achieve strong results with AutoGluon, it is recommended to use the available presets.
	Recommended Presets (For more details refer to https://auto.gluon.ai/stable/tutorials/tabular/tabular-essentials.html#presets):
	presets='best_quality'   : Maximize accuracy. Default time_limit=3600.
	presets='high_quality'   : Strong accuracy with fast inference speed. Default time_limit=3600.
	presets='good_quality'   : Good accuracy with very fast inference speed. Default time_limit=3600.
	presets='medium_quality' : Fast training time, ideal for initial prototyping.
No presets specified! To achieve strong results with AutoGluon, it is recommended to use the available presets.
	Recommended Presets (For more details refer to https://auto.gluon.ai/stable/tutorials/tabular/tabular-essentials.html#presets):
	presets='best_quality'   : Maximize accuracy. Default time_limit=3600.
	presets='high_quality'   : Strong accuracy with fast inference speed. Default time_limit=3600.
	presets='good_quality'   : Good accuracy with very fast inference speed. Default time_limit=3600.
	presets='medium_quality' : Fast training time, ideal for initial prototyping.
Preprocessing data ...
	2 unique label values:  [False, True]
Problem Type:       binary
TabularPredictor saved. To load, use: predictor = TabularPredictor.load("AutogluonModels/ag-20250416_150924-001/Predictor_S2 (SBS2 - 0.99)")
	If 'binary' is not the correct problem_type, please manually specify the problem_type parameter during predictor init (You may specify problem_type as one of: ['binary', 'multiclass', 'regression'])
Preprocessing data ...
Problem Type:       binary
Selected class <--> label mapping:  class 1 = True, class 0 = False
No presets specified! To achieve strong results with AutoGluon, it is recommended to use the available presets.
	Recommended Presets (For more details refer to https://auto.gluon.ai/stable/tutorials/tabular/tabular-essentials.html#presets):
	presets='best_quality'   : Maximize accuracy. Default time_limit=3600.
	presets='high_quality'   : Strong accuracy with fast inference speed. Default time_limit=3600.
	presets='good_quality'   : Good accuracy with very fast inference speed. Default time_limit=3600.
	presets='medium_quality' : Fast training time, ideal for initial prototyping.
Preprocessing data ...
	Ensemble Weights: {'KNeighborsUnif': 0.526, 'LightGBMXT': 0.263, 'KNeighborsDist': 0.211}
Using Feature Generators to preprocess the data ...
Selected class <--> label mapping:  class 1 = True, class 0 = False
	Stage 1 Generators:
Beginning AutoGluon training ... Time limit = 60s
	0.911	 = Validation score   (accuracy)
Fitting AutoMLPipelineFeatureGenerator...
		Fitting AsTypeFeatureGenerator...
Selected class <--> label mapping:  class 1 = True, class 0 = False
AutoGluon will save models to "AutogluonModels/ag-20250416_150925-004/Predictor_S3 (SBS3 - 0.97)"
	12.73s	 = Training   runtime
Beginning AutoGluon training ... Time limit = 60s
Using Feature Generators to preprocess the data ...
Using Feature Generators to preprocess the data ...
Beginning AutoGluon training ... Time limit = 60s
	0.14s	 = Validation runtime
AutoGluon will save models to "AutogluonModels/ag-20250416_150925-003/Predictor_S3 (SBS3 - 0.97)"
Fitting AutoMLPipelineFeatureGenerator...
=================== System Info ===================
AutoGluon Version:  1.1.0
Python Version:     3.10.15
Operating System:   Linux
Platform Machine:   x86_64
Platform Version:   #1 SMP PREEMPT_DYNAMIC Thu Apr 3 12:12:16 UTC 2025
CPU Count:          272
Memory Avail:       197.35 GB / 203.90 GB (96.8%)
Disk Space Avail:   1334.20 GB / 5120.00 GB (26.1%)
===================================================
Fitting AutoMLPipelineFeatureGenerator...
	Ensemble Weights: {'KNeighborsDist': 0.4, 'LightGBMXT': 0.4, 'KNeighborsUnif': 0.2}
AutoGluon will save models to "AutogluonModels/ag-20250416_150924-002/Predictor_S3 (SBS3 - 0.97)"
Train Data Rows:    14495
=================== System Info ===================
AutoGluon Version:  1.1.0
Python Version:     3.10.15
Operating System:   Linux
Platform Machine:   x86_64
Platform Version:   #1 SMP PREEMPT_DYNAMIC Thu Apr 3 12:12:16 UTC 2025
CPU Count:          272
Memory Avail:       197.34 GB / 203.90 GB (96.8%)
Disk Space Avail:   1334.20 GB / 5120.00 GB (26.1%)
===================================================
	Available Memory:                    202086.61 MB
Beginning AutoGluon training ... Time limit = 60s
	0.8931	 = Validation score   (accuracy)
			Note: Converting 2 features to boolean dtype as they only contain 2 unique values.
Train Data Columns: 98
Train Data Rows:    14495
	Train Data (Original)  Memory Usage: 10.64 MB (0.0% of available memory)
AutoGluon will save models to "AutogluonModels/ag-20250416_150924-001/Predictor_S3 (SBS3 - 0.97)"
	Available Memory:                    202089.02 MB
=================== System Info ===================
AutoGluon Version:  1.1.0
Python Version:     3.10.15
Operating System:   Linux
Platform Machine:   x86_64
Platform Version:   #1 SMP PREEMPT_DYNAMIC Thu Apr 3 12:12:16 UTC 2025
CPU Count:          272
Memory Avail:       197.34 GB / 203.90 GB (96.8%)
Disk Space Avail:   1334.20 GB / 5120.00 GB (26.1%)
===================================================
AutoGluon training complete, total runtime = 99.35s ... Best model: "WeightedEnsemble_L2"
	11.56s	 = Training   runtime
	Available Memory:                    202089.02 MB
Label Column:       S3 (SBS3 - 0.97)
Train Data Columns: 98
	Inferring data type of each feature based on column values. Set feature_metadata_in to manually specify special dtypes of the features.
	Stage 2 Generators:
	Train Data (Original)  Memory Usage: 10.64 MB (0.0% of available memory)
	Ensemble Weights: {'KNeighborsDist': 0.667, 'LightGBMXT': 0.333}
Train Data Rows:    14495
=================== System Info ===================
AutoGluon Version:  1.1.0
Python Version:     3.10.15
Operating System:   Linux
Platform Machine:   x86_64
Platform Version:   #1 SMP PREEMPT_DYNAMIC Thu Apr 3 12:12:16 UTC 2025
CPU Count:          272
Memory Avail:       197.34 GB / 203.90 GB (96.8%)
Disk Space Avail:   1334.20 GB / 5120.00 GB (26.1%)
===================================================
	0.07s	 = Validation runtime
	Train Data (Original)  Memory Usage: 10.64 MB (0.0% of available memory)
Label Column:       S3 (SBS3 - 0.97)
AutoGluon infers your prediction problem is: 'binary' (because only two unique label-values observed).
		Fitting FillNaFeatureGenerator...
	Inferring data type of each feature based on column values. Set feature_metadata_in to manually specify special dtypes of the features.
	0.8993	 = Validation score   (accuracy)
Train Data Columns: 98
Train Data Rows:    14495
	Inferring data type of each feature based on column values. Set feature_metadata_in to manually specify special dtypes of the features.
AutoGluon infers your prediction problem is: 'binary' (because only two unique label-values observed).
	2 unique label values:  [False, True]
	12.05s	 = Training   runtime
Label Column:       S3 (SBS3 - 0.97)
Train Data Columns: 98
TabularPredictor saved. To load, use: predictor = TabularPredictor.load("AutogluonModels/ag-20250416_150926/Predictor_S2 (SBS2 - 0.99)")
	2 unique label values:  [False, True]
	If 'binary' is not the correct problem_type, please manually specify the problem_type parameter during predictor init (You may specify problem_type as one of: ['binary', 'multiclass', 'regression'])
	Stage 3 Generators:
AutoGluon training complete, total runtime = 97.82s ... Best model: "WeightedEnsemble_L2"
	Stage 5 Generators:
	0.09s	 = Validation runtime
AutoGluon infers your prediction problem is: 'binary' (because only two unique label-values observed).
Label Column:       S3 (SBS3 - 0.97)
	If 'binary' is not the correct problem_type, please manually specify the problem_type parameter during predictor init (You may specify problem_type as one of: ['binary', 'multiclass', 'regression'])
	Ensemble Weights: {'KNeighborsDist': 0.722, 'LightGBMXT': 0.278}
Problem Type:       binary
No presets specified! To achieve strong results with AutoGluon, it is recommended to use the available presets.
	Recommended Presets (For more details refer to https://auto.gluon.ai/stable/tutorials/tabular/tabular-essentials.html#presets):
	presets='best_quality'   : Maximize accuracy. Default time_limit=3600.
	presets='high_quality'   : Strong accuracy with fast inference speed. Default time_limit=3600.
	presets='good_quality'   : Good accuracy with very fast inference speed. Default time_limit=3600.
	presets='medium_quality' : Fast training time, ideal for initial prototyping.
		Fitting IdentityFeatureGenerator...
	Types of features in original data (raw dtype, special dtypes):
		Fitting DropDuplicatesFeatureGenerator...
	2 unique label values:  [False, True]
AutoGluon infers your prediction problem is: 'binary' (because only two unique label-values observed).
Problem Type:       binary
	0.9007	 = Validation score   (accuracy)
Preprocessing data ...
		('bool', []) :  2 | ['S1 (SBS1 - 0.99)', 'S2 (SBS2 - 0.99)']
	If 'binary' is not the correct problem_type, please manually specify the problem_type parameter during predictor init (You may specify problem_type as one of: ['binary', 'multiclass', 'regression'])
	2 unique label values:  [False, True]
Preprocessing data ...
	11.7s	 = Training   runtime
		('int', [])  : 96 | ['A[C>A]A', 'A[C>A]C', 'A[C>A]G', 'A[C>A]T', 'A[C>G]A', ...]
Problem Type:       binary
	If 'binary' is not the correct problem_type, please manually specify the problem_type parameter during predictor init (You may specify problem_type as one of: ['binary', 'multiclass', 'regression'])
AutoGluon training complete, total runtime = 98.11s ... Best model: "WeightedEnsemble_L2"
	Stage 4 Generators:
Selected class <--> label mapping:  class 1 = True, class 0 = False
	0.11s	 = Validation runtime
TabularPredictor saved. To load, use: predictor = TabularPredictor.load("AutogluonModels/ag-20250416_150925/Predictor_S2 (SBS2 - 0.99)")
	Types of features in processed data (raw dtype, special dtypes):
Selected class <--> label mapping:  class 1 = True, class 0 = False
Preprocessing data ...
Beginning AutoGluon training ... Time limit = 60s
Problem Type:       binary
		Fitting DropUniqueFeatureGenerator...
	Stage 1 Generators:
Using Feature Generators to preprocess the data ...
		('int', [])       : 96 | ['A[C>A]A', 'A[C>A]C', 'A[C>A]G', 'A[C>A]T', 'A[C>G]A', ...]
No presets specified! To achieve strong results with AutoGluon, it is recommended to use the available presets.
	Recommended Presets (For more details refer to https://auto.gluon.ai/stable/tutorials/tabular/tabular-essentials.html#presets):
	presets='best_quality'   : Maximize accuracy. Default time_limit=3600.
	presets='high_quality'   : Strong accuracy with fast inference speed. Default time_limit=3600.
	presets='good_quality'   : Good accuracy with very fast inference speed. Default time_limit=3600.
	presets='medium_quality' : Fast training time, ideal for initial prototyping.
AutoGluon will save models to "AutogluonModels/ag-20250416_150926/Predictor_S3 (SBS3 - 0.97)"
Using Feature Generators to preprocess the data ...
Preprocessing data ...
Selected class <--> label mapping:  class 1 = True, class 0 = False
		Fitting AsTypeFeatureGenerator...
Fitting AutoMLPipelineFeatureGenerator...
		('int', ['bool']) :  2 | ['S1 (SBS1 - 0.99)', 'S2 (SBS2 - 0.99)']
	Types of features in original data (raw dtype, special dtypes):
AutoGluon training complete, total runtime = 98.41s ... Best model: "WeightedEnsemble_L2"
Fitting AutoMLPipelineFeatureGenerator...
=================== System Info ===================
AutoGluon Version:  1.1.0
Python Version:     3.10.15
Operating System:   Linux
Platform Machine:   x86_64
Platform Version:   #1 SMP PREEMPT_DYNAMIC Thu Apr 3 12:12:16 UTC 2025
CPU Count:          272
Memory Avail:       197.36 GB / 203.90 GB (96.8%)
Disk Space Avail:   1334.20 GB / 5120.00 GB (26.1%)
===================================================
	0.8048	 = Validation score   (accuracy)
	15.7s = Fit runtime
Using Feature Generators to preprocess the data ...
		('bool', []) :  2 | ['S1 (SBS1 - 0.99)', 'S2 (SBS2 - 0.99)']
Selected class <--> label mapping:  class 1 = True, class 0 = False
TabularPredictor saved. To load, use: predictor = TabularPredictor.load("AutogluonModels/ag-20250416_150924/Predictor_S2 (SBS2 - 0.99)")
Train Data Rows:    14495
	5.15s	 = Training   runtime
	98 features in original data used to generate 98 features in processed data.
Fitting AutoMLPipelineFeatureGenerator...
		('int', [])  : 96 | ['A[C>A]A', 'A[C>A]C', 'A[C>A]G', 'A[C>A]T', 'A[C>G]A', ...]
Beginning AutoGluon training ... Time limit = 60s
Using Feature Generators to preprocess the data ...
Train Data Columns: 98
	Available Memory:                    202103.82 MB
	1.7s	 = Validation runtime
No presets specified! To achieve strong results with AutoGluon, it is recommended to use the available presets.
	Recommended Presets (For more details refer to https://auto.gluon.ai/stable/tutorials/tabular/tabular-essentials.html#presets):
	presets='best_quality'   : Maximize accuracy. Default time_limit=3600.
	presets='high_quality'   : Strong accuracy with fast inference speed. Default time_limit=3600.
	presets='good_quality'   : Good accuracy with very fast inference speed. Default time_limit=3600.
	presets='medium_quality' : Fast training time, ideal for initial prototyping.
	Available Memory:                    202103.82 MB
	Types of features in processed data (raw dtype, special dtypes):
AutoGluon will save models to "AutogluonModels/ag-20250416_150925/Predictor_S3 (SBS3 - 0.97)"
Fitting AutoMLPipelineFeatureGenerator...
			Note: Converting 2 features to boolean dtype as they only contain 2 unique values.
Label Column:       S3 (SBS3 - 0.97)
	Train Data (Original)  Memory Usage: 10.64 MB (0.0% of available memory)
	Train Data (Processed) Memory Usage: 10.64 MB (0.0% of available memory)
	Train Data (Original)  Memory Usage: 10.64 MB (0.0% of available memory)
		('int', [])       : 96 | ['A[C>A]A', 'A[C>A]C', 'A[C>A]G', 'A[C>A]T', 'A[C>G]A', ...]
Fitting model: KNeighborsDist ... Training model for up to 35.1s of the 35.0s of remaining time.
TabularPredictor saved. To load, use: predictor = TabularPredictor.load("AutogluonModels/ag-20250416_150925-001/Predictor_S2 (SBS2 - 0.99)")
	Available Memory:                    202104.15 MB
=================== System Info ===================
AutoGluon Version:  1.1.0
Python Version:     3.10.15
Operating System:   Linux
Platform Machine:   x86_64
Platform Version:   #1 SMP PREEMPT_DYNAMIC Thu Apr 3 12:12:16 UTC 2025
CPU Count:          272
Memory Avail:       197.36 GB / 203.90 GB (96.8%)
Disk Space Avail:   1334.20 GB / 5120.00 GB (26.1%)
===================================================
AutoGluon infers your prediction problem is: 'binary' (because only two unique label-values observed).
	Inferring data type of each feature based on column values. Set feature_metadata_in to manually specify special dtypes of the features.
Data preprocessing and feature engineering runtime = 17.92s ...
	Stage 2 Generators:
	Inferring data type of each feature based on column values. Set feature_metadata_in to manually specify special dtypes of the features.
		('int', ['bool']) :  2 | ['S1 (SBS1 - 0.99)', 'S2 (SBS2 - 0.99)']
	Available Memory:                    202107.02 MB
No presets specified! To achieve strong results with AutoGluon, it is recommended to use the available presets.
	Recommended Presets (For more details refer to https://auto.gluon.ai/stable/tutorials/tabular/tabular-essentials.html#presets):
	presets='best_quality'   : Maximize accuracy. Default time_limit=3600.
	presets='high_quality'   : Strong accuracy with fast inference speed. Default time_limit=3600.
	presets='good_quality'   : Good accuracy with very fast inference speed. Default time_limit=3600.
	presets='medium_quality' : Fast training time, ideal for initial prototyping.
	Train Data (Original)  Memory Usage: 10.64 MB (0.0% of available memory)
Beginning AutoGluon training ... Time limit = 60s
Train Data Rows:    14495
	2 unique label values:  [False, True]
AutoGluon will gauge predictive performance using evaluation metric: 'accuracy'
		Fitting FillNaFeatureGenerator...
	12.4s = Fit runtime
	Train Data (Original)  Memory Usage: 10.64 MB (0.0% of available memory)
	Inferring data type of each feature based on column values. Set feature_metadata_in to manually specify special dtypes of the features.
AutoGluon will save models to "AutogluonModels/ag-20250416_150924/Predictor_S3 (SBS3 - 0.97)"
Train Data Columns: 98
	If 'binary' is not the correct problem_type, please manually specify the problem_type parameter during predictor init (You may specify problem_type as one of: ['binary', 'multiclass', 'regression'])
	To change this, specify the eval_metric parameter of Predictor()
	98 features in original data used to generate 98 features in processed data.
	Inferring data type of each feature based on column values. Set feature_metadata_in to manually specify special dtypes of the features.
	Stage 1 Generators:
	Stage 1 Generators:
Label Column:       S3 (SBS3 - 0.97)
	Stage 3 Generators:
Problem Type:       binary
=================== System Info ===================
AutoGluon Version:  1.1.0
Python Version:     3.10.15
Operating System:   Linux
Platform Machine:   x86_64
Platform Version:   #1 SMP PREEMPT_DYNAMIC Thu Apr 3 12:12:16 UTC 2025
CPU Count:          272
Memory Avail:       197.36 GB / 203.90 GB (96.8%)
Disk Space Avail:   1334.20 GB / 5120.00 GB (26.1%)
===================================================
Beginning AutoGluon training ... Time limit = 60s
	Stage 1 Generators:
		Fitting AsTypeFeatureGenerator...
		Fitting AsTypeFeatureGenerator...
AutoGluon infers your prediction problem is: 'binary' (because only two unique label-values observed).
		Fitting IdentityFeatureGenerator...
Preprocessing data ...
Train Data Rows:    14495
AutoGluon will save models to "AutogluonModels/ag-20250416_150925-001/Predictor_S3 (SBS3 - 0.97)"
		Fitting AsTypeFeatureGenerator...
	Train Data (Processed) Memory Usage: 10.64 MB (0.0% of available memory)
	2 unique label values:  [False, True]
	Stage 5 Generators:
Automatically generating train/validation split with holdout_frac=0.1, Train Rows: 13045, Val Rows: 1450
Train Data Columns: 98
Selected class <--> label mapping:  class 1 = True, class 0 = False
	If 'binary' is not the correct problem_type, please manually specify the problem_type parameter during predictor init (You may specify problem_type as one of: ['binary', 'multiclass', 'regression'])
		Fitting DropDuplicatesFeatureGenerator...
Data preprocessing and feature engineering runtime = 15.58s ...
	Stage 4 Generators:
User-specified model hyperparameters to be fit:
{
	'NN_TORCH': {},
	'GBM': [{'extra_trees': True, 'ag_args': {'name_suffix': 'XT'}}, {}, 'GBMLarge'],
	'CAT': {},
	'XGB': {},
	'FASTAI': {},
	'RF': [{'criterion': 'gini', 'ag_args': {'name_suffix': 'Gini', 'problem_types': ['binary', 'multiclass']}}, {'criterion': 'entropy', 'ag_args': {'name_suffix': 'Entr', 'problem_types': ['binary', 'multiclass']}}, {'criterion': 'squared_error', 'ag_args': {'name_suffix': 'MSE', 'problem_types': ['regression', 'quantile']}}],
	'XT': [{'criterion': 'gini', 'ag_args': {'name_suffix': 'Gini', 'problem_types': ['binary', 'multiclass']}}, {'criterion': 'entropy', 'ag_args': {'name_suffix': 'Entr', 'problem_types': ['binary', 'multiclass']}}, {'criterion': 'squared_error', 'ag_args': {'name_suffix': 'MSE', 'problem_types': ['regression', 'quantile']}}],
	'KNN': [{'weights': 'uniform', 'ag_args': {'name_suffix': 'Unif'}}, {'weights': 'distance', 'ag_args': {'name_suffix': 'Dist'}}],
}
Label Column:       S3 (SBS3 - 0.97)
Problem Type:       binary
=================== System Info ===================
AutoGluon Version:  1.1.0
Python Version:     3.10.15
Operating System:   Linux
Platform Machine:   x86_64
Platform Version:   #1 SMP PREEMPT_DYNAMIC Thu Apr 3 12:12:16 UTC 2025
CPU Count:          272
Memory Avail:       197.30 GB / 203.90 GB (96.8%)
Disk Space Avail:   1334.20 GB / 5120.00 GB (26.1%)
===================================================
Using Feature Generators to preprocess the data ...
AutoGluon will gauge predictive performance using evaluation metric: 'accuracy'
			Note: Converting 2 features to boolean dtype as they only contain 2 unique values.
		Fitting DropUniqueFeatureGenerator...
			Note: Converting 2 features to boolean dtype as they only contain 2 unique values.
AutoGluon infers your prediction problem is: 'binary' (because only two unique label-values observed).
Preprocessing data ...
Train Data Rows:    14495
			Note: Converting 2 features to boolean dtype as they only contain 2 unique values.
Fitting AutoMLPipelineFeatureGenerator...
	To change this, specify the eval_metric parameter of Predictor()
	2 unique label values:  [False, True]
Train Data Columns: 98
Selected class <--> label mapping:  class 1 = True, class 0 = False
	Stage 2 Generators:
	If 'binary' is not the correct problem_type, please manually specify the problem_type parameter during predictor init (You may specify problem_type as one of: ['binary', 'multiclass', 'regression'])
	Stage 2 Generators:
Label Column:       S3 (SBS3 - 0.97)
	Stage 2 Generators:
		Fitting FillNaFeatureGenerator...
Using Feature Generators to preprocess the data ...
Problem Type:       binary
		Fitting FillNaFeatureGenerator...
AutoGluon infers your prediction problem is: 'binary' (because only two unique label-values observed).
		Fitting FillNaFeatureGenerator...
Fitting 13 L1 models ...
Fitting AutoMLPipelineFeatureGenerator...
Preprocessing data ...
	2 unique label values:  [False, True]
	Available Memory:                    202045.52 MB
	Stage 1 Generators:
	Stage 3 Generators:
Fitting model: KNeighborsUnif ... Training model for up to 42.08s of the 41.75s of remaining time.
	Stage 3 Generators:
	If 'binary' is not the correct problem_type, please manually specify the problem_type parameter during predictor init (You may specify problem_type as one of: ['binary', 'multiclass', 'regression'])
Automatically generating train/validation split with holdout_frac=0.1, Train Rows: 13045, Val Rows: 1450
	Stage 3 Generators:
	Train Data (Original)  Memory Usage: 10.64 MB (0.0% of available memory)
		Fitting AsTypeFeatureGenerator...
		Fitting IdentityFeatureGenerator...
Selected class <--> label mapping:  class 1 = True, class 0 = False
		Fitting IdentityFeatureGenerator...
Problem Type:       binary
User-specified model hyperparameters to be fit:
{
	'NN_TORCH': {},
	'GBM': [{'extra_trees': True, 'ag_args': {'name_suffix': 'XT'}}, {}, 'GBMLarge'],
	'CAT': {},
	'XGB': {},
	'FASTAI': {},
	'RF': [{'criterion': 'gini', 'ag_args': {'name_suffix': 'Gini', 'problem_types': ['binary', 'multiclass']}}, {'criterion': 'entropy', 'ag_args': {'name_suffix': 'Entr', 'problem_types': ['binary', 'multiclass']}}, {'criterion': 'squared_error', 'ag_args': {'name_suffix': 'MSE', 'problem_types': ['regression', 'quantile']}}],
	'XT': [{'criterion': 'gini', 'ag_args': {'name_suffix': 'Gini', 'problem_types': ['binary', 'multiclass']}}, {'criterion': 'entropy', 'ag_args': {'name_suffix': 'Entr', 'problem_types': ['binary', 'multiclass']}}, {'criterion': 'squared_error', 'ag_args': {'name_suffix': 'MSE', 'problem_types': ['regression', 'quantile']}}],
	'KNN': [{'weights': 'uniform', 'ag_args': {'name_suffix': 'Unif'}}, {'weights': 'distance', 'ag_args': {'name_suffix': 'Dist'}}],
}
		Fitting IdentityFeatureGenerator...
	Available Memory:                    202046.89 MB
	Inferring data type of each feature based on column values. Set feature_metadata_in to manually specify special dtypes of the features.
Using Feature Generators to preprocess the data ...
Preprocessing data ...
	Train Data (Original)  Memory Usage: 10.64 MB (0.0% of available memory)
Fitting AutoMLPipelineFeatureGenerator...
	Stage 4 Generators:
	Inferring data type of each feature based on column values. Set feature_metadata_in to manually specify special dtypes of the features.
	Stage 4 Generators:
		Fitting DropUniqueFeatureGenerator...
	Stage 4 Generators:
Selected class <--> label mapping:  class 1 = True, class 0 = False
		Fitting DropUniqueFeatureGenerator...
		Fitting DropUniqueFeatureGenerator...
	Stage 1 Generators:
Using Feature Generators to preprocess the data ...
Fitting 13 L1 models ...
		Fitting AsTypeFeatureGenerator...
Fitting AutoMLPipelineFeatureGenerator...
	Stage 1 Generators:
Fitting model: KNeighborsUnif ... Training model for up to 44.42s of the 44.28s of remaining time.
	Available Memory:                    202051.51 MB
		Fitting AsTypeFeatureGenerator...
			Note: Converting 2 features to boolean dtype as they only contain 2 unique values.
	Train Data (Original)  Memory Usage: 10.64 MB (0.0% of available memory)
	Stage 1 Generators:
	Available Memory:                    202027.39 MB
	Stage 2 Generators:
		Fitting AsTypeFeatureGenerator...
	Inferring data type of each feature based on column values. Set feature_metadata_in to manually specify special dtypes of the features.
	Train Data (Original)  Memory Usage: 10.64 MB (0.0% of available memory)
		Fitting FillNaFeatureGenerator...
			Note: Converting 2 features to boolean dtype as they only contain 2 unique values.
	Inferring data type of each feature based on column values. Set feature_metadata_in to manually specify special dtypes of the features.
	Stage 3 Generators:
		Fitting IdentityFeatureGenerator...
	Stage 2 Generators:
		Fitting FillNaFeatureGenerator...
	Stage 4 Generators:
		Fitting DropUniqueFeatureGenerator...
	Stage 3 Generators:
			Note: Converting 2 features to boolean dtype as they only contain 2 unique values.
		Fitting IdentityFeatureGenerator...
	Stage 2 Generators:
		Fitting FillNaFeatureGenerator...
	Stage 4 Generators:
		Fitting DropUniqueFeatureGenerator...
	Stage 3 Generators:
		Fitting IdentityFeatureGenerator...
	Stage 5 Generators:
		Fitting DropDuplicatesFeatureGenerator...
	Stage 4 Generators:
		Fitting DropUniqueFeatureGenerator...
	0.8062	 = Validation score   (accuracy)
	5.77s	 = Training   runtime
	2.46s	 = Validation runtime
			Note: Converting 2 features to boolean dtype as they only contain 2 unique values.
Fitting model: LightGBMXT ... Training model for up to 25.9s of the 25.8s of remaining time.
	Stage 2 Generators:
		Fitting FillNaFeatureGenerator...
	Stage 3 Generators:
		Fitting IdentityFeatureGenerator...
	Types of features in original data (raw dtype, special dtypes):
		('bool', []) :  2 | ['S1 (SBS1 - 0.99)', 'S2 (SBS2 - 0.99)']
		('int', [])  : 96 | ['A[C>A]A', 'A[C>A]C', 'A[C>A]G', 'A[C>A]T', 'A[C>G]A', ...]
	Types of features in processed data (raw dtype, special dtypes):
		('int', [])       : 96 | ['A[C>A]A', 'A[C>A]C', 'A[C>A]G', 'A[C>A]T', 'A[C>G]A', ...]
		('int', ['bool']) :  2 | ['S1 (SBS1 - 0.99)', 'S2 (SBS2 - 0.99)']
	16.0s = Fit runtime
	98 features in original data used to generate 98 features in processed data.
	Stage 4 Generators:
		Fitting DropUniqueFeatureGenerator...
	Train Data (Processed) Memory Usage: 10.64 MB (0.0% of available memory)
Data preprocessing and feature engineering runtime = 17.23s ...
AutoGluon will gauge predictive performance using evaluation metric: 'accuracy'
	To change this, specify the eval_metric parameter of Predictor()
	Stage 5 Generators:
		Fitting DropDuplicatesFeatureGenerator...
	Stage 1 Generators:
		Fitting AsTypeFeatureGenerator...
	Stage 1 Generators:
		Fitting AsTypeFeatureGenerator...
Automatically generating train/validation split with holdout_frac=0.1, Train Rows: 13045, Val Rows: 1450
User-specified model hyperparameters to be fit:
{
	'NN_TORCH': {},
	'GBM': [{'extra_trees': True, 'ag_args': {'name_suffix': 'XT'}}, {}, 'GBMLarge'],
	'CAT': {},
	'XGB': {},
	'FASTAI': {},
	'RF': [{'criterion': 'gini', 'ag_args': {'name_suffix': 'Gini', 'problem_types': ['binary', 'multiclass']}}, {'criterion': 'entropy', 'ag_args': {'name_suffix': 'Entr', 'problem_types': ['binary', 'multiclass']}}, {'criterion': 'squared_error', 'ag_args': {'name_suffix': 'MSE', 'problem_types': ['regression', 'quantile']}}],
	'XT': [{'criterion': 'gini', 'ag_args': {'name_suffix': 'Gini', 'problem_types': ['binary', 'multiclass']}}, {'criterion': 'entropy', 'ag_args': {'name_suffix': 'Entr', 'problem_types': ['binary', 'multiclass']}}, {'criterion': 'squared_error', 'ag_args': {'name_suffix': 'MSE', 'problem_types': ['regression', 'quantile']}}],
	'KNN': [{'weights': 'uniform', 'ag_args': {'name_suffix': 'Unif'}}, {'weights': 'distance', 'ag_args': {'name_suffix': 'Dist'}}],
}
	Types of features in original data (raw dtype, special dtypes):
	Stage 5 Generators:
		('bool', []) :  2 | ['S1 (SBS1 - 0.99)', 'S2 (SBS2 - 0.99)']
	Stage 5 Generators:
		Fitting DropDuplicatesFeatureGenerator...
		('int', [])  : 96 | ['A[C>A]A', 'A[C>A]C', 'A[C>A]G', 'A[C>A]T', 'A[C>G]A', ...]
	Stage 5 Generators:
		Fitting DropDuplicatesFeatureGenerator...
	Types of features in processed data (raw dtype, special dtypes):
		Fitting DropDuplicatesFeatureGenerator...
		('int', [])       : 96 | ['A[C>A]A', 'A[C>A]C', 'A[C>A]G', 'A[C>A]T', 'A[C>G]A', ...]
	Stage 5 Generators:
		('int', ['bool']) :  2 | ['S1 (SBS1 - 0.99)', 'S2 (SBS2 - 0.99)']
		Fitting DropDuplicatesFeatureGenerator...
	19.5s = Fit runtime
Fitting 13 L1 models ...
	98 features in original data used to generate 98 features in processed data.
Fitting model: KNeighborsUnif ... Training model for up to 42.77s of the 42.71s of remaining time.
	Types of features in original data (raw dtype, special dtypes):
		('bool', []) :  2 | ['S1 (SBS1 - 0.99)', 'S2 (SBS2 - 0.99)']
		('int', [])  : 96 | ['A[C>A]A', 'A[C>A]C', 'A[C>A]G', 'A[C>A]T', 'A[C>G]A', ...]
	Types of features in processed data (raw dtype, special dtypes):
		('int', [])       : 96 | ['A[C>A]A', 'A[C>A]C', 'A[C>A]G', 'A[C>A]T', 'A[C>G]A', ...]
		('int', ['bool']) :  2 | ['S1 (SBS1 - 0.99)', 'S2 (SBS2 - 0.99)']
	16.5s = Fit runtime
	98 features in original data used to generate 98 features in processed data.
			Note: Converting 2 features to boolean dtype as they only contain 2 unique values.
	Train Data (Processed) Memory Usage: 10.64 MB (0.0% of available memory)
			Note: Converting 2 features to boolean dtype as they only contain 2 unique values.
	Stage 5 Generators:
	Train Data (Processed) Memory Usage: 10.64 MB (0.0% of available memory)
Data preprocessing and feature engineering runtime = 21.55s ...
	Stage 2 Generators:
		Fitting DropDuplicatesFeatureGenerator...
	Stage 1 Generators:
	Stage 2 Generators:
AutoGluon will gauge predictive performance using evaluation metric: 'accuracy'
		Fitting FillNaFeatureGenerator...
Data preprocessing and feature engineering runtime = 18.79s ...
		Fitting AsTypeFeatureGenerator...
		Fitting FillNaFeatureGenerator...
	Types of features in original data (raw dtype, special dtypes):
	To change this, specify the eval_metric parameter of Predictor()
AutoGluon will gauge predictive performance using evaluation metric: 'accuracy'
		('bool', []) :  2 | ['S1 (SBS1 - 0.99)', 'S2 (SBS2 - 0.99)']
	Stage 3 Generators:
	0.7986	 = Validation score   (accuracy)
	To change this, specify the eval_metric parameter of Predictor()
		('int', [])  : 96 | ['A[C>A]A', 'A[C>A]C', 'A[C>A]G', 'A[C>A]T', 'A[C>G]A', ...]
	Stage 1 Generators:
		Fitting IdentityFeatureGenerator...
	7.45s	 = Training   runtime
	Stage 3 Generators:
	Types of features in processed data (raw dtype, special dtypes):
		Fitting AsTypeFeatureGenerator...
	2.79s	 = Validation runtime
		Fitting IdentityFeatureGenerator...
		('int', [])       : 96 | ['A[C>A]A', 'A[C>A]C', 'A[C>A]G', 'A[C>A]T', 'A[C>G]A', ...]
	Stage 4 Generators:
Fitting model: KNeighborsDist ... Training model for up to 30.49s of the 30.16s of remaining time.
		('int', ['bool']) :  2 | ['S1 (SBS1 - 0.99)', 'S2 (SBS2 - 0.99)']
		Fitting DropUniqueFeatureGenerator...
	17.5s = Fit runtime
	Stage 4 Generators:
Automatically generating train/validation split with holdout_frac=0.1, Train Rows: 13045, Val Rows: 1450
	98 features in original data used to generate 98 features in processed data.
		Fitting DropUniqueFeatureGenerator...
User-specified model hyperparameters to be fit:
{
	'NN_TORCH': {},
	'GBM': [{'extra_trees': True, 'ag_args': {'name_suffix': 'XT'}}, {}, 'GBMLarge'],
	'CAT': {},
	'XGB': {},
	'FASTAI': {},
	'RF': [{'criterion': 'gini', 'ag_args': {'name_suffix': 'Gini', 'problem_types': ['binary', 'multiclass']}}, {'criterion': 'entropy', 'ag_args': {'name_suffix': 'Entr', 'problem_types': ['binary', 'multiclass']}}, {'criterion': 'squared_error', 'ag_args': {'name_suffix': 'MSE', 'problem_types': ['regression', 'quantile']}}],
	'XT': [{'criterion': 'gini', 'ag_args': {'name_suffix': 'Gini', 'problem_types': ['binary', 'multiclass']}}, {'criterion': 'entropy', 'ag_args': {'name_suffix': 'Entr', 'problem_types': ['binary', 'multiclass']}}, {'criterion': 'squared_error', 'ag_args': {'name_suffix': 'MSE', 'problem_types': ['regression', 'quantile']}}],
	'KNN': [{'weights': 'uniform', 'ag_args': {'name_suffix': 'Unif'}}, {'weights': 'distance', 'ag_args': {'name_suffix': 'Dist'}}],
}
Automatically generating train/validation split with holdout_frac=0.1, Train Rows: 13045, Val Rows: 1450
User-specified model hyperparameters to be fit:
{
	'NN_TORCH': {},
	'GBM': [{'extra_trees': True, 'ag_args': {'name_suffix': 'XT'}}, {}, 'GBMLarge'],
	'CAT': {},
	'XGB': {},
	'FASTAI': {},
	'RF': [{'criterion': 'gini', 'ag_args': {'name_suffix': 'Gini', 'problem_types': ['binary', 'multiclass']}}, {'criterion': 'entropy', 'ag_args': {'name_suffix': 'Entr', 'problem_types': ['binary', 'multiclass']}}, {'criterion': 'squared_error', 'ag_args': {'name_suffix': 'MSE', 'problem_types': ['regression', 'quantile']}}],
	'XT': [{'criterion': 'gini', 'ag_args': {'name_suffix': 'Gini', 'problem_types': ['binary', 'multiclass']}}, {'criterion': 'entropy', 'ag_args': {'name_suffix': 'Entr', 'problem_types': ['binary', 'multiclass']}}, {'criterion': 'squared_error', 'ag_args': {'name_suffix': 'MSE', 'problem_types': ['regression', 'quantile']}}],
	'KNN': [{'weights': 'uniform', 'ag_args': {'name_suffix': 'Unif'}}, {'weights': 'distance', 'ag_args': {'name_suffix': 'Dist'}}],
}
			Note: Converting 2 features to boolean dtype as they only contain 2 unique values.
			Note: Converting 2 features to boolean dtype as they only contain 2 unique values.
	Train Data (Processed) Memory Usage: 10.64 MB (0.0% of available memory)
Data preprocessing and feature engineering runtime = 21.8s ...
AutoGluon will gauge predictive performance using evaluation metric: 'accuracy'
	To change this, specify the eval_metric parameter of Predictor()
	0.8041	 = Validation score   (accuracy)
	8.49s	 = Training   runtime
	2.14s	 = Validation runtime
	Stage 2 Generators:
	Stage 2 Generators:
		Fitting FillNaFeatureGenerator...
Fitting model: KNeighborsDist ... Training model for up to 32.75s of the 32.61s of remaining time.
		Fitting FillNaFeatureGenerator...
	Stage 3 Generators:
Fitting 13 L1 models ...
		Fitting IdentityFeatureGenerator...
Fitting model: KNeighborsUnif ... Training model for up to 38.45s of the 38.32s of remaining time.
Fitting 13 L1 models ...
	Stage 5 Generators:
Automatically generating train/validation split with holdout_frac=0.1, Train Rows: 13045, Val Rows: 1450
	Stage 3 Generators:
Fitting model: KNeighborsUnif ... Training model for up to 41.21s of the 40.99s of remaining time.
		Fitting DropDuplicatesFeatureGenerator...
User-specified model hyperparameters to be fit:
{
	'NN_TORCH': {},
	'GBM': [{'extra_trees': True, 'ag_args': {'name_suffix': 'XT'}}, {}, 'GBMLarge'],
	'CAT': {},
	'XGB': {},
	'FASTAI': {},
	'RF': [{'criterion': 'gini', 'ag_args': {'name_suffix': 'Gini', 'problem_types': ['binary', 'multiclass']}}, {'criterion': 'entropy', 'ag_args': {'name_suffix': 'Entr', 'problem_types': ['binary', 'multiclass']}}, {'criterion': 'squared_error', 'ag_args': {'name_suffix': 'MSE', 'problem_types': ['regression', 'quantile']}}],
	'XT': [{'criterion': 'gini', 'ag_args': {'name_suffix': 'Gini', 'problem_types': ['binary', 'multiclass']}}, {'criterion': 'entropy', 'ag_args': {'name_suffix': 'Entr', 'problem_types': ['binary', 'multiclass']}}, {'criterion': 'squared_error', 'ag_args': {'name_suffix': 'MSE', 'problem_types': ['regression', 'quantile']}}],
	'KNN': [{'weights': 'uniform', 'ag_args': {'name_suffix': 'Unif'}}, {'weights': 'distance', 'ag_args': {'name_suffix': 'Dist'}}],
}
	Stage 4 Generators:
		Fitting IdentityFeatureGenerator...
		Fitting DropUniqueFeatureGenerator...
	Types of features in original data (raw dtype, special dtypes):
		('bool', []) :  2 | ['S1 (SBS1 - 0.99)', 'S2 (SBS2 - 0.99)']
		('int', [])  : 96 | ['A[C>A]A', 'A[C>A]C', 'A[C>A]G', 'A[C>A]T', 'A[C>G]A', ...]
	Types of features in processed data (raw dtype, special dtypes):
		('int', [])       : 96 | ['A[C>A]A', 'A[C>A]C', 'A[C>A]G', 'A[C>A]T', 'A[C>G]A', ...]
	Stage 4 Generators:
		('int', ['bool']) :  2 | ['S1 (SBS1 - 0.99)', 'S2 (SBS2 - 0.99)']
		Fitting DropUniqueFeatureGenerator...
	19.0s = Fit runtime
	98 features in original data used to generate 98 features in processed data.
	Types of features in original data (raw dtype, special dtypes):
		('bool', []) :  2 | ['S1 (SBS1 - 0.99)', 'S2 (SBS2 - 0.99)']
		('int', [])  : 96 | ['A[C>A]A', 'A[C>A]C', 'A[C>A]G', 'A[C>A]T', 'A[C>G]A', ...]
	Types of features in processed data (raw dtype, special dtypes):
		('int', [])       : 96 | ['A[C>A]A', 'A[C>A]C', 'A[C>A]G', 'A[C>A]T', 'A[C>G]A', ...]
		('int', ['bool']) :  2 | ['S1 (SBS1 - 0.99)', 'S2 (SBS2 - 0.99)']
	23.0s = Fit runtime
	98 features in original data used to generate 98 features in processed data.
	Train Data (Processed) Memory Usage: 10.64 MB (0.0% of available memory)
Fitting 13 L1 models ...
Data preprocessing and feature engineering runtime = 21.59s ...
Fitting model: KNeighborsUnif ... Training model for up to 38.2s of the 38.16s of remaining time.
AutoGluon will gauge predictive performance using evaluation metric: 'accuracy'
	To change this, specify the eval_metric parameter of Predictor()
	Types of features in original data (raw dtype, special dtypes):
		('bool', []) :  2 | ['S1 (SBS1 - 0.99)', 'S2 (SBS2 - 0.99)']
	Train Data (Processed) Memory Usage: 10.64 MB (0.0% of available memory)
		('int', [])  : 96 | ['A[C>A]A', 'A[C>A]C', 'A[C>A]G', 'A[C>A]T', 'A[C>G]A', ...]
Data preprocessing and feature engineering runtime = 24.93s ...
	Types of features in processed data (raw dtype, special dtypes):
AutoGluon will gauge predictive performance using evaluation metric: 'accuracy'
		('int', [])       : 96 | ['A[C>A]A', 'A[C>A]C', 'A[C>A]G', 'A[C>A]T', 'A[C>G]A', ...]
	To change this, specify the eval_metric parameter of Predictor()
		('int', ['bool']) :  2 | ['S1 (SBS1 - 0.99)', 'S2 (SBS2 - 0.99)']
	20.6s = Fit runtime
	98 features in original data used to generate 98 features in processed data.
Automatically generating train/validation split with holdout_frac=0.1, Train Rows: 13045, Val Rows: 1450
User-specified model hyperparameters to be fit:
{
	'NN_TORCH': {},
	'GBM': [{'extra_trees': True, 'ag_args': {'name_suffix': 'XT'}}, {}, 'GBMLarge'],
	'CAT': {},
	'XGB': {},
	'FASTAI': {},
	'RF': [{'criterion': 'gini', 'ag_args': {'name_suffix': 'Gini', 'problem_types': ['binary', 'multiclass']}}, {'criterion': 'entropy', 'ag_args': {'name_suffix': 'Entr', 'problem_types': ['binary', 'multiclass']}}, {'criterion': 'squared_error', 'ag_args': {'name_suffix': 'MSE', 'problem_types': ['regression', 'quantile']}}],
	'XT': [{'criterion': 'gini', 'ag_args': {'name_suffix': 'Gini', 'problem_types': ['binary', 'multiclass']}}, {'criterion': 'entropy', 'ag_args': {'name_suffix': 'Entr', 'problem_types': ['binary', 'multiclass']}}, {'criterion': 'squared_error', 'ag_args': {'name_suffix': 'MSE', 'problem_types': ['regression', 'quantile']}}],
	'KNN': [{'weights': 'uniform', 'ag_args': {'name_suffix': 'Unif'}}, {'weights': 'distance', 'ag_args': {'name_suffix': 'Dist'}}],
}
	Train Data (Processed) Memory Usage: 10.64 MB (0.0% of available memory)
Data preprocessing and feature engineering runtime = 23.22s ...
AutoGluon will gauge predictive performance using evaluation metric: 'accuracy'
	To change this, specify the eval_metric parameter of Predictor()
	Stage 5 Generators:
		Fitting DropDuplicatesFeatureGenerator...
Automatically generating train/validation split with holdout_frac=0.1, Train Rows: 13045, Val Rows: 1450
User-specified model hyperparameters to be fit:
{
	'NN_TORCH': {},
	'GBM': [{'extra_trees': True, 'ag_args': {'name_suffix': 'XT'}}, {}, 'GBMLarge'],
	'CAT': {},
	'XGB': {},
	'FASTAI': {},
	'RF': [{'criterion': 'gini', 'ag_args': {'name_suffix': 'Gini', 'problem_types': ['binary', 'multiclass']}}, {'criterion': 'entropy', 'ag_args': {'name_suffix': 'Entr', 'problem_types': ['binary', 'multiclass']}}, {'criterion': 'squared_error', 'ag_args': {'name_suffix': 'MSE', 'problem_types': ['regression', 'quantile']}}],
	'XT': [{'criterion': 'gini', 'ag_args': {'name_suffix': 'Gini', 'problem_types': ['binary', 'multiclass']}}, {'criterion': 'entropy', 'ag_args': {'name_suffix': 'Entr', 'problem_types': ['binary', 'multiclass']}}, {'criterion': 'squared_error', 'ag_args': {'name_suffix': 'MSE', 'problem_types': ['regression', 'quantile']}}],
	'KNN': [{'weights': 'uniform', 'ag_args': {'name_suffix': 'Unif'}}, {'weights': 'distance', 'ag_args': {'name_suffix': 'Dist'}}],
}
Fitting 13 L1 models ...
Fitting model: KNeighborsUnif ... Training model for up to 38.41s of the 38.36s of remaining time.
	Types of features in original data (raw dtype, special dtypes):
		('bool', []) :  2 | ['S1 (SBS1 - 0.99)', 'S2 (SBS2 - 0.99)']
		('int', [])  : 96 | ['A[C>A]A', 'A[C>A]C', 'A[C>A]G', 'A[C>A]T', 'A[C>G]A', ...]
	Types of features in processed data (raw dtype, special dtypes):
		('int', [])       : 96 | ['A[C>A]A', 'A[C>A]C', 'A[C>A]G', 'A[C>A]T', 'A[C>G]A', ...]
		('int', ['bool']) :  2 | ['S1 (SBS1 - 0.99)', 'S2 (SBS2 - 0.99)']
	22.4s = Fit runtime
	98 features in original data used to generate 98 features in processed data.
Automatically generating train/validation split with holdout_frac=0.1, Train Rows: 13045, Val Rows: 1450
User-specified model hyperparameters to be fit:
{
	'NN_TORCH': {},
	'GBM': [{'extra_trees': True, 'ag_args': {'name_suffix': 'XT'}}, {}, 'GBMLarge'],
	'CAT': {},
	'XGB': {},
	'FASTAI': {},
	'RF': [{'criterion': 'gini', 'ag_args': {'name_suffix': 'Gini', 'problem_types': ['binary', 'multiclass']}}, {'criterion': 'entropy', 'ag_args': {'name_suffix': 'Entr', 'problem_types': ['binary', 'multiclass']}}, {'criterion': 'squared_error', 'ag_args': {'name_suffix': 'MSE', 'problem_types': ['regression', 'quantile']}}],
	'XT': [{'criterion': 'gini', 'ag_args': {'name_suffix': 'Gini', 'problem_types': ['binary', 'multiclass']}}, {'criterion': 'entropy', 'ag_args': {'name_suffix': 'Entr', 'problem_types': ['binary', 'multiclass']}}, {'criterion': 'squared_error', 'ag_args': {'name_suffix': 'MSE', 'problem_types': ['regression', 'quantile']}}],
	'KNN': [{'weights': 'uniform', 'ag_args': {'name_suffix': 'Unif'}}, {'weights': 'distance', 'ag_args': {'name_suffix': 'Dist'}}],
}
	Stage 5 Generators:
	Train Data (Processed) Memory Usage: 10.64 MB (0.0% of available memory)
		Fitting DropDuplicatesFeatureGenerator...
Data preprocessing and feature engineering runtime = 24.9s ...
AutoGluon will gauge predictive performance using evaluation metric: 'accuracy'
	To change this, specify the eval_metric parameter of Predictor()
Fitting 13 L1 models ...
	0.8041	 = Validation score   (accuracy)
Fitting model: KNeighborsUnif ... Training model for up to 35.06s of the 35.01s of remaining time.
	7.62s	 = Training   runtime
	2.13s	 = Validation runtime
Fitting model: KNeighborsDist ... Training model for up to 32.24s of the 32.17s of remaining time.
Fitting 13 L1 models ...
Fitting model: KNeighborsUnif ... Training model for up to 36.78s of the 36.74s of remaining time.
	Types of features in original data (raw dtype, special dtypes):
		('bool', []) :  2 | ['S1 (SBS1 - 0.99)', 'S2 (SBS2 - 0.99)']
		('int', [])  : 96 | ['A[C>A]A', 'A[C>A]C', 'A[C>A]G', 'A[C>A]T', 'A[C>G]A', ...]
	Types of features in processed data (raw dtype, special dtypes):
Automatically generating train/validation split with holdout_frac=0.1, Train Rows: 13045, Val Rows: 1450
		('int', [])       : 96 | ['A[C>A]A', 'A[C>A]C', 'A[C>A]G', 'A[C>A]T', 'A[C>G]A', ...]
User-specified model hyperparameters to be fit:
{
	'NN_TORCH': {},
	'GBM': [{'extra_trees': True, 'ag_args': {'name_suffix': 'XT'}}, {}, 'GBMLarge'],
	'CAT': {},
	'XGB': {},
	'FASTAI': {},
	'RF': [{'criterion': 'gini', 'ag_args': {'name_suffix': 'Gini', 'problem_types': ['binary', 'multiclass']}}, {'criterion': 'entropy', 'ag_args': {'name_suffix': 'Entr', 'problem_types': ['binary', 'multiclass']}}, {'criterion': 'squared_error', 'ag_args': {'name_suffix': 'MSE', 'problem_types': ['regression', 'quantile']}}],
	'XT': [{'criterion': 'gini', 'ag_args': {'name_suffix': 'Gini', 'problem_types': ['binary', 'multiclass']}}, {'criterion': 'entropy', 'ag_args': {'name_suffix': 'Entr', 'problem_types': ['binary', 'multiclass']}}, {'criterion': 'squared_error', 'ag_args': {'name_suffix': 'MSE', 'problem_types': ['regression', 'quantile']}}],
	'KNN': [{'weights': 'uniform', 'ag_args': {'name_suffix': 'Unif'}}, {'weights': 'distance', 'ag_args': {'name_suffix': 'Dist'}}],
}
		('int', ['bool']) :  2 | ['S1 (SBS1 - 0.99)', 'S2 (SBS2 - 0.99)']
	21.1s = Fit runtime
	98 features in original data used to generate 98 features in processed data.
	Stage 5 Generators:
		Fitting DropDuplicatesFeatureGenerator...
	Train Data (Processed) Memory Usage: 10.64 MB (0.0% of available memory)
Data preprocessing and feature engineering runtime = 24.71s ...
AutoGluon will gauge predictive performance using evaluation metric: 'accuracy'
	To change this, specify the eval_metric parameter of Predictor()
	Stage 5 Generators:
		Fitting DropDuplicatesFeatureGenerator...
Fitting 13 L1 models ...
Fitting model: KNeighborsUnif ... Training model for up to 35.1s of the 34.9s of remaining time.
	0.7048	 = Validation score   (accuracy)
Automatically generating train/validation split with holdout_frac=0.1, Train Rows: 13045, Val Rows: 1450
	5.26s	 = Training   runtime
User-specified model hyperparameters to be fit:
{
	'NN_TORCH': {},
	'GBM': [{'extra_trees': True, 'ag_args': {'name_suffix': 'XT'}}, {}, 'GBMLarge'],
	'CAT': {},
	'XGB': {},
	'FASTAI': {},
	'RF': [{'criterion': 'gini', 'ag_args': {'name_suffix': 'Gini', 'problem_types': ['binary', 'multiclass']}}, {'criterion': 'entropy', 'ag_args': {'name_suffix': 'Entr', 'problem_types': ['binary', 'multiclass']}}, {'criterion': 'squared_error', 'ag_args': {'name_suffix': 'MSE', 'problem_types': ['regression', 'quantile']}}],
	'XT': [{'criterion': 'gini', 'ag_args': {'name_suffix': 'Gini', 'problem_types': ['binary', 'multiclass']}}, {'criterion': 'entropy', 'ag_args': {'name_suffix': 'Entr', 'problem_types': ['binary', 'multiclass']}}, {'criterion': 'squared_error', 'ag_args': {'name_suffix': 'MSE', 'problem_types': ['regression', 'quantile']}}],
	'KNN': [{'weights': 'uniform', 'ag_args': {'name_suffix': 'Unif'}}, {'weights': 'distance', 'ag_args': {'name_suffix': 'Dist'}}],
}
	2.31s	 = Validation runtime
	0.8	 = Validation score   (accuracy)
	8.18s	 = Training   runtime
	2.4s	 = Validation runtime
Fitting model: KNeighborsDist ... Training model for up to 29.79s of the 29.66s of remaining time.
	Types of features in original data (raw dtype, special dtypes):
Fitting model: LightGBMXT ... Training model for up to 19.29s of the 18.96s of remaining time.
		('bool', []) :  2 | ['S1 (SBS1 - 0.99)', 'S2 (SBS2 - 0.99)']
		('int', [])  : 96 | ['A[C>A]A', 'A[C>A]C', 'A[C>A]G', 'A[C>A]T', 'A[C>G]A', ...]
	Types of features in processed data (raw dtype, special dtypes):
		('int', [])       : 96 | ['A[C>A]A', 'A[C>A]C', 'A[C>A]G', 'A[C>A]T', 'A[C>G]A', ...]
		('int', ['bool']) :  2 | ['S1 (SBS1 - 0.99)', 'S2 (SBS2 - 0.99)']
	21.9s = Fit runtime
	98 features in original data used to generate 98 features in processed data.
Fitting 13 L1 models ...
Fitting model: KNeighborsUnif ... Training model for up to 35.29s of the 35.24s of remaining time.
	Train Data (Processed) Memory Usage: 10.64 MB (0.0% of available memory)
	Types of features in original data (raw dtype, special dtypes):
		('bool', []) :  2 | ['S1 (SBS1 - 0.99)', 'S2 (SBS2 - 0.99)']
		('int', [])  : 96 | ['A[C>A]A', 'A[C>A]C', 'A[C>A]G', 'A[C>A]T', 'A[C>G]A', ...]
	Types of features in processed data (raw dtype, special dtypes):
		('int', [])       : 96 | ['A[C>A]A', 'A[C>A]C', 'A[C>A]G', 'A[C>A]T', 'A[C>G]A', ...]
		('int', ['bool']) :  2 | ['S1 (SBS1 - 0.99)', 'S2 (SBS2 - 0.99)']
Data preprocessing and feature engineering runtime = 24.41s ...
	23.7s = Fit runtime
	Types of features in original data (raw dtype, special dtypes):
AutoGluon will gauge predictive performance using evaluation metric: 'accuracy'
	98 features in original data used to generate 98 features in processed data.
		('bool', []) :  2 | ['S1 (SBS1 - 0.99)', 'S2 (SBS2 - 0.99)']
	To change this, specify the eval_metric parameter of Predictor()
		('int', [])  : 96 | ['A[C>A]A', 'A[C>A]C', 'A[C>A]G', 'A[C>A]T', 'A[C>G]A', ...]
	Types of features in processed data (raw dtype, special dtypes):
		('int', [])       : 96 | ['A[C>A]A', 'A[C>A]C', 'A[C>A]G', 'A[C>A]T', 'A[C>G]A', ...]
		('int', ['bool']) :  2 | ['S1 (SBS1 - 0.99)', 'S2 (SBS2 - 0.99)']
	21.8s = Fit runtime
	98 features in original data used to generate 98 features in processed data.
	0.8055	 = Validation score   (accuracy)
	8.01s	 = Training   runtime
	2.11s	 = Validation runtime
	0.7676	 = Validation score   (accuracy)
	7.03s	 = Training   runtime
	2.14s	 = Validation runtime
	Train Data (Processed) Memory Usage: 10.64 MB (0.0% of available memory)
Data preprocessing and feature engineering runtime = 26.22s ...
AutoGluon will gauge predictive performance using evaluation metric: 'accuracy'
	To change this, specify the eval_metric parameter of Predictor()
Fitting model: KNeighborsDist ... Training model for up to 31.5s of the 31.28s of remaining time.
Fitting model: LightGBMXT ... Training model for up to 22.05s of the 21.91s of remaining time.
	Train Data (Processed) Memory Usage: 10.64 MB (0.0% of available memory)
Data preprocessing and feature engineering runtime = 24.61s ...
AutoGluon will gauge predictive performance using evaluation metric: 'accuracy'
	To change this, specify the eval_metric parameter of Predictor()
	Types of features in original data (raw dtype, special dtypes):
		('bool', []) :  2 | ['S1 (SBS1 - 0.99)', 'S2 (SBS2 - 0.99)']
		('int', [])  : 96 | ['A[C>A]A', 'A[C>A]C', 'A[C>A]G', 'A[C>A]T', 'A[C>G]A', ...]
	Types of features in processed data (raw dtype, special dtypes):
		('int', [])       : 96 | ['A[C>A]A', 'A[C>A]C', 'A[C>A]G', 'A[C>A]T', 'A[C>G]A', ...]
		('int', ['bool']) :  2 | ['S1 (SBS1 - 0.99)', 'S2 (SBS2 - 0.99)']
	28.2s = Fit runtime
	98 features in original data used to generate 98 features in processed data.
Automatically generating train/validation split with holdout_frac=0.1, Train Rows: 13045, Val Rows: 1450
User-specified model hyperparameters to be fit:
{
	'NN_TORCH': {},
	'GBM': [{'extra_trees': True, 'ag_args': {'name_suffix': 'XT'}}, {}, 'GBMLarge'],
	'CAT': {},
	'XGB': {},
	'FASTAI': {},
	'RF': [{'criterion': 'gini', 'ag_args': {'name_suffix': 'Gini', 'problem_types': ['binary', 'multiclass']}}, {'criterion': 'entropy', 'ag_args': {'name_suffix': 'Entr', 'problem_types': ['binary', 'multiclass']}}, {'criterion': 'squared_error', 'ag_args': {'name_suffix': 'MSE', 'problem_types': ['regression', 'quantile']}}],
	'XT': [{'criterion': 'gini', 'ag_args': {'name_suffix': 'Gini', 'problem_types': ['binary', 'multiclass']}}, {'criterion': 'entropy', 'ag_args': {'name_suffix': 'Entr', 'problem_types': ['binary', 'multiclass']}}, {'criterion': 'squared_error', 'ag_args': {'name_suffix': 'MSE', 'problem_types': ['regression', 'quantile']}}],
	'KNN': [{'weights': 'uniform', 'ag_args': {'name_suffix': 'Unif'}}, {'weights': 'distance', 'ag_args': {'name_suffix': 'Dist'}}],
}
Automatically generating train/validation split with holdout_frac=0.1, Train Rows: 13045, Val Rows: 1450
User-specified model hyperparameters to be fit:
{
	'NN_TORCH': {},
	'GBM': [{'extra_trees': True, 'ag_args': {'name_suffix': 'XT'}}, {}, 'GBMLarge'],
	'CAT': {},
	'XGB': {},
	'FASTAI': {},
	'RF': [{'criterion': 'gini', 'ag_args': {'name_suffix': 'Gini', 'problem_types': ['binary', 'multiclass']}}, {'criterion': 'entropy', 'ag_args': {'name_suffix': 'Entr', 'problem_types': ['binary', 'multiclass']}}, {'criterion': 'squared_error', 'ag_args': {'name_suffix': 'MSE', 'problem_types': ['regression', 'quantile']}}],
	'XT': [{'criterion': 'gini', 'ag_args': {'name_suffix': 'Gini', 'problem_types': ['binary', 'multiclass']}}, {'criterion': 'entropy', 'ag_args': {'name_suffix': 'Entr', 'problem_types': ['binary', 'multiclass']}}, {'criterion': 'squared_error', 'ag_args': {'name_suffix': 'MSE', 'problem_types': ['regression', 'quantile']}}],
	'KNN': [{'weights': 'uniform', 'ag_args': {'name_suffix': 'Unif'}}, {'weights': 'distance', 'ag_args': {'name_suffix': 'Dist'}}],
}
Automatically generating train/validation split with holdout_frac=0.1, Train Rows: 13045, Val Rows: 1450
User-specified model hyperparameters to be fit:
{
	'NN_TORCH': {},
	'GBM': [{'extra_trees': True, 'ag_args': {'name_suffix': 'XT'}}, {}, 'GBMLarge'],
	'CAT': {},
	'XGB': {},
	'FASTAI': {},
	'RF': [{'criterion': 'gini', 'ag_args': {'name_suffix': 'Gini', 'problem_types': ['binary', 'multiclass']}}, {'criterion': 'entropy', 'ag_args': {'name_suffix': 'Entr', 'problem_types': ['binary', 'multiclass']}}, {'criterion': 'squared_error', 'ag_args': {'name_suffix': 'MSE', 'problem_types': ['regression', 'quantile']}}],
	'XT': [{'criterion': 'gini', 'ag_args': {'name_suffix': 'Gini', 'problem_types': ['binary', 'multiclass']}}, {'criterion': 'entropy', 'ag_args': {'name_suffix': 'Entr', 'problem_types': ['binary', 'multiclass']}}, {'criterion': 'squared_error', 'ag_args': {'name_suffix': 'MSE', 'problem_types': ['regression', 'quantile']}}],
	'KNN': [{'weights': 'uniform', 'ag_args': {'name_suffix': 'Unif'}}, {'weights': 'distance', 'ag_args': {'name_suffix': 'Dist'}}],
}
	Train Data (Processed) Memory Usage: 10.64 MB (0.0% of available memory)
Data preprocessing and feature engineering runtime = 30.01s ...
AutoGluon will gauge predictive performance using evaluation metric: 'accuracy'
	To change this, specify the eval_metric parameter of Predictor()
Fitting 13 L1 models ...
Fitting model: KNeighborsUnif ... Training model for up to 35.59s of the 35.53s of remaining time.
Fitting 13 L1 models ...
Fitting model: KNeighborsUnif ... Training model for up to 33.78s of the 33.74s of remaining time.
Fitting 13 L1 models ...
Fitting model: KNeighborsUnif ... Training model for up to 35.39s of the 35.34s of remaining time.
	0.7876	 = Validation score   (accuracy)
	7.27s	 = Training   runtime
	1.85s	 = Validation runtime
Fitting model: KNeighborsDist ... Training model for up to 28.58s of the 28.54s of remaining time.
Automatically generating train/validation split with holdout_frac=0.1, Train Rows: 13045, Val Rows: 1450
User-specified model hyperparameters to be fit:
{
	'NN_TORCH': {},
	'GBM': [{'extra_trees': True, 'ag_args': {'name_suffix': 'XT'}}, {}, 'GBMLarge'],
	'CAT': {},
	'XGB': {},
	'FASTAI': {},
	'RF': [{'criterion': 'gini', 'ag_args': {'name_suffix': 'Gini', 'problem_types': ['binary', 'multiclass']}}, {'criterion': 'entropy', 'ag_args': {'name_suffix': 'Entr', 'problem_types': ['binary', 'multiclass']}}, {'criterion': 'squared_error', 'ag_args': {'name_suffix': 'MSE', 'problem_types': ['regression', 'quantile']}}],
	'XT': [{'criterion': 'gini', 'ag_args': {'name_suffix': 'Gini', 'problem_types': ['binary', 'multiclass']}}, {'criterion': 'entropy', 'ag_args': {'name_suffix': 'Entr', 'problem_types': ['binary', 'multiclass']}}, {'criterion': 'squared_error', 'ag_args': {'name_suffix': 'MSE', 'problem_types': ['regression', 'quantile']}}],
	'KNN': [{'weights': 'uniform', 'ag_args': {'name_suffix': 'Unif'}}, {'weights': 'distance', 'ag_args': {'name_suffix': 'Dist'}}],
}
	0.74	 = Validation score   (accuracy)
Fitting 13 L1 models ...
	6.01s	 = Training   runtime
Fitting model: KNeighborsUnif ... Training model for up to 29.99s of the 29.94s of remaining time.
	2.07s	 = Validation runtime
Fitting model: KNeighborsDist ... Training model for up to 29.89s of the 29.84s of remaining time.
	0.8055	 = Validation score   (accuracy)
	6.2s	 = Training   runtime
	1.75s	 = Validation runtime
Fitting model: LightGBMXT ... Training model for up to 24.08s of the 24.01s of remaining time.
	0.6524	 = Validation score   (accuracy)
	3.79s	 = Training   runtime
	2.55s	 = Validation runtime
	0.8076	 = Validation score   (accuracy)
	6.58s	 = Training   runtime
	2.33s	 = Validation runtime
Fitting model: KNeighborsDist ... Training model for up to 28.44s of the 28.24s of remaining time.
	0.8007	 = Validation score   (accuracy)
	6.88s	 = Training   runtime
	2.54s	 = Validation runtime
Fitting model: KNeighborsDist ... Training model for up to 27.44s of the 27.4s of remaining time.
	0.7055	 = Validation score   (accuracy)
	3.4s	 = Training   runtime
	2.34s	 = Validation runtime
Fitting model: KNeighborsDist ... Training model for up to 25.22s of the 25.17s of remaining time.
Fitting model: LightGBMXT ... Training model for up to 23.74s of the 23.61s of remaining time.
	0.7683	 = Validation score   (accuracy)
	3.07s	 = Training   runtime
	1.95s	 = Validation runtime
Fitting model: LightGBMXT ... Training model for up to 26.2s of the 25.99s of remaining time.
	0.811	 = Validation score   (accuracy)
	3.6s	 = Training   runtime
	2.13s	 = Validation runtime
Fitting model: KNeighborsDist ... Training model for up to 29.2s of the 29.15s of remaining time.
	0.7503	 = Validation score   (accuracy)
	2.62s	 = Training   runtime
	1.75s	 = Validation runtime
Fitting model: KNeighborsDist ... Training model for up to 29.17s of the 29.14s of remaining time.
	0.731	 = Validation score   (accuracy)
	2.07s	 = Training   runtime
	1.68s	 = Validation runtime
Fitting model: KNeighborsDist ... Training model for up to 26.02s of the 25.98s of remaining time.
	0.7897	 = Validation score   (accuracy)
	2.57s	 = Training   runtime
	2.46s	 = Validation runtime
	0.7724	 = Validation score   (accuracy)
	2.75s	 = Training   runtime
	2.57s	 = Validation runtime
Fitting model: LightGBMXT ... Training model for up to 23.28s of the 23.23s of remaining time.
Fitting model: KNeighborsDist ... Training model for up to 29.94s of the 29.88s of remaining time.
	0.769	 = Validation score   (accuracy)
	2.99s	 = Training   runtime
	2.33s	 = Validation runtime
Fitting model: KNeighborsDist ... Training model for up to 29.7s of the 29.65s of remaining time.
	0.7393	 = Validation score   (accuracy)
	2.3s	 = Training   runtime
	2.24s	 = Validation runtime
Fitting model: LightGBMXT ... Training model for up to 25.1s of the 25.05s of remaining time.
	0.6524	 = Validation score   (accuracy)
	1.52s	 = Training   runtime
	1.64s	 = Validation runtime
Fitting model: LightGBMXT ... Training model for up to 25.05s of the 24.85s of remaining time.
	0.8021	 = Validation score   (accuracy)
	2.52s	 = Training   runtime
	2.15s	 = Validation runtime
	0.809	 = Validation score   (accuracy)
	2.63s	 = Training   runtime
	2.13s	 = Validation runtime
Fitting model: LightGBMXT ... Training model for up to 20.23s of the 20.18s of remaining time.
Fitting model: LightGBMXT ... Training model for up to 22.34s of the 22.3s of remaining time.
	0.8124	 = Validation score   (accuracy)
	2.52s	 = Training   runtime
	2.01s	 = Validation runtime
	0.751	 = Validation score   (accuracy)
Fitting model: LightGBMXT ... Training model for up to 24.35s of the 24.31s of remaining time.
	2.12s	 = Training   runtime
	1.88s	 = Validation runtime
Fitting model: LightGBMXT ... Training model for up to 24.88s of the 24.85s of remaining time.
	0.7303	 = Validation score   (accuracy)
	1.9s	 = Training   runtime
	2.17s	 = Validation runtime
Fitting model: LightGBMXT ... Training model for up to 21.69s of the 21.64s of remaining time.
	0.7731	 = Validation score   (accuracy)
	2.72s	 = Training   runtime
	2.25s	 = Validation runtime
Fitting model: LightGBMXT ... Training model for up to 24.82s of the 24.76s of remaining time.
	0.7703	 = Validation score   (accuracy)
	2.91s	 = Training   runtime
	2.45s	 = Validation runtime
Fitting model: LightGBMXT ... Training model for up to 23.59s of the 23.54s of remaining time.
	Ran out of time, early stopping on iteration 15. Best iteration is:
	[15]	valid_set's binary_error: 0.277241
	0.7228	 = Validation score   (accuracy)
	34.83s	 = Training   runtime
	0.09s	 = Validation runtime
Fitting model: WeightedEnsemble_L2 ... Training model for up to 42.08s of the -16.37s of remaining time.
	Ran out of time, early stopping on iteration 25. Best iteration is:
	[24]	valid_set's binary_error: 0.215862
	0.7841	 = Validation score   (accuracy)
	53.41s	 = Training   runtime
	0.35s	 = Validation runtime
	Ran out of time, early stopping on iteration 16. Best iteration is:
	[16]	valid_set's binary_error: 0.244828
Fitting model: WeightedEnsemble_L2 ... Training model for up to 42.93s of the -29.07s of remaining time.
	0.7552	 = Validation score   (accuracy)
	36.04s	 = Training   runtime
	0.27s	 = Validation runtime
Fitting model: WeightedEnsemble_L2 ... Training model for up to 44.42s of the -15.56s of remaining time.
	Ensemble Weights: {'LightGBMXT': 0.48, 'KNeighborsDist': 0.36, 'KNeighborsUnif': 0.16}
	0.8041	 = Validation score   (accuracy)
	2.98s	 = Training   runtime
	0.17s	 = Validation runtime
AutoGluon training complete, total runtime = 83.09s ... Best model: "WeightedEnsemble_L2"
TabularPredictor saved. To load, use: predictor = TabularPredictor.load("AutogluonModels/ag-20250416_150925-008/Predictor_S3 (SBS3 - 0.97)")
No presets specified! To achieve strong results with AutoGluon, it is recommended to use the available presets.
	Recommended Presets (For more details refer to https://auto.gluon.ai/stable/tutorials/tabular/tabular-essentials.html#presets):
	presets='best_quality'   : Maximize accuracy. Default time_limit=3600.
	presets='high_quality'   : Strong accuracy with fast inference speed. Default time_limit=3600.
	presets='good_quality'   : Good accuracy with very fast inference speed. Default time_limit=3600.
	presets='medium_quality' : Fast training time, ideal for initial prototyping.
Beginning AutoGluon training ... Time limit = 60s
AutoGluon will save models to "AutogluonModels/ag-20250416_150925-008/Predictor_S4 (SBS4 - 0.98)"
=================== System Info ===================
AutoGluon Version:  1.1.0
Python Version:     3.10.15
Operating System:   Linux
Platform Machine:   x86_64
Platform Version:   #1 SMP PREEMPT_DYNAMIC Thu Apr 3 12:12:16 UTC 2025
CPU Count:          272
Memory Avail:       197.18 GB / 203.90 GB (96.7%)
Disk Space Avail:   1333.87 GB / 5120.00 GB (26.1%)
===================================================
Train Data Rows:    14495
Train Data Columns: 99
Label Column:       S4 (SBS4 - 0.98)
AutoGluon infers your prediction problem is: 'binary' (because only two unique label-values observed).
	2 unique label values:  [False, True]
	If 'binary' is not the correct problem_type, please manually specify the problem_type parameter during predictor init (You may specify problem_type as one of: ['binary', 'multiclass', 'regression'])
Problem Type:       binary
Preprocessing data ...
Selected class <--> label mapping:  class 1 = True, class 0 = False
Using Feature Generators to preprocess the data ...
Fitting AutoMLPipelineFeatureGenerator...
	Ran out of time, early stopping on iteration 16. Best iteration is:
	[16]	valid_set's binary_error: 0.271724
	Available Memory:                    201926.70 MB
	Train Data (Original)  Memory Usage: 10.66 MB (0.0% of available memory)
	Inferring data type of each feature based on column values. Set feature_metadata_in to manually specify special dtypes of the features.
	0.7283	 = Validation score   (accuracy)
	36.78s	 = Training   runtime
	0.3s	 = Validation runtime
	Ran out of time, early stopping on iteration 18. Best iteration is:
	[18]	valid_set's binary_error: 0.333793
Fitting model: WeightedEnsemble_L2 ... Training model for up to 42.77s of the -14.54s of remaining time.
	0.6662	 = Validation score   (accuracy)
	36.52s	 = Training   runtime
	0.41s	 = Validation runtime
Fitting model: WeightedEnsemble_L2 ... Training model for up to 38.43s of the -15.15s of remaining time.
	Ran out of time, early stopping on iteration 15. Best iteration is:
	[15]	valid_set's binary_error: 0.3
	Ensemble Weights: {'KNeighborsDist': 1.0}
	0.8062	 = Validation score   (accuracy)
	7.36s	 = Training   runtime
	0.25s	 = Validation runtime
	0.7	 = Validation score   (accuracy)
	37.07s	 = Training   runtime
	0.26s	 = Validation runtime
	Ran out of time, early stopping on iteration 18. Best iteration is:
	[14]	valid_set's binary_error: 0.337931
AutoGluon training complete, total runtime = 98.49s ... Best model: "WeightedEnsemble_L2"
	Ran out of time, early stopping on iteration 19. Best iteration is:
	[19]	valid_set's binary_error: 0.311724
TabularPredictor saved. To load, use: predictor = TabularPredictor.load("AutogluonModels/ag-20250416_150925-006/Predictor_S3 (SBS3 - 0.97)")
No presets specified! To achieve strong results with AutoGluon, it is recommended to use the available presets.
	Recommended Presets (For more details refer to https://auto.gluon.ai/stable/tutorials/tabular/tabular-essentials.html#presets):
	presets='best_quality'   : Maximize accuracy. Default time_limit=3600.
	presets='high_quality'   : Strong accuracy with fast inference speed. Default time_limit=3600.
	presets='good_quality'   : Good accuracy with very fast inference speed. Default time_limit=3600.
	presets='medium_quality' : Fast training time, ideal for initial prototyping.
	0.6621	 = Validation score   (accuracy)
	36.79s	 = Training   runtime
	0.31s	 = Validation runtime
Beginning AutoGluon training ... Time limit = 60s
AutoGluon will save models to "AutogluonModels/ag-20250416_150925-006/Predictor_S4 (SBS4 - 0.98)"
	0.6883	 = Validation score   (accuracy)
	39.94s	 = Training   runtime
	0.25s	 = Validation runtime
=================== System Info ===================
AutoGluon Version:  1.1.0
Python Version:     3.10.15
Operating System:   Linux
Platform Machine:   x86_64
Platform Version:   #1 SMP PREEMPT_DYNAMIC Thu Apr 3 12:12:16 UTC 2025
CPU Count:          272
Memory Avail:       197.19 GB / 203.90 GB (96.7%)
Disk Space Avail:   1333.87 GB / 5120.00 GB (26.1%)
===================================================
Train Data Rows:    14495
Train Data Columns: 99
Label Column:       S4 (SBS4 - 0.98)
AutoGluon infers your prediction problem is: 'binary' (because only two unique label-values observed).
	2 unique label values:  [False, True]
	If 'binary' is not the correct problem_type, please manually specify the problem_type parameter during predictor init (You may specify problem_type as one of: ['binary', 'multiclass', 'regression'])
Problem Type:       binary
Preprocessing data ...
	Ran out of time, early stopping on iteration 14. Best iteration is:
	[14]	valid_set's binary_error: 0.273793
Fitting model: WeightedEnsemble_L2 ... Training model for up to 38.2s of the -15.74s of remaining time.
Selected class <--> label mapping:  class 1 = True, class 0 = False
Using Feature Generators to preprocess the data ...
Fitting AutoMLPipelineFeatureGenerator...
	Stage 1 Generators:
		Fitting AsTypeFeatureGenerator...
	0.7262	 = Validation score   (accuracy)
	36.34s	 = Training   runtime
	0.36s	 = Validation runtime
	Ran out of time, early stopping on iteration 15. Best iteration is:
	[15]	valid_set's binary_error: 0.333793
Fitting model: WeightedEnsemble_L2 ... Training model for up to 35.09s of the -14.29s of remaining time.
	Ran out of time, early stopping on iteration 18. Best iteration is:
	[18]	valid_set's binary_error: 0.328966
	Ensemble Weights: {'KNeighborsDist': 1.0}
	0.8055	 = Validation score   (accuracy)
	8.81s	 = Training   runtime
	0.21s	 = Validation runtime
AutoGluon training complete, total runtime = 88.71s ... Best model: "WeightedEnsemble_L2"
	0.6662	 = Validation score   (accuracy)
	36.5s	 = Training   runtime
	0.4s	 = Validation runtime
Fitting model: WeightedEnsemble_L2 ... Training model for up to 41.19s of the -16.84s of remaining time.
	0.671	 = Validation score   (accuracy)
	40.09s	 = Training   runtime
	0.36s	 = Validation runtime
	Available Memory:                    201940.13 MB
	Train Data (Original)  Memory Usage: 10.66 MB (0.0% of available memory)
	Inferring data type of each feature based on column values. Set feature_metadata_in to manually specify special dtypes of the features.
	Ran out of time, early stopping on iteration 17. Best iteration is:
	[17]	valid_set's binary_error: 0.257931
TabularPredictor saved. To load, use: predictor = TabularPredictor.load("AutogluonModels/ag-20250416_150925-002/Predictor_S3 (SBS3 - 0.97)")
No presets specified! To achieve strong results with AutoGluon, it is recommended to use the available presets.
	Recommended Presets (For more details refer to https://auto.gluon.ai/stable/tutorials/tabular/tabular-essentials.html#presets):
	presets='best_quality'   : Maximize accuracy. Default time_limit=3600.
	presets='high_quality'   : Strong accuracy with fast inference speed. Default time_limit=3600.
	presets='good_quality'   : Good accuracy with very fast inference speed. Default time_limit=3600.
	presets='medium_quality' : Fast training time, ideal for initial prototyping.
	Ran out of time, early stopping on iteration 21. Best iteration is:
	[19]	valid_set's binary_error: 0.32
	0.7421	 = Validation score   (accuracy)
	38.84s	 = Training   runtime
	0.36s	 = Validation runtime
Fitting model: WeightedEnsemble_L2 ... Training model for up to 36.71s of the -17.47s of remaining time.
Beginning AutoGluon training ... Time limit = 60s
AutoGluon will save models to "AutogluonModels/ag-20250416_150925-002/Predictor_S4 (SBS4 - 0.98)"
=================== System Info ===================
AutoGluon Version:  1.1.0
Python Version:     3.10.15
Operating System:   Linux
Platform Machine:   x86_64
Platform Version:   #1 SMP PREEMPT_DYNAMIC Thu Apr 3 12:12:16 UTC 2025
CPU Count:          272
Memory Avail:       197.20 GB / 203.90 GB (96.7%)
Disk Space Avail:   1333.87 GB / 5120.00 GB (26.1%)
===================================================
Train Data Rows:    14495
Train Data Columns: 99
Label Column:       S4 (SBS4 - 0.98)
			Note: Converting 3 features to boolean dtype as they only contain 2 unique values.
AutoGluon infers your prediction problem is: 'binary' (because only two unique label-values observed).
	2 unique label values:  [False, True]
	If 'binary' is not the correct problem_type, please manually specify the problem_type parameter during predictor init (You may specify problem_type as one of: ['binary', 'multiclass', 'regression'])
Problem Type:       binary
Preprocessing data ...
	0.68	 = Validation score   (accuracy)
	39.0s	 = Training   runtime
	0.22s	 = Validation runtime
Selected class <--> label mapping:  class 1 = True, class 0 = False
	Stage 2 Generators:
		Fitting FillNaFeatureGenerator...
Using Feature Generators to preprocess the data ...
Fitting AutoMLPipelineFeatureGenerator...
Fitting model: WeightedEnsemble_L2 ... Training model for up to 38.4s of the -18.25s of remaining time.
	Ran out of time, early stopping on iteration 25. Best iteration is:
	[25]	valid_set's binary_error: 0.224828
Fitting model: WeightedEnsemble_L2 ... Training model for up to 29.96s of the -18.95s of remaining time.
	Stage 3 Generators:
		Fitting IdentityFeatureGenerator...
Fitting model: WeightedEnsemble_L2 ... Training model for up to 35.06s of the -21.97s of remaining time.
	Available Memory:                    201944.25 MB
	Train Data (Original)  Memory Usage: 10.66 MB (0.0% of available memory)
	Stage 4 Generators:
	Inferring data type of each feature based on column values. Set feature_metadata_in to manually specify special dtypes of the features.
		Fitting DropUniqueFeatureGenerator...
	0.7752	 = Validation score   (accuracy)
	41.2s	 = Training   runtime
	0.42s	 = Validation runtime
Fitting model: WeightedEnsemble_L2 ... Training model for up to 33.78s of the -17.51s of remaining time.
	Ran out of time, early stopping on iteration 32. Best iteration is:
	[32]	valid_set's binary_error: 0.275172
Fitting model: WeightedEnsemble_L2 ... Training model for up to 35.29s of the -19.93s of remaining time.
	Ran out of time, early stopping on iteration 33. Best iteration is:
	[33]	valid_set's binary_error: 0.28
	0.7248	 = Validation score   (accuracy)
	41.18s	 = Training   runtime
	0.2s	 = Validation runtime
	0.72	 = Validation score   (accuracy)
	42.5s	 = Training   runtime
	0.25s	 = Validation runtime
	Stage 1 Generators:
		Fitting AsTypeFeatureGenerator...
			Note: Converting 3 features to boolean dtype as they only contain 2 unique values.
Fitting model: WeightedEnsemble_L2 ... Training model for up to 35.39s of the -19.66s of remaining time.
	Stage 5 Generators:
		Fitting DropDuplicatesFeatureGenerator...
	Stage 2 Generators:
		Fitting FillNaFeatureGenerator...
Fitting model: WeightedEnsemble_L2 ... Training model for up to 35.59s of the -20.03s of remaining time.
	Stage 3 Generators:
		Fitting IdentityFeatureGenerator...
	Ensemble Weights: {'KNeighborsDist': 0.8, 'LightGBMXT': 0.2}
	0.8062	 = Validation score   (accuracy)
	14.59s	 = Training   runtime
	0.08s	 = Validation runtime
	Stage 4 Generators:
		Fitting DropUniqueFeatureGenerator...
AutoGluon training complete, total runtime = 92.1s ... Best model: "WeightedEnsemble_L2"
	Stage 1 Generators:
		Fitting AsTypeFeatureGenerator...
TabularPredictor saved. To load, use: predictor = TabularPredictor.load("AutogluonModels/ag-20250416_150925-010/Predictor_S3 (SBS3 - 0.97)")
No presets specified! To achieve strong results with AutoGluon, it is recommended to use the available presets.
	Recommended Presets (For more details refer to https://auto.gluon.ai/stable/tutorials/tabular/tabular-essentials.html#presets):
	presets='best_quality'   : Maximize accuracy. Default time_limit=3600.
	presets='high_quality'   : Strong accuracy with fast inference speed. Default time_limit=3600.
	presets='good_quality'   : Good accuracy with very fast inference speed. Default time_limit=3600.
	presets='medium_quality' : Fast training time, ideal for initial prototyping.
Beginning AutoGluon training ... Time limit = 60s
AutoGluon will save models to "AutogluonModels/ag-20250416_150925-010/Predictor_S4 (SBS4 - 0.98)"
			Note: Converting 3 features to boolean dtype as they only contain 2 unique values.
=================== System Info ===================
AutoGluon Version:  1.1.0
Python Version:     3.10.15
Operating System:   Linux
Platform Machine:   x86_64
Platform Version:   #1 SMP PREEMPT_DYNAMIC Thu Apr 3 12:12:16 UTC 2025
CPU Count:          272
Memory Avail:       197.18 GB / 203.90 GB (96.7%)
Disk Space Avail:   1333.87 GB / 5120.00 GB (26.1%)
===================================================
Train Data Rows:    14495
Train Data Columns: 99
Label Column:       S4 (SBS4 - 0.98)
	Stage 2 Generators:
AutoGluon infers your prediction problem is: 'binary' (because only two unique label-values observed).
		Fitting FillNaFeatureGenerator...
	2 unique label values:  [False, True]
	If 'binary' is not the correct problem_type, please manually specify the problem_type parameter during predictor init (You may specify problem_type as one of: ['binary', 'multiclass', 'regression'])
Problem Type:       binary
Preprocessing data ...
	Ensemble Weights: {'KNeighborsDist': 0.478, 'LightGBMXT': 0.435, 'KNeighborsUnif': 0.087}
	0.7228	 = Validation score   (accuracy)
	15.56s	 = Training   runtime
	0.14s	 = Validation runtime
Selected class <--> label mapping:  class 1 = True, class 0 = False
Using Feature Generators to preprocess the data ...
Fitting AutoMLPipelineFeatureGenerator...
	Stage 3 Generators:
		Fitting IdentityFeatureGenerator...
AutoGluon training complete, total runtime = 96.18s ... Best model: "WeightedEnsemble_L2"
	Stage 4 Generators:
		Fitting DropUniqueFeatureGenerator...
	Available Memory:                    201924.56 MB
	Train Data (Original)  Memory Usage: 10.66 MB (0.0% of available memory)
	Inferring data type of each feature based on column values. Set feature_metadata_in to manually specify special dtypes of the features.
TabularPredictor saved. To load, use: predictor = TabularPredictor.load("AutogluonModels/ag-20250416_150925-009/Predictor_S3 (SBS3 - 0.97)")
No presets specified! To achieve strong results with AutoGluon, it is recommended to use the available presets.
	Recommended Presets (For more details refer to https://auto.gluon.ai/stable/tutorials/tabular/tabular-essentials.html#presets):
	presets='best_quality'   : Maximize accuracy. Default time_limit=3600.
	presets='high_quality'   : Strong accuracy with fast inference speed. Default time_limit=3600.
	presets='good_quality'   : Good accuracy with very fast inference speed. Default time_limit=3600.
	presets='medium_quality' : Fast training time, ideal for initial prototyping.
	Stage 5 Generators:
		Fitting DropDuplicatesFeatureGenerator...
	Ensemble Weights: {'KNeighborsDist': 1.0}
	0.7897	 = Validation score   (accuracy)
	15.32s	 = Training   runtime
	0.21s	 = Validation runtime
Beginning AutoGluon training ... Time limit = 60s
AutoGluon will save models to "AutogluonModels/ag-20250416_150925-009/Predictor_S4 (SBS4 - 0.98)"
=================== System Info ===================
AutoGluon Version:  1.1.0
Python Version:     3.10.15
Operating System:   Linux
Platform Machine:   x86_64
Platform Version:   #1 SMP PREEMPT_DYNAMIC Thu Apr 3 12:12:16 UTC 2025
CPU Count:          272
Memory Avail:       197.17 GB / 203.90 GB (96.7%)
Disk Space Avail:   1333.87 GB / 5120.00 GB (26.1%)
===================================================
Train Data Rows:    14495
Train Data Columns: 99
Label Column:       S4 (SBS4 - 0.98)
AutoGluon infers your prediction problem is: 'binary' (because only two unique label-values observed).
	2 unique label values:  [False, True]
	If 'binary' is not the correct problem_type, please manually specify the problem_type parameter during predictor init (You may specify problem_type as one of: ['binary', 'multiclass', 'regression'])
Problem Type:       binary
Preprocessing data ...
AutoGluon training complete, total runtime = 95.24s ... Best model: "WeightedEnsemble_L2"
	Types of features in original data (raw dtype, special dtypes):
		('bool', []) :  3 | ['S1 (SBS1 - 0.99)', 'S2 (SBS2 - 0.99)', 'S3 (SBS3 - 0.97)']
		('int', [])  : 96 | ['A[C>A]A', 'A[C>A]C', 'A[C>A]G', 'A[C>A]T', 'A[C>G]A', ...]
	Types of features in processed data (raw dtype, special dtypes):
		('int', [])       : 96 | ['A[C>A]A', 'A[C>A]C', 'A[C>A]G', 'A[C>A]T', 'A[C>G]A', ...]
		('int', ['bool']) :  3 | ['S1 (SBS1 - 0.99)', 'S2 (SBS2 - 0.99)', 'S3 (SBS3 - 0.97)']
	16.3s = Fit runtime
	99 features in original data used to generate 99 features in processed data.
Selected class <--> label mapping:  class 1 = True, class 0 = False
Using Feature Generators to preprocess the data ...
Fitting AutoMLPipelineFeatureGenerator...
	Train Data (Processed) Memory Usage: 10.66 MB (0.0% of available memory)
Data preprocessing and feature engineering runtime = 17.46s ...
AutoGluon will gauge predictive performance using evaluation metric: 'accuracy'
	To change this, specify the eval_metric parameter of Predictor()
	Available Memory:                    201922.22 MB
	Train Data (Original)  Memory Usage: 10.66 MB (0.0% of available memory)
	Inferring data type of each feature based on column values. Set feature_metadata_in to manually specify special dtypes of the features.
TabularPredictor saved. To load, use: predictor = TabularPredictor.load("AutogluonModels/ag-20250416_150925-005/Predictor_S3 (SBS3 - 0.97)")
No presets specified! To achieve strong results with AutoGluon, it is recommended to use the available presets.
	Recommended Presets (For more details refer to https://auto.gluon.ai/stable/tutorials/tabular/tabular-essentials.html#presets):
	presets='best_quality'   : Maximize accuracy. Default time_limit=3600.
	presets='high_quality'   : Strong accuracy with fast inference speed. Default time_limit=3600.
	presets='good_quality'   : Good accuracy with very fast inference speed. Default time_limit=3600.
	presets='medium_quality' : Fast training time, ideal for initial prototyping.
Automatically generating train/validation split with holdout_frac=0.1, Train Rows: 13045, Val Rows: 1450
User-specified model hyperparameters to be fit:
{
	'NN_TORCH': {},
	'GBM': [{'extra_trees': True, 'ag_args': {'name_suffix': 'XT'}}, {}, 'GBMLarge'],
	'CAT': {},
	'XGB': {},
	'FASTAI': {},
	'RF': [{'criterion': 'gini', 'ag_args': {'name_suffix': 'Gini', 'problem_types': ['binary', 'multiclass']}}, {'criterion': 'entropy', 'ag_args': {'name_suffix': 'Entr', 'problem_types': ['binary', 'multiclass']}}, {'criterion': 'squared_error', 'ag_args': {'name_suffix': 'MSE', 'problem_types': ['regression', 'quantile']}}],
	'XT': [{'criterion': 'gini', 'ag_args': {'name_suffix': 'Gini', 'problem_types': ['binary', 'multiclass']}}, {'criterion': 'entropy', 'ag_args': {'name_suffix': 'Entr', 'problem_types': ['binary', 'multiclass']}}, {'criterion': 'squared_error', 'ag_args': {'name_suffix': 'MSE', 'problem_types': ['regression', 'quantile']}}],
	'KNN': [{'weights': 'uniform', 'ag_args': {'name_suffix': 'Unif'}}, {'weights': 'distance', 'ag_args': {'name_suffix': 'Dist'}}],
}
	Types of features in original data (raw dtype, special dtypes):
		('bool', []) :  3 | ['S1 (SBS1 - 0.99)', 'S2 (SBS2 - 0.99)', 'S3 (SBS3 - 0.97)']
		('int', [])  : 96 | ['A[C>A]A', 'A[C>A]C', 'A[C>A]G', 'A[C>A]T', 'A[C>G]A', ...]
	Types of features in processed data (raw dtype, special dtypes):
		('int', [])       : 96 | ['A[C>A]A', 'A[C>A]C', 'A[C>A]G', 'A[C>A]T', 'A[C>G]A', ...]
	Ensemble Weights: {'LightGBMXT': 0.458, 'KNeighborsUnif': 0.292, 'KNeighborsDist': 0.25}
		('int', ['bool']) :  3 | ['S1 (SBS1 - 0.99)', 'S2 (SBS2 - 0.99)', 'S3 (SBS3 - 0.97)']
Beginning AutoGluon training ... Time limit = 60s
	0.6945	 = Validation score   (accuracy)
	25.6s = Fit runtime
AutoGluon will save models to "AutogluonModels/ag-20250416_150925-005/Predictor_S4 (SBS4 - 0.98)"
	16.31s	 = Training   runtime
	99 features in original data used to generate 99 features in processed data.
	Ensemble Weights: {'LightGBMXT': 0.389, 'KNeighborsUnif': 0.333, 'KNeighborsDist': 0.278}
	0.09s	 = Validation runtime
=================== System Info ===================
AutoGluon Version:  1.1.0
Python Version:     3.10.15
Operating System:   Linux
Platform Machine:   x86_64
Platform Version:   #1 SMP PREEMPT_DYNAMIC Thu Apr 3 12:12:16 UTC 2025
CPU Count:          272
Memory Avail:       197.19 GB / 203.90 GB (96.7%)
Disk Space Avail:   1333.87 GB / 5120.00 GB (26.1%)
===================================================
	0.7724	 = Validation score   (accuracy)
Train Data Rows:    14495
Fitting 13 L1 models ...
	15.39s	 = Training   runtime
Train Data Columns: 99
Fitting model: KNeighborsUnif ... Training model for up to 42.53s of the 42.46s of remaining time.
	0.06s	 = Validation runtime
Label Column:       S4 (SBS4 - 0.98)
	Train Data (Processed) Memory Usage: 10.66 MB (0.0% of available memory)
AutoGluon training complete, total runtime = 95.31s ... Best model: "WeightedEnsemble_L2"
AutoGluon infers your prediction problem is: 'binary' (because only two unique label-values observed).
	Stage 1 Generators:
	Stage 5 Generators:
	2 unique label values:  [False, True]
Data preprocessing and feature engineering runtime = 26.84s ...
		Fitting AsTypeFeatureGenerator...
		Fitting DropDuplicatesFeatureGenerator...
	If 'binary' is not the correct problem_type, please manually specify the problem_type parameter during predictor init (You may specify problem_type as one of: ['binary', 'multiclass', 'regression'])
	Ensemble Weights: {'LightGBMXT': 0.524, 'KNeighborsDist': 0.381, 'KNeighborsUnif': 0.095}
AutoGluon will gauge predictive performance using evaluation metric: 'accuracy'
AutoGluon training complete, total runtime = 98.12s ... Best model: "WeightedEnsemble_L2"
	Ensemble Weights: {'KNeighborsUnif': 1.0}
Problem Type:       binary
	0.8124	 = Validation score   (accuracy)
	To change this, specify the eval_metric parameter of Predictor()
	Ensemble Weights: {'KNeighborsDist': 0.5, 'LightGBMXT': 0.5}
	0.731	 = Validation score   (accuracy)
Preprocessing data ...
	Ensemble Weights: {'KNeighborsUnif': 0.435, 'LightGBMXT': 0.435, 'KNeighborsDist': 0.13}
	14.91s	 = Training   runtime
TabularPredictor saved. To load, use: predictor = TabularPredictor.load("AutogluonModels/ag-20250416_150925-004/Predictor_S3 (SBS3 - 0.97)")
	0.8028	 = Validation score   (accuracy)
	13.37s	 = Training   runtime
	0.7455	 = Validation score   (accuracy)
	0.18s	 = Validation runtime
No presets specified! To achieve strong results with AutoGluon, it is recommended to use the available presets.
	Recommended Presets (For more details refer to https://auto.gluon.ai/stable/tutorials/tabular/tabular-essentials.html#presets):
	presets='best_quality'   : Maximize accuracy. Default time_limit=3600.
	presets='high_quality'   : Strong accuracy with fast inference speed. Default time_limit=3600.
	presets='good_quality'   : Good accuracy with very fast inference speed. Default time_limit=3600.
	presets='medium_quality' : Fast training time, ideal for initial prototyping.
Selected class <--> label mapping:  class 1 = True, class 0 = False
	12.77s	 = Training   runtime
	0.1s	 = Validation runtime
	14.05s	 = Training   runtime
TabularPredictor saved. To load, use: predictor = TabularPredictor.load("AutogluonModels/ag-20250416_150925-007/Predictor_S3 (SBS3 - 0.97)")
Using Feature Generators to preprocess the data ...
	0.21s	 = Validation runtime
			Note: Converting 3 features to boolean dtype as they only contain 2 unique values.
	0.08s	 = Validation runtime
Fitting AutoMLPipelineFeatureGenerator...
Automatically generating train/validation split with holdout_frac=0.1, Train Rows: 13045, Val Rows: 1450
User-specified model hyperparameters to be fit:
{
	'NN_TORCH': {},
	'GBM': [{'extra_trees': True, 'ag_args': {'name_suffix': 'XT'}}, {}, 'GBMLarge'],
	'CAT': {},
	'XGB': {},
	'FASTAI': {},
	'RF': [{'criterion': 'gini', 'ag_args': {'name_suffix': 'Gini', 'problem_types': ['binary', 'multiclass']}}, {'criterion': 'entropy', 'ag_args': {'name_suffix': 'Entr', 'problem_types': ['binary', 'multiclass']}}, {'criterion': 'squared_error', 'ag_args': {'name_suffix': 'MSE', 'problem_types': ['regression', 'quantile']}}],
	'XT': [{'criterion': 'gini', 'ag_args': {'name_suffix': 'Gini', 'problem_types': ['binary', 'multiclass']}}, {'criterion': 'entropy', 'ag_args': {'name_suffix': 'Entr', 'problem_types': ['binary', 'multiclass']}}, {'criterion': 'squared_error', 'ag_args': {'name_suffix': 'MSE', 'problem_types': ['regression', 'quantile']}}],
	'KNN': [{'weights': 'uniform', 'ag_args': {'name_suffix': 'Unif'}}, {'weights': 'distance', 'ag_args': {'name_suffix': 'Dist'}}],
}
	Types of features in original data (raw dtype, special dtypes):
		('bool', []) :  3 | ['S1 (SBS1 - 0.99)', 'S2 (SBS2 - 0.99)', 'S3 (SBS3 - 0.97)']
AutoGluon training complete, total runtime = 96.36s ... Best model: "WeightedEnsemble_L2"
		('int', [])  : 96 | ['A[C>A]A', 'A[C>A]C', 'A[C>A]G', 'A[C>A]T', 'A[C>G]A', ...]
No presets specified! To achieve strong results with AutoGluon, it is recommended to use the available presets.
	Recommended Presets (For more details refer to https://auto.gluon.ai/stable/tutorials/tabular/tabular-essentials.html#presets):
	presets='best_quality'   : Maximize accuracy. Default time_limit=3600.
	presets='high_quality'   : Strong accuracy with fast inference speed. Default time_limit=3600.
	presets='good_quality'   : Good accuracy with very fast inference speed. Default time_limit=3600.
	presets='medium_quality' : Fast training time, ideal for initial prototyping.
	Types of features in processed data (raw dtype, special dtypes):
Beginning AutoGluon training ... Time limit = 60s
	Stage 2 Generators:
		('int', [])       : 96 | ['A[C>A]A', 'A[C>A]C', 'A[C>A]G', 'A[C>A]T', 'A[C>G]A', ...]
AutoGluon will save models to "AutogluonModels/ag-20250416_150925-004/Predictor_S4 (SBS4 - 0.98)"
		Fitting FillNaFeatureGenerator...
		('int', ['bool']) :  3 | ['S1 (SBS1 - 0.99)', 'S2 (SBS2 - 0.99)', 'S3 (SBS3 - 0.97)']
AutoGluon training complete, total runtime = 95.66s ... Best model: "WeightedEnsemble_L2"
	15.9s = Fit runtime
=================== System Info ===================
AutoGluon Version:  1.1.0
Python Version:     3.10.15
Operating System:   Linux
Platform Machine:   x86_64
Platform Version:   #1 SMP PREEMPT_DYNAMIC Thu Apr 3 12:12:16 UTC 2025
CPU Count:          272
Memory Avail:       197.22 GB / 203.90 GB (96.7%)
Disk Space Avail:   1333.87 GB / 5120.00 GB (26.1%)
===================================================
	99 features in original data used to generate 99 features in processed data.
AutoGluon training complete, total runtime = 96.22s ... Best model: "WeightedEnsemble_L2"
Train Data Rows:    14495
	Available Memory:                    201970.40 MB
AutoGluon training complete, total runtime = 99.2s ... Best model: "WeightedEnsemble_L2"
	Stage 1 Generators:
Train Data Columns: 99
	Train Data (Original)  Memory Usage: 10.66 MB (0.0% of available memory)
	Stage 3 Generators:
Beginning AutoGluon training ... Time limit = 60s
TabularPredictor saved. To load, use: predictor = TabularPredictor.load("AutogluonModels/ag-20250416_150925-003/Predictor_S3 (SBS3 - 0.97)")
		Fitting AsTypeFeatureGenerator...
Label Column:       S4 (SBS4 - 0.98)
Fitting 13 L1 models ...
		Fitting IdentityFeatureGenerator...
AutoGluon will save models to "AutogluonModels/ag-20250416_150925-007/Predictor_S4 (SBS4 - 0.98)"
	Inferring data type of each feature based on column values. Set feature_metadata_in to manually specify special dtypes of the features.
	Train Data (Processed) Memory Usage: 10.66 MB (0.0% of available memory)
No presets specified! To achieve strong results with AutoGluon, it is recommended to use the available presets.
	Recommended Presets (For more details refer to https://auto.gluon.ai/stable/tutorials/tabular/tabular-essentials.html#presets):
	presets='best_quality'   : Maximize accuracy. Default time_limit=3600.
	presets='high_quality'   : Strong accuracy with fast inference speed. Default time_limit=3600.
	presets='good_quality'   : Good accuracy with very fast inference speed. Default time_limit=3600.
	presets='medium_quality' : Fast training time, ideal for initial prototyping.
AutoGluon infers your prediction problem is: 'binary' (because only two unique label-values observed).
TabularPredictor saved. To load, use: predictor = TabularPredictor.load("AutogluonModels/ag-20250416_150924-001/Predictor_S3 (SBS3 - 0.97)")
Fitting model: KNeighborsUnif ... Training model for up to 33.16s of the 33.01s of remaining time.
TabularPredictor saved. To load, use: predictor = TabularPredictor.load("AutogluonModels/ag-20250416_150924-002/Predictor_S3 (SBS3 - 0.97)")
	Ensemble Weights: {'LightGBMXT': 0.438, 'KNeighborsUnif': 0.375, 'KNeighborsDist': 0.188}
	2 unique label values:  [False, True]
Data preprocessing and feature engineering runtime = 17.57s ...
	Stage 4 Generators:
=================== System Info ===================
AutoGluon Version:  1.1.0
Python Version:     3.10.15
Operating System:   Linux
Platform Machine:   x86_64
Platform Version:   #1 SMP PREEMPT_DYNAMIC Thu Apr 3 12:12:16 UTC 2025
CPU Count:          272
Memory Avail:       197.27 GB / 203.90 GB (96.7%)
Disk Space Avail:   1333.87 GB / 5120.00 GB (26.1%)
===================================================
No presets specified! To achieve strong results with AutoGluon, it is recommended to use the available presets.
	Recommended Presets (For more details refer to https://auto.gluon.ai/stable/tutorials/tabular/tabular-essentials.html#presets):
	presets='best_quality'   : Maximize accuracy. Default time_limit=3600.
	presets='high_quality'   : Strong accuracy with fast inference speed. Default time_limit=3600.
	presets='good_quality'   : Good accuracy with very fast inference speed. Default time_limit=3600.
	presets='medium_quality' : Fast training time, ideal for initial prototyping.
	0.7634	 = Validation score   (accuracy)
No presets specified! To achieve strong results with AutoGluon, it is recommended to use the available presets.
	Recommended Presets (For more details refer to https://auto.gluon.ai/stable/tutorials/tabular/tabular-essentials.html#presets):
	presets='best_quality'   : Maximize accuracy. Default time_limit=3600.
	presets='high_quality'   : Strong accuracy with fast inference speed. Default time_limit=3600.
	presets='good_quality'   : Good accuracy with very fast inference speed. Default time_limit=3600.
	presets='medium_quality' : Fast training time, ideal for initial prototyping.
	If 'binary' is not the correct problem_type, please manually specify the problem_type parameter during predictor init (You may specify problem_type as one of: ['binary', 'multiclass', 'regression'])
AutoGluon will gauge predictive performance using evaluation metric: 'accuracy'
		Fitting DropUniqueFeatureGenerator...
Train Data Rows:    14495
TabularPredictor saved. To load, use: predictor = TabularPredictor.load("AutogluonModels/ag-20250416_150926-001/Predictor_S3 (SBS3 - 0.97)")
	13.77s	 = Training   runtime
Problem Type:       binary
	To change this, specify the eval_metric parameter of Predictor()
Train Data Columns: 99
	0.11s	 = Validation runtime
Preprocessing data ...
			Note: Converting 3 features to boolean dtype as they only contain 2 unique values.
Beginning AutoGluon training ... Time limit = 60s
No presets specified! To achieve strong results with AutoGluon, it is recommended to use the available presets.
	Recommended Presets (For more details refer to https://auto.gluon.ai/stable/tutorials/tabular/tabular-essentials.html#presets):
	presets='best_quality'   : Maximize accuracy. Default time_limit=3600.
	presets='high_quality'   : Strong accuracy with fast inference speed. Default time_limit=3600.
	presets='good_quality'   : Good accuracy with very fast inference speed. Default time_limit=3600.
	presets='medium_quality' : Fast training time, ideal for initial prototyping.
Label Column:       S4 (SBS4 - 0.98)
AutoGluon will save models to "AutogluonModels/ag-20250416_150925-003/Predictor_S4 (SBS4 - 0.98)"
Selected class <--> label mapping:  class 1 = True, class 0 = False
Beginning AutoGluon training ... Time limit = 60s
Beginning AutoGluon training ... Time limit = 60s
AutoGluon infers your prediction problem is: 'binary' (because only two unique label-values observed).
AutoGluon will save models to "AutogluonModels/ag-20250416_150924-001/Predictor_S4 (SBS4 - 0.98)"
AutoGluon will save models to "AutogluonModels/ag-20250416_150924-002/Predictor_S4 (SBS4 - 0.98)"
	Stage 2 Generators:
Using Feature Generators to preprocess the data ...
=================== System Info ===================
AutoGluon Version:  1.1.0
Python Version:     3.10.15
Operating System:   Linux
Platform Machine:   x86_64
Platform Version:   #1 SMP PREEMPT_DYNAMIC Thu Apr 3 12:12:16 UTC 2025
CPU Count:          272
Memory Avail:       197.25 GB / 203.90 GB (96.7%)
Disk Space Avail:   1333.85 GB / 5120.00 GB (26.1%)
===================================================
	2 unique label values:  [False, True]
		Fitting FillNaFeatureGenerator...
Fitting AutoMLPipelineFeatureGenerator...
Train Data Rows:    14495
=================== System Info ===================
AutoGluon Version:  1.1.0
Python Version:     3.10.15
Operating System:   Linux
Platform Machine:   x86_64
Platform Version:   #1 SMP PREEMPT_DYNAMIC Thu Apr 3 12:12:16 UTC 2025
CPU Count:          272
Memory Avail:       197.25 GB / 203.90 GB (96.7%)
Disk Space Avail:   1333.85 GB / 5120.00 GB (26.1%)
===================================================
=================== System Info ===================
AutoGluon Version:  1.1.0
Python Version:     3.10.15
Operating System:   Linux
Platform Machine:   x86_64
Platform Version:   #1 SMP PREEMPT_DYNAMIC Thu Apr 3 12:12:16 UTC 2025
CPU Count:          272
Memory Avail:       197.25 GB / 203.90 GB (96.7%)
Disk Space Avail:   1333.85 GB / 5120.00 GB (26.1%)
===================================================
AutoGluon training complete, total runtime = 94.66s ... Best model: "WeightedEnsemble_L2"
	If 'binary' is not the correct problem_type, please manually specify the problem_type parameter during predictor init (You may specify problem_type as one of: ['binary', 'multiclass', 'regression'])
	Ensemble Weights: {'LightGBMXT': 0.667, 'KNeighborsDist': 0.278, 'KNeighborsUnif': 0.056}
Beginning AutoGluon training ... Time limit = 60s
Train Data Columns: 99
Train Data Rows:    14495
Automatically generating train/validation split with holdout_frac=0.1, Train Rows: 13045, Val Rows: 1450
Train Data Rows:    14495
Problem Type:       binary
	0.8186	 = Validation score   (accuracy)
AutoGluon will save models to "AutogluonModels/ag-20250416_150926-001/Predictor_S4 (SBS4 - 0.98)"
Label Column:       S4 (SBS4 - 0.98)
Train Data Columns: 99
	Stage 3 Generators:
User-specified model hyperparameters to be fit:
{
	'NN_TORCH': {},
	'GBM': [{'extra_trees': True, 'ag_args': {'name_suffix': 'XT'}}, {}, 'GBMLarge'],
	'CAT': {},
	'XGB': {},
	'FASTAI': {},
	'RF': [{'criterion': 'gini', 'ag_args': {'name_suffix': 'Gini', 'problem_types': ['binary', 'multiclass']}}, {'criterion': 'entropy', 'ag_args': {'name_suffix': 'Entr', 'problem_types': ['binary', 'multiclass']}}, {'criterion': 'squared_error', 'ag_args': {'name_suffix': 'MSE', 'problem_types': ['regression', 'quantile']}}],
	'XT': [{'criterion': 'gini', 'ag_args': {'name_suffix': 'Gini', 'problem_types': ['binary', 'multiclass']}}, {'criterion': 'entropy', 'ag_args': {'name_suffix': 'Entr', 'problem_types': ['binary', 'multiclass']}}, {'criterion': 'squared_error', 'ag_args': {'name_suffix': 'MSE', 'problem_types': ['regression', 'quantile']}}],
	'KNN': [{'weights': 'uniform', 'ag_args': {'name_suffix': 'Unif'}}, {'weights': 'distance', 'ag_args': {'name_suffix': 'Dist'}}],
}
Train Data Columns: 99
Preprocessing data ...
	13.1s	 = Training   runtime
Label Column:       S4 (SBS4 - 0.98)
AutoGluon infers your prediction problem is: 'binary' (because only two unique label-values observed).
		Fitting IdentityFeatureGenerator...
=================== System Info ===================
AutoGluon Version:  1.1.0
Python Version:     3.10.15
Operating System:   Linux
Platform Machine:   x86_64
Platform Version:   #1 SMP PREEMPT_DYNAMIC Thu Apr 3 12:12:16 UTC 2025
CPU Count:          272
Memory Avail:       197.25 GB / 203.90 GB (96.7%)
Disk Space Avail:   1333.85 GB / 5120.00 GB (26.1%)
===================================================
Label Column:       S4 (SBS4 - 0.98)
	Available Memory:                    201999.37 MB
	0.09s	 = Validation runtime
	2 unique label values:  [False, True]
AutoGluon infers your prediction problem is: 'binary' (because only two unique label-values observed).
Train Data Rows:    14495
	Train Data (Original)  Memory Usage: 10.66 MB (0.0% of available memory)
AutoGluon infers your prediction problem is: 'binary' (because only two unique label-values observed).
Selected class <--> label mapping:  class 1 = True, class 0 = False
	If 'binary' is not the correct problem_type, please manually specify the problem_type parameter during predictor init (You may specify problem_type as one of: ['binary', 'multiclass', 'regression'])
	2 unique label values:  [False, True]
Train Data Columns: 99
	2 unique label values:  [False, True]
	Inferring data type of each feature based on column values. Set feature_metadata_in to manually specify special dtypes of the features.
Problem Type:       binary
Using Feature Generators to preprocess the data ...
	If 'binary' is not the correct problem_type, please manually specify the problem_type parameter during predictor init (You may specify problem_type as one of: ['binary', 'multiclass', 'regression'])
Label Column:       S4 (SBS4 - 0.98)
	If 'binary' is not the correct problem_type, please manually specify the problem_type parameter during predictor init (You may specify problem_type as one of: ['binary', 'multiclass', 'regression'])
TabularPredictor saved. To load, use: predictor = TabularPredictor.load("AutogluonModels/ag-20250416_150925/Predictor_S3 (SBS3 - 0.97)")
Preprocessing data ...
Fitting AutoMLPipelineFeatureGenerator...
Problem Type:       binary
	Stage 4 Generators:
AutoGluon infers your prediction problem is: 'binary' (because only two unique label-values observed).
Problem Type:       binary
No presets specified! To achieve strong results with AutoGluon, it is recommended to use the available presets.
	Recommended Presets (For more details refer to https://auto.gluon.ai/stable/tutorials/tabular/tabular-essentials.html#presets):
	presets='best_quality'   : Maximize accuracy. Default time_limit=3600.
	presets='high_quality'   : Strong accuracy with fast inference speed. Default time_limit=3600.
	presets='good_quality'   : Good accuracy with very fast inference speed. Default time_limit=3600.
	presets='medium_quality' : Fast training time, ideal for initial prototyping.
Preprocessing data ...
AutoGluon training complete, total runtime = 96.74s ... Best model: "WeightedEnsemble_L2"
		Fitting DropUniqueFeatureGenerator...
	2 unique label values:  [False, True]
Selected class <--> label mapping:  class 1 = True, class 0 = False
Preprocessing data ...
Fitting 13 L1 models ...
Selected class <--> label mapping:  class 1 = True, class 0 = False
	If 'binary' is not the correct problem_type, please manually specify the problem_type parameter during predictor init (You may specify problem_type as one of: ['binary', 'multiclass', 'regression'])
Using Feature Generators to preprocess the data ...
Fitting model: KNeighborsUnif ... Training model for up to 42.43s of the 42.14s of remaining time.
	Ensemble Weights: {'LightGBMXT': 0.667, 'KNeighborsDist': 0.333}
Problem Type:       binary
Fitting AutoMLPipelineFeatureGenerator...
Using Feature Generators to preprocess the data ...
	0.7855	 = Validation score   (accuracy)
Selected class <--> label mapping:  class 1 = True, class 0 = False
Preprocessing data ...
	Ensemble Weights: {'LightGBMXT': 0.455, 'KNeighborsDist': 0.318, 'KNeighborsUnif': 0.227}
	Available Memory:                    201988.52 MB
Fitting AutoMLPipelineFeatureGenerator...
	12.33s	 = Training   runtime
Beginning AutoGluon training ... Time limit = 60s
Using Feature Generators to preprocess the data ...
	0.78	 = Validation score   (accuracy)
	Train Data (Original)  Memory Usage: 10.66 MB (0.0% of available memory)
Selected class <--> label mapping:  class 1 = True, class 0 = False
	0.23s	 = Validation runtime
AutoGluon will save models to "AutogluonModels/ag-20250416_150925/Predictor_S4 (SBS4 - 0.98)"
Fitting AutoMLPipelineFeatureGenerator...
	11.97s	 = Training   runtime
	Inferring data type of each feature based on column values. Set feature_metadata_in to manually specify special dtypes of the features.
TabularPredictor saved. To load, use: predictor = TabularPredictor.load("AutogluonModels/ag-20250416_150926/Predictor_S3 (SBS3 - 0.97)")
Using Feature Generators to preprocess the data ...
=================== System Info ===================
AutoGluon Version:  1.1.0
Python Version:     3.10.15
Operating System:   Linux
Platform Machine:   x86_64
Platform Version:   #1 SMP PREEMPT_DYNAMIC Thu Apr 3 12:12:16 UTC 2025
CPU Count:          272
Memory Avail:       197.23 GB / 203.90 GB (96.7%)
Disk Space Avail:   1333.85 GB / 5120.00 GB (26.1%)
===================================================
	Available Memory:                    201977.68 MB
	0.16s	 = Validation runtime
	Available Memory:                    201977.67 MB
Fitting AutoMLPipelineFeatureGenerator...
No presets specified! To achieve strong results with AutoGluon, it is recommended to use the available presets.
	Recommended Presets (For more details refer to https://auto.gluon.ai/stable/tutorials/tabular/tabular-essentials.html#presets):
	presets='best_quality'   : Maximize accuracy. Default time_limit=3600.
	presets='high_quality'   : Strong accuracy with fast inference speed. Default time_limit=3600.
	presets='good_quality'   : Good accuracy with very fast inference speed. Default time_limit=3600.
	presets='medium_quality' : Fast training time, ideal for initial prototyping.
AutoGluon training complete, total runtime = 95.19s ... Best model: "WeightedEnsemble_L2"
Train Data Rows:    14495
	Train Data (Original)  Memory Usage: 10.66 MB (0.0% of available memory)
	Train Data (Original)  Memory Usage: 10.66 MB (0.0% of available memory)
Train Data Columns: 99
	Inferring data type of each feature based on column values. Set feature_metadata_in to manually specify special dtypes of the features.
Label Column:       S4 (SBS4 - 0.98)
	Inferring data type of each feature based on column values. Set feature_metadata_in to manually specify special dtypes of the features.
	Available Memory:                    201978.25 MB
AutoGluon infers your prediction problem is: 'binary' (because only two unique label-values observed).
	0.7331	 = Validation score   (accuracy)
	Train Data (Original)  Memory Usage: 10.66 MB (0.0% of available memory)
	2 unique label values:  [False, True]
	4.01s	 = Training   runtime
	Inferring data type of each feature based on column values. Set feature_metadata_in to manually specify special dtypes of the features.
	If 'binary' is not the correct problem_type, please manually specify the problem_type parameter during predictor init (You may specify problem_type as one of: ['binary', 'multiclass', 'regression'])
AutoGluon training complete, total runtime = 96.39s ... Best model: "WeightedEnsemble_L2"
	1.84s	 = Validation runtime
Problem Type:       binary
	Available Memory:                    201965.17 MB
	Stage 1 Generators:
Preprocessing data ...
	Train Data (Original)  Memory Usage: 10.66 MB (0.0% of available memory)
	Stage 5 Generators:
		Fitting AsTypeFeatureGenerator...
Fitting model: KNeighborsDist ... Training model for up to 35.41s of the 35.33s of remaining time.
		Fitting DropDuplicatesFeatureGenerator...
Beginning AutoGluon training ... Time limit = 60s
	Inferring data type of each feature based on column values. Set feature_metadata_in to manually specify special dtypes of the features.
TabularPredictor saved. To load, use: predictor = TabularPredictor.load("AutogluonModels/ag-20250416_150925-001/Predictor_S3 (SBS3 - 0.97)")
Selected class <--> label mapping:  class 1 = True, class 0 = False
AutoGluon will save models to "AutogluonModels/ag-20250416_150926/Predictor_S4 (SBS4 - 0.98)"
Using Feature Generators to preprocess the data ...
No presets specified! To achieve strong results with AutoGluon, it is recommended to use the available presets.
	Recommended Presets (For more details refer to https://auto.gluon.ai/stable/tutorials/tabular/tabular-essentials.html#presets):
	presets='best_quality'   : Maximize accuracy. Default time_limit=3600.
	presets='high_quality'   : Strong accuracy with fast inference speed. Default time_limit=3600.
	presets='good_quality'   : Good accuracy with very fast inference speed. Default time_limit=3600.
	presets='medium_quality' : Fast training time, ideal for initial prototyping.
Fitting AutoMLPipelineFeatureGenerator...
TabularPredictor saved. To load, use: predictor = TabularPredictor.load("AutogluonModels/ag-20250416_150924/Predictor_S3 (SBS3 - 0.97)")
=================== System Info ===================
AutoGluon Version:  1.1.0
Python Version:     3.10.15
Operating System:   Linux
Platform Machine:   x86_64
Platform Version:   #1 SMP PREEMPT_DYNAMIC Thu Apr 3 12:12:16 UTC 2025
CPU Count:          272
Memory Avail:       197.21 GB / 203.90 GB (96.7%)
Disk Space Avail:   1333.83 GB / 5120.00 GB (26.1%)
===================================================
Train Data Rows:    14495
No presets specified! To achieve strong results with AutoGluon, it is recommended to use the available presets.
	Recommended Presets (For more details refer to https://auto.gluon.ai/stable/tutorials/tabular/tabular-essentials.html#presets):
	presets='best_quality'   : Maximize accuracy. Default time_limit=3600.
	presets='high_quality'   : Strong accuracy with fast inference speed. Default time_limit=3600.
	presets='good_quality'   : Good accuracy with very fast inference speed. Default time_limit=3600.
	presets='medium_quality' : Fast training time, ideal for initial prototyping.
Train Data Columns: 99
Label Column:       S4 (SBS4 - 0.98)
AutoGluon infers your prediction problem is: 'binary' (because only two unique label-values observed).
	2 unique label values:  [False, True]
	If 'binary' is not the correct problem_type, please manually specify the problem_type parameter during predictor init (You may specify problem_type as one of: ['binary', 'multiclass', 'regression'])
Problem Type:       binary
Preprocessing data ...
	Available Memory:                    201956.05 MB
	Train Data (Original)  Memory Usage: 10.66 MB (0.0% of available memory)
	Inferring data type of each feature based on column values. Set feature_metadata_in to manually specify special dtypes of the features.
Selected class <--> label mapping:  class 1 = True, class 0 = False
	Stage 1 Generators:
		Fitting AsTypeFeatureGenerator...
Beginning AutoGluon training ... Time limit = 60s
AutoGluon will save models to "AutogluonModels/ag-20250416_150925-001/Predictor_S4 (SBS4 - 0.98)"
	Types of features in original data (raw dtype, special dtypes):
Using Feature Generators to preprocess the data ...
Beginning AutoGluon training ... Time limit = 60s
		('bool', []) :  3 | ['S1 (SBS1 - 0.99)', 'S2 (SBS2 - 0.99)', 'S3 (SBS3 - 0.97)']
Fitting AutoMLPipelineFeatureGenerator...
AutoGluon will save models to "AutogluonModels/ag-20250416_150924/Predictor_S4 (SBS4 - 0.98)"
=================== System Info ===================
AutoGluon Version:  1.1.0
Python Version:     3.10.15
Operating System:   Linux
Platform Machine:   x86_64
Platform Version:   #1 SMP PREEMPT_DYNAMIC Thu Apr 3 12:12:16 UTC 2025
CPU Count:          272
Memory Avail:       197.22 GB / 203.90 GB (96.7%)
Disk Space Avail:   1333.83 GB / 5120.00 GB (26.1%)
===================================================
			Note: Converting 3 features to boolean dtype as they only contain 2 unique values.
		('int', [])  : 96 | ['A[C>A]A', 'A[C>A]C', 'A[C>A]G', 'A[C>A]T', 'A[C>G]A', ...]
	Stage 5 Generators:
Train Data Rows:    14495
	Types of features in processed data (raw dtype, special dtypes):
		Fitting DropDuplicatesFeatureGenerator...
Train Data Columns: 99
	Stage 2 Generators:
		('int', [])       : 96 | ['A[C>A]A', 'A[C>A]C', 'A[C>A]G', 'A[C>A]T', 'A[C>G]A', ...]
	0.7172	 = Validation score   (accuracy)
Label Column:       S4 (SBS4 - 0.98)
=================== System Info ===================
AutoGluon Version:  1.1.0
Python Version:     3.10.15
Operating System:   Linux
Platform Machine:   x86_64
Platform Version:   #1 SMP PREEMPT_DYNAMIC Thu Apr 3 12:12:16 UTC 2025
CPU Count:          272
Memory Avail:       197.20 GB / 203.90 GB (96.7%)
Disk Space Avail:   1333.83 GB / 5120.00 GB (26.1%)
===================================================
		Fitting FillNaFeatureGenerator...
		('int', ['bool']) :  3 | ['S1 (SBS1 - 0.99)', 'S2 (SBS2 - 0.99)', 'S3 (SBS3 - 0.97)']
	4.03s	 = Training   runtime
AutoGluon infers your prediction problem is: 'binary' (because only two unique label-values observed).
Train Data Rows:    14495
	14.0s = Fit runtime
	2.71s	 = Validation runtime
	Available Memory:                    201946.91 MB
	2 unique label values:  [False, True]
Train Data Columns: 99
	99 features in original data used to generate 99 features in processed data.
	Train Data (Original)  Memory Usage: 10.66 MB (0.0% of available memory)
	Stage 3 Generators:
	If 'binary' is not the correct problem_type, please manually specify the problem_type parameter during predictor init (You may specify problem_type as one of: ['binary', 'multiclass', 'regression'])
Label Column:       S4 (SBS4 - 0.98)
			Note: Converting 3 features to boolean dtype as they only contain 2 unique values.
Fitting model: KNeighborsDist ... Training model for up to 25.29s of the 25.14s of remaining time.
	Inferring data type of each feature based on column values. Set feature_metadata_in to manually specify special dtypes of the features.
		Fitting IdentityFeatureGenerator...
Problem Type:       binary
AutoGluon infers your prediction problem is: 'binary' (because only two unique label-values observed).
Preprocessing data ...
	2 unique label values:  [False, True]
	Train Data (Processed) Memory Usage: 10.66 MB (0.0% of available memory)
	If 'binary' is not the correct problem_type, please manually specify the problem_type parameter during predictor init (You may specify problem_type as one of: ['binary', 'multiclass', 'regression'])
	Stage 2 Generators:
Problem Type:       binary
		Fitting FillNaFeatureGenerator...
Data preprocessing and feature engineering runtime = 16.13s ...
Preprocessing data ...
Selected class <--> label mapping:  class 1 = True, class 0 = False
	Stage 4 Generators:
AutoGluon will gauge predictive performance using evaluation metric: 'accuracy'
		Fitting DropUniqueFeatureGenerator...
Using Feature Generators to preprocess the data ...
	To change this, specify the eval_metric parameter of Predictor()
Selected class <--> label mapping:  class 1 = True, class 0 = False
Fitting AutoMLPipelineFeatureGenerator...
	Stage 3 Generators:
		Fitting IdentityFeatureGenerator...
Using Feature Generators to preprocess the data ...
Fitting AutoMLPipelineFeatureGenerator...
	Stage 4 Generators:
		Fitting DropUniqueFeatureGenerator...
	Stage 1 Generators:
		Fitting AsTypeFeatureGenerator...
	Available Memory:                    201948.42 MB
	Train Data (Original)  Memory Usage: 10.66 MB (0.0% of available memory)
	Available Memory:                    201948.42 MB
	Inferring data type of each feature based on column values. Set feature_metadata_in to manually specify special dtypes of the features.
	Train Data (Original)  Memory Usage: 10.66 MB (0.0% of available memory)
	Inferring data type of each feature based on column values. Set feature_metadata_in to manually specify special dtypes of the features.
	Stage 1 Generators:
		Fitting AsTypeFeatureGenerator...
	Stage 1 Generators:
		Fitting AsTypeFeatureGenerator...
Automatically generating train/validation split with holdout_frac=0.1, Train Rows: 13045, Val Rows: 1450
User-specified model hyperparameters to be fit:
{
	'NN_TORCH': {},
	'GBM': [{'extra_trees': True, 'ag_args': {'name_suffix': 'XT'}}, {}, 'GBMLarge'],
	'CAT': {},
	'XGB': {},
	'FASTAI': {},
	'RF': [{'criterion': 'gini', 'ag_args': {'name_suffix': 'Gini', 'problem_types': ['binary', 'multiclass']}}, {'criterion': 'entropy', 'ag_args': {'name_suffix': 'Entr', 'problem_types': ['binary', 'multiclass']}}, {'criterion': 'squared_error', 'ag_args': {'name_suffix': 'MSE', 'problem_types': ['regression', 'quantile']}}],
	'XT': [{'criterion': 'gini', 'ag_args': {'name_suffix': 'Gini', 'problem_types': ['binary', 'multiclass']}}, {'criterion': 'entropy', 'ag_args': {'name_suffix': 'Entr', 'problem_types': ['binary', 'multiclass']}}, {'criterion': 'squared_error', 'ag_args': {'name_suffix': 'MSE', 'problem_types': ['regression', 'quantile']}}],
	'KNN': [{'weights': 'uniform', 'ag_args': {'name_suffix': 'Unif'}}, {'weights': 'distance', 'ag_args': {'name_suffix': 'Dist'}}],
}
	Stage 1 Generators:
		Fitting AsTypeFeatureGenerator...
Fitting 13 L1 models ...
Fitting model: KNeighborsUnif ... Training model for up to 43.87s of the 43.76s of remaining time.
			Note: Converting 3 features to boolean dtype as they only contain 2 unique values.
			Note: Converting 3 features to boolean dtype as they only contain 2 unique values.
	Stage 2 Generators:
		Fitting FillNaFeatureGenerator...
			Note: Converting 3 features to boolean dtype as they only contain 2 unique values.
	Stage 2 Generators:
	Stage 1 Generators:
		Fitting FillNaFeatureGenerator...
		Fitting AsTypeFeatureGenerator...
	0.7359	 = Validation score   (accuracy)
	6.58s	 = Training   runtime
	2.64s	 = Validation runtime
	Stage 1 Generators:
		Fitting AsTypeFeatureGenerator...
	Stage 3 Generators:
		Fitting IdentityFeatureGenerator...
Fitting model: KNeighborsDist ... Training model for up to 32.02s of the 31.72s of remaining time.
	Stage 2 Generators:
		Fitting FillNaFeatureGenerator...
	Stage 3 Generators:
		Fitting IdentityFeatureGenerator...
	Stage 4 Generators:
	Stage 3 Generators:
		Fitting DropUniqueFeatureGenerator...
		Fitting IdentityFeatureGenerator...
			Note: Converting 3 features to boolean dtype as they only contain 2 unique values.
	Stage 4 Generators:
		Fitting DropUniqueFeatureGenerator...
	Stage 2 Generators:
		Fitting FillNaFeatureGenerator...
	Stage 4 Generators:
		Fitting DropUniqueFeatureGenerator...
	Stage 5 Generators:
		Fitting DropDuplicatesFeatureGenerator...
	Stage 3 Generators:
		Fitting IdentityFeatureGenerator...
			Note: Converting 3 features to boolean dtype as they only contain 2 unique values.
	Stage 2 Generators:
		Fitting FillNaFeatureGenerator...
			Note: Converting 3 features to boolean dtype as they only contain 2 unique values.
	Stage 4 Generators:
	Stage 3 Generators:
		Fitting DropUniqueFeatureGenerator...
		Fitting IdentityFeatureGenerator...
	Stage 2 Generators:
		Fitting FillNaFeatureGenerator...
	Stage 5 Generators:
	Stage 4 Generators:
		Fitting DropDuplicatesFeatureGenerator...
	Stage 3 Generators:
		Fitting DropUniqueFeatureGenerator...
		Fitting IdentityFeatureGenerator...
	0.7345	 = Validation score   (accuracy)
	8.14s	 = Training   runtime
	2.81s	 = Validation runtime
	Stage 1 Generators:
		Fitting AsTypeFeatureGenerator...
	Stage 4 Generators:
		Fitting DropUniqueFeatureGenerator...
Fitting model: LightGBMXT ... Training model for up to 23.7s of the 23.62s of remaining time.
	Types of features in original data (raw dtype, special dtypes):
		('bool', []) :  3 | ['S1 (SBS1 - 0.99)', 'S2 (SBS2 - 0.99)', 'S3 (SBS3 - 0.97)']
	Types of features in original data (raw dtype, special dtypes):
		('int', [])  : 96 | ['A[C>A]A', 'A[C>A]C', 'A[C>A]G', 'A[C>A]T', 'A[C>G]A', ...]
	Stage 1 Generators:
		('bool', []) :  3 | ['S1 (SBS1 - 0.99)', 'S2 (SBS2 - 0.99)', 'S3 (SBS3 - 0.97)']
	Types of features in processed data (raw dtype, special dtypes):
		Fitting AsTypeFeatureGenerator...
		('int', [])  : 96 | ['A[C>A]A', 'A[C>A]C', 'A[C>A]G', 'A[C>A]T', 'A[C>G]A', ...]
	Stage 1 Generators:
		('int', [])       : 96 | ['A[C>A]A', 'A[C>A]C', 'A[C>A]G', 'A[C>A]T', 'A[C>G]A', ...]
	Types of features in processed data (raw dtype, special dtypes):
			Note: Converting 3 features to boolean dtype as they only contain 2 unique values.
		Fitting AsTypeFeatureGenerator...
		('int', ['bool']) :  3 | ['S1 (SBS1 - 0.99)', 'S2 (SBS2 - 0.99)', 'S3 (SBS3 - 0.97)']
	Stage 5 Generators:
	Stage 5 Generators:
		('int', [])       : 96 | ['A[C>A]A', 'A[C>A]C', 'A[C>A]G', 'A[C>A]T', 'A[C>G]A', ...]
	22.3s = Fit runtime
		Fitting DropDuplicatesFeatureGenerator...
	Stage 2 Generators:
		Fitting DropDuplicatesFeatureGenerator...
		('int', ['bool']) :  3 | ['S1 (SBS1 - 0.99)', 'S2 (SBS2 - 0.99)', 'S3 (SBS3 - 0.97)']
	99 features in original data used to generate 99 features in processed data.
		Fitting FillNaFeatureGenerator...
	Stage 5 Generators:
	18.9s = Fit runtime
		Fitting DropDuplicatesFeatureGenerator...
	99 features in original data used to generate 99 features in processed data.
	0.7179	 = Validation score   (accuracy)
	8.32s	 = Training   runtime
	2.59s	 = Validation runtime
Fitting model: LightGBMXT ... Training model for up to 13.69s of the 13.54s of remaining time.
	Train Data (Processed) Memory Usage: 10.66 MB (0.0% of available memory)
	Stage 3 Generators:
		Fitting IdentityFeatureGenerator...
			Note: Converting 3 features to boolean dtype as they only contain 2 unique values.
Data preprocessing and feature engineering runtime = 24.53s ...
AutoGluon will gauge predictive performance using evaluation metric: 'accuracy'
	To change this, specify the eval_metric parameter of Predictor()
	Train Data (Processed) Memory Usage: 10.66 MB (0.0% of available memory)
Data preprocessing and feature engineering runtime = 22.26s ...
AutoGluon will gauge predictive performance using evaluation metric: 'accuracy'
	To change this, specify the eval_metric parameter of Predictor()
	Stage 4 Generators:
		Fitting DropUniqueFeatureGenerator...
	Stage 2 Generators:
		Fitting FillNaFeatureGenerator...
			Note: Converting 3 features to boolean dtype as they only contain 2 unique values.
	Stage 2 Generators:
		Fitting FillNaFeatureGenerator...
	Stage 3 Generators:
		Fitting IdentityFeatureGenerator...
	Stage 5 Generators:
		Fitting DropDuplicatesFeatureGenerator...
	Types of features in original data (raw dtype, special dtypes):
		('bool', []) :  3 | ['S1 (SBS1 - 0.99)', 'S2 (SBS2 - 0.99)', 'S3 (SBS3 - 0.97)']
		('int', [])  : 96 | ['A[C>A]A', 'A[C>A]C', 'A[C>A]G', 'A[C>A]T', 'A[C>G]A', ...]
	Types of features in processed data (raw dtype, special dtypes):
		('int', [])       : 96 | ['A[C>A]A', 'A[C>A]C', 'A[C>A]G', 'A[C>A]T', 'A[C>G]A', ...]
		('int', ['bool']) :  3 | ['S1 (SBS1 - 0.99)', 'S2 (SBS2 - 0.99)', 'S3 (SBS3 - 0.97)']
	19.8s = Fit runtime
	99 features in original data used to generate 99 features in processed data.
	Stage 3 Generators:
	Stage 4 Generators:
		Fitting IdentityFeatureGenerator...
Automatically generating train/validation split with holdout_frac=0.1, Train Rows: 13045, Val Rows: 1450
Automatically generating train/validation split with holdout_frac=0.1, Train Rows: 13045, Val Rows: 1450
		Fitting DropUniqueFeatureGenerator...
User-specified model hyperparameters to be fit:
{
	'NN_TORCH': {},
	'GBM': [{'extra_trees': True, 'ag_args': {'name_suffix': 'XT'}}, {}, 'GBMLarge'],
	'CAT': {},
	'XGB': {},
	'FASTAI': {},
	'RF': [{'criterion': 'gini', 'ag_args': {'name_suffix': 'Gini', 'problem_types': ['binary', 'multiclass']}}, {'criterion': 'entropy', 'ag_args': {'name_suffix': 'Entr', 'problem_types': ['binary', 'multiclass']}}, {'criterion': 'squared_error', 'ag_args': {'name_suffix': 'MSE', 'problem_types': ['regression', 'quantile']}}],
	'XT': [{'criterion': 'gini', 'ag_args': {'name_suffix': 'Gini', 'problem_types': ['binary', 'multiclass']}}, {'criterion': 'entropy', 'ag_args': {'name_suffix': 'Entr', 'problem_types': ['binary', 'multiclass']}}, {'criterion': 'squared_error', 'ag_args': {'name_suffix': 'MSE', 'problem_types': ['regression', 'quantile']}}],
	'KNN': [{'weights': 'uniform', 'ag_args': {'name_suffix': 'Unif'}}, {'weights': 'distance', 'ag_args': {'name_suffix': 'Dist'}}],
}
User-specified model hyperparameters to be fit:
{
	'NN_TORCH': {},
	'GBM': [{'extra_trees': True, 'ag_args': {'name_suffix': 'XT'}}, {}, 'GBMLarge'],
	'CAT': {},
	'XGB': {},
	'FASTAI': {},
	'RF': [{'criterion': 'gini', 'ag_args': {'name_suffix': 'Gini', 'problem_types': ['binary', 'multiclass']}}, {'criterion': 'entropy', 'ag_args': {'name_suffix': 'Entr', 'problem_types': ['binary', 'multiclass']}}, {'criterion': 'squared_error', 'ag_args': {'name_suffix': 'MSE', 'problem_types': ['regression', 'quantile']}}],
	'XT': [{'criterion': 'gini', 'ag_args': {'name_suffix': 'Gini', 'problem_types': ['binary', 'multiclass']}}, {'criterion': 'entropy', 'ag_args': {'name_suffix': 'Entr', 'problem_types': ['binary', 'multiclass']}}, {'criterion': 'squared_error', 'ag_args': {'name_suffix': 'MSE', 'problem_types': ['regression', 'quantile']}}],
	'KNN': [{'weights': 'uniform', 'ag_args': {'name_suffix': 'Unif'}}, {'weights': 'distance', 'ag_args': {'name_suffix': 'Dist'}}],
}
	Train Data (Processed) Memory Usage: 10.66 MB (0.0% of available memory)
Data preprocessing and feature engineering runtime = 21.73s ...
	Stage 4 Generators:
AutoGluon will gauge predictive performance using evaluation metric: 'accuracy'
		Fitting DropUniqueFeatureGenerator...
	To change this, specify the eval_metric parameter of Predictor()
	Stage 5 Generators:
		Fitting DropDuplicatesFeatureGenerator...
	0.7324	 = Validation score   (accuracy)
	7.72s	 = Training   runtime
	3.35s	 = Validation runtime
Fitting 13 L1 models ...
Fitting model: KNeighborsDist ... Training model for up to 31.75s of the 31.64s of remaining time.
Fitting model: KNeighborsUnif ... Training model for up to 35.47s of the 35.35s of remaining time.
Fitting 13 L1 models ...
Fitting model: KNeighborsUnif ... Training model for up to 37.74s of the 37.67s of remaining time.
Automatically generating train/validation split with holdout_frac=0.1, Train Rows: 13045, Val Rows: 1450
User-specified model hyperparameters to be fit:
{
	'NN_TORCH': {},
	'GBM': [{'extra_trees': True, 'ag_args': {'name_suffix': 'XT'}}, {}, 'GBMLarge'],
	'CAT': {},
	'XGB': {},
	'FASTAI': {},
	'RF': [{'criterion': 'gini', 'ag_args': {'name_suffix': 'Gini', 'problem_types': ['binary', 'multiclass']}}, {'criterion': 'entropy', 'ag_args': {'name_suffix': 'Entr', 'problem_types': ['binary', 'multiclass']}}, {'criterion': 'squared_error', 'ag_args': {'name_suffix': 'MSE', 'problem_types': ['regression', 'quantile']}}],
	'XT': [{'criterion': 'gini', 'ag_args': {'name_suffix': 'Gini', 'problem_types': ['binary', 'multiclass']}}, {'criterion': 'entropy', 'ag_args': {'name_suffix': 'Entr', 'problem_types': ['binary', 'multiclass']}}, {'criterion': 'squared_error', 'ag_args': {'name_suffix': 'MSE', 'problem_types': ['regression', 'quantile']}}],
	'KNN': [{'weights': 'uniform', 'ag_args': {'name_suffix': 'Unif'}}, {'weights': 'distance', 'ag_args': {'name_suffix': 'Dist'}}],
}
	Stage 5 Generators:
		Fitting DropDuplicatesFeatureGenerator...
	Types of features in original data (raw dtype, special dtypes):
		('bool', []) :  3 | ['S1 (SBS1 - 0.99)', 'S2 (SBS2 - 0.99)', 'S3 (SBS3 - 0.97)']
		('int', [])  : 96 | ['A[C>A]A', 'A[C>A]C', 'A[C>A]G', 'A[C>A]T', 'A[C>G]A', ...]
	Types of features in processed data (raw dtype, special dtypes):
		('int', [])       : 96 | ['A[C>A]A', 'A[C>A]C', 'A[C>A]G', 'A[C>A]T', 'A[C>G]A', ...]
		('int', ['bool']) :  3 | ['S1 (SBS1 - 0.99)', 'S2 (SBS2 - 0.99)', 'S3 (SBS3 - 0.97)']
	22.7s = Fit runtime
	99 features in original data used to generate 99 features in processed data.
	0.7366	 = Validation score   (accuracy)
	9.03s	 = Training   runtime
	2.76s	 = Validation runtime
Fitting model: LightGBMXT ... Training model for up to 19.32s of the 19.02s of remaining time.
	Train Data (Processed) Memory Usage: 10.66 MB (0.0% of available memory)
Fitting 13 L1 models ...
Fitting model: KNeighborsUnif ... Training model for up to 38.27s of the 38.15s of remaining time.
	Types of features in original data (raw dtype, special dtypes):
		('bool', []) :  3 | ['S1 (SBS1 - 0.99)', 'S2 (SBS2 - 0.99)', 'S3 (SBS3 - 0.97)']
Data preprocessing and feature engineering runtime = 24.87s ...
		('int', [])  : 96 | ['A[C>A]A', 'A[C>A]C', 'A[C>A]G', 'A[C>A]T', 'A[C>G]A', ...]
	Types of features in original data (raw dtype, special dtypes):
AutoGluon will gauge predictive performance using evaluation metric: 'accuracy'
	Types of features in processed data (raw dtype, special dtypes):
		('bool', []) :  3 | ['S1 (SBS1 - 0.99)', 'S2 (SBS2 - 0.99)', 'S3 (SBS3 - 0.97)']
	To change this, specify the eval_metric parameter of Predictor()
		('int', [])       : 96 | ['A[C>A]A', 'A[C>A]C', 'A[C>A]G', 'A[C>A]T', 'A[C>G]A', ...]
		('int', [])  : 96 | ['A[C>A]A', 'A[C>A]C', 'A[C>A]G', 'A[C>A]T', 'A[C>G]A', ...]
		('int', ['bool']) :  3 | ['S1 (SBS1 - 0.99)', 'S2 (SBS2 - 0.99)', 'S3 (SBS3 - 0.97)']
	Types of features in processed data (raw dtype, special dtypes):
	23.5s = Fit runtime
		('int', [])       : 96 | ['A[C>A]A', 'A[C>A]C', 'A[C>A]G', 'A[C>A]T', 'A[C>G]A', ...]
	99 features in original data used to generate 99 features in processed data.
		('int', ['bool']) :  3 | ['S1 (SBS1 - 0.99)', 'S2 (SBS2 - 0.99)', 'S3 (SBS3 - 0.97)']
	25.2s = Fit runtime
	99 features in original data used to generate 99 features in processed data.
	Types of features in original data (raw dtype, special dtypes):
		('bool', []) :  3 | ['S1 (SBS1 - 0.99)', 'S2 (SBS2 - 0.99)', 'S3 (SBS3 - 0.97)']
		('int', [])  : 96 | ['A[C>A]A', 'A[C>A]C', 'A[C>A]G', 'A[C>A]T', 'A[C>G]A', ...]
	Types of features in processed data (raw dtype, special dtypes):
		('int', [])       : 96 | ['A[C>A]A', 'A[C>A]C', 'A[C>A]G', 'A[C>A]T', 'A[C>G]A', ...]
		('int', ['bool']) :  3 | ['S1 (SBS1 - 0.99)', 'S2 (SBS2 - 0.99)', 'S3 (SBS3 - 0.97)']
	22.1s = Fit runtime
	Train Data (Processed) Memory Usage: 10.66 MB (0.0% of available memory)
	Train Data (Processed) Memory Usage: 10.66 MB (0.0% of available memory)
	99 features in original data used to generate 99 features in processed data.
Data preprocessing and feature engineering runtime = 27.88s ...
Data preprocessing and feature engineering runtime = 26.25s ...
AutoGluon will gauge predictive performance using evaluation metric: 'accuracy'
AutoGluon will gauge predictive performance using evaluation metric: 'accuracy'
	To change this, specify the eval_metric parameter of Predictor()
Automatically generating train/validation split with holdout_frac=0.1, Train Rows: 13045, Val Rows: 1450
	To change this, specify the eval_metric parameter of Predictor()
User-specified model hyperparameters to be fit:
{
	'NN_TORCH': {},
	'GBM': [{'extra_trees': True, 'ag_args': {'name_suffix': 'XT'}}, {}, 'GBMLarge'],
	'CAT': {},
	'XGB': {},
	'FASTAI': {},
	'RF': [{'criterion': 'gini', 'ag_args': {'name_suffix': 'Gini', 'problem_types': ['binary', 'multiclass']}}, {'criterion': 'entropy', 'ag_args': {'name_suffix': 'Entr', 'problem_types': ['binary', 'multiclass']}}, {'criterion': 'squared_error', 'ag_args': {'name_suffix': 'MSE', 'problem_types': ['regression', 'quantile']}}],
	'XT': [{'criterion': 'gini', 'ag_args': {'name_suffix': 'Gini', 'problem_types': ['binary', 'multiclass']}}, {'criterion': 'entropy', 'ag_args': {'name_suffix': 'Entr', 'problem_types': ['binary', 'multiclass']}}, {'criterion': 'squared_error', 'ag_args': {'name_suffix': 'MSE', 'problem_types': ['regression', 'quantile']}}],
	'KNN': [{'weights': 'uniform', 'ag_args': {'name_suffix': 'Unif'}}, {'weights': 'distance', 'ag_args': {'name_suffix': 'Dist'}}],
}
	Train Data (Processed) Memory Usage: 10.66 MB (0.0% of available memory)
	Stage 5 Generators:
Data preprocessing and feature engineering runtime = 24.42s ...
		Fitting DropDuplicatesFeatureGenerator...
AutoGluon will gauge predictive performance using evaluation metric: 'accuracy'
	To change this, specify the eval_metric parameter of Predictor()
Automatically generating train/validation split with holdout_frac=0.1, Train Rows: 13045, Val Rows: 1450
User-specified model hyperparameters to be fit:
{
	'NN_TORCH': {},
	'GBM': [{'extra_trees': True, 'ag_args': {'name_suffix': 'XT'}}, {}, 'GBMLarge'],
	'CAT': {},
	'XGB': {},
	'FASTAI': {},
	'RF': [{'criterion': 'gini', 'ag_args': {'name_suffix': 'Gini', 'problem_types': ['binary', 'multiclass']}}, {'criterion': 'entropy', 'ag_args': {'name_suffix': 'Entr', 'problem_types': ['binary', 'multiclass']}}, {'criterion': 'squared_error', 'ag_args': {'name_suffix': 'MSE', 'problem_types': ['regression', 'quantile']}}],
	'XT': [{'criterion': 'gini', 'ag_args': {'name_suffix': 'Gini', 'problem_types': ['binary', 'multiclass']}}, {'criterion': 'entropy', 'ag_args': {'name_suffix': 'Entr', 'problem_types': ['binary', 'multiclass']}}, {'criterion': 'squared_error', 'ag_args': {'name_suffix': 'MSE', 'problem_types': ['regression', 'quantile']}}],
	'KNN': [{'weights': 'uniform', 'ag_args': {'name_suffix': 'Unif'}}, {'weights': 'distance', 'ag_args': {'name_suffix': 'Dist'}}],
}
Automatically generating train/validation split with holdout_frac=0.1, Train Rows: 13045, Val Rows: 1450
User-specified model hyperparameters to be fit:
{
	'NN_TORCH': {},
	'GBM': [{'extra_trees': True, 'ag_args': {'name_suffix': 'XT'}}, {}, 'GBMLarge'],
	'CAT': {},
	'XGB': {},
	'FASTAI': {},
	'RF': [{'criterion': 'gini', 'ag_args': {'name_suffix': 'Gini', 'problem_types': ['binary', 'multiclass']}}, {'criterion': 'entropy', 'ag_args': {'name_suffix': 'Entr', 'problem_types': ['binary', 'multiclass']}}, {'criterion': 'squared_error', 'ag_args': {'name_suffix': 'MSE', 'problem_types': ['regression', 'quantile']}}],
	'XT': [{'criterion': 'gini', 'ag_args': {'name_suffix': 'Gini', 'problem_types': ['binary', 'multiclass']}}, {'criterion': 'entropy', 'ag_args': {'name_suffix': 'Entr', 'problem_types': ['binary', 'multiclass']}}, {'criterion': 'squared_error', 'ag_args': {'name_suffix': 'MSE', 'problem_types': ['regression', 'quantile']}}],
	'KNN': [{'weights': 'uniform', 'ag_args': {'name_suffix': 'Unif'}}, {'weights': 'distance', 'ag_args': {'name_suffix': 'Dist'}}],
}
	Stage 5 Generators:
Automatically generating train/validation split with holdout_frac=0.1, Train Rows: 13045, Val Rows: 1450
		Fitting DropDuplicatesFeatureGenerator...
Fitting 13 L1 models ...
	Stage 5 Generators:
User-specified model hyperparameters to be fit:
{
	'NN_TORCH': {},
	'GBM': [{'extra_trees': True, 'ag_args': {'name_suffix': 'XT'}}, {}, 'GBMLarge'],
	'CAT': {},
	'XGB': {},
	'FASTAI': {},
	'RF': [{'criterion': 'gini', 'ag_args': {'name_suffix': 'Gini', 'problem_types': ['binary', 'multiclass']}}, {'criterion': 'entropy', 'ag_args': {'name_suffix': 'Entr', 'problem_types': ['binary', 'multiclass']}}, {'criterion': 'squared_error', 'ag_args': {'name_suffix': 'MSE', 'problem_types': ['regression', 'quantile']}}],
	'XT': [{'criterion': 'gini', 'ag_args': {'name_suffix': 'Gini', 'problem_types': ['binary', 'multiclass']}}, {'criterion': 'entropy', 'ag_args': {'name_suffix': 'Entr', 'problem_types': ['binary', 'multiclass']}}, {'criterion': 'squared_error', 'ag_args': {'name_suffix': 'MSE', 'problem_types': ['regression', 'quantile']}}],
	'KNN': [{'weights': 'uniform', 'ag_args': {'name_suffix': 'Unif'}}, {'weights': 'distance', 'ag_args': {'name_suffix': 'Dist'}}],
}
Fitting model: KNeighborsUnif ... Training model for up to 35.13s of the 34.79s of remaining time.
		Fitting DropDuplicatesFeatureGenerator...
	Types of features in original data (raw dtype, special dtypes):
		('bool', []) :  3 | ['S1 (SBS1 - 0.99)', 'S2 (SBS2 - 0.99)', 'S3 (SBS3 - 0.97)']
		('int', [])  : 96 | ['A[C>A]A', 'A[C>A]C', 'A[C>A]G', 'A[C>A]T', 'A[C>G]A', ...]
	Types of features in processed data (raw dtype, special dtypes):
		('int', [])       : 96 | ['A[C>A]A', 'A[C>A]C', 'A[C>A]G', 'A[C>A]T', 'A[C>G]A', ...]
		('int', ['bool']) :  3 | ['S1 (SBS1 - 0.99)', 'S2 (SBS2 - 0.99)', 'S3 (SBS3 - 0.97)']
	23.6s = Fit runtime
	99 features in original data used to generate 99 features in processed data.
Fitting 13 L1 models ...
Fitting model: KNeighborsUnif ... Training model for up to 33.75s of the 33.71s of remaining time.
Fitting 13 L1 models ...
	Types of features in original data (raw dtype, special dtypes):
Fitting model: KNeighborsUnif ... Training model for up to 32.12s of the 31.94s of remaining time.
		('bool', []) :  3 | ['S1 (SBS1 - 0.99)', 'S2 (SBS2 - 0.99)', 'S3 (SBS3 - 0.97)']
		('int', [])  : 96 | ['A[C>A]A', 'A[C>A]C', 'A[C>A]G', 'A[C>A]T', 'A[C>G]A', ...]
	Types of features in processed data (raw dtype, special dtypes):
		('int', [])       : 96 | ['A[C>A]A', 'A[C>A]C', 'A[C>A]G', 'A[C>A]T', 'A[C>G]A', ...]
		('int', ['bool']) :  3 | ['S1 (SBS1 - 0.99)', 'S2 (SBS2 - 0.99)', 'S3 (SBS3 - 0.97)']
	27.5s = Fit runtime
	Train Data (Processed) Memory Usage: 10.66 MB (0.0% of available memory)
	99 features in original data used to generate 99 features in processed data.
Data preprocessing and feature engineering runtime = 25.27s ...
AutoGluon will gauge predictive performance using evaluation metric: 'accuracy'
	To change this, specify the eval_metric parameter of Predictor()
Fitting 13 L1 models ...
Fitting model: KNeighborsUnif ... Training model for up to 35.58s of the 35.45s of remaining time.
	Train Data (Processed) Memory Usage: 10.66 MB (0.0% of available memory)
Data preprocessing and feature engineering runtime = 30.27s ...
AutoGluon will gauge predictive performance using evaluation metric: 'accuracy'
	Types of features in original data (raw dtype, special dtypes):
	To change this, specify the eval_metric parameter of Predictor()
		('bool', []) :  3 | ['S1 (SBS1 - 0.99)', 'S2 (SBS2 - 0.99)', 'S3 (SBS3 - 0.97)']
	Types of features in original data (raw dtype, special dtypes):
		('int', [])  : 96 | ['A[C>A]A', 'A[C>A]C', 'A[C>A]G', 'A[C>A]T', 'A[C>G]A', ...]
		('bool', []) :  3 | ['S1 (SBS1 - 0.99)', 'S2 (SBS2 - 0.99)', 'S3 (SBS3 - 0.97)']
	Types of features in processed data (raw dtype, special dtypes):
		('int', [])  : 96 | ['A[C>A]A', 'A[C>A]C', 'A[C>A]G', 'A[C>A]T', 'A[C>G]A', ...]
Automatically generating train/validation split with holdout_frac=0.1, Train Rows: 13045, Val Rows: 1450
		('int', [])       : 96 | ['A[C>A]A', 'A[C>A]C', 'A[C>A]G', 'A[C>A]T', 'A[C>G]A', ...]
	Types of features in processed data (raw dtype, special dtypes):
User-specified model hyperparameters to be fit:
{
	'NN_TORCH': {},
	'GBM': [{'extra_trees': True, 'ag_args': {'name_suffix': 'XT'}}, {}, 'GBMLarge'],
	'CAT': {},
	'XGB': {},
	'FASTAI': {},
	'RF': [{'criterion': 'gini', 'ag_args': {'name_suffix': 'Gini', 'problem_types': ['binary', 'multiclass']}}, {'criterion': 'entropy', 'ag_args': {'name_suffix': 'Entr', 'problem_types': ['binary', 'multiclass']}}, {'criterion': 'squared_error', 'ag_args': {'name_suffix': 'MSE', 'problem_types': ['regression', 'quantile']}}],
	'XT': [{'criterion': 'gini', 'ag_args': {'name_suffix': 'Gini', 'problem_types': ['binary', 'multiclass']}}, {'criterion': 'entropy', 'ag_args': {'name_suffix': 'Entr', 'problem_types': ['binary', 'multiclass']}}, {'criterion': 'squared_error', 'ag_args': {'name_suffix': 'MSE', 'problem_types': ['regression', 'quantile']}}],
	'KNN': [{'weights': 'uniform', 'ag_args': {'name_suffix': 'Unif'}}, {'weights': 'distance', 'ag_args': {'name_suffix': 'Dist'}}],
}
		('int', ['bool']) :  3 | ['S1 (SBS1 - 0.99)', 'S2 (SBS2 - 0.99)', 'S3 (SBS3 - 0.97)']
		('int', [])       : 96 | ['A[C>A]A', 'A[C>A]C', 'A[C>A]G', 'A[C>A]T', 'A[C>G]A', ...]
	23.4s = Fit runtime
		('int', ['bool']) :  3 | ['S1 (SBS1 - 0.99)', 'S2 (SBS2 - 0.99)', 'S3 (SBS3 - 0.97)']
	99 features in original data used to generate 99 features in processed data.
	23.3s = Fit runtime
	99 features in original data used to generate 99 features in processed data.
Automatically generating train/validation split with holdout_frac=0.1, Train Rows: 13045, Val Rows: 1450
User-specified model hyperparameters to be fit:
{
	'NN_TORCH': {},
	'GBM': [{'extra_trees': True, 'ag_args': {'name_suffix': 'XT'}}, {}, 'GBMLarge'],
	'CAT': {},
	'XGB': {},
	'FASTAI': {},
	'RF': [{'criterion': 'gini', 'ag_args': {'name_suffix': 'Gini', 'problem_types': ['binary', 'multiclass']}}, {'criterion': 'entropy', 'ag_args': {'name_suffix': 'Entr', 'problem_types': ['binary', 'multiclass']}}, {'criterion': 'squared_error', 'ag_args': {'name_suffix': 'MSE', 'problem_types': ['regression', 'quantile']}}],
	'XT': [{'criterion': 'gini', 'ag_args': {'name_suffix': 'Gini', 'problem_types': ['binary', 'multiclass']}}, {'criterion': 'entropy', 'ag_args': {'name_suffix': 'Entr', 'problem_types': ['binary', 'multiclass']}}, {'criterion': 'squared_error', 'ag_args': {'name_suffix': 'MSE', 'problem_types': ['regression', 'quantile']}}],
	'KNN': [{'weights': 'uniform', 'ag_args': {'name_suffix': 'Unif'}}, {'weights': 'distance', 'ag_args': {'name_suffix': 'Dist'}}],
}
	Train Data (Processed) Memory Usage: 10.66 MB (0.0% of available memory)
	0.6234	 = Validation score   (accuracy)
	6.46s	 = Training   runtime
	2.35s	 = Validation runtime
	Train Data (Processed) Memory Usage: 10.66 MB (0.0% of available memory)
Data preprocessing and feature engineering runtime = 25.47s ...
AutoGluon will gauge predictive performance using evaluation metric: 'accuracy'
	To change this, specify the eval_metric parameter of Predictor()
Data preprocessing and feature engineering runtime = 26.19s ...
AutoGluon will gauge predictive performance using evaluation metric: 'accuracy'
	To change this, specify the eval_metric parameter of Predictor()
Fitting model: KNeighborsDist ... Training model for up to 25.91s of the 25.75s of remaining time.
Fitting 13 L1 models ...
Fitting model: KNeighborsUnif ... Training model for up to 34.73s of the 34.55s of remaining time.
Fitting 13 L1 models ...
Fitting model: KNeighborsUnif ... Training model for up to 29.73s of the 29.67s of remaining time.
Automatically generating train/validation split with holdout_frac=0.1, Train Rows: 13045, Val Rows: 1450
User-specified model hyperparameters to be fit:
{
	'NN_TORCH': {},
	'GBM': [{'extra_trees': True, 'ag_args': {'name_suffix': 'XT'}}, {}, 'GBMLarge'],
	'CAT': {},
	'XGB': {},
	'FASTAI': {},
	'RF': [{'criterion': 'gini', 'ag_args': {'name_suffix': 'Gini', 'problem_types': ['binary', 'multiclass']}}, {'criterion': 'entropy', 'ag_args': {'name_suffix': 'Entr', 'problem_types': ['binary', 'multiclass']}}, {'criterion': 'squared_error', 'ag_args': {'name_suffix': 'MSE', 'problem_types': ['regression', 'quantile']}}],
	'XT': [{'criterion': 'gini', 'ag_args': {'name_suffix': 'Gini', 'problem_types': ['binary', 'multiclass']}}, {'criterion': 'entropy', 'ag_args': {'name_suffix': 'Entr', 'problem_types': ['binary', 'multiclass']}}, {'criterion': 'squared_error', 'ag_args': {'name_suffix': 'MSE', 'problem_types': ['regression', 'quantile']}}],
	'KNN': [{'weights': 'uniform', 'ag_args': {'name_suffix': 'Unif'}}, {'weights': 'distance', 'ag_args': {'name_suffix': 'Dist'}}],
}
Automatically generating train/validation split with holdout_frac=0.1, Train Rows: 13045, Val Rows: 1450
User-specified model hyperparameters to be fit:
{
	'NN_TORCH': {},
	'GBM': [{'extra_trees': True, 'ag_args': {'name_suffix': 'XT'}}, {}, 'GBMLarge'],
	'CAT': {},
	'XGB': {},
	'FASTAI': {},
	'RF': [{'criterion': 'gini', 'ag_args': {'name_suffix': 'Gini', 'problem_types': ['binary', 'multiclass']}}, {'criterion': 'entropy', 'ag_args': {'name_suffix': 'Entr', 'problem_types': ['binary', 'multiclass']}}, {'criterion': 'squared_error', 'ag_args': {'name_suffix': 'MSE', 'problem_types': ['regression', 'quantile']}}],
	'XT': [{'criterion': 'gini', 'ag_args': {'name_suffix': 'Gini', 'problem_types': ['binary', 'multiclass']}}, {'criterion': 'entropy', 'ag_args': {'name_suffix': 'Entr', 'problem_types': ['binary', 'multiclass']}}, {'criterion': 'squared_error', 'ag_args': {'name_suffix': 'MSE', 'problem_types': ['regression', 'quantile']}}],
	'KNN': [{'weights': 'uniform', 'ag_args': {'name_suffix': 'Unif'}}, {'weights': 'distance', 'ag_args': {'name_suffix': 'Dist'}}],
}
	Types of features in original data (raw dtype, special dtypes):
		('bool', []) :  3 | ['S1 (SBS1 - 0.99)', 'S2 (SBS2 - 0.99)', 'S3 (SBS3 - 0.97)']
		('int', [])  : 96 | ['A[C>A]A', 'A[C>A]C', 'A[C>A]G', 'A[C>A]T', 'A[C>G]A', ...]
	Types of features in processed data (raw dtype, special dtypes):
		('int', [])       : 96 | ['A[C>A]A', 'A[C>A]C', 'A[C>A]G', 'A[C>A]T', 'A[C>G]A', ...]
		('int', ['bool']) :  3 | ['S1 (SBS1 - 0.99)', 'S2 (SBS2 - 0.99)', 'S3 (SBS3 - 0.97)']
	31.1s = Fit runtime
	99 features in original data used to generate 99 features in processed data.
	0.7166	 = Validation score   (accuracy)
	7.93s	 = Training   runtime
	1.99s	 = Validation runtime
	Train Data (Processed) Memory Usage: 10.66 MB (0.0% of available memory)
	0.7331	 = Validation score   (accuracy)
	8.47s	 = Training   runtime
	1.92s	 = Validation runtime
Data preprocessing and feature engineering runtime = 32.96s ...
AutoGluon will gauge predictive performance using evaluation metric: 'accuracy'
	To change this, specify the eval_metric parameter of Predictor()
Fitting model: KNeighborsDist ... Training model for up to 27.23s of the 27.17s of remaining time.
Fitting model: LightGBMXT ... Training model for up to 20.81s of the 20.71s of remaining time.
Fitting 13 L1 models ...
Fitting model: KNeighborsUnif ... Training model for up to 33.81s of the 33.75s of remaining time.
	0.6979	 = Validation score   (accuracy)
	6.28s	 = Training   runtime
	2.07s	 = Validation runtime
Fitting 13 L1 models ...
Fitting model: KNeighborsUnif ... Training model for up to 34.53s of the 34.51s of remaining time.
Fitting model: KNeighborsDist ... Training model for up to 29.44s of the 29.32s of remaining time.
Automatically generating train/validation split with holdout_frac=0.1, Train Rows: 13045, Val Rows: 1450
User-specified model hyperparameters to be fit:
{
	'NN_TORCH': {},
	'GBM': [{'extra_trees': True, 'ag_args': {'name_suffix': 'XT'}}, {}, 'GBMLarge'],
	'CAT': {},
	'XGB': {},
	'FASTAI': {},
	'RF': [{'criterion': 'gini', 'ag_args': {'name_suffix': 'Gini', 'problem_types': ['binary', 'multiclass']}}, {'criterion': 'entropy', 'ag_args': {'name_suffix': 'Entr', 'problem_types': ['binary', 'multiclass']}}, {'criterion': 'squared_error', 'ag_args': {'name_suffix': 'MSE', 'problem_types': ['regression', 'quantile']}}],
	'XT': [{'criterion': 'gini', 'ag_args': {'name_suffix': 'Gini', 'problem_types': ['binary', 'multiclass']}}, {'criterion': 'entropy', 'ag_args': {'name_suffix': 'Entr', 'problem_types': ['binary', 'multiclass']}}, {'criterion': 'squared_error', 'ag_args': {'name_suffix': 'MSE', 'problem_types': ['regression', 'quantile']}}],
	'KNN': [{'weights': 'uniform', 'ag_args': {'name_suffix': 'Unif'}}, {'weights': 'distance', 'ag_args': {'name_suffix': 'Dist'}}],
}
Fitting 13 L1 models ...
Fitting model: KNeighborsUnif ... Training model for up to 27.03s of the 26.99s of remaining time.
	0.6276	 = Validation score   (accuracy)
	3.56s	 = Training   runtime
	2.04s	 = Validation runtime
Fitting model: KNeighborsDist ... Training model for up to 26.12s of the 25.94s of remaining time.
	0.6697	 = Validation score   (accuracy)
	4.52s	 = Training   runtime
	1.79s	 = Validation runtime
Fitting model: KNeighborsDist ... Training model for up to 27.09s of the 27.08s of remaining time.
	0.6876	 = Validation score   (accuracy)
	3.77s	 = Training   runtime
	2.02s	 = Validation runtime
Fitting model: KNeighborsDist ... Training model for up to 29.42s of the 29.29s of remaining time.
	0.7352	 = Validation score   (accuracy)
	5.63s	 = Training   runtime
	1.96s	 = Validation runtime
Fitting model: KNeighborsDist ... Training model for up to 27.27s of the 26.94s of remaining time.
	0.6234	 = Validation score   (accuracy)
	2.59s	 = Training   runtime
	2.08s	 = Validation runtime
Fitting model: LightGBMXT ... Training model for up to 20.96s of the 20.84s of remaining time.
	0.6986	 = Validation score   (accuracy)
	2.27s	 = Training   runtime
	2.03s	 = Validation runtime
	0.731	 = Validation score   (accuracy)
Fitting model: LightGBMXT ... Training model for up to 24.86s of the 24.74s of remaining time.
	2.84s	 = Training   runtime
	2.56s	 = Validation runtime
Fitting model: KNeighborsDist ... Training model for up to 24.02s of the 23.96s of remaining time.
	0.7255	 = Validation score   (accuracy)
	3.23s	 = Training   runtime
	2.34s	 = Validation runtime
	0.7214	 = Validation score   (accuracy)
	2.42s	 = Training   runtime
	2.24s	 = Validation runtime
Fitting model: KNeighborsDist ... Training model for up to 28.8s of the 28.62s of remaining time.
Fitting model: KNeighborsDist ... Training model for up to 29.6s of the 29.57s of remaining time.
	0.7159	 = Validation score   (accuracy)
	2.63s	 = Training   runtime
	2.61s	 = Validation runtime
Fitting model: KNeighborsDist ... Training model for up to 28.25s of the 28.19s of remaining time.
	0.7172	 = Validation score   (accuracy)
	2.91s	 = Training   runtime
	2.58s	 = Validation runtime
Fitting model: LightGBMXT ... Training model for up to 21.47s of the 21.41s of remaining time.
	0.6641	 = Validation score   (accuracy)
	2.31s	 = Training   runtime
	2.09s	 = Validation runtime
Fitting model: KNeighborsDist ... Training model for up to 22.37s of the 22.33s of remaining time.
	0.6276	 = Validation score   (accuracy)
	1.62s	 = Training   runtime
	2.17s	 = Validation runtime
Fitting model: LightGBMXT ... Training model for up to 22.1s of the 21.92s of remaining time.
	0.6697	 = Validation score   (accuracy)
	1.79s	 = Training   runtime
	1.93s	 = Validation runtime
Fitting model: LightGBMXT ... Training model for up to 23.09s of the 23.09s of remaining time.
	0.6876	 = Validation score   (accuracy)
	1.82s	 = Training   runtime
	2.0s	 = Validation runtime
Fitting model: LightGBMXT ... Training model for up to 25.33s of the 25.2s of remaining time.
	0.7359	 = Validation score   (accuracy)
	1.9s	 = Training   runtime
	2.07s	 = Validation runtime
Fitting model: LightGBMXT ... Training model for up to 22.17s of the 21.83s of remaining time.
	0.7228	 = Validation score   (accuracy)
	0.7317	 = Validation score   (accuracy)
	2.83s	 = Training   runtime
	3.17s	 = Training   runtime
	2.82s	 = Validation runtime
	2.69s	 = Validation runtime
Fitting model: LightGBMXT ... Training model for up to 17.82s of the 17.76s of remaining time.
Fitting model: LightGBMXT ... Training model for up to 23.51s of the 23.48s of remaining time.
	0.7283	 = Validation score   (accuracy)
	3.32s	 = Training   runtime
	2.49s	 = Validation runtime
	0.7166	 = Validation score   (accuracy)
	2.85s	 = Training   runtime
	2.44s	 = Validation runtime
Fitting model: LightGBMXT ... Training model for up to 22.51s of the 22.34s of remaining time.
Fitting model: LightGBMXT ... Training model for up to 22.53s of the 22.47s of remaining time.
	0.6641	 = Validation score   (accuracy)
	2.79s	 = Training   runtime
	2.57s	 = Validation runtime
Fitting model: LightGBMXT ... Training model for up to 16.64s of the 16.6s of remaining time.
	Ran out of time, early stopping on iteration 17. Best iteration is:
	[16]	valid_set's binary_error: 0.307586
	0.6924	 = Validation score   (accuracy)
	38.64s	 = Training   runtime
	0.16s	 = Validation runtime
Fitting model: WeightedEnsemble_L2 ... Training model for up to 33.15s of the -29.44s of remaining time.
	Ran out of time, early stopping on iteration 18. Best iteration is:
	[18]	valid_set's binary_error: 0.288966
	Ran out of time, early stopping on iteration 23. Best iteration is:
	[23]	valid_set's binary_error: 0.281379
	0.711	 = Validation score   (accuracy)
	39.97s	 = Training   runtime
	0.36s	 = Validation runtime
	0.7186	 = Validation score   (accuracy)
	49.51s	 = Training   runtime
	0.17s	 = Validation runtime
Fitting model: WeightedEnsemble_L2 ... Training model for up to 42.42s of the -22.91s of remaining time.
Fitting model: WeightedEnsemble_L2 ... Training model for up to 42.5s of the -27.49s of remaining time.
	Ensemble Weights: {'LightGBMXT': 0.636, 'KNeighborsUnif': 0.182, 'KNeighborsDist': 0.182}
	0.7345	 = Validation score   (accuracy)
	6.57s	 = Training   runtime
	0.1s	 = Validation runtime
AutoGluon training complete, total runtime = 99.86s ... Best model: "WeightedEnsemble_L2"
	Ran out of time, early stopping on iteration 16. Best iteration is:
	[16]	valid_set's binary_error: 0.306207
TabularPredictor saved. To load, use: predictor = TabularPredictor.load("AutogluonModels/ag-20250416_150925-008/Predictor_S4 (SBS4 - 0.98)")
No presets specified! To achieve strong results with AutoGluon, it is recommended to use the available presets.
	Recommended Presets (For more details refer to https://auto.gluon.ai/stable/tutorials/tabular/tabular-essentials.html#presets):
	presets='best_quality'   : Maximize accuracy. Default time_limit=3600.
	presets='high_quality'   : Strong accuracy with fast inference speed. Default time_limit=3600.
	presets='good_quality'   : Good accuracy with very fast inference speed. Default time_limit=3600.
	presets='medium_quality' : Fast training time, ideal for initial prototyping.
	0.6938	 = Validation score   (accuracy)
	36.34s	 = Training   runtime
	0.17s	 = Validation runtime
Beginning AutoGluon training ... Time limit = 60s
AutoGluon will save models to "AutogluonModels/ag-20250416_150925-008/Predictor_S5 (SBS5 - 0.98)"
=================== System Info ===================
AutoGluon Version:  1.1.0
Python Version:     3.10.15
Operating System:   Linux
Platform Machine:   x86_64
Platform Version:   #1 SMP PREEMPT_DYNAMIC Thu Apr 3 12:12:16 UTC 2025
CPU Count:          272
Memory Avail:       197.19 GB / 203.90 GB (96.7%)
Disk Space Avail:   1333.54 GB / 5120.00 GB (26.0%)
===================================================
Train Data Rows:    14495
Train Data Columns: 100
Label Column:       S5 (SBS5 - 0.98)
AutoGluon infers your prediction problem is: 'binary' (because only two unique label-values observed).
	2 unique label values:  [True, False]
	If 'binary' is not the correct problem_type, please manually specify the problem_type parameter during predictor init (You may specify problem_type as one of: ['binary', 'multiclass', 'regression'])
Problem Type:       binary
Preprocessing data ...
Selected class <--> label mapping:  class 1 = True, class 0 = False
Using Feature Generators to preprocess the data ...
Fitting AutoMLPipelineFeatureGenerator...
Fitting model: WeightedEnsemble_L2 ... Training model for up to 43.84s of the -17.19s of remaining time.
	Ran out of time, early stopping on iteration 14. Best iteration is:
	[13]	valid_set's binary_error: 0.349655
	0.6503	 = Validation score   (accuracy)
	34.66s	 = Training   runtime
	0.37s	 = Validation runtime
	Available Memory:                    201936.10 MB
	Train Data (Original)  Memory Usage: 10.67 MB (0.0% of available memory)
	Inferring data type of each feature based on column values. Set feature_metadata_in to manually specify special dtypes of the features.
Fitting model: WeightedEnsemble_L2 ... Training model for up to 35.45s of the -15.61s of remaining time.
	Ensemble Weights: {'LightGBMXT': 0.667, 'KNeighborsDist': 0.333}
	0.751	 = Validation score   (accuracy)
	6.46s	 = Training   runtime
	0.12s	 = Validation runtime
	Ensemble Weights: {'LightGBMXT': 0.722, 'KNeighborsDist': 0.278}
	0.7524	 = Validation score   (accuracy)
	6.53s	 = Training   runtime
	0.19s	 = Validation runtime
AutoGluon training complete, total runtime = 92.57s ... Best model: "WeightedEnsemble_L2"
AutoGluon training complete, total runtime = 96.66s ... Best model: "WeightedEnsemble_L2"
TabularPredictor saved. To load, use: predictor = TabularPredictor.load("AutogluonModels/ag-20250416_150925-006/Predictor_S4 (SBS4 - 0.98)")
TabularPredictor saved. To load, use: predictor = TabularPredictor.load("AutogluonModels/ag-20250416_150925-002/Predictor_S4 (SBS4 - 0.98)")
No presets specified! To achieve strong results with AutoGluon, it is recommended to use the available presets.
	Recommended Presets (For more details refer to https://auto.gluon.ai/stable/tutorials/tabular/tabular-essentials.html#presets):
	presets='best_quality'   : Maximize accuracy. Default time_limit=3600.
	presets='high_quality'   : Strong accuracy with fast inference speed. Default time_limit=3600.
	presets='good_quality'   : Good accuracy with very fast inference speed. Default time_limit=3600.
	presets='medium_quality' : Fast training time, ideal for initial prototyping.
No presets specified! To achieve strong results with AutoGluon, it is recommended to use the available presets.
	Recommended Presets (For more details refer to https://auto.gluon.ai/stable/tutorials/tabular/tabular-essentials.html#presets):
	presets='best_quality'   : Maximize accuracy. Default time_limit=3600.
	presets='high_quality'   : Strong accuracy with fast inference speed. Default time_limit=3600.
	presets='good_quality'   : Good accuracy with very fast inference speed. Default time_limit=3600.
	presets='medium_quality' : Fast training time, ideal for initial prototyping.
Beginning AutoGluon training ... Time limit = 60s
AutoGluon will save models to "AutogluonModels/ag-20250416_150925-006/Predictor_S5 (SBS5 - 0.98)"
Beginning AutoGluon training ... Time limit = 60s
AutoGluon will save models to "AutogluonModels/ag-20250416_150925-002/Predictor_S5 (SBS5 - 0.98)"
=================== System Info ===================
AutoGluon Version:  1.1.0
Python Version:     3.10.15
Operating System:   Linux
Platform Machine:   x86_64
Platform Version:   #1 SMP PREEMPT_DYNAMIC Thu Apr 3 12:12:16 UTC 2025
CPU Count:          272
Memory Avail:       197.25 GB / 203.90 GB (96.7%)
Disk Space Avail:   1333.54 GB / 5120.00 GB (26.0%)
===================================================
Train Data Rows:    14495
Train Data Columns: 100
Label Column:       S5 (SBS5 - 0.98)
=================== System Info ===================
AutoGluon Version:  1.1.0
Python Version:     3.10.15
Operating System:   Linux
Platform Machine:   x86_64
Platform Version:   #1 SMP PREEMPT_DYNAMIC Thu Apr 3 12:12:16 UTC 2025
CPU Count:          272
Memory Avail:       197.25 GB / 203.90 GB (96.7%)
Disk Space Avail:   1333.54 GB / 5120.00 GB (26.0%)
===================================================
Train Data Rows:    14495
Train Data Columns: 100
Label Column:       S5 (SBS5 - 0.98)
AutoGluon infers your prediction problem is: 'binary' (because only two unique label-values observed).
	2 unique label values:  [True, False]
AutoGluon infers your prediction problem is: 'binary' (because only two unique label-values observed).
	If 'binary' is not the correct problem_type, please manually specify the problem_type parameter during predictor init (You may specify problem_type as one of: ['binary', 'multiclass', 'regression'])
Problem Type:       binary
	2 unique label values:  [True, False]
	If 'binary' is not the correct problem_type, please manually specify the problem_type parameter during predictor init (You may specify problem_type as one of: ['binary', 'multiclass', 'regression'])
Problem Type:       binary
Preprocessing data ...
Preprocessing data ...
Selected class <--> label mapping:  class 1 = True, class 0 = False
Selected class <--> label mapping:  class 1 = True, class 0 = False
Using Feature Generators to preprocess the data ...
Fitting AutoMLPipelineFeatureGenerator...
	Ran out of time, early stopping on iteration 16. Best iteration is:
	[13]	valid_set's binary_error: 0.35931
Using Feature Generators to preprocess the data ...
Fitting AutoMLPipelineFeatureGenerator...
	Ran out of time, early stopping on iteration 14. Best iteration is:
	[11]	valid_set's binary_error: 0.330345
	Ran out of time, early stopping on iteration 19. Best iteration is:
	[18]	valid_set's binary_error: 0.323448
	0.6407	 = Validation score   (accuracy)
	36.05s	 = Training   runtime
	0.46s	 = Validation runtime
	0.6697	 = Validation score   (accuracy)
	36.62s	 = Training   runtime
	0.39s	 = Validation runtime
	0.6766	 = Validation score   (accuracy)
	38.38s	 = Training   runtime
	0.52s	 = Validation runtime
	Available Memory:                    201969.30 MB
	Available Memory:                    201969.30 MB
	Train Data (Original)  Memory Usage: 10.67 MB (0.0% of available memory)
	Train Data (Original)  Memory Usage: 10.67 MB (0.0% of available memory)
	Inferring data type of each feature based on column values. Set feature_metadata_in to manually specify special dtypes of the features.
	Inferring data type of each feature based on column values. Set feature_metadata_in to manually specify special dtypes of the features.
	Ran out of time, early stopping on iteration 19. Best iteration is:
	[16]	valid_set's binary_error: 0.326897
Fitting model: WeightedEnsemble_L2 ... Training model for up to 32.12s of the -16.86s of remaining time.
Fitting model: WeightedEnsemble_L2 ... Training model for up to 37.73s of the -18.15s of remaining time.
	0.6731	 = Validation score   (accuracy)
	33.11s	 = Training   runtime
	0.48s	 = Validation runtime
	Ran out of time, early stopping on iteration 17. Best iteration is:
	[12]	valid_set's binary_error: 0.343448
Fitting model: WeightedEnsemble_L2 ... Training model for up to 38.26s of the -16.77s of remaining time.
	Ran out of time, early stopping on iteration 19. Best iteration is:
	[13]	valid_set's binary_error: 0.337931
	0.6566	 = Validation score   (accuracy)
	39.84s	 = Training   runtime
	0.49s	 = Validation runtime
	Ran out of time, early stopping on iteration 15. Best iteration is:
	[15]	valid_set's binary_error: 0.306897
	Stage 1 Generators:
		Fitting AsTypeFeatureGenerator...
	0.6621	 = Validation score   (accuracy)
	Ran out of time, early stopping on iteration 18. Best iteration is:
	[17]	valid_set's binary_error: 0.30069
	40.2s	 = Training   runtime
	Ran out of time, early stopping on iteration 21. Best iteration is:
	[21]	valid_set's binary_error: 0.321379
Fitting model: WeightedEnsemble_L2 ... Training model for up to 27.03s of the -19.67s of remaining time.
	0.38s	 = Validation runtime
	0.6931	 = Validation score   (accuracy)
	36.69s	 = Training   runtime
	0.19s	 = Validation runtime
	0.6993	 = Validation score   (accuracy)
	36.58s	 = Training   runtime
	0.25s	 = Validation runtime
	0.6786	 = Validation score   (accuracy)
	36.8s	 = Training   runtime
	0.32s	 = Validation runtime
	Ran out of time, early stopping on iteration 21. Best iteration is:
	[21]	valid_set's binary_error: 0.278621
Fitting model: WeightedEnsemble_L2 ... Training model for up to 33.75s of the -19.59s of remaining time.
	0.7214	 = Validation score   (accuracy)
	40.65s	 = Training   runtime
	0.23s	 = Validation runtime
			Note: Converting 4 features to boolean dtype as they only contain 2 unique values.
Fitting model: WeightedEnsemble_L2 ... Training model for up to 35.57s of the -17.49s of remaining time.
	Stage 2 Generators:
		Fitting FillNaFeatureGenerator...
Fitting model: WeightedEnsemble_L2 ... Training model for up to 29.73s of the -21.18s of remaining time.
Fitting model: WeightedEnsemble_L2 ... Training model for up to 34.7s of the -16.57s of remaining time.
	Ran out of time, early stopping on iteration 31. Best iteration is:
	[29]	valid_set's binary_error: 0.311724
	Stage 3 Generators:
		Fitting IdentityFeatureGenerator...
Fitting model: WeightedEnsemble_L2 ... Training model for up to 34.53s of the -15.93s of remaining time.
	Stage 4 Generators:
		Fitting DropUniqueFeatureGenerator...
Fitting model: WeightedEnsemble_L2 ... Training model for up to 35.13s of the -20.71s of remaining time.
	0.6883	 = Validation score   (accuracy)
	39.18s	 = Training   runtime
	0.27s	 = Validation runtime
	Stage 1 Generators:
		Fitting AsTypeFeatureGenerator...
	Ensemble Weights: {'LightGBMXT': 0.786, 'KNeighborsDist': 0.214}
	Stage 1 Generators:
	0.7434	 = Validation score   (accuracy)
		Fitting AsTypeFeatureGenerator...
	13.61s	 = Training   runtime
	0.2s	 = Validation runtime
Fitting model: WeightedEnsemble_L2 ... Training model for up to 33.81s of the -18.53s of remaining time.
AutoGluon training complete, total runtime = 95.14s ... Best model: "WeightedEnsemble_L2"
			Note: Converting 4 features to boolean dtype as they only contain 2 unique values.
	Stage 2 Generators:
		Fitting FillNaFeatureGenerator...
			Note: Converting 4 features to boolean dtype as they only contain 2 unique values.
TabularPredictor saved. To load, use: predictor = TabularPredictor.load("AutogluonModels/ag-20250416_150925-010/Predictor_S4 (SBS4 - 0.98)")
No presets specified! To achieve strong results with AutoGluon, it is recommended to use the available presets.
	Recommended Presets (For more details refer to https://auto.gluon.ai/stable/tutorials/tabular/tabular-essentials.html#presets):
	presets='best_quality'   : Maximize accuracy. Default time_limit=3600.
	presets='high_quality'   : Strong accuracy with fast inference speed. Default time_limit=3600.
	presets='good_quality'   : Good accuracy with very fast inference speed. Default time_limit=3600.
	presets='medium_quality' : Fast training time, ideal for initial prototyping.
	Stage 2 Generators:
		Fitting FillNaFeatureGenerator...
	Stage 3 Generators:
		Fitting IdentityFeatureGenerator...
	Stage 3 Generators:
		Fitting IdentityFeatureGenerator...
	Stage 4 Generators:
Beginning AutoGluon training ... Time limit = 60s
		Fitting DropUniqueFeatureGenerator...
AutoGluon will save models to "AutogluonModels/ag-20250416_150925-010/Predictor_S5 (SBS5 - 0.98)"
	Stage 4 Generators:
		Fitting DropUniqueFeatureGenerator...
=================== System Info ===================
AutoGluon Version:  1.1.0
Python Version:     3.10.15
Operating System:   Linux
Platform Machine:   x86_64
Platform Version:   #1 SMP PREEMPT_DYNAMIC Thu Apr 3 12:12:16 UTC 2025
CPU Count:          272
Memory Avail:       197.18 GB / 203.90 GB (96.7%)
Disk Space Avail:   1333.54 GB / 5120.00 GB (26.0%)
===================================================
Train Data Rows:    14495
Train Data Columns: 100
Label Column:       S5 (SBS5 - 0.98)
AutoGluon infers your prediction problem is: 'binary' (because only two unique label-values observed).
	2 unique label values:  [True, False]
	If 'binary' is not the correct problem_type, please manually specify the problem_type parameter during predictor init (You may specify problem_type as one of: ['binary', 'multiclass', 'regression'])
Problem Type:       binary
Preprocessing data ...
	Stage 5 Generators:
		Fitting DropDuplicatesFeatureGenerator...
Selected class <--> label mapping:  class 1 = True, class 0 = False
Using Feature Generators to preprocess the data ...
Fitting AutoMLPipelineFeatureGenerator...
	Available Memory:                    201916.33 MB
	Train Data (Original)  Memory Usage: 10.67 MB (0.0% of available memory)
	Inferring data type of each feature based on column values. Set feature_metadata_in to manually specify special dtypes of the features.
	Ensemble Weights: {'LightGBMXT': 0.8, 'KNeighborsDist': 0.2}
	0.6566	 = Validation score   (accuracy)
	15.16s	 = Training   runtime
	0.23s	 = Validation runtime
AutoGluon training complete, total runtime = 95.81s ... Best model: "WeightedEnsemble_L2"
TabularPredictor saved. To load, use: predictor = TabularPredictor.load("AutogluonModels/ag-20250416_150925-009/Predictor_S4 (SBS4 - 0.98)")
No presets specified! To achieve strong results with AutoGluon, it is recommended to use the available presets.
	Recommended Presets (For more details refer to https://auto.gluon.ai/stable/tutorials/tabular/tabular-essentials.html#presets):
	presets='best_quality'   : Maximize accuracy. Default time_limit=3600.
	presets='high_quality'   : Strong accuracy with fast inference speed. Default time_limit=3600.
	presets='good_quality'   : Good accuracy with very fast inference speed. Default time_limit=3600.
	presets='medium_quality' : Fast training time, ideal for initial prototyping.
Beginning AutoGluon training ... Time limit = 60s
AutoGluon will save models to "AutogluonModels/ag-20250416_150925-009/Predictor_S5 (SBS5 - 0.98)"
	Stage 5 Generators:
		Fitting DropDuplicatesFeatureGenerator...
=================== System Info ===================
AutoGluon Version:  1.1.0
Python Version:     3.10.15
Operating System:   Linux
Platform Machine:   x86_64
Platform Version:   #1 SMP PREEMPT_DYNAMIC Thu Apr 3 12:12:16 UTC 2025
CPU Count:          272
Memory Avail:       197.17 GB / 203.90 GB (96.7%)
Disk Space Avail:   1333.54 GB / 5120.00 GB (26.0%)
===================================================
Train Data Rows:    14495
Train Data Columns: 100
Label Column:       S5 (SBS5 - 0.98)
AutoGluon infers your prediction problem is: 'binary' (because only two unique label-values observed).
	2 unique label values:  [True, False]
	If 'binary' is not the correct problem_type, please manually specify the problem_type parameter during predictor init (You may specify problem_type as one of: ['binary', 'multiclass', 'regression'])
Problem Type:       binary
Preprocessing data ...
Selected class <--> label mapping:  class 1 = True, class 0 = False
Using Feature Generators to preprocess the data ...
Fitting AutoMLPipelineFeatureGenerator...
	Stage 5 Generators:
		Fitting DropDuplicatesFeatureGenerator...
	Available Memory:                    201905.90 MB
	Types of features in original data (raw dtype, special dtypes):
	Train Data (Original)  Memory Usage: 10.67 MB (0.0% of available memory)
		('bool', []) :  4 | ['S1 (SBS1 - 0.99)', 'S2 (SBS2 - 0.99)', 'S3 (SBS3 - 0.97)', 'S4 (SBS4 - 0.98)']
		('int', [])  : 96 | ['A[C>A]A', 'A[C>A]C', 'A[C>A]G', 'A[C>A]T', 'A[C>G]A', ...]
	Inferring data type of each feature based on column values. Set feature_metadata_in to manually specify special dtypes of the features.
	Types of features in processed data (raw dtype, special dtypes):
		('int', [])       : 96 | ['A[C>A]A', 'A[C>A]C', 'A[C>A]G', 'A[C>A]T', 'A[C>G]A', ...]
		('int', ['bool']) :  4 | ['S1 (SBS1 - 0.99)', 'S2 (SBS2 - 0.99)', 'S3 (SBS3 - 0.97)', 'S4 (SBS4 - 0.98)']
	16.8s = Fit runtime
	100 features in original data used to generate 100 features in processed data.
	Ensemble Weights: {'KNeighborsDist': 0.429, 'LightGBMXT': 0.429, 'KNeighborsUnif': 0.143}
	0.7055	 = Validation score   (accuracy)
	11.79s	 = Training   runtime
	0.12s	 = Validation runtime
	Types of features in original data (raw dtype, special dtypes):
		('bool', []) :  4 | ['S1 (SBS1 - 0.99)', 'S2 (SBS2 - 0.99)', 'S3 (SBS3 - 0.97)', 'S4 (SBS4 - 0.98)']
		('int', [])  : 96 | ['A[C>A]A', 'A[C>A]C', 'A[C>A]G', 'A[C>A]T', 'A[C>G]A', ...]
	Types of features in processed data (raw dtype, special dtypes):
		('int', [])       : 96 | ['A[C>A]A', 'A[C>A]C', 'A[C>A]G', 'A[C>A]T', 'A[C>G]A', ...]
		('int', ['bool']) :  4 | ['S1 (SBS1 - 0.99)', 'S2 (SBS2 - 0.99)', 'S3 (SBS3 - 0.97)', 'S4 (SBS4 - 0.98)']
	17.2s = Fit runtime
	100 features in original data used to generate 100 features in processed data.
	Train Data (Processed) Memory Usage: 10.67 MB (0.0% of available memory)
Data preprocessing and feature engineering runtime = 18.17s ...
AutoGluon will gauge predictive performance using evaluation metric: 'accuracy'
	To change this, specify the eval_metric parameter of Predictor()
AutoGluon training complete, total runtime = 93.59s ... Best model: "WeightedEnsemble_L2"
	Train Data (Processed) Memory Usage: 10.67 MB (0.0% of available memory)
	Stage 1 Generators:
		Fitting AsTypeFeatureGenerator...
	Ensemble Weights: {'LightGBMXT': 0.8, 'KNeighborsDist': 0.2}
	0.6614	 = Validation score   (accuracy)
	13.95s	 = Training   runtime
Data preprocessing and feature engineering runtime = 18.64s ...
	0.11s	 = Validation runtime
AutoGluon will gauge predictive performance using evaluation metric: 'accuracy'
	To change this, specify the eval_metric parameter of Predictor()
AutoGluon training complete, total runtime = 95.57s ... Best model: "WeightedEnsemble_L2"
Automatically generating train/validation split with holdout_frac=0.1, Train Rows: 13045, Val Rows: 1450
	Ensemble Weights: {'LightGBMXT': 0.615, 'KNeighborsUnif': 0.231, 'KNeighborsDist': 0.154}
User-specified model hyperparameters to be fit:
{
	'NN_TORCH': {},
	'GBM': [{'extra_trees': True, 'ag_args': {'name_suffix': 'XT'}}, {}, 'GBMLarge'],
	'CAT': {},
	'XGB': {},
	'FASTAI': {},
	'RF': [{'criterion': 'gini', 'ag_args': {'name_suffix': 'Gini', 'problem_types': ['binary', 'multiclass']}}, {'criterion': 'entropy', 'ag_args': {'name_suffix': 'Entr', 'problem_types': ['binary', 'multiclass']}}, {'criterion': 'squared_error', 'ag_args': {'name_suffix': 'MSE', 'problem_types': ['regression', 'quantile']}}],
	'XT': [{'criterion': 'gini', 'ag_args': {'name_suffix': 'Gini', 'problem_types': ['binary', 'multiclass']}}, {'criterion': 'entropy', 'ag_args': {'name_suffix': 'Entr', 'problem_types': ['binary', 'multiclass']}}, {'criterion': 'squared_error', 'ag_args': {'name_suffix': 'MSE', 'problem_types': ['regression', 'quantile']}}],
	'KNN': [{'weights': 'uniform', 'ag_args': {'name_suffix': 'Unif'}}, {'weights': 'distance', 'ag_args': {'name_suffix': 'Dist'}}],
}
TabularPredictor saved. To load, use: predictor = TabularPredictor.load("AutogluonModels/ag-20250416_150925-007/Predictor_S4 (SBS4 - 0.98)")
	0.7248	 = Validation score   (accuracy)
	14.56s	 = Training   runtime
	0.38s	 = Validation runtime
No presets specified! To achieve strong results with AutoGluon, it is recommended to use the available presets.
	Recommended Presets (For more details refer to https://auto.gluon.ai/stable/tutorials/tabular/tabular-essentials.html#presets):
	presets='best_quality'   : Maximize accuracy. Default time_limit=3600.
	presets='high_quality'   : Strong accuracy with fast inference speed. Default time_limit=3600.
	presets='good_quality'   : Good accuracy with very fast inference speed. Default time_limit=3600.
	presets='medium_quality' : Fast training time, ideal for initial prototyping.
Automatically generating train/validation split with holdout_frac=0.1, Train Rows: 13045, Val Rows: 1450
User-specified model hyperparameters to be fit:
{
	'NN_TORCH': {},
	'GBM': [{'extra_trees': True, 'ag_args': {'name_suffix': 'XT'}}, {}, 'GBMLarge'],
	'CAT': {},
	'XGB': {},
	'FASTAI': {},
	'RF': [{'criterion': 'gini', 'ag_args': {'name_suffix': 'Gini', 'problem_types': ['binary', 'multiclass']}}, {'criterion': 'entropy', 'ag_args': {'name_suffix': 'Entr', 'problem_types': ['binary', 'multiclass']}}, {'criterion': 'squared_error', 'ag_args': {'name_suffix': 'MSE', 'problem_types': ['regression', 'quantile']}}],
	'XT': [{'criterion': 'gini', 'ag_args': {'name_suffix': 'Gini', 'problem_types': ['binary', 'multiclass']}}, {'criterion': 'entropy', 'ag_args': {'name_suffix': 'Entr', 'problem_types': ['binary', 'multiclass']}}, {'criterion': 'squared_error', 'ag_args': {'name_suffix': 'MSE', 'problem_types': ['regression', 'quantile']}}],
	'KNN': [{'weights': 'uniform', 'ag_args': {'name_suffix': 'Unif'}}, {'weights': 'distance', 'ag_args': {'name_suffix': 'Dist'}}],
}
			Note: Converting 4 features to boolean dtype as they only contain 2 unique values.
	Stage 2 Generators:
		Fitting FillNaFeatureGenerator...
AutoGluon training complete, total runtime = 98.42s ... Best model: "WeightedEnsemble_L2"
	Types of features in original data (raw dtype, special dtypes):
		('bool', []) :  4 | ['S1 (SBS1 - 0.99)', 'S2 (SBS2 - 0.99)', 'S3 (SBS3 - 0.97)', 'S4 (SBS4 - 0.98)']
		('int', [])  : 96 | ['A[C>A]A', 'A[C>A]C', 'A[C>A]G', 'A[C>A]T', 'A[C>G]A', ...]
	Types of features in processed data (raw dtype, special dtypes):
		('int', [])       : 96 | ['A[C>A]A', 'A[C>A]C', 'A[C>A]G', 'A[C>A]T', 'A[C>G]A', ...]
		('int', ['bool']) :  4 | ['S1 (SBS1 - 0.99)', 'S2 (SBS2 - 0.99)', 'S3 (SBS3 - 0.97)', 'S4 (SBS4 - 0.98)']
	24.2s = Fit runtime
	100 features in original data used to generate 100 features in processed data.
TabularPredictor saved. To load, use: predictor = TabularPredictor.load("AutogluonModels/ag-20250416_150925-004/Predictor_S4 (SBS4 - 0.98)")
Beginning AutoGluon training ... Time limit = 60s
AutoGluon will save models to "AutogluonModels/ag-20250416_150925-007/Predictor_S5 (SBS5 - 0.98)"
	Ensemble Weights: {'LightGBMXT': 0.913, 'KNeighborsUnif': 0.087}
	0.6745	 = Validation score   (accuracy)
	12.93s	 = Training   runtime
	0.21s	 = Validation runtime
	Stage 3 Generators:
=================== System Info ===================
AutoGluon Version:  1.1.0
Python Version:     3.10.15
Operating System:   Linux
Platform Machine:   x86_64
Platform Version:   #1 SMP PREEMPT_DYNAMIC Thu Apr 3 12:12:16 UTC 2025
CPU Count:          272
Memory Avail:       197.25 GB / 203.90 GB (96.7%)
Disk Space Avail:   1333.54 GB / 5120.00 GB (26.0%)
===================================================
		Fitting IdentityFeatureGenerator...
No presets specified! To achieve strong results with AutoGluon, it is recommended to use the available presets.
	Recommended Presets (For more details refer to https://auto.gluon.ai/stable/tutorials/tabular/tabular-essentials.html#presets):
	presets='best_quality'   : Maximize accuracy. Default time_limit=3600.
	presets='high_quality'   : Strong accuracy with fast inference speed. Default time_limit=3600.
	presets='good_quality'   : Good accuracy with very fast inference speed. Default time_limit=3600.
	presets='medium_quality' : Fast training time, ideal for initial prototyping.
Train Data Rows:    14495
Fitting 13 L1 models ...
Fitting 13 L1 models ...
Train Data Columns: 100
Fitting model: KNeighborsUnif ... Training model for up to 41.36s of the 41.22s of remaining time.
Fitting model: KNeighborsUnif ... Training model for up to 41.83s of the 41.69s of remaining time.
	Train Data (Processed) Memory Usage: 10.67 MB (0.0% of available memory)
Label Column:       S5 (SBS5 - 0.98)
	Stage 4 Generators:
AutoGluon training complete, total runtime = 95.16s ... Best model: "WeightedEnsemble_L2"
Data preprocessing and feature engineering runtime = 25.15s ...
		Fitting DropUniqueFeatureGenerator...
AutoGluon will gauge predictive performance using evaluation metric: 'accuracy'
TabularPredictor saved. To load, use: predictor = TabularPredictor.load("AutogluonModels/ag-20250416_150925-005/Predictor_S4 (SBS4 - 0.98)")
AutoGluon infers your prediction problem is: 'binary' (because only two unique label-values observed).
Beginning AutoGluon training ... Time limit = 60s
	To change this, specify the eval_metric parameter of Predictor()
	2 unique label values:  [True, False]
No presets specified! To achieve strong results with AutoGluon, it is recommended to use the available presets.
	Recommended Presets (For more details refer to https://auto.gluon.ai/stable/tutorials/tabular/tabular-essentials.html#presets):
	presets='best_quality'   : Maximize accuracy. Default time_limit=3600.
	presets='high_quality'   : Strong accuracy with fast inference speed. Default time_limit=3600.
	presets='good_quality'   : Good accuracy with very fast inference speed. Default time_limit=3600.
	presets='medium_quality' : Fast training time, ideal for initial prototyping.
AutoGluon will save models to "AutogluonModels/ag-20250416_150925-004/Predictor_S5 (SBS5 - 0.98)"
	If 'binary' is not the correct problem_type, please manually specify the problem_type parameter during predictor init (You may specify problem_type as one of: ['binary', 'multiclass', 'regression'])
Problem Type:       binary
Preprocessing data ...
=================== System Info ===================
AutoGluon Version:  1.1.0
Python Version:     3.10.15
Operating System:   Linux
Platform Machine:   x86_64
Platform Version:   #1 SMP PREEMPT_DYNAMIC Thu Apr 3 12:12:16 UTC 2025
CPU Count:          272
Memory Avail:       197.25 GB / 203.90 GB (96.7%)
Disk Space Avail:   1333.54 GB / 5120.00 GB (26.0%)
===================================================
Train Data Rows:    14495
Train Data Columns: 100
Label Column:       S5 (SBS5 - 0.98)
AutoGluon infers your prediction problem is: 'binary' (because only two unique label-values observed).
	2 unique label values:  [True, False]
	If 'binary' is not the correct problem_type, please manually specify the problem_type parameter during predictor init (You may specify problem_type as one of: ['binary', 'multiclass', 'regression'])
Problem Type:       binary
Preprocessing data ...
Selected class <--> label mapping:  class 1 = True, class 0 = False
Using Feature Generators to preprocess the data ...
Fitting AutoMLPipelineFeatureGenerator...
Selected class <--> label mapping:  class 1 = True, class 0 = False
Beginning AutoGluon training ... Time limit = 60s
AutoGluon will save models to "AutogluonModels/ag-20250416_150925-005/Predictor_S5 (SBS5 - 0.98)"
Automatically generating train/validation split with holdout_frac=0.1, Train Rows: 13045, Val Rows: 1450
Using Feature Generators to preprocess the data ...
User-specified model hyperparameters to be fit:
{
	'NN_TORCH': {},
	'GBM': [{'extra_trees': True, 'ag_args': {'name_suffix': 'XT'}}, {}, 'GBMLarge'],
	'CAT': {},
	'XGB': {},
	'FASTAI': {},
	'RF': [{'criterion': 'gini', 'ag_args': {'name_suffix': 'Gini', 'problem_types': ['binary', 'multiclass']}}, {'criterion': 'entropy', 'ag_args': {'name_suffix': 'Entr', 'problem_types': ['binary', 'multiclass']}}, {'criterion': 'squared_error', 'ag_args': {'name_suffix': 'MSE', 'problem_types': ['regression', 'quantile']}}],
	'XT': [{'criterion': 'gini', 'ag_args': {'name_suffix': 'Gini', 'problem_types': ['binary', 'multiclass']}}, {'criterion': 'entropy', 'ag_args': {'name_suffix': 'Entr', 'problem_types': ['binary', 'multiclass']}}, {'criterion': 'squared_error', 'ag_args': {'name_suffix': 'MSE', 'problem_types': ['regression', 'quantile']}}],
	'KNN': [{'weights': 'uniform', 'ag_args': {'name_suffix': 'Unif'}}, {'weights': 'distance', 'ag_args': {'name_suffix': 'Dist'}}],
}
TabularPredictor saved. To load, use: predictor = TabularPredictor.load("AutogluonModels/ag-20250416_150924-001/Predictor_S4 (SBS4 - 0.98)")
Fitting AutoMLPipelineFeatureGenerator...
No presets specified! To achieve strong results with AutoGluon, it is recommended to use the available presets.
	Recommended Presets (For more details refer to https://auto.gluon.ai/stable/tutorials/tabular/tabular-essentials.html#presets):
	presets='best_quality'   : Maximize accuracy. Default time_limit=3600.
	presets='high_quality'   : Strong accuracy with fast inference speed. Default time_limit=3600.
	presets='good_quality'   : Good accuracy with very fast inference speed. Default time_limit=3600.
	presets='medium_quality' : Fast training time, ideal for initial prototyping.
	Ensemble Weights: {'LightGBMXT': 0.571, 'KNeighborsDist': 0.286, 'KNeighborsUnif': 0.143}
=================== System Info ===================
AutoGluon Version:  1.1.0
Python Version:     3.10.15
Operating System:   Linux
Platform Machine:   x86_64
Platform Version:   #1 SMP PREEMPT_DYNAMIC Thu Apr 3 12:12:16 UTC 2025
CPU Count:          272
Memory Avail:       197.23 GB / 203.90 GB (96.7%)
Disk Space Avail:   1333.52 GB / 5120.00 GB (26.0%)
===================================================
	0.689	 = Validation score   (accuracy)
Train Data Rows:    14495
	Available Memory:                    201969.34 MB
	Ensemble Weights: {'LightGBMXT': 0.667, 'KNeighborsDist': 0.333}
	12.91s	 = Training   runtime
Train Data Columns: 100
	Train Data (Original)  Memory Usage: 10.67 MB (0.0% of available memory)
	0.7455	 = Validation score   (accuracy)
	Stage 1 Generators:
	0.15s	 = Validation runtime
Label Column:       S5 (SBS5 - 0.98)
	Inferring data type of each feature based on column values. Set feature_metadata_in to manually specify special dtypes of the features.
	12.27s	 = Training   runtime
		Fitting AsTypeFeatureGenerator...
	Available Memory:                    201978.71 MB
AutoGluon infers your prediction problem is: 'binary' (because only two unique label-values observed).
	0.13s	 = Validation runtime
	Train Data (Original)  Memory Usage: 10.67 MB (0.0% of available memory)
Beginning AutoGluon training ... Time limit = 60s
	2 unique label values:  [True, False]
Fitting 13 L1 models ...
	Ensemble Weights: {'LightGBMXT': 0.68, 'KNeighborsDist': 0.32}
AutoGluon will save models to "AutogluonModels/ag-20250416_150924-001/Predictor_S5 (SBS5 - 0.98)"
	Inferring data type of each feature based on column values. Set feature_metadata_in to manually specify special dtypes of the features.
	If 'binary' is not the correct problem_type, please manually specify the problem_type parameter during predictor init (You may specify problem_type as one of: ['binary', 'multiclass', 'regression'])
AutoGluon training complete, total runtime = 96.9s ... Best model: "WeightedEnsemble_L2"
Fitting model: KNeighborsUnif ... Training model for up to 34.85s of the 34.64s of remaining time.
	0.7434	 = Validation score   (accuracy)
Problem Type:       binary
	12.84s	 = Training   runtime
AutoGluon training complete, total runtime = 92.78s ... Best model: "WeightedEnsemble_L2"
Preprocessing data ...
	0.11s	 = Validation runtime
=================== System Info ===================
AutoGluon Version:  1.1.0
Python Version:     3.10.15
Operating System:   Linux
Platform Machine:   x86_64
Platform Version:   #1 SMP PREEMPT_DYNAMIC Thu Apr 3 12:12:16 UTC 2025
CPU Count:          272
Memory Avail:       197.24 GB / 203.90 GB (96.7%)
Disk Space Avail:   1333.52 GB / 5120.00 GB (26.0%)
===================================================
Train Data Rows:    14495
Train Data Columns: 100
Label Column:       S5 (SBS5 - 0.98)
Selected class <--> label mapping:  class 1 = True, class 0 = False
AutoGluon infers your prediction problem is: 'binary' (because only two unique label-values observed).
	2 unique label values:  [True, False]
	If 'binary' is not the correct problem_type, please manually specify the problem_type parameter during predictor init (You may specify problem_type as one of: ['binary', 'multiclass', 'regression'])
Problem Type:       binary
Preprocessing data ...
			Note: Converting 4 features to boolean dtype as they only contain 2 unique values.
	Ensemble Weights: {'LightGBMXT': 0.643, 'KNeighborsDist': 0.214, 'KNeighborsUnif': 0.143}
	0.7283	 = Validation score   (accuracy)
Using Feature Generators to preprocess the data ...
	13.13s	 = Training   runtime
Fitting AutoMLPipelineFeatureGenerator...
	0.16s	 = Validation runtime
Selected class <--> label mapping:  class 1 = True, class 0 = False
	Stage 2 Generators:
AutoGluon training complete, total runtime = 97.58s ... Best model: "WeightedEnsemble_L2"
Using Feature Generators to preprocess the data ...
		Fitting FillNaFeatureGenerator...
TabularPredictor saved. To load, use: predictor = TabularPredictor.load("AutogluonModels/ag-20250416_150924-002/Predictor_S4 (SBS4 - 0.98)")
TabularPredictor saved. To load, use: predictor = TabularPredictor.load("AutogluonModels/ag-20250416_150926/Predictor_S4 (SBS4 - 0.98)")
Fitting AutoMLPipelineFeatureGenerator...
No presets specified! To achieve strong results with AutoGluon, it is recommended to use the available presets.
	Recommended Presets (For more details refer to https://auto.gluon.ai/stable/tutorials/tabular/tabular-essentials.html#presets):
	presets='best_quality'   : Maximize accuracy. Default time_limit=3600.
	presets='high_quality'   : Strong accuracy with fast inference speed. Default time_limit=3600.
	presets='good_quality'   : Good accuracy with very fast inference speed. Default time_limit=3600.
	presets='medium_quality' : Fast training time, ideal for initial prototyping.
No presets specified! To achieve strong results with AutoGluon, it is recommended to use the available presets.
	Recommended Presets (For more details refer to https://auto.gluon.ai/stable/tutorials/tabular/tabular-essentials.html#presets):
	presets='best_quality'   : Maximize accuracy. Default time_limit=3600.
	presets='high_quality'   : Strong accuracy with fast inference speed. Default time_limit=3600.
	presets='good_quality'   : Good accuracy with very fast inference speed. Default time_limit=3600.
	presets='medium_quality' : Fast training time, ideal for initial prototyping.
	Available Memory:                    201953.29 MB
AutoGluon training complete, total runtime = 92.07s ... Best model: "WeightedEnsemble_L2"
	Train Data (Original)  Memory Usage: 10.67 MB (0.0% of available memory)
	Stage 3 Generators:
	Inferring data type of each feature based on column values. Set feature_metadata_in to manually specify special dtypes of the features.
		Fitting IdentityFeatureGenerator...
	Available Memory:                    201954.02 MB
	Ensemble Weights: {'LightGBMXT': 0.5, 'KNeighborsDist': 0.375, 'KNeighborsUnif': 0.125}
	Train Data (Original)  Memory Usage: 10.67 MB (0.0% of available memory)
	0.6966	 = Validation score   (accuracy)
Beginning AutoGluon training ... Time limit = 60s
TabularPredictor saved. To load, use: predictor = TabularPredictor.load("AutogluonModels/ag-20250416_150926-001/Predictor_S4 (SBS4 - 0.98)")
	Inferring data type of each feature based on column values. Set feature_metadata_in to manually specify special dtypes of the features.
	Ensemble Weights: {'LightGBMXT': 0.6, 'KNeighborsDist': 0.3, 'KNeighborsUnif': 0.1}
Beginning AutoGluon training ... Time limit = 60s
	14.94s	 = Training   runtime
AutoGluon will save models to "AutogluonModels/ag-20250416_150926/Predictor_S5 (SBS5 - 0.98)"
	0.7476	 = Validation score   (accuracy)
No presets specified! To achieve strong results with AutoGluon, it is recommended to use the available presets.
	Recommended Presets (For more details refer to https://auto.gluon.ai/stable/tutorials/tabular/tabular-essentials.html#presets):
	presets='best_quality'   : Maximize accuracy. Default time_limit=3600.
	presets='high_quality'   : Strong accuracy with fast inference speed. Default time_limit=3600.
	presets='good_quality'   : Good accuracy with very fast inference speed. Default time_limit=3600.
	presets='medium_quality' : Fast training time, ideal for initial prototyping.
AutoGluon will save models to "AutogluonModels/ag-20250416_150924-002/Predictor_S5 (SBS5 - 0.98)"
	0.21s	 = Validation runtime
	13.81s	 = Training   runtime
	Stage 4 Generators:
TabularPredictor saved. To load, use: predictor = TabularPredictor.load("AutogluonModels/ag-20250416_150924/Predictor_S4 (SBS4 - 0.98)")
=================== System Info ===================
AutoGluon Version:  1.1.0
Python Version:     3.10.15
Operating System:   Linux
Platform Machine:   x86_64
Platform Version:   #1 SMP PREEMPT_DYNAMIC Thu Apr 3 12:12:16 UTC 2025
CPU Count:          272
Memory Avail:       197.26 GB / 203.90 GB (96.7%)
Disk Space Avail:   1333.52 GB / 5120.00 GB (26.0%)
===================================================
	0.28s	 = Validation runtime
		Fitting DropUniqueFeatureGenerator...
Train Data Rows:    14495
=================== System Info ===================
AutoGluon Version:  1.1.0
Python Version:     3.10.15
Operating System:   Linux
Platform Machine:   x86_64
Platform Version:   #1 SMP PREEMPT_DYNAMIC Thu Apr 3 12:12:16 UTC 2025
CPU Count:          272
Memory Avail:       197.25 GB / 203.90 GB (96.7%)
Disk Space Avail:   1333.52 GB / 5120.00 GB (26.0%)
===================================================
	Stage 5 Generators:
No presets specified! To achieve strong results with AutoGluon, it is recommended to use the available presets.
	Recommended Presets (For more details refer to https://auto.gluon.ai/stable/tutorials/tabular/tabular-essentials.html#presets):
	presets='best_quality'   : Maximize accuracy. Default time_limit=3600.
	presets='high_quality'   : Strong accuracy with fast inference speed. Default time_limit=3600.
	presets='good_quality'   : Good accuracy with very fast inference speed. Default time_limit=3600.
	presets='medium_quality' : Fast training time, ideal for initial prototyping.
Train Data Columns: 100
Train Data Rows:    14495
		Fitting DropDuplicatesFeatureGenerator...
Label Column:       S5 (SBS5 - 0.98)
Train Data Columns: 100
Label Column:       S5 (SBS5 - 0.98)
AutoGluon training complete, total runtime = 97.3s ... Best model: "WeightedEnsemble_L2"
AutoGluon infers your prediction problem is: 'binary' (because only two unique label-values observed).
	2 unique label values:  [True, False]
	If 'binary' is not the correct problem_type, please manually specify the problem_type parameter during predictor init (You may specify problem_type as one of: ['binary', 'multiclass', 'regression'])
Problem Type:       binary
Preprocessing data ...
AutoGluon infers your prediction problem is: 'binary' (because only two unique label-values observed).
	2 unique label values:  [True, False]
	If 'binary' is not the correct problem_type, please manually specify the problem_type parameter during predictor init (You may specify problem_type as one of: ['binary', 'multiclass', 'regression'])
Problem Type:       binary
Preprocessing data ...
AutoGluon training complete, total runtime = 99.87s ... Best model: "WeightedEnsemble_L2"
	Ensemble Weights: {'LightGBMXT': 0.571, 'KNeighborsDist': 0.429}
Beginning AutoGluon training ... Time limit = 60s
Selected class <--> label mapping:  class 1 = True, class 0 = False
	0.7345	 = Validation score   (accuracy)
Selected class <--> label mapping:  class 1 = True, class 0 = False
AutoGluon will save models to "AutogluonModels/ag-20250416_150926-001/Predictor_S5 (SBS5 - 0.98)"
Using Feature Generators to preprocess the data ...
	13.39s	 = Training   runtime
Beginning AutoGluon training ... Time limit = 60s
Using Feature Generators to preprocess the data ...
Fitting AutoMLPipelineFeatureGenerator...
	0.28s	 = Validation runtime
AutoGluon will save models to "AutogluonModels/ag-20250416_150924/Predictor_S5 (SBS5 - 0.98)"
	Stage 1 Generators:
Fitting AutoMLPipelineFeatureGenerator...
=================== System Info ===================
AutoGluon Version:  1.1.0
Python Version:     3.10.15
Operating System:   Linux
Platform Machine:   x86_64
Platform Version:   #1 SMP PREEMPT_DYNAMIC Thu Apr 3 12:12:16 UTC 2025
CPU Count:          272
Memory Avail:       197.25 GB / 203.90 GB (96.7%)
Disk Space Avail:   1333.52 GB / 5120.00 GB (26.0%)
===================================================
		Fitting AsTypeFeatureGenerator...
=================== System Info ===================
AutoGluon Version:  1.1.0
Python Version:     3.10.15
Operating System:   Linux
Platform Machine:   x86_64
Platform Version:   #1 SMP PREEMPT_DYNAMIC Thu Apr 3 12:12:16 UTC 2025
CPU Count:          272
Memory Avail:       197.25 GB / 203.90 GB (96.7%)
Disk Space Avail:   1333.52 GB / 5120.00 GB (26.0%)
===================================================
TabularPredictor saved. To load, use: predictor = TabularPredictor.load("AutogluonModels/ag-20250416_150925-003/Predictor_S4 (SBS4 - 0.98)")
Train Data Rows:    14495
Train Data Rows:    14495
	Types of features in original data (raw dtype, special dtypes):
TabularPredictor saved. To load, use: predictor = TabularPredictor.load("AutogluonModels/ag-20250416_150925/Predictor_S4 (SBS4 - 0.98)")
No presets specified! To achieve strong results with AutoGluon, it is recommended to use the available presets.
	Recommended Presets (For more details refer to https://auto.gluon.ai/stable/tutorials/tabular/tabular-essentials.html#presets):
	presets='best_quality'   : Maximize accuracy. Default time_limit=3600.
	presets='high_quality'   : Strong accuracy with fast inference speed. Default time_limit=3600.
	presets='good_quality'   : Good accuracy with very fast inference speed. Default time_limit=3600.
	presets='medium_quality' : Fast training time, ideal for initial prototyping.
Train Data Columns: 100
Train Data Columns: 100
	Available Memory:                    202007.56 MB
		('bool', []) :  4 | ['S1 (SBS1 - 0.99)', 'S2 (SBS2 - 0.99)', 'S3 (SBS3 - 0.97)', 'S4 (SBS4 - 0.98)']
No presets specified! To achieve strong results with AutoGluon, it is recommended to use the available presets.
	Recommended Presets (For more details refer to https://auto.gluon.ai/stable/tutorials/tabular/tabular-essentials.html#presets):
	presets='best_quality'   : Maximize accuracy. Default time_limit=3600.
	presets='high_quality'   : Strong accuracy with fast inference speed. Default time_limit=3600.
	presets='good_quality'   : Good accuracy with very fast inference speed. Default time_limit=3600.
	presets='medium_quality' : Fast training time, ideal for initial prototyping.
Label Column:       S5 (SBS5 - 0.98)
Label Column:       S5 (SBS5 - 0.98)
AutoGluon training complete, total runtime = 95.07s ... Best model: "WeightedEnsemble_L2"
	Train Data (Original)  Memory Usage: 10.67 MB (0.0% of available memory)
		('int', [])  : 96 | ['A[C>A]A', 'A[C>A]C', 'A[C>A]G', 'A[C>A]T', 'A[C>G]A', ...]
	Available Memory:                    202007.80 MB
AutoGluon infers your prediction problem is: 'binary' (because only two unique label-values observed).
AutoGluon infers your prediction problem is: 'binary' (because only two unique label-values observed).
	Types of features in processed data (raw dtype, special dtypes):
	Inferring data type of each feature based on column values. Set feature_metadata_in to manually specify special dtypes of the features.
	Train Data (Original)  Memory Usage: 10.67 MB (0.0% of available memory)
	2 unique label values:  [True, False]
	Stage 1 Generators:
	2 unique label values:  [True, False]
		('int', [])       : 96 | ['A[C>A]A', 'A[C>A]C', 'A[C>A]G', 'A[C>A]T', 'A[C>G]A', ...]
			Note: Converting 4 features to boolean dtype as they only contain 2 unique values.
	Inferring data type of each feature based on column values. Set feature_metadata_in to manually specify special dtypes of the features.
	If 'binary' is not the correct problem_type, please manually specify the problem_type parameter during predictor init (You may specify problem_type as one of: ['binary', 'multiclass', 'regression'])
Beginning AutoGluon training ... Time limit = 60s
		Fitting AsTypeFeatureGenerator...
	If 'binary' is not the correct problem_type, please manually specify the problem_type parameter during predictor init (You may specify problem_type as one of: ['binary', 'multiclass', 'regression'])
		('int', ['bool']) :  4 | ['S1 (SBS1 - 0.99)', 'S2 (SBS2 - 0.99)', 'S3 (SBS3 - 0.97)', 'S4 (SBS4 - 0.98)']
Problem Type:       binary
Beginning AutoGluon training ... Time limit = 60s
AutoGluon will save models to "AutogluonModels/ag-20250416_150925-003/Predictor_S5 (SBS5 - 0.98)"
Problem Type:       binary
	12.8s = Fit runtime
	Stage 2 Generators:
	0.8807	 = Validation score   (accuracy)
Preprocessing data ...
AutoGluon will save models to "AutogluonModels/ag-20250416_150925/Predictor_S5 (SBS5 - 0.98)"
Preprocessing data ...
TabularPredictor saved. To load, use: predictor = TabularPredictor.load("AutogluonModels/ag-20250416_150925-001/Predictor_S4 (SBS4 - 0.98)")
	0.8834	 = Validation score   (accuracy)
	100 features in original data used to generate 100 features in processed data.
=================== System Info ===================
AutoGluon Version:  1.1.0
Python Version:     3.10.15
Operating System:   Linux
Platform Machine:   x86_64
Platform Version:   #1 SMP PREEMPT_DYNAMIC Thu Apr 3 12:12:16 UTC 2025
CPU Count:          272
Memory Avail:       197.25 GB / 203.90 GB (96.7%)
Disk Space Avail:   1333.50 GB / 5120.00 GB (26.0%)
===================================================
		Fitting FillNaFeatureGenerator...
	4.08s	 = Training   runtime
No presets specified! To achieve strong results with AutoGluon, it is recommended to use the available presets.
	Recommended Presets (For more details refer to https://auto.gluon.ai/stable/tutorials/tabular/tabular-essentials.html#presets):
	presets='best_quality'   : Maximize accuracy. Default time_limit=3600.
	presets='high_quality'   : Strong accuracy with fast inference speed. Default time_limit=3600.
	presets='good_quality'   : Good accuracy with very fast inference speed. Default time_limit=3600.
	presets='medium_quality' : Fast training time, ideal for initial prototyping.
=================== System Info ===================
AutoGluon Version:  1.1.0
Python Version:     3.10.15
Operating System:   Linux
Platform Machine:   x86_64
Platform Version:   #1 SMP PREEMPT_DYNAMIC Thu Apr 3 12:12:16 UTC 2025
CPU Count:          272
Memory Avail:       197.22 GB / 203.90 GB (96.7%)
Disk Space Avail:   1333.50 GB / 5120.00 GB (26.0%)
===================================================
	4.31s	 = Training   runtime
Selected class <--> label mapping:  class 1 = True, class 0 = False
Selected class <--> label mapping:  class 1 = True, class 0 = False
Train Data Rows:    14495
	1.88s	 = Validation runtime
	Stage 5 Generators:
			Note: Converting 4 features to boolean dtype as they only contain 2 unique values.
Train Data Rows:    14495
	1.69s	 = Validation runtime
Using Feature Generators to preprocess the data ...
Train Data Columns: 100
	Stage 3 Generators:
	Train Data (Processed) Memory Usage: 10.67 MB (0.0% of available memory)
Using Feature Generators to preprocess the data ...
		Fitting DropDuplicatesFeatureGenerator...
Train Data Columns: 100
Fitting model: KNeighborsDist ... Training model for up to 34.14s of the 34.0s of remaining time.
Fitting AutoMLPipelineFeatureGenerator...
Label Column:       S5 (SBS5 - 0.98)
Beginning AutoGluon training ... Time limit = 60s
Fitting model: KNeighborsDist ... Training model for up to 34.61s of the 34.47s of remaining time.
		Fitting IdentityFeatureGenerator...
Fitting AutoMLPipelineFeatureGenerator...
Data preprocessing and feature engineering runtime = 14.98s ...
Label Column:       S5 (SBS5 - 0.98)
	Stage 2 Generators:
AutoGluon will save models to "AutogluonModels/ag-20250416_150925-001/Predictor_S5 (SBS5 - 0.98)"
AutoGluon infers your prediction problem is: 'binary' (because only two unique label-values observed).
AutoGluon will gauge predictive performance using evaluation metric: 'accuracy'
		Fitting FillNaFeatureGenerator...
AutoGluon infers your prediction problem is: 'binary' (because only two unique label-values observed).
	2 unique label values:  [True, False]
	Stage 1 Generators:
	To change this, specify the eval_metric parameter of Predictor()
	2 unique label values:  [True, False]
	If 'binary' is not the correct problem_type, please manually specify the problem_type parameter during predictor init (You may specify problem_type as one of: ['binary', 'multiclass', 'regression'])
=================== System Info ===================
AutoGluon Version:  1.1.0
Python Version:     3.10.15
Operating System:   Linux
Platform Machine:   x86_64
Platform Version:   #1 SMP PREEMPT_DYNAMIC Thu Apr 3 12:12:16 UTC 2025
CPU Count:          272
Memory Avail:       197.20 GB / 203.90 GB (96.7%)
Disk Space Avail:   1333.50 GB / 5120.00 GB (26.0%)
===================================================
		Fitting AsTypeFeatureGenerator...
	Stage 4 Generators:
	Available Memory:                    201947.50 MB
	If 'binary' is not the correct problem_type, please manually specify the problem_type parameter during predictor init (You may specify problem_type as one of: ['binary', 'multiclass', 'regression'])
Problem Type:       binary
Train Data Rows:    14495
	Stage 3 Generators:
		Fitting DropUniqueFeatureGenerator...
	Train Data (Original)  Memory Usage: 10.67 MB (0.0% of available memory)
	Available Memory:                    201947.56 MB
Problem Type:       binary
Preprocessing data ...
	Stage 1 Generators:
Train Data Columns: 100
		Fitting IdentityFeatureGenerator...
	Train Data (Original)  Memory Usage: 10.67 MB (0.0% of available memory)
	Inferring data type of each feature based on column values. Set feature_metadata_in to manually specify special dtypes of the features.
Preprocessing data ...
		Fitting AsTypeFeatureGenerator...
Label Column:       S5 (SBS5 - 0.98)
Selected class <--> label mapping:  class 1 = True, class 0 = False
	Inferring data type of each feature based on column values. Set feature_metadata_in to manually specify special dtypes of the features.
Automatically generating train/validation split with holdout_frac=0.1, Train Rows: 13045, Val Rows: 1450
AutoGluon infers your prediction problem is: 'binary' (because only two unique label-values observed).
	Stage 4 Generators:
Selected class <--> label mapping:  class 1 = True, class 0 = False
Using Feature Generators to preprocess the data ...
User-specified model hyperparameters to be fit:
{
	'NN_TORCH': {},
	'GBM': [{'extra_trees': True, 'ag_args': {'name_suffix': 'XT'}}, {}, 'GBMLarge'],
	'CAT': {},
	'XGB': {},
	'FASTAI': {},
	'RF': [{'criterion': 'gini', 'ag_args': {'name_suffix': 'Gini', 'problem_types': ['binary', 'multiclass']}}, {'criterion': 'entropy', 'ag_args': {'name_suffix': 'Entr', 'problem_types': ['binary', 'multiclass']}}, {'criterion': 'squared_error', 'ag_args': {'name_suffix': 'MSE', 'problem_types': ['regression', 'quantile']}}],
	'XT': [{'criterion': 'gini', 'ag_args': {'name_suffix': 'Gini', 'problem_types': ['binary', 'multiclass']}}, {'criterion': 'entropy', 'ag_args': {'name_suffix': 'Entr', 'problem_types': ['binary', 'multiclass']}}, {'criterion': 'squared_error', 'ag_args': {'name_suffix': 'MSE', 'problem_types': ['regression', 'quantile']}}],
	'KNN': [{'weights': 'uniform', 'ag_args': {'name_suffix': 'Unif'}}, {'weights': 'distance', 'ag_args': {'name_suffix': 'Dist'}}],
}
	2 unique label values:  [True, False]
		Fitting DropUniqueFeatureGenerator...
Fitting AutoMLPipelineFeatureGenerator...
Using Feature Generators to preprocess the data ...
	If 'binary' is not the correct problem_type, please manually specify the problem_type parameter during predictor init (You may specify problem_type as one of: ['binary', 'multiclass', 'regression'])
Fitting AutoMLPipelineFeatureGenerator...
Problem Type:       binary
Preprocessing data ...
			Note: Converting 4 features to boolean dtype as they only contain 2 unique values.
	0.8731	 = Validation score   (accuracy)
	5.34s	 = Training   runtime
	2.28s	 = Validation runtime
Selected class <--> label mapping:  class 1 = True, class 0 = False
	Available Memory:                    201922.57 MB
	Train Data (Original)  Memory Usage: 10.67 MB (0.0% of available memory)
	Inferring data type of each feature based on column values. Set feature_metadata_in to manually specify special dtypes of the features.
Using Feature Generators to preprocess the data ...
Fitting AutoMLPipelineFeatureGenerator...
Fitting model: KNeighborsDist ... Training model for up to 26.43s of the 26.23s of remaining time.
	Stage 2 Generators:
	Available Memory:                    201922.47 MB
			Note: Converting 4 features to boolean dtype as they only contain 2 unique values.
Fitting 13 L1 models ...
		Fitting FillNaFeatureGenerator...
	Train Data (Original)  Memory Usage: 10.67 MB (0.0% of available memory)
Fitting model: KNeighborsUnif ... Training model for up to 45.02s of the 44.84s of remaining time.
	Inferring data type of each feature based on column values. Set feature_metadata_in to manually specify special dtypes of the features.
	Stage 2 Generators:
		Fitting FillNaFeatureGenerator...
	Available Memory:                    201926.02 MB
	Train Data (Original)  Memory Usage: 10.67 MB (0.0% of available memory)
	Inferring data type of each feature based on column values. Set feature_metadata_in to manually specify special dtypes of the features.
	Stage 3 Generators:
	Stage 1 Generators:
		Fitting IdentityFeatureGenerator...
		Fitting AsTypeFeatureGenerator...
	Stage 3 Generators:
		Fitting IdentityFeatureGenerator...
	Stage 4 Generators:
	Stage 1 Generators:
		Fitting DropUniqueFeatureGenerator...
		Fitting AsTypeFeatureGenerator...
	Stage 4 Generators:
		Fitting DropUniqueFeatureGenerator...
			Note: Converting 4 features to boolean dtype as they only contain 2 unique values.
	Stage 5 Generators:
		Fitting DropDuplicatesFeatureGenerator...
	Stage 2 Generators:
		Fitting FillNaFeatureGenerator...
	Stage 3 Generators:
		Fitting IdentityFeatureGenerator...
			Note: Converting 4 features to boolean dtype as they only contain 2 unique values.
	Stage 2 Generators:
		Fitting FillNaFeatureGenerator...
	Stage 4 Generators:
		Fitting DropUniqueFeatureGenerator...
	Stage 3 Generators:
		Fitting IdentityFeatureGenerator...
	Stage 4 Generators:
		Fitting DropUniqueFeatureGenerator...
	Stage 1 Generators:
		Fitting AsTypeFeatureGenerator...
	Types of features in original data (raw dtype, special dtypes):
	Stage 5 Generators:
		('bool', []) :  4 | ['S1 (SBS1 - 0.99)', 'S2 (SBS2 - 0.99)', 'S3 (SBS3 - 0.97)', 'S4 (SBS4 - 0.98)']
		Fitting DropDuplicatesFeatureGenerator...
		('int', [])  : 96 | ['A[C>A]A', 'A[C>A]C', 'A[C>A]G', 'A[C>A]T', 'A[C>G]A', ...]
	Types of features in processed data (raw dtype, special dtypes):
		('int', [])       : 96 | ['A[C>A]A', 'A[C>A]C', 'A[C>A]G', 'A[C>A]T', 'A[C>G]A', ...]
		('int', ['bool']) :  4 | ['S1 (SBS1 - 0.99)', 'S2 (SBS2 - 0.99)', 'S3 (SBS3 - 0.97)', 'S4 (SBS4 - 0.98)']
	20.0s = Fit runtime
	100 features in original data used to generate 100 features in processed data.
	Stage 1 Generators:
		Fitting AsTypeFeatureGenerator...
	Stage 5 Generators:
		Fitting DropDuplicatesFeatureGenerator...
	Stage 1 Generators:
		Fitting AsTypeFeatureGenerator...
	Train Data (Processed) Memory Usage: 10.67 MB (0.0% of available memory)
Data preprocessing and feature engineering runtime = 21.44s ...
AutoGluon will gauge predictive performance using evaluation metric: 'accuracy'
	To change this, specify the eval_metric parameter of Predictor()
	Stage 1 Generators:
		Fitting AsTypeFeatureGenerator...
	Stage 5 Generators:
		Fitting DropDuplicatesFeatureGenerator...
	Types of features in original data (raw dtype, special dtypes):
		('bool', []) :  4 | ['S1 (SBS1 - 0.99)', 'S2 (SBS2 - 0.99)', 'S3 (SBS3 - 0.97)', 'S4 (SBS4 - 0.98)']
		('int', [])  : 96 | ['A[C>A]A', 'A[C>A]C', 'A[C>A]G', 'A[C>A]T', 'A[C>G]A', ...]
			Note: Converting 4 features to boolean dtype as they only contain 2 unique values.
	Types of features in processed data (raw dtype, special dtypes):
Automatically generating train/validation split with holdout_frac=0.1, Train Rows: 13045, Val Rows: 1450
		('int', [])       : 96 | ['A[C>A]A', 'A[C>A]C', 'A[C>A]G', 'A[C>A]T', 'A[C>G]A', ...]
User-specified model hyperparameters to be fit:
{
	'NN_TORCH': {},
	'GBM': [{'extra_trees': True, 'ag_args': {'name_suffix': 'XT'}}, {}, 'GBMLarge'],
	'CAT': {},
	'XGB': {},
	'FASTAI': {},
	'RF': [{'criterion': 'gini', 'ag_args': {'name_suffix': 'Gini', 'problem_types': ['binary', 'multiclass']}}, {'criterion': 'entropy', 'ag_args': {'name_suffix': 'Entr', 'problem_types': ['binary', 'multiclass']}}, {'criterion': 'squared_error', 'ag_args': {'name_suffix': 'MSE', 'problem_types': ['regression', 'quantile']}}],
	'XT': [{'criterion': 'gini', 'ag_args': {'name_suffix': 'Gini', 'problem_types': ['binary', 'multiclass']}}, {'criterion': 'entropy', 'ag_args': {'name_suffix': 'Entr', 'problem_types': ['binary', 'multiclass']}}, {'criterion': 'squared_error', 'ag_args': {'name_suffix': 'MSE', 'problem_types': ['regression', 'quantile']}}],
	'KNN': [{'weights': 'uniform', 'ag_args': {'name_suffix': 'Unif'}}, {'weights': 'distance', 'ag_args': {'name_suffix': 'Dist'}}],
}
		('int', ['bool']) :  4 | ['S1 (SBS1 - 0.99)', 'S2 (SBS2 - 0.99)', 'S3 (SBS3 - 0.97)', 'S4 (SBS4 - 0.98)']
	17.1s = Fit runtime
	100 features in original data used to generate 100 features in processed data.
	Stage 2 Generators:
			Note: Converting 4 features to boolean dtype as they only contain 2 unique values.
		Fitting FillNaFeatureGenerator...
	0.8834	 = Validation score   (accuracy)
	0.8855	 = Validation score   (accuracy)
	8.34s	 = Training   runtime
	8.1s	 = Training   runtime
	2.54s	 = Validation runtime
	2.55s	 = Validation runtime
			Note: Converting 4 features to boolean dtype as they only contain 2 unique values.
	Stage 2 Generators:
	Stage 1 Generators:
	Train Data (Processed) Memory Usage: 10.67 MB (0.0% of available memory)
		Fitting FillNaFeatureGenerator...
		Fitting AsTypeFeatureGenerator...
Fitting model: LightGBMXT ... Training model for up to 22.77s of the 22.63s of remaining time.
Data preprocessing and feature engineering runtime = 19.06s ...
Fitting model: LightGBMXT ... Training model for up to 22.04s of the 21.9s of remaining time.
	Stage 2 Generators:
	Stage 3 Generators:
	Stage 5 Generators:
AutoGluon will gauge predictive performance using evaluation metric: 'accuracy'
Fitting 13 L1 models ...
		Fitting FillNaFeatureGenerator...
		Fitting IdentityFeatureGenerator...
	Stage 3 Generators:
		Fitting DropDuplicatesFeatureGenerator...
	To change this, specify the eval_metric parameter of Predictor()
	Types of features in original data (raw dtype, special dtypes):
Fitting model: KNeighborsUnif ... Training model for up to 38.55s of the 38.17s of remaining time.
		Fitting IdentityFeatureGenerator...
		('bool', []) :  4 | ['S1 (SBS1 - 0.99)', 'S2 (SBS2 - 0.99)', 'S3 (SBS3 - 0.97)', 'S4 (SBS4 - 0.98)']
		('int', [])  : 96 | ['A[C>A]A', 'A[C>A]C', 'A[C>A]G', 'A[C>A]T', 'A[C>G]A', ...]
	Types of features in processed data (raw dtype, special dtypes):
		('int', [])       : 96 | ['A[C>A]A', 'A[C>A]C', 'A[C>A]G', 'A[C>A]T', 'A[C>G]A', ...]
		('int', ['bool']) :  4 | ['S1 (SBS1 - 0.99)', 'S2 (SBS2 - 0.99)', 'S3 (SBS3 - 0.97)', 'S4 (SBS4 - 0.98)']
	17.1s = Fit runtime
	100 features in original data used to generate 100 features in processed data.
	Stage 4 Generators:
		Fitting DropUniqueFeatureGenerator...
			Note: Converting 4 features to boolean dtype as they only contain 2 unique values.
	Stage 2 Generators:
	Stage 3 Generators:
	Train Data (Processed) Memory Usage: 10.67 MB (0.0% of available memory)
		Fitting FillNaFeatureGenerator...
	Stage 4 Generators:
		Fitting IdentityFeatureGenerator...
	0.8745	 = Validation score   (accuracy)
Data preprocessing and feature engineering runtime = 19.47s ...
		Fitting DropUniqueFeatureGenerator...
	7.91s	 = Training   runtime
AutoGluon will gauge predictive performance using evaluation metric: 'accuracy'
	2.42s	 = Validation runtime
			Note: Converting 4 features to boolean dtype as they only contain 2 unique values.
	To change this, specify the eval_metric parameter of Predictor()
	Stage 3 Generators:
Automatically generating train/validation split with holdout_frac=0.1, Train Rows: 13045, Val Rows: 1450
	Stage 4 Generators:
	Stage 5 Generators:
		Fitting IdentityFeatureGenerator...
Fitting model: LightGBMXT ... Training model for up to 15.03s of the 14.82s of remaining time.
User-specified model hyperparameters to be fit:
{
	'NN_TORCH': {},
	'GBM': [{'extra_trees': True, 'ag_args': {'name_suffix': 'XT'}}, {}, 'GBMLarge'],
	'CAT': {},
	'XGB': {},
	'FASTAI': {},
	'RF': [{'criterion': 'gini', 'ag_args': {'name_suffix': 'Gini', 'problem_types': ['binary', 'multiclass']}}, {'criterion': 'entropy', 'ag_args': {'name_suffix': 'Entr', 'problem_types': ['binary', 'multiclass']}}, {'criterion': 'squared_error', 'ag_args': {'name_suffix': 'MSE', 'problem_types': ['regression', 'quantile']}}],
	'XT': [{'criterion': 'gini', 'ag_args': {'name_suffix': 'Gini', 'problem_types': ['binary', 'multiclass']}}, {'criterion': 'entropy', 'ag_args': {'name_suffix': 'Entr', 'problem_types': ['binary', 'multiclass']}}, {'criterion': 'squared_error', 'ag_args': {'name_suffix': 'MSE', 'problem_types': ['regression', 'quantile']}}],
	'KNN': [{'weights': 'uniform', 'ag_args': {'name_suffix': 'Unif'}}, {'weights': 'distance', 'ag_args': {'name_suffix': 'Dist'}}],
}
		Fitting DropUniqueFeatureGenerator...
		Fitting DropDuplicatesFeatureGenerator...
	Stage 2 Generators:
		Fitting FillNaFeatureGenerator...
	0.8779	 = Validation score   (accuracy)
	8.24s	 = Training   runtime
	2.63s	 = Validation runtime
	Stage 4 Generators:
		Fitting DropUniqueFeatureGenerator...
Automatically generating train/validation split with holdout_frac=0.1, Train Rows: 13045, Val Rows: 1450
User-specified model hyperparameters to be fit:
{
	'NN_TORCH': {},
	'GBM': [{'extra_trees': True, 'ag_args': {'name_suffix': 'XT'}}, {}, 'GBMLarge'],
	'CAT': {},
	'XGB': {},
	'FASTAI': {},
	'RF': [{'criterion': 'gini', 'ag_args': {'name_suffix': 'Gini', 'problem_types': ['binary', 'multiclass']}}, {'criterion': 'entropy', 'ag_args': {'name_suffix': 'Entr', 'problem_types': ['binary', 'multiclass']}}, {'criterion': 'squared_error', 'ag_args': {'name_suffix': 'MSE', 'problem_types': ['regression', 'quantile']}}],
	'XT': [{'criterion': 'gini', 'ag_args': {'name_suffix': 'Gini', 'problem_types': ['binary', 'multiclass']}}, {'criterion': 'entropy', 'ag_args': {'name_suffix': 'Entr', 'problem_types': ['binary', 'multiclass']}}, {'criterion': 'squared_error', 'ag_args': {'name_suffix': 'MSE', 'problem_types': ['regression', 'quantile']}}],
	'KNN': [{'weights': 'uniform', 'ag_args': {'name_suffix': 'Unif'}}, {'weights': 'distance', 'ag_args': {'name_suffix': 'Dist'}}],
}
	Stage 3 Generators:
Fitting model: KNeighborsDist ... Training model for up to 33.0s of the 32.82s of remaining time.
		Fitting IdentityFeatureGenerator...
Fitting 13 L1 models ...
Fitting model: KNeighborsUnif ... Training model for up to 40.94s of the 40.88s of remaining time.
	Types of features in original data (raw dtype, special dtypes):
		('bool', []) :  4 | ['S1 (SBS1 - 0.99)', 'S2 (SBS2 - 0.99)', 'S3 (SBS3 - 0.97)', 'S4 (SBS4 - 0.98)']
		('int', [])  : 96 | ['A[C>A]A', 'A[C>A]C', 'A[C>A]G', 'A[C>A]T', 'A[C>G]A', ...]
	Stage 4 Generators:
	Types of features in original data (raw dtype, special dtypes):
	Types of features in processed data (raw dtype, special dtypes):
		Fitting DropUniqueFeatureGenerator...
		('bool', []) :  4 | ['S1 (SBS1 - 0.99)', 'S2 (SBS2 - 0.99)', 'S3 (SBS3 - 0.97)', 'S4 (SBS4 - 0.98)']
		('int', [])       : 96 | ['A[C>A]A', 'A[C>A]C', 'A[C>A]G', 'A[C>A]T', 'A[C>G]A', ...]
		('int', [])  : 96 | ['A[C>A]A', 'A[C>A]C', 'A[C>A]G', 'A[C>A]T', 'A[C>G]A', ...]
Fitting 13 L1 models ...
		('int', ['bool']) :  4 | ['S1 (SBS1 - 0.99)', 'S2 (SBS2 - 0.99)', 'S3 (SBS3 - 0.97)', 'S4 (SBS4 - 0.98)']
	Types of features in processed data (raw dtype, special dtypes):
Fitting model: KNeighborsUnif ... Training model for up to 40.52s of the 40.42s of remaining time.
	22.4s = Fit runtime
		('int', [])       : 96 | ['A[C>A]A', 'A[C>A]C', 'A[C>A]G', 'A[C>A]T', 'A[C>G]A', ...]
	100 features in original data used to generate 100 features in processed data.
		('int', ['bool']) :  4 | ['S1 (SBS1 - 0.99)', 'S2 (SBS2 - 0.99)', 'S3 (SBS3 - 0.97)', 'S4 (SBS4 - 0.98)']
	18.5s = Fit runtime
	100 features in original data used to generate 100 features in processed data.
	Train Data (Processed) Memory Usage: 10.67 MB (0.0% of available memory)
	Train Data (Processed) Memory Usage: 10.67 MB (0.0% of available memory)
Data preprocessing and feature engineering runtime = 23.96s ...
AutoGluon will gauge predictive performance using evaluation metric: 'accuracy'
	To change this, specify the eval_metric parameter of Predictor()
Data preprocessing and feature engineering runtime = 20.05s ...
AutoGluon will gauge predictive performance using evaluation metric: 'accuracy'
	To change this, specify the eval_metric parameter of Predictor()
	Types of features in original data (raw dtype, special dtypes):
		('bool', []) :  4 | ['S1 (SBS1 - 0.99)', 'S2 (SBS2 - 0.99)', 'S3 (SBS3 - 0.97)', 'S4 (SBS4 - 0.98)']
		('int', [])  : 96 | ['A[C>A]A', 'A[C>A]C', 'A[C>A]G', 'A[C>A]T', 'A[C>G]A', ...]
	Types of features in processed data (raw dtype, special dtypes):
		('int', [])       : 96 | ['A[C>A]A', 'A[C>A]C', 'A[C>A]G', 'A[C>A]T', 'A[C>G]A', ...]
		('int', ['bool']) :  4 | ['S1 (SBS1 - 0.99)', 'S2 (SBS2 - 0.99)', 'S3 (SBS3 - 0.97)', 'S4 (SBS4 - 0.98)']
Automatically generating train/validation split with holdout_frac=0.1, Train Rows: 13045, Val Rows: 1450
	20.2s = Fit runtime
	Stage 5 Generators:
User-specified model hyperparameters to be fit:
{
	'NN_TORCH': {},
	'GBM': [{'extra_trees': True, 'ag_args': {'name_suffix': 'XT'}}, {}, 'GBMLarge'],
	'CAT': {},
	'XGB': {},
	'FASTAI': {},
	'RF': [{'criterion': 'gini', 'ag_args': {'name_suffix': 'Gini', 'problem_types': ['binary', 'multiclass']}}, {'criterion': 'entropy', 'ag_args': {'name_suffix': 'Entr', 'problem_types': ['binary', 'multiclass']}}, {'criterion': 'squared_error', 'ag_args': {'name_suffix': 'MSE', 'problem_types': ['regression', 'quantile']}}],
	'XT': [{'criterion': 'gini', 'ag_args': {'name_suffix': 'Gini', 'problem_types': ['binary', 'multiclass']}}, {'criterion': 'entropy', 'ag_args': {'name_suffix': 'Entr', 'problem_types': ['binary', 'multiclass']}}, {'criterion': 'squared_error', 'ag_args': {'name_suffix': 'MSE', 'problem_types': ['regression', 'quantile']}}],
	'KNN': [{'weights': 'uniform', 'ag_args': {'name_suffix': 'Unif'}}, {'weights': 'distance', 'ag_args': {'name_suffix': 'Dist'}}],
}
	100 features in original data used to generate 100 features in processed data.
Automatically generating train/validation split with holdout_frac=0.1, Train Rows: 13045, Val Rows: 1450
		Fitting DropDuplicatesFeatureGenerator...
User-specified model hyperparameters to be fit:
{
	'NN_TORCH': {},
	'GBM': [{'extra_trees': True, 'ag_args': {'name_suffix': 'XT'}}, {}, 'GBMLarge'],
	'CAT': {},
	'XGB': {},
	'FASTAI': {},
	'RF': [{'criterion': 'gini', 'ag_args': {'name_suffix': 'Gini', 'problem_types': ['binary', 'multiclass']}}, {'criterion': 'entropy', 'ag_args': {'name_suffix': 'Entr', 'problem_types': ['binary', 'multiclass']}}, {'criterion': 'squared_error', 'ag_args': {'name_suffix': 'MSE', 'problem_types': ['regression', 'quantile']}}],
	'XT': [{'criterion': 'gini', 'ag_args': {'name_suffix': 'Gini', 'problem_types': ['binary', 'multiclass']}}, {'criterion': 'entropy', 'ag_args': {'name_suffix': 'Entr', 'problem_types': ['binary', 'multiclass']}}, {'criterion': 'squared_error', 'ag_args': {'name_suffix': 'MSE', 'problem_types': ['regression', 'quantile']}}],
	'KNN': [{'weights': 'uniform', 'ag_args': {'name_suffix': 'Unif'}}, {'weights': 'distance', 'ag_args': {'name_suffix': 'Dist'}}],
}
	Stage 5 Generators:
		Fitting DropDuplicatesFeatureGenerator...
	Train Data (Processed) Memory Usage: 10.67 MB (0.0% of available memory)
Data preprocessing and feature engineering runtime = 21.62s ...
AutoGluon will gauge predictive performance using evaluation metric: 'accuracy'
	To change this, specify the eval_metric parameter of Predictor()
Fitting 13 L1 models ...
Fitting 13 L1 models ...
Fitting model: KNeighborsUnif ... Training model for up to 36.03s of the 35.93s of remaining time.
Fitting model: KNeighborsUnif ... Training model for up to 39.95s of the 39.9s of remaining time.
Automatically generating train/validation split with holdout_frac=0.1, Train Rows: 13045, Val Rows: 1450
	Types of features in original data (raw dtype, special dtypes):
User-specified model hyperparameters to be fit:
{
	'NN_TORCH': {},
	'GBM': [{'extra_trees': True, 'ag_args': {'name_suffix': 'XT'}}, {}, 'GBMLarge'],
	'CAT': {},
	'XGB': {},
	'FASTAI': {},
	'RF': [{'criterion': 'gini', 'ag_args': {'name_suffix': 'Gini', 'problem_types': ['binary', 'multiclass']}}, {'criterion': 'entropy', 'ag_args': {'name_suffix': 'Entr', 'problem_types': ['binary', 'multiclass']}}, {'criterion': 'squared_error', 'ag_args': {'name_suffix': 'MSE', 'problem_types': ['regression', 'quantile']}}],
	'XT': [{'criterion': 'gini', 'ag_args': {'name_suffix': 'Gini', 'problem_types': ['binary', 'multiclass']}}, {'criterion': 'entropy', 'ag_args': {'name_suffix': 'Entr', 'problem_types': ['binary', 'multiclass']}}, {'criterion': 'squared_error', 'ag_args': {'name_suffix': 'MSE', 'problem_types': ['regression', 'quantile']}}],
	'KNN': [{'weights': 'uniform', 'ag_args': {'name_suffix': 'Unif'}}, {'weights': 'distance', 'ag_args': {'name_suffix': 'Dist'}}],
}
		('bool', []) :  4 | ['S1 (SBS1 - 0.99)', 'S2 (SBS2 - 0.99)', 'S3 (SBS3 - 0.97)', 'S4 (SBS4 - 0.98)']
		('int', [])  : 96 | ['A[C>A]A', 'A[C>A]C', 'A[C>A]G', 'A[C>A]T', 'A[C>G]A', ...]
	Types of features in processed data (raw dtype, special dtypes):
		('int', [])       : 96 | ['A[C>A]A', 'A[C>A]C', 'A[C>A]G', 'A[C>A]T', 'A[C>G]A', ...]
		('int', ['bool']) :  4 | ['S1 (SBS1 - 0.99)', 'S2 (SBS2 - 0.99)', 'S3 (SBS3 - 0.97)', 'S4 (SBS4 - 0.98)']
	19.9s = Fit runtime
	100 features in original data used to generate 100 features in processed data.
	Stage 5 Generators:
		Fitting DropDuplicatesFeatureGenerator...
	Train Data (Processed) Memory Usage: 10.67 MB (0.0% of available memory)
Data preprocessing and feature engineering runtime = 22.34s ...
AutoGluon will gauge predictive performance using evaluation metric: 'accuracy'
	To change this, specify the eval_metric parameter of Predictor()
	Stage 5 Generators:
		Fitting DropDuplicatesFeatureGenerator...
Fitting 13 L1 models ...
Fitting model: KNeighborsUnif ... Training model for up to 38.38s of the 38.26s of remaining time.
	0.851	 = Validation score   (accuracy)
	5.67s	 = Training   runtime
	2.05s	 = Validation runtime
Fitting model: KNeighborsDist ... Training model for up to 29.98s of the 29.6s of remaining time.
	Stage 5 Generators:
		Fitting DropDuplicatesFeatureGenerator...
Automatically generating train/validation split with holdout_frac=0.1, Train Rows: 13045, Val Rows: 1450
User-specified model hyperparameters to be fit:
{
	'NN_TORCH': {},
	'GBM': [{'extra_trees': True, 'ag_args': {'name_suffix': 'XT'}}, {}, 'GBMLarge'],
	'CAT': {},
	'XGB': {},
	'FASTAI': {},
	'RF': [{'criterion': 'gini', 'ag_args': {'name_suffix': 'Gini', 'problem_types': ['binary', 'multiclass']}}, {'criterion': 'entropy', 'ag_args': {'name_suffix': 'Entr', 'problem_types': ['binary', 'multiclass']}}, {'criterion': 'squared_error', 'ag_args': {'name_suffix': 'MSE', 'problem_types': ['regression', 'quantile']}}],
	'XT': [{'criterion': 'gini', 'ag_args': {'name_suffix': 'Gini', 'problem_types': ['binary', 'multiclass']}}, {'criterion': 'entropy', 'ag_args': {'name_suffix': 'Entr', 'problem_types': ['binary', 'multiclass']}}, {'criterion': 'squared_error', 'ag_args': {'name_suffix': 'MSE', 'problem_types': ['regression', 'quantile']}}],
	'KNN': [{'weights': 'uniform', 'ag_args': {'name_suffix': 'Unif'}}, {'weights': 'distance', 'ag_args': {'name_suffix': 'Dist'}}],
}
	Types of features in original data (raw dtype, special dtypes):
		('bool', []) :  4 | ['S1 (SBS1 - 0.99)', 'S2 (SBS2 - 0.99)', 'S3 (SBS3 - 0.97)', 'S4 (SBS4 - 0.98)']
		('int', [])  : 96 | ['A[C>A]A', 'A[C>A]C', 'A[C>A]G', 'A[C>A]T', 'A[C>G]A', ...]
	Types of features in processed data (raw dtype, special dtypes):
		('int', [])       : 96 | ['A[C>A]A', 'A[C>A]C', 'A[C>A]G', 'A[C>A]T', 'A[C>G]A', ...]
		('int', ['bool']) :  4 | ['S1 (SBS1 - 0.99)', 'S2 (SBS2 - 0.99)', 'S3 (SBS3 - 0.97)', 'S4 (SBS4 - 0.98)']
	26.8s = Fit runtime
	100 features in original data used to generate 100 features in processed data.
	Types of features in original data (raw dtype, special dtypes):
		('bool', []) :  4 | ['S1 (SBS1 - 0.99)', 'S2 (SBS2 - 0.99)', 'S3 (SBS3 - 0.97)', 'S4 (SBS4 - 0.98)']
		('int', [])  : 96 | ['A[C>A]A', 'A[C>A]C', 'A[C>A]G', 'A[C>A]T', 'A[C>G]A', ...]
	Types of features in processed data (raw dtype, special dtypes):
		('int', [])       : 96 | ['A[C>A]A', 'A[C>A]C', 'A[C>A]G', 'A[C>A]T', 'A[C>G]A', ...]
		('int', ['bool']) :  4 | ['S1 (SBS1 - 0.99)', 'S2 (SBS2 - 0.99)', 'S3 (SBS3 - 0.97)', 'S4 (SBS4 - 0.98)']
	21.4s = Fit runtime
	100 features in original data used to generate 100 features in processed data.
Fitting 13 L1 models ...
	Train Data (Processed) Memory Usage: 10.67 MB (0.0% of available memory)
Fitting model: KNeighborsUnif ... Training model for up to 37.66s of the 37.58s of remaining time.
	Types of features in original data (raw dtype, special dtypes):
	Train Data (Processed) Memory Usage: 10.67 MB (0.0% of available memory)
		('bool', []) :  4 | ['S1 (SBS1 - 0.99)', 'S2 (SBS2 - 0.99)', 'S3 (SBS3 - 0.97)', 'S4 (SBS4 - 0.98)']
Data preprocessing and feature engineering runtime = 28.44s ...
Data preprocessing and feature engineering runtime = 23.63s ...
		('int', [])  : 96 | ['A[C>A]A', 'A[C>A]C', 'A[C>A]G', 'A[C>A]T', 'A[C>G]A', ...]
AutoGluon will gauge predictive performance using evaluation metric: 'accuracy'
AutoGluon will gauge predictive performance using evaluation metric: 'accuracy'
	Types of features in processed data (raw dtype, special dtypes):
	To change this, specify the eval_metric parameter of Predictor()
	To change this, specify the eval_metric parameter of Predictor()
		('int', [])       : 96 | ['A[C>A]A', 'A[C>A]C', 'A[C>A]G', 'A[C>A]T', 'A[C>G]A', ...]
	Types of features in original data (raw dtype, special dtypes):
		('int', ['bool']) :  4 | ['S1 (SBS1 - 0.99)', 'S2 (SBS2 - 0.99)', 'S3 (SBS3 - 0.97)', 'S4 (SBS4 - 0.98)']
		('bool', []) :  4 | ['S1 (SBS1 - 0.99)', 'S2 (SBS2 - 0.99)', 'S3 (SBS3 - 0.97)', 'S4 (SBS4 - 0.98)']
	20.6s = Fit runtime
		('int', [])  : 96 | ['A[C>A]A', 'A[C>A]C', 'A[C>A]G', 'A[C>A]T', 'A[C>G]A', ...]
	100 features in original data used to generate 100 features in processed data.
	Types of features in processed data (raw dtype, special dtypes):
		('int', [])       : 96 | ['A[C>A]A', 'A[C>A]C', 'A[C>A]G', 'A[C>A]T', 'A[C>G]A', ...]
		('int', ['bool']) :  4 | ['S1 (SBS1 - 0.99)', 'S2 (SBS2 - 0.99)', 'S3 (SBS3 - 0.97)', 'S4 (SBS4 - 0.98)']
	21.8s = Fit runtime
	100 features in original data used to generate 100 features in processed data.
	Train Data (Processed) Memory Usage: 10.67 MB (0.0% of available memory)
Automatically generating train/validation split with holdout_frac=0.1, Train Rows: 13045, Val Rows: 1450
User-specified model hyperparameters to be fit:
{
	'NN_TORCH': {},
	'GBM': [{'extra_trees': True, 'ag_args': {'name_suffix': 'XT'}}, {}, 'GBMLarge'],
	'CAT': {},
	'XGB': {},
	'FASTAI': {},
	'RF': [{'criterion': 'gini', 'ag_args': {'name_suffix': 'Gini', 'problem_types': ['binary', 'multiclass']}}, {'criterion': 'entropy', 'ag_args': {'name_suffix': 'Entr', 'problem_types': ['binary', 'multiclass']}}, {'criterion': 'squared_error', 'ag_args': {'name_suffix': 'MSE', 'problem_types': ['regression', 'quantile']}}],
	'XT': [{'criterion': 'gini', 'ag_args': {'name_suffix': 'Gini', 'problem_types': ['binary', 'multiclass']}}, {'criterion': 'entropy', 'ag_args': {'name_suffix': 'Entr', 'problem_types': ['binary', 'multiclass']}}, {'criterion': 'squared_error', 'ag_args': {'name_suffix': 'MSE', 'problem_types': ['regression', 'quantile']}}],
	'KNN': [{'weights': 'uniform', 'ag_args': {'name_suffix': 'Unif'}}, {'weights': 'distance', 'ag_args': {'name_suffix': 'Dist'}}],
}
Data preprocessing and feature engineering runtime = 23.11s ...
	Train Data (Processed) Memory Usage: 10.67 MB (0.0% of available memory)
AutoGluon will gauge predictive performance using evaluation metric: 'accuracy'
Automatically generating train/validation split with holdout_frac=0.1, Train Rows: 13045, Val Rows: 1450
	To change this, specify the eval_metric parameter of Predictor()
User-specified model hyperparameters to be fit:
{
	'NN_TORCH': {},
	'GBM': [{'extra_trees': True, 'ag_args': {'name_suffix': 'XT'}}, {}, 'GBMLarge'],
	'CAT': {},
	'XGB': {},
	'FASTAI': {},
	'RF': [{'criterion': 'gini', 'ag_args': {'name_suffix': 'Gini', 'problem_types': ['binary', 'multiclass']}}, {'criterion': 'entropy', 'ag_args': {'name_suffix': 'Entr', 'problem_types': ['binary', 'multiclass']}}, {'criterion': 'squared_error', 'ag_args': {'name_suffix': 'MSE', 'problem_types': ['regression', 'quantile']}}],
	'XT': [{'criterion': 'gini', 'ag_args': {'name_suffix': 'Gini', 'problem_types': ['binary', 'multiclass']}}, {'criterion': 'entropy', 'ag_args': {'name_suffix': 'Entr', 'problem_types': ['binary', 'multiclass']}}, {'criterion': 'squared_error', 'ag_args': {'name_suffix': 'MSE', 'problem_types': ['regression', 'quantile']}}],
	'KNN': [{'weights': 'uniform', 'ag_args': {'name_suffix': 'Unif'}}, {'weights': 'distance', 'ag_args': {'name_suffix': 'Dist'}}],
}
Data preprocessing and feature engineering runtime = 24.33s ...
AutoGluon will gauge predictive performance using evaluation metric: 'accuracy'
	To change this, specify the eval_metric parameter of Predictor()
	0.88	 = Validation score   (accuracy)
	7.2s	 = Training   runtime
	2.28s	 = Validation runtime
	Types of features in original data (raw dtype, special dtypes):
Automatically generating train/validation split with holdout_frac=0.1, Train Rows: 13045, Val Rows: 1450
User-specified model hyperparameters to be fit:
{
	'NN_TORCH': {},
	'GBM': [{'extra_trees': True, 'ag_args': {'name_suffix': 'XT'}}, {}, 'GBMLarge'],
	'CAT': {},
	'XGB': {},
	'FASTAI': {},
	'RF': [{'criterion': 'gini', 'ag_args': {'name_suffix': 'Gini', 'problem_types': ['binary', 'multiclass']}}, {'criterion': 'entropy', 'ag_args': {'name_suffix': 'Entr', 'problem_types': ['binary', 'multiclass']}}, {'criterion': 'squared_error', 'ag_args': {'name_suffix': 'MSE', 'problem_types': ['regression', 'quantile']}}],
	'XT': [{'criterion': 'gini', 'ag_args': {'name_suffix': 'Gini', 'problem_types': ['binary', 'multiclass']}}, {'criterion': 'entropy', 'ag_args': {'name_suffix': 'Entr', 'problem_types': ['binary', 'multiclass']}}, {'criterion': 'squared_error', 'ag_args': {'name_suffix': 'MSE', 'problem_types': ['regression', 'quantile']}}],
	'KNN': [{'weights': 'uniform', 'ag_args': {'name_suffix': 'Unif'}}, {'weights': 'distance', 'ag_args': {'name_suffix': 'Dist'}}],
}
		('bool', []) :  4 | ['S1 (SBS1 - 0.99)', 'S2 (SBS2 - 0.99)', 'S3 (SBS3 - 0.97)', 'S4 (SBS4 - 0.98)']
Fitting 13 L1 models ...
		('int', [])  : 96 | ['A[C>A]A', 'A[C>A]C', 'A[C>A]G', 'A[C>A]T', 'A[C>G]A', ...]
Fitting model: KNeighborsUnif ... Training model for up to 31.56s of the 31.44s of remaining time.
	Types of features in processed data (raw dtype, special dtypes):
Fitting model: LightGBMXT ... Training model for up to 23.06s of the 22.88s of remaining time.
		('int', [])       : 96 | ['A[C>A]A', 'A[C>A]C', 'A[C>A]G', 'A[C>A]T', 'A[C>G]A', ...]
Automatically generating train/validation split with holdout_frac=0.1, Train Rows: 13045, Val Rows: 1450
		('int', ['bool']) :  4 | ['S1 (SBS1 - 0.99)', 'S2 (SBS2 - 0.99)', 'S3 (SBS3 - 0.97)', 'S4 (SBS4 - 0.98)']
Fitting 13 L1 models ...
User-specified model hyperparameters to be fit:
{
	'NN_TORCH': {},
	'GBM': [{'extra_trees': True, 'ag_args': {'name_suffix': 'XT'}}, {}, 'GBMLarge'],
	'CAT': {},
	'XGB': {},
	'FASTAI': {},
	'RF': [{'criterion': 'gini', 'ag_args': {'name_suffix': 'Gini', 'problem_types': ['binary', 'multiclass']}}, {'criterion': 'entropy', 'ag_args': {'name_suffix': 'Entr', 'problem_types': ['binary', 'multiclass']}}, {'criterion': 'squared_error', 'ag_args': {'name_suffix': 'MSE', 'problem_types': ['regression', 'quantile']}}],
	'XT': [{'criterion': 'gini', 'ag_args': {'name_suffix': 'Gini', 'problem_types': ['binary', 'multiclass']}}, {'criterion': 'entropy', 'ag_args': {'name_suffix': 'Entr', 'problem_types': ['binary', 'multiclass']}}, {'criterion': 'squared_error', 'ag_args': {'name_suffix': 'MSE', 'problem_types': ['regression', 'quantile']}}],
	'KNN': [{'weights': 'uniform', 'ag_args': {'name_suffix': 'Unif'}}, {'weights': 'distance', 'ag_args': {'name_suffix': 'Dist'}}],
}
	25.3s = Fit runtime
Fitting model: KNeighborsUnif ... Training model for up to 36.37s of the 36.31s of remaining time.
	0.8607	 = Validation score   (accuracy)
	100 features in original data used to generate 100 features in processed data.
	7.17s	 = Training   runtime
	2.06s	 = Validation runtime
Fitting model: KNeighborsDist ... Training model for up to 30.97s of the 30.92s of remaining time.
Fitting 13 L1 models ...
Fitting model: KNeighborsUnif ... Training model for up to 35.67s of the 35.62s of remaining time.
	Train Data (Processed) Memory Usage: 10.67 MB (0.0% of available memory)
Data preprocessing and feature engineering runtime = 27.63s ...
	0.8766	 = Validation score   (accuracy)
AutoGluon will gauge predictive performance using evaluation metric: 'accuracy'
	7.42s	 = Training   runtime
	To change this, specify the eval_metric parameter of Predictor()
	1.8s	 = Validation runtime
Fitting 13 L1 models ...
Fitting model: KNeighborsUnif ... Training model for up to 36.88s of the 36.85s of remaining time.
Fitting model: KNeighborsDist ... Training model for up to 30.77s of the 30.67s of remaining time.
	0.8372	 = Validation score   (accuracy)
	5.0s	 = Training   runtime
	1.78s	 = Validation runtime
Fitting model: KNeighborsDist ... Training model for up to 28.96s of the 28.86s of remaining time.
Automatically generating train/validation split with holdout_frac=0.1, Train Rows: 13045, Val Rows: 1450
User-specified model hyperparameters to be fit:
{
	'NN_TORCH': {},
	'GBM': [{'extra_trees': True, 'ag_args': {'name_suffix': 'XT'}}, {}, 'GBMLarge'],
	'CAT': {},
	'XGB': {},
	'FASTAI': {},
	'RF': [{'criterion': 'gini', 'ag_args': {'name_suffix': 'Gini', 'problem_types': ['binary', 'multiclass']}}, {'criterion': 'entropy', 'ag_args': {'name_suffix': 'Entr', 'problem_types': ['binary', 'multiclass']}}, {'criterion': 'squared_error', 'ag_args': {'name_suffix': 'MSE', 'problem_types': ['regression', 'quantile']}}],
	'XT': [{'criterion': 'gini', 'ag_args': {'name_suffix': 'Gini', 'problem_types': ['binary', 'multiclass']}}, {'criterion': 'entropy', 'ag_args': {'name_suffix': 'Entr', 'problem_types': ['binary', 'multiclass']}}, {'criterion': 'squared_error', 'ag_args': {'name_suffix': 'MSE', 'problem_types': ['regression', 'quantile']}}],
	'KNN': [{'weights': 'uniform', 'ag_args': {'name_suffix': 'Unif'}}, {'weights': 'distance', 'ag_args': {'name_suffix': 'Dist'}}],
}
Fitting 13 L1 models ...
Fitting model: KNeighborsUnif ... Training model for up to 32.36s of the 32.33s of remaining time.
	0.8538	 = Validation score   (accuracy)
	4.77s	 = Training   runtime
	1.7s	 = Validation runtime
Fitting model: KNeighborsDist ... Training model for up to 31.54s of the 31.42s of remaining time.
	0.851	 = Validation score   (accuracy)
	4.62s	 = Training   runtime
	1.85s	 = Validation runtime
	0.8814	 = Validation score   (accuracy)
	6.13s	 = Training   runtime
	1.84s	 = Validation runtime
Fitting model: LightGBMXT ... Training model for up to 23.15s of the 22.77s of remaining time.
Fitting model: KNeighborsDist ... Training model for up to 31.48s of the 31.43s of remaining time.
	0.8703	 = Validation score   (accuracy)
	3.54s	 = Training   runtime
	1.8s	 = Validation runtime
Fitting model: KNeighborsDist ... Training model for up to 32.02s of the 31.94s of remaining time.
	0.8545	 = Validation score   (accuracy)
	2.67s	 = Training   runtime
	1.99s	 = Validation runtime
Fitting model: KNeighborsDist ... Training model for up to 26.69s of the 26.57s of remaining time.
	0.8607	 = Validation score   (accuracy)
	2.59s	 = Training   runtime
	2.11s	 = Validation runtime
	0.8552	 = Validation score   (accuracy)
	2.45s	 = Training   runtime
	2.19s	 = Validation runtime
Fitting model: LightGBMXT ... Training model for up to 26.03s of the 25.97s of remaining time.
Fitting model: KNeighborsDist ... Training model for up to 30.78s of the 30.73s of remaining time.
	0.8372	 = Validation score   (accuracy)
	2.05s	 = Training   runtime
	2.12s	 = Validation runtime
Fitting model: LightGBMXT ... Training model for up to 24.58s of the 24.48s of remaining time.
	0.8807	 = Validation score   (accuracy)
	3.37s	 = Training   runtime
	2.15s	 = Validation runtime
	0.8745	 = Validation score   (accuracy)
	2.93s	 = Training   runtime
	2.05s	 = Validation runtime
Fitting model: KNeighborsDist ... Training model for up to 30.54s of the 30.43s of remaining time.
Fitting model: KNeighborsDist ... Training model for up to 31.63s of the 31.6s of remaining time.
	0.8834	 = Validation score   (accuracy)
	2.42s	 = Training   runtime
	2.41s	 = Validation runtime
Fitting model: KNeighborsDist ... Training model for up to 27.23s of the 27.2s of remaining time.
	0.8779	 = Validation score   (accuracy)
	3.06s	 = Training   runtime
	2.69s	 = Validation runtime
Fitting model: LightGBMXT ... Training model for up to 24.77s of the 24.66s of remaining time.
	0.8545	 = Validation score   (accuracy)
	2.13s	 = Training   runtime
	2.44s	 = Validation runtime
Fitting model: LightGBMXT ... Training model for up to 26.72s of the 26.59s of remaining time.
	0.8834	 = Validation score   (accuracy)
	2.34s	 = Training   runtime
	2.11s	 = Validation runtime
Fitting model: LightGBMXT ... Training model for up to 26.77s of the 26.72s of remaining time.
	0.8703	 = Validation score   (accuracy)
	1.69s	 = Training   runtime
	1.81s	 = Validation runtime
Fitting model: LightGBMXT ... Training model for up to 28.27s of the 28.2s of remaining time.
	0.8552	 = Validation score   (accuracy)
	1.59s	 = Training   runtime
	1.74s	 = Validation runtime
Fitting model: LightGBMXT ... Training model for up to 22.53s of the 22.41s of remaining time.
	0.8552	 = Validation score   (accuracy)
	1.65s	 = Training   runtime
	2.0s	 = Validation runtime
Fitting model: LightGBMXT ... Training model for up to 25.75s of the 25.7s of remaining time.
	0.8752	 = Validation score   (accuracy)
	2.16s	 = Training   runtime
	2.43s	 = Validation runtime
Fitting model: LightGBMXT ... Training model for up to 26.78s of the 26.75s of remaining time.
	0.8828	 = Validation score   (accuracy)
	2.25s	 = Training   runtime
	2.49s	 = Validation runtime
Fitting model: LightGBMXT ... Training model for up to 25.27s of the 25.2s of remaining time.
	0.8855	 = Validation score   (accuracy)
	3.83s	 = Training   runtime
	2.76s	 = Validation runtime
Fitting model: LightGBMXT ... Training model for up to 19.74s of the 19.71s of remaining time.
	Ran out of time, early stopping on iteration 14. Best iteration is:
	[14]	valid_set's binary_error: 0.14
	0.86	 = Validation score   (accuracy)
	36.96s	 = Training   runtime
	0.26s	 = Validation runtime
Fitting model: WeightedEnsemble_L2 ... Training model for up to 34.85s of the -27.95s of remaining time.
	Ran out of time, early stopping on iteration 20. Best iteration is:
	[18]	valid_set's binary_error: 0.121379
	0.8786	 = Validation score   (accuracy)
	46.3s	 = Training   runtime
	0.2s	 = Validation runtime
	Ran out of time, early stopping on iteration 20. Best iteration is:
	[20]	valid_set's binary_error: 0.132414
Fitting model: WeightedEnsemble_L2 ... Training model for up to 41.81s of the -25.37s of remaining time.
	0.8676	 = Validation score   (accuracy)
	47.41s	 = Training   runtime
	0.27s	 = Validation runtime
	Ensemble Weights: {'KNeighborsDist': 0.6, 'LightGBMXT': 0.4}
	0.8834	 = Validation score   (accuracy)
	2.8s	 = Training   runtime
	0.07s	 = Validation runtime
AutoGluon training complete, total runtime = 92.72s ... Best model: "WeightedEnsemble_L2"
TabularPredictor saved. To load, use: predictor = TabularPredictor.load("AutogluonModels/ag-20250416_150925-008/Predictor_S5 (SBS5 - 0.98)")
No presets specified! To achieve strong results with AutoGluon, it is recommended to use the available presets.
	Recommended Presets (For more details refer to https://auto.gluon.ai/stable/tutorials/tabular/tabular-essentials.html#presets):
	presets='best_quality'   : Maximize accuracy. Default time_limit=3600.
	presets='high_quality'   : Strong accuracy with fast inference speed. Default time_limit=3600.
	presets='good_quality'   : Good accuracy with very fast inference speed. Default time_limit=3600.
	presets='medium_quality' : Fast training time, ideal for initial prototyping.
Fitting model: WeightedEnsemble_L2 ... Training model for up to 41.36s of the -26.84s of remaining time.
Beginning AutoGluon training ... Time limit = 60s
AutoGluon will save models to "AutogluonModels/ag-20250416_150925-008/Predictor_S6 (SBS7a - 1.00)"
=================== System Info ===================
AutoGluon Version:  1.1.0
Python Version:     3.10.15
Operating System:   Linux
Platform Machine:   x86_64
Platform Version:   #1 SMP PREEMPT_DYNAMIC Thu Apr 3 12:12:16 UTC 2025
CPU Count:          272
Memory Avail:       197.14 GB / 203.90 GB (96.7%)
Disk Space Avail:   1333.21 GB / 5120.00 GB (26.0%)
===================================================
Train Data Rows:    14495
Train Data Columns: 101
Label Column:       S6 (SBS7a - 1.00)
AutoGluon infers your prediction problem is: 'binary' (because only two unique label-values observed).
	2 unique label values:  [False, True]
	If 'binary' is not the correct problem_type, please manually specify the problem_type parameter during predictor init (You may specify problem_type as one of: ['binary', 'multiclass', 'regression'])
Problem Type:       binary
Preprocessing data ...
Selected class <--> label mapping:  class 1 = True, class 0 = False
Using Feature Generators to preprocess the data ...
Fitting AutoMLPipelineFeatureGenerator...
	Ran out of time, early stopping on iteration 16. Best iteration is:
	[16]	valid_set's binary_error: 0.131724
	Available Memory:                    201889.45 MB
	Train Data (Original)  Memory Usage: 10.69 MB (0.0% of available memory)
	0.8683	 = Validation score   (accuracy)
	Inferring data type of each feature based on column values. Set feature_metadata_in to manually specify special dtypes of the features.
	37.22s	 = Training   runtime
	0.18s	 = Validation runtime
	Ran out of time, early stopping on iteration 18. Best iteration is:
	[18]	valid_set's binary_error: 0.184138
Fitting model: WeightedEnsemble_L2 ... Training model for up to 44.97s of the -16.14s of remaining time.
	0.8159	 = Validation score   (accuracy)
	36.42s	 = Training   runtime
	0.35s	 = Validation runtime
Fitting model: WeightedEnsemble_L2 ... Training model for up to 38.48s of the -15.74s of remaining time.
	Ensemble Weights: {'KNeighborsDist': 1.0}
	0.8855	 = Validation score   (accuracy)
	7.61s	 = Training   runtime
	0.12s	 = Validation runtime
	Stage 1 Generators:
		Fitting AsTypeFeatureGenerator...
AutoGluon training complete, total runtime = 95.83s ... Best model: "WeightedEnsemble_L2"
TabularPredictor saved. To load, use: predictor = TabularPredictor.load("AutogluonModels/ag-20250416_150925-002/Predictor_S5 (SBS5 - 0.98)")
No presets specified! To achieve strong results with AutoGluon, it is recommended to use the available presets.
	Recommended Presets (For more details refer to https://auto.gluon.ai/stable/tutorials/tabular/tabular-essentials.html#presets):
	presets='best_quality'   : Maximize accuracy. Default time_limit=3600.
	presets='high_quality'   : Strong accuracy with fast inference speed. Default time_limit=3600.
	presets='good_quality'   : Good accuracy with very fast inference speed. Default time_limit=3600.
	presets='medium_quality' : Fast training time, ideal for initial prototyping.
Beginning AutoGluon training ... Time limit = 60s
AutoGluon will save models to "AutogluonModels/ag-20250416_150925-002/Predictor_S6 (SBS7a - 1.00)"
=================== System Info ===================
AutoGluon Version:  1.1.0
Python Version:     3.10.15
Operating System:   Linux
Platform Machine:   x86_64
Platform Version:   #1 SMP PREEMPT_DYNAMIC Thu Apr 3 12:12:16 UTC 2025
CPU Count:          272
Memory Avail:       197.12 GB / 203.90 GB (96.7%)
Disk Space Avail:   1333.21 GB / 5120.00 GB (26.0%)
===================================================
Train Data Rows:    14495
	Ran out of time, early stopping on iteration 19. Best iteration is:
	[19]	valid_set's binary_error: 0.217241
Train Data Columns: 101
Label Column:       S6 (SBS7a - 1.00)
AutoGluon infers your prediction problem is: 'binary' (because only two unique label-values observed).
	2 unique label values:  [False, True]
	If 'binary' is not the correct problem_type, please manually specify the problem_type parameter during predictor init (You may specify problem_type as one of: ['binary', 'multiclass', 'regression'])
Problem Type:       binary
Preprocessing data ...
Selected class <--> label mapping:  class 1 = True, class 0 = False
Using Feature Generators to preprocess the data ...
Fitting AutoMLPipelineFeatureGenerator...
	0.7828	 = Validation score   (accuracy)
	38.25s	 = Training   runtime
	0.43s	 = Validation runtime
	Ran out of time, early stopping on iteration 18. Best iteration is:
	[18]	valid_set's binary_error: 0.150345
	Ensemble Weights: {'KNeighborsDist': 0.571, 'LightGBMXT': 0.357, 'KNeighborsUnif': 0.071}
	0.8883	 = Validation score   (accuracy)
	8.53s	 = Training   runtime
	0.15s	 = Validation runtime
AutoGluon training complete, total runtime = 98.2s ... Best model: "WeightedEnsemble_L2"
	0.8497	 = Validation score   (accuracy)
	39.29s	 = Training   runtime
	0.41s	 = Validation runtime
			Note: Converting 5 features to boolean dtype as they only contain 2 unique values.
TabularPredictor saved. To load, use: predictor = TabularPredictor.load("AutogluonModels/ag-20250416_150925-006/Predictor_S5 (SBS5 - 0.98)")
No presets specified! To achieve strong results with AutoGluon, it is recommended to use the available presets.
	Recommended Presets (For more details refer to https://auto.gluon.ai/stable/tutorials/tabular/tabular-essentials.html#presets):
	presets='best_quality'   : Maximize accuracy. Default time_limit=3600.
	presets='high_quality'   : Strong accuracy with fast inference speed. Default time_limit=3600.
	presets='good_quality'   : Good accuracy with very fast inference speed. Default time_limit=3600.
	presets='medium_quality' : Fast training time, ideal for initial prototyping.
Fitting model: WeightedEnsemble_L2 ... Training model for up to 36.02s of the -16.02s of remaining time.
Beginning AutoGluon training ... Time limit = 60s
	Stage 2 Generators:
AutoGluon will save models to "AutogluonModels/ag-20250416_150925-006/Predictor_S6 (SBS7a - 1.00)"
		Fitting FillNaFeatureGenerator...
	Available Memory:                    201913.55 MB
=================== System Info ===================
AutoGluon Version:  1.1.0
Python Version:     3.10.15
Operating System:   Linux
Platform Machine:   x86_64
Platform Version:   #1 SMP PREEMPT_DYNAMIC Thu Apr 3 12:12:16 UTC 2025
CPU Count:          272
Memory Avail:       197.17 GB / 203.90 GB (96.7%)
Disk Space Avail:   1333.21 GB / 5120.00 GB (26.0%)
===================================================
	Train Data (Original)  Memory Usage: 10.69 MB (0.0% of available memory)
Train Data Rows:    14495
Train Data Columns: 101
Label Column:       S6 (SBS7a - 1.00)
AutoGluon infers your prediction problem is: 'binary' (because only two unique label-values observed).
	2 unique label values:  [False, True]
	Inferring data type of each feature based on column values. Set feature_metadata_in to manually specify special dtypes of the features.
	If 'binary' is not the correct problem_type, please manually specify the problem_type parameter during predictor init (You may specify problem_type as one of: ['binary', 'multiclass', 'regression'])
Problem Type:       binary
Preprocessing data ...
Selected class <--> label mapping:  class 1 = True, class 0 = False
Fitting model: WeightedEnsemble_L2 ... Training model for up to 40.93s of the -15.77s of remaining time.
Using Feature Generators to preprocess the data ...
Fitting AutoMLPipelineFeatureGenerator...
	Ran out of time, early stopping on iteration 18. Best iteration is:
	[18]	valid_set's binary_error: 0.168276
	Stage 3 Generators:
		Fitting IdentityFeatureGenerator...
	0.8317	 = Validation score   (accuracy)
	40.61s	 = Training   runtime
	0.54s	 = Validation runtime
	Ran out of time, early stopping on iteration 18. Best iteration is:
	[18]	valid_set's binary_error: 0.136552
	Ran out of time, early stopping on iteration 17. Best iteration is:
	[16]	valid_set's binary_error: 0.177241
	Stage 4 Generators:
		Fitting DropUniqueFeatureGenerator...
	Ran out of time, early stopping on iteration 21. Best iteration is:
	[19]	valid_set's binary_error: 0.134483
	Available Memory:                    201900.87 MB
	0.8634	 = Validation score   (accuracy)
	Train Data (Original)  Memory Usage: 10.69 MB (0.0% of available memory)
	42.05s	 = Training   runtime
	0.47s	 = Validation runtime
	Inferring data type of each feature based on column values. Set feature_metadata_in to manually specify special dtypes of the features.
	0.8228	 = Validation score   (accuracy)
	40.59s	 = Training   runtime
	0.43s	 = Validation runtime
	Ran out of time, early stopping on iteration 16. Best iteration is:
	[16]	valid_set's binary_error: 0.132414
	0.8655	 = Validation score   (accuracy)
	42.47s	 = Training   runtime
	0.31s	 = Validation runtime
Fitting model: WeightedEnsemble_L2 ... Training model for up to 38.31s of the -17.27s of remaining time.
	Ran out of time, early stopping on iteration 21. Best iteration is:
	[21]	valid_set's binary_error: 0.156552
	0.8676	 = Validation score   (accuracy)
	36.44s	 = Training   runtime
	0.37s	 = Validation runtime
	Ran out of time, early stopping on iteration 22. Best iteration is:
	[21]	valid_set's binary_error: 0.129655
	Ensemble Weights: {'KNeighborsDist': 0.615, 'LightGBMXT': 0.385}
	0.8855	 = Validation score   (accuracy)
	12.1s	 = Training   runtime
	0.18s	 = Validation runtime
	0.8434	 = Validation score   (accuracy)
	40.67s	 = Training   runtime
	0.43s	 = Validation runtime
Fitting model: WeightedEnsemble_L2 ... Training model for up to 40.46s of the -20.71s of remaining time.
	0.8703	 = Validation score   (accuracy)
	44.37s	 = Training   runtime
	0.25s	 = Validation runtime
Fitting model: WeightedEnsemble_L2 ... Training model for up to 31.56s of the -21.0s of remaining time.
AutoGluon training complete, total runtime = 92.87s ... Best model: "WeightedEnsemble_L2"
Fitting model: WeightedEnsemble_L2 ... Training model for up to 37.65s of the -17.12s of remaining time.
TabularPredictor saved. To load, use: predictor = TabularPredictor.load("AutogluonModels/ag-20250416_150925-010/Predictor_S5 (SBS5 - 0.98)")
No presets specified! To achieve strong results with AutoGluon, it is recommended to use the available presets.
	Recommended Presets (For more details refer to https://auto.gluon.ai/stable/tutorials/tabular/tabular-essentials.html#presets):
	presets='best_quality'   : Maximize accuracy. Default time_limit=3600.
	presets='high_quality'   : Strong accuracy with fast inference speed. Default time_limit=3600.
	presets='good_quality'   : Good accuracy with very fast inference speed. Default time_limit=3600.
	presets='medium_quality' : Fast training time, ideal for initial prototyping.
Fitting model: WeightedEnsemble_L2 ... Training model for up to 32.34s of the -19.53s of remaining time.
Fitting model: WeightedEnsemble_L2 ... Training model for up to 35.67s of the -17.74s of remaining time.
	Ran out of time, early stopping on iteration 26. Best iteration is:
	[24]	valid_set's binary_error: 0.126207
Beginning AutoGluon training ... Time limit = 60s
AutoGluon will save models to "AutogluonModels/ag-20250416_150925-010/Predictor_S6 (SBS7a - 1.00)"
=================== System Info ===================
AutoGluon Version:  1.1.0
Python Version:     3.10.15
Operating System:   Linux
Platform Machine:   x86_64
Platform Version:   #1 SMP PREEMPT_DYNAMIC Thu Apr 3 12:12:16 UTC 2025
CPU Count:          272
Memory Avail:       197.15 GB / 203.90 GB (96.7%)
Disk Space Avail:   1333.21 GB / 5120.00 GB (26.0%)
===================================================
Train Data Rows:    14495
Train Data Columns: 101
Label Column:       S6 (SBS7a - 1.00)
AutoGluon infers your prediction problem is: 'binary' (because only two unique label-values observed).
	2 unique label values:  [False, True]
	If 'binary' is not the correct problem_type, please manually specify the problem_type parameter during predictor init (You may specify problem_type as one of: ['binary', 'multiclass', 'regression'])
Problem Type:       binary
Preprocessing data ...
Selected class <--> label mapping:  class 1 = True, class 0 = False
Using Feature Generators to preprocess the data ...
Fitting model: WeightedEnsemble_L2 ... Training model for up to 39.95s of the -20.56s of remaining time.
Fitting AutoMLPipelineFeatureGenerator...
	0.8738	 = Validation score   (accuracy)
	42.86s	 = Training   runtime
	0.4s	 = Validation runtime
	Stage 5 Generators:
		Fitting DropDuplicatesFeatureGenerator...
	Available Memory:                    201882.77 MB
	Train Data (Original)  Memory Usage: 10.69 MB (0.0% of available memory)
	Inferring data type of each feature based on column values. Set feature_metadata_in to manually specify special dtypes of the features.
	Stage 1 Generators:
		Fitting AsTypeFeatureGenerator...
	Ran out of time, early stopping on iteration 37. Best iteration is:
	[37]	valid_set's binary_error: 0.127586
	Ensemble Weights: {'KNeighborsDist': 0.526, 'LightGBMXT': 0.316, 'KNeighborsUnif': 0.158}
	0.8628	 = Validation score   (accuracy)
	14.56s	 = Training   runtime
	0.16s	 = Validation runtime
	Stage 1 Generators:
		Fitting AsTypeFeatureGenerator...
Fitting model: WeightedEnsemble_L2 ... Training model for up to 36.37s of the -20.75s of remaining time.
	0.8724	 = Validation score   (accuracy)
	45.75s	 = Training   runtime
	0.26s	 = Validation runtime
AutoGluon training complete, total runtime = 94.43s ... Best model: "WeightedEnsemble_L2"
			Note: Converting 5 features to boolean dtype as they only contain 2 unique values.
TabularPredictor saved. To load, use: predictor = TabularPredictor.load("AutogluonModels/ag-20250416_150925-009/Predictor_S5 (SBS5 - 0.98)")
No presets specified! To achieve strong results with AutoGluon, it is recommended to use the available presets.
	Recommended Presets (For more details refer to https://auto.gluon.ai/stable/tutorials/tabular/tabular-essentials.html#presets):
	presets='best_quality'   : Maximize accuracy. Default time_limit=3600.
	presets='high_quality'   : Strong accuracy with fast inference speed. Default time_limit=3600.
	presets='good_quality'   : Good accuracy with very fast inference speed. Default time_limit=3600.
	presets='medium_quality' : Fast training time, ideal for initial prototyping.
	Stage 2 Generators:
		Fitting FillNaFeatureGenerator...
			Note: Converting 5 features to boolean dtype as they only contain 2 unique values.
	Stage 3 Generators:
		Fitting IdentityFeatureGenerator...
	Stage 2 Generators:
Beginning AutoGluon training ... Time limit = 60s
		Fitting FillNaFeatureGenerator...
AutoGluon will save models to "AutogluonModels/ag-20250416_150925-009/Predictor_S6 (SBS7a - 1.00)"
	Stage 4 Generators:
		Fitting DropUniqueFeatureGenerator...
=================== System Info ===================
AutoGluon Version:  1.1.0
Python Version:     3.10.15
Operating System:   Linux
Platform Machine:   x86_64
Platform Version:   #1 SMP PREEMPT_DYNAMIC Thu Apr 3 12:12:16 UTC 2025
CPU Count:          272
Memory Avail:       197.11 GB / 203.90 GB (96.7%)
Disk Space Avail:   1333.20 GB / 5120.00 GB (26.0%)
===================================================
Train Data Rows:    14495
Train Data Columns: 101
Label Column:       S6 (SBS7a - 1.00)
AutoGluon infers your prediction problem is: 'binary' (because only two unique label-values observed).
	2 unique label values:  [False, True]
	If 'binary' is not the correct problem_type, please manually specify the problem_type parameter during predictor init (You may specify problem_type as one of: ['binary', 'multiclass', 'regression'])
Problem Type:       binary
Preprocessing data ...
	Stage 3 Generators:
		Fitting IdentityFeatureGenerator...
Fitting model: WeightedEnsemble_L2 ... Training model for up to 36.89s of the -21.95s of remaining time.
Selected class <--> label mapping:  class 1 = True, class 0 = False
Using Feature Generators to preprocess the data ...
Fitting AutoMLPipelineFeatureGenerator...
	Stage 4 Generators:
		Fitting DropUniqueFeatureGenerator...
	Available Memory:                    201860.86 MB
	Train Data (Original)  Memory Usage: 10.69 MB (0.0% of available memory)
	Inferring data type of each feature based on column values. Set feature_metadata_in to manually specify special dtypes of the features.
	Stage 1 Generators:
		Fitting AsTypeFeatureGenerator...
			Note: Converting 5 features to boolean dtype as they only contain 2 unique values.
	Stage 2 Generators:
		Fitting FillNaFeatureGenerator...
	Stage 3 Generators:
	Types of features in original data (raw dtype, special dtypes):
		Fitting IdentityFeatureGenerator...
		('bool', []) :  5 | ['S1 (SBS1 - 0.99)', 'S2 (SBS2 - 0.99)', 'S3 (SBS3 - 0.97)', 'S4 (SBS4 - 0.98)', 'S5 (SBS5 - 0.98)']
	Ensemble Weights: {'KNeighborsUnif': 0.667, 'LightGBMXT': 0.333}
		('int', [])  : 96 | ['A[C>A]A', 'A[C>A]C', 'A[C>A]G', 'A[C>A]T', 'A[C>G]A', ...]
	0.8503	 = Validation score   (accuracy)
	Types of features in processed data (raw dtype, special dtypes):
	15.93s	 = Training   runtime
		('int', [])       : 96 | ['A[C>A]A', 'A[C>A]C', 'A[C>A]G', 'A[C>A]T', 'A[C>G]A', ...]
	0.16s	 = Validation runtime
	Stage 4 Generators:
		('int', ['bool']) :  5 | ['S1 (SBS1 - 0.99)', 'S2 (SBS2 - 0.99)', 'S3 (SBS3 - 0.97)', 'S4 (SBS4 - 0.98)', 'S5 (SBS5 - 0.98)']
		Fitting DropUniqueFeatureGenerator...
	27.0s = Fit runtime
	101 features in original data used to generate 101 features in processed data.
	Stage 5 Generators:
		Fitting DropDuplicatesFeatureGenerator...
AutoGluon training complete, total runtime = 95.63s ... Best model: "WeightedEnsemble_L2"
	Train Data (Processed) Memory Usage: 10.69 MB (0.0% of available memory)
	Ensemble Weights: {'LightGBMXT': 0.545, 'KNeighborsDist': 0.273, 'KNeighborsUnif': 0.182}
	0.8724	 = Validation score   (accuracy)
Data preprocessing and feature engineering runtime = 28.12s ...
	15.74s	 = Training   runtime
AutoGluon will gauge predictive performance using evaluation metric: 'accuracy'
	0.1s	 = Validation runtime
	To change this, specify the eval_metric parameter of Predictor()
AutoGluon training complete, total runtime = 96.65s ... Best model: "WeightedEnsemble_L2"
TabularPredictor saved. To load, use: predictor = TabularPredictor.load("AutogluonModels/ag-20250416_150925-004/Predictor_S5 (SBS5 - 0.98)")
No presets specified! To achieve strong results with AutoGluon, it is recommended to use the available presets.
	Recommended Presets (For more details refer to https://auto.gluon.ai/stable/tutorials/tabular/tabular-essentials.html#presets):
	presets='best_quality'   : Maximize accuracy. Default time_limit=3600.
	presets='high_quality'   : Strong accuracy with fast inference speed. Default time_limit=3600.
	presets='good_quality'   : Good accuracy with very fast inference speed. Default time_limit=3600.
	presets='medium_quality' : Fast training time, ideal for initial prototyping.
	Stage 1 Generators:
		Fitting AsTypeFeatureGenerator...
Automatically generating train/validation split with holdout_frac=0.1, Train Rows: 13045, Val Rows: 1450
User-specified model hyperparameters to be fit:
{
	'NN_TORCH': {},
	'GBM': [{'extra_trees': True, 'ag_args': {'name_suffix': 'XT'}}, {}, 'GBMLarge'],
	'CAT': {},
	'XGB': {},
	'FASTAI': {},
	'RF': [{'criterion': 'gini', 'ag_args': {'name_suffix': 'Gini', 'problem_types': ['binary', 'multiclass']}}, {'criterion': 'entropy', 'ag_args': {'name_suffix': 'Entr', 'problem_types': ['binary', 'multiclass']}}, {'criterion': 'squared_error', 'ag_args': {'name_suffix': 'MSE', 'problem_types': ['regression', 'quantile']}}],
	'XT': [{'criterion': 'gini', 'ag_args': {'name_suffix': 'Gini', 'problem_types': ['binary', 'multiclass']}}, {'criterion': 'entropy', 'ag_args': {'name_suffix': 'Entr', 'problem_types': ['binary', 'multiclass']}}, {'criterion': 'squared_error', 'ag_args': {'name_suffix': 'MSE', 'problem_types': ['regression', 'quantile']}}],
	'KNN': [{'weights': 'uniform', 'ag_args': {'name_suffix': 'Unif'}}, {'weights': 'distance', 'ag_args': {'name_suffix': 'Dist'}}],
}
	Types of features in original data (raw dtype, special dtypes):
		('bool', []) :  5 | ['S1 (SBS1 - 0.99)', 'S2 (SBS2 - 0.99)', 'S3 (SBS3 - 0.97)', 'S4 (SBS4 - 0.98)', 'S5 (SBS5 - 0.98)']
		('int', [])  : 96 | ['A[C>A]A', 'A[C>A]C', 'A[C>A]G', 'A[C>A]T', 'A[C>G]A', ...]
	Types of features in processed data (raw dtype, special dtypes):
	Stage 5 Generators:
		('int', [])       : 96 | ['A[C>A]A', 'A[C>A]C', 'A[C>A]G', 'A[C>A]T', 'A[C>G]A', ...]
		Fitting DropDuplicatesFeatureGenerator...
		('int', ['bool']) :  5 | ['S1 (SBS1 - 0.99)', 'S2 (SBS2 - 0.99)', 'S3 (SBS3 - 0.97)', 'S4 (SBS4 - 0.98)', 'S5 (SBS5 - 0.98)']
	20.2s = Fit runtime
	101 features in original data used to generate 101 features in processed data.
Beginning AutoGluon training ... Time limit = 60s
AutoGluon will save models to "AutogluonModels/ag-20250416_150925-004/Predictor_S6 (SBS7a - 1.00)"
TabularPredictor saved. To load, use: predictor = TabularPredictor.load("AutogluonModels/ag-20250416_150925-007/Predictor_S5 (SBS5 - 0.98)")
No presets specified! To achieve strong results with AutoGluon, it is recommended to use the available presets.
	Recommended Presets (For more details refer to https://auto.gluon.ai/stable/tutorials/tabular/tabular-essentials.html#presets):
	presets='best_quality'   : Maximize accuracy. Default time_limit=3600.
	presets='high_quality'   : Strong accuracy with fast inference speed. Default time_limit=3600.
	presets='good_quality'   : Good accuracy with very fast inference speed. Default time_limit=3600.
	presets='medium_quality' : Fast training time, ideal for initial prototyping.
	Train Data (Processed) Memory Usage: 10.69 MB (0.0% of available memory)
=================== System Info ===================
AutoGluon Version:  1.1.0
Python Version:     3.10.15
Operating System:   Linux
Platform Machine:   x86_64
Platform Version:   #1 SMP PREEMPT_DYNAMIC Thu Apr 3 12:12:16 UTC 2025
CPU Count:          272
Memory Avail:       197.18 GB / 203.90 GB (96.7%)
Disk Space Avail:   1333.20 GB / 5120.00 GB (26.0%)
===================================================
Train Data Rows:    14495
Data preprocessing and feature engineering runtime = 21.34s ...
Train Data Columns: 101
AutoGluon will gauge predictive performance using evaluation metric: 'accuracy'
Label Column:       S6 (SBS7a - 1.00)
	To change this, specify the eval_metric parameter of Predictor()
AutoGluon infers your prediction problem is: 'binary' (because only two unique label-values observed).
			Note: Converting 5 features to boolean dtype as they only contain 2 unique values.
Fitting 13 L1 models ...
	2 unique label values:  [False, True]
Fitting model: KNeighborsUnif ... Training model for up to 31.88s of the 31.71s of remaining time.
	If 'binary' is not the correct problem_type, please manually specify the problem_type parameter during predictor init (You may specify problem_type as one of: ['binary', 'multiclass', 'regression'])
Beginning AutoGluon training ... Time limit = 60s
	Stage 2 Generators:
Problem Type:       binary
AutoGluon will save models to "AutogluonModels/ag-20250416_150925-007/Predictor_S6 (SBS7a - 1.00)"
		Fitting FillNaFeatureGenerator...
Preprocessing data ...
	Types of features in original data (raw dtype, special dtypes):
		('bool', []) :  5 | ['S1 (SBS1 - 0.99)', 'S2 (SBS2 - 0.99)', 'S3 (SBS3 - 0.97)', 'S4 (SBS4 - 0.98)', 'S5 (SBS5 - 0.98)']
		('int', [])  : 96 | ['A[C>A]A', 'A[C>A]C', 'A[C>A]G', 'A[C>A]T', 'A[C>G]A', ...]
	Types of features in processed data (raw dtype, special dtypes):
Automatically generating train/validation split with holdout_frac=0.1, Train Rows: 13045, Val Rows: 1450
=================== System Info ===================
AutoGluon Version:  1.1.0
Python Version:     3.10.15
Operating System:   Linux
Platform Machine:   x86_64
Platform Version:   #1 SMP PREEMPT_DYNAMIC Thu Apr 3 12:12:16 UTC 2025
CPU Count:          272
Memory Avail:       197.18 GB / 203.90 GB (96.7%)
Disk Space Avail:   1333.19 GB / 5120.00 GB (26.0%)
===================================================
		('int', [])       : 96 | ['A[C>A]A', 'A[C>A]C', 'A[C>A]G', 'A[C>A]T', 'A[C>G]A', ...]
User-specified model hyperparameters to be fit:
{
	'NN_TORCH': {},
	'GBM': [{'extra_trees': True, 'ag_args': {'name_suffix': 'XT'}}, {}, 'GBMLarge'],
	'CAT': {},
	'XGB': {},
	'FASTAI': {},
	'RF': [{'criterion': 'gini', 'ag_args': {'name_suffix': 'Gini', 'problem_types': ['binary', 'multiclass']}}, {'criterion': 'entropy', 'ag_args': {'name_suffix': 'Entr', 'problem_types': ['binary', 'multiclass']}}, {'criterion': 'squared_error', 'ag_args': {'name_suffix': 'MSE', 'problem_types': ['regression', 'quantile']}}],
	'XT': [{'criterion': 'gini', 'ag_args': {'name_suffix': 'Gini', 'problem_types': ['binary', 'multiclass']}}, {'criterion': 'entropy', 'ag_args': {'name_suffix': 'Entr', 'problem_types': ['binary', 'multiclass']}}, {'criterion': 'squared_error', 'ag_args': {'name_suffix': 'MSE', 'problem_types': ['regression', 'quantile']}}],
	'KNN': [{'weights': 'uniform', 'ag_args': {'name_suffix': 'Unif'}}, {'weights': 'distance', 'ag_args': {'name_suffix': 'Dist'}}],
}
Selected class <--> label mapping:  class 1 = True, class 0 = False
Train Data Rows:    14495
		('int', ['bool']) :  5 | ['S1 (SBS1 - 0.99)', 'S2 (SBS2 - 0.99)', 'S3 (SBS3 - 0.97)', 'S4 (SBS4 - 0.98)', 'S5 (SBS5 - 0.98)']
	Stage 3 Generators:
Train Data Columns: 101
	18.4s = Fit runtime
Using Feature Generators to preprocess the data ...
		Fitting IdentityFeatureGenerator...
Label Column:       S6 (SBS7a - 1.00)
	101 features in original data used to generate 101 features in processed data.
Fitting AutoMLPipelineFeatureGenerator...
AutoGluon infers your prediction problem is: 'binary' (because only two unique label-values observed).
	Stage 4 Generators:
	Ensemble Weights: {'LightGBMXT': 0.625, 'KNeighborsDist': 0.375}
	2 unique label values:  [False, True]
		Fitting DropUniqueFeatureGenerator...
	0.871	 = Validation score   (accuracy)
	If 'binary' is not the correct problem_type, please manually specify the problem_type parameter during predictor init (You may specify problem_type as one of: ['binary', 'multiclass', 'regression'])
	14.62s	 = Training   runtime
Problem Type:       binary
	0.14s	 = Validation runtime
Preprocessing data ...
	Train Data (Processed) Memory Usage: 10.69 MB (0.0% of available memory)
Data preprocessing and feature engineering runtime = 20.02s ...
Fitting 13 L1 models ...
AutoGluon will gauge predictive performance using evaluation metric: 'accuracy'
	Available Memory:                    201968.75 MB
Fitting model: KNeighborsUnif ... Training model for up to 38.66s of the 38.61s of remaining time.
	To change this, specify the eval_metric parameter of Predictor()
	Ensemble Weights: {'LightGBMXT': 0.526, 'KNeighborsDist': 0.263, 'KNeighborsUnif': 0.211}
Selected class <--> label mapping:  class 1 = True, class 0 = False
	Train Data (Original)  Memory Usage: 10.69 MB (0.0% of available memory)
	0.8876	 = Validation score   (accuracy)
	Inferring data type of each feature based on column values. Set feature_metadata_in to manually specify special dtypes of the features.
AutoGluon training complete, total runtime = 95.12s ... Best model: "WeightedEnsemble_L2"
Using Feature Generators to preprocess the data ...
	14.03s	 = Training   runtime
Fitting AutoMLPipelineFeatureGenerator...
	0.08s	 = Validation runtime
	Stage 5 Generators:
		Fitting DropDuplicatesFeatureGenerator...
Automatically generating train/validation split with holdout_frac=0.1, Train Rows: 13045, Val Rows: 1450
User-specified model hyperparameters to be fit:
{
	'NN_TORCH': {},
	'GBM': [{'extra_trees': True, 'ag_args': {'name_suffix': 'XT'}}, {}, 'GBMLarge'],
	'CAT': {},
	'XGB': {},
	'FASTAI': {},
	'RF': [{'criterion': 'gini', 'ag_args': {'name_suffix': 'Gini', 'problem_types': ['binary', 'multiclass']}}, {'criterion': 'entropy', 'ag_args': {'name_suffix': 'Entr', 'problem_types': ['binary', 'multiclass']}}, {'criterion': 'squared_error', 'ag_args': {'name_suffix': 'MSE', 'problem_types': ['regression', 'quantile']}}],
	'XT': [{'criterion': 'gini', 'ag_args': {'name_suffix': 'Gini', 'problem_types': ['binary', 'multiclass']}}, {'criterion': 'entropy', 'ag_args': {'name_suffix': 'Entr', 'problem_types': ['binary', 'multiclass']}}, {'criterion': 'squared_error', 'ag_args': {'name_suffix': 'MSE', 'problem_types': ['regression', 'quantile']}}],
	'KNN': [{'weights': 'uniform', 'ag_args': {'name_suffix': 'Unif'}}, {'weights': 'distance', 'ag_args': {'name_suffix': 'Dist'}}],
}
	Available Memory:                    201933.25 MB
	Train Data (Original)  Memory Usage: 10.69 MB (0.0% of available memory)
	Inferring data type of each feature based on column values. Set feature_metadata_in to manually specify special dtypes of the features.
AutoGluon training complete, total runtime = 99.36s ... Best model: "WeightedEnsemble_L2"
	Ensemble Weights: {'LightGBMXT': 0.571, 'KNeighborsDist': 0.286, 'KNeighborsUnif': 0.143}
	0.8793	 = Validation score   (accuracy)
	14.35s	 = Training   runtime
	0.16s	 = Validation runtime
TabularPredictor saved. To load, use: predictor = TabularPredictor.load("AutogluonModels/ag-20250416_150924-002/Predictor_S5 (SBS5 - 0.98)")
	Ensemble Weights: {'KNeighborsDist': 0.625, 'LightGBMXT': 0.375}
	0.8897	 = Validation score   (accuracy)
	14.13s	 = Training   runtime
	0.09s	 = Validation runtime
No presets specified! To achieve strong results with AutoGluon, it is recommended to use the available presets.
	Recommended Presets (For more details refer to https://auto.gluon.ai/stable/tutorials/tabular/tabular-essentials.html#presets):
	presets='best_quality'   : Maximize accuracy. Default time_limit=3600.
	presets='high_quality'   : Strong accuracy with fast inference speed. Default time_limit=3600.
	presets='good_quality'   : Good accuracy with very fast inference speed. Default time_limit=3600.
	presets='medium_quality' : Fast training time, ideal for initial prototyping.
	Types of features in original data (raw dtype, special dtypes):
		('bool', []) :  5 | ['S1 (SBS1 - 0.99)', 'S2 (SBS2 - 0.99)', 'S3 (SBS3 - 0.97)', 'S4 (SBS4 - 0.98)', 'S5 (SBS5 - 0.98)']
		('int', [])  : 96 | ['A[C>A]A', 'A[C>A]C', 'A[C>A]G', 'A[C>A]T', 'A[C>G]A', ...]
	Types of features in processed data (raw dtype, special dtypes):
		('int', [])       : 96 | ['A[C>A]A', 'A[C>A]C', 'A[C>A]G', 'A[C>A]T', 'A[C>G]A', ...]
		('int', ['bool']) :  5 | ['S1 (SBS1 - 0.99)', 'S2 (SBS2 - 0.99)', 'S3 (SBS3 - 0.97)', 'S4 (SBS4 - 0.98)', 'S5 (SBS5 - 0.98)']
	13.9s = Fit runtime
	101 features in original data used to generate 101 features in processed data.
AutoGluon training complete, total runtime = 95.57s ... Best model: "WeightedEnsemble_L2"
Fitting 13 L1 models ...
Fitting model: KNeighborsUnif ... Training model for up to 39.98s of the 39.81s of remaining time.
AutoGluon training complete, total runtime = 95.82s ... Best model: "WeightedEnsemble_L2"
	Ensemble Weights: {'KNeighborsDist': 0.625, 'LightGBMXT': 0.375}
	0.869	 = Validation score   (accuracy)
	Train Data (Processed) Memory Usage: 10.69 MB (0.0% of available memory)
TabularPredictor saved. To load, use: predictor = TabularPredictor.load("AutogluonModels/ag-20250416_150925-005/Predictor_S5 (SBS5 - 0.98)")
	15.69s	 = Training   runtime
Beginning AutoGluon training ... Time limit = 60s
	0.24s	 = Validation runtime
Data preprocessing and feature engineering runtime = 14.73s ...
No presets specified! To achieve strong results with AutoGluon, it is recommended to use the available presets.
	Recommended Presets (For more details refer to https://auto.gluon.ai/stable/tutorials/tabular/tabular-essentials.html#presets):
	presets='best_quality'   : Maximize accuracy. Default time_limit=3600.
	presets='high_quality'   : Strong accuracy with fast inference speed. Default time_limit=3600.
	presets='good_quality'   : Good accuracy with very fast inference speed. Default time_limit=3600.
	presets='medium_quality' : Fast training time, ideal for initial prototyping.
AutoGluon will save models to "AutogluonModels/ag-20250416_150924-002/Predictor_S6 (SBS7a - 1.00)"
AutoGluon will gauge predictive performance using evaluation metric: 'accuracy'
	To change this, specify the eval_metric parameter of Predictor()
TabularPredictor saved. To load, use: predictor = TabularPredictor.load("AutogluonModels/ag-20250416_150924/Predictor_S5 (SBS5 - 0.98)")
No presets specified! To achieve strong results with AutoGluon, it is recommended to use the available presets.
	Recommended Presets (For more details refer to https://auto.gluon.ai/stable/tutorials/tabular/tabular-essentials.html#presets):
	presets='best_quality'   : Maximize accuracy. Default time_limit=3600.
	presets='high_quality'   : Strong accuracy with fast inference speed. Default time_limit=3600.
	presets='good_quality'   : Good accuracy with very fast inference speed. Default time_limit=3600.
	presets='medium_quality' : Fast training time, ideal for initial prototyping.
=================== System Info ===================
AutoGluon Version:  1.1.0
Python Version:     3.10.15
Operating System:   Linux
Platform Machine:   x86_64
Platform Version:   #1 SMP PREEMPT_DYNAMIC Thu Apr 3 12:12:16 UTC 2025
CPU Count:          272
Memory Avail:       197.22 GB / 203.90 GB (96.7%)
Disk Space Avail:   1333.19 GB / 5120.00 GB (26.0%)
===================================================
	Ensemble Weights: {'LightGBMXT': 0.583, 'KNeighborsUnif': 0.417}
AutoGluon training complete, total runtime = 99.55s ... Best model: "WeightedEnsemble_L2"
Train Data Rows:    14495
	0.8683	 = Validation score   (accuracy)
Train Data Columns: 101
	14.82s	 = Training   runtime
Label Column:       S6 (SBS7a - 1.00)
	Stage 5 Generators:
	0.11s	 = Validation runtime
TabularPredictor saved. To load, use: predictor = TabularPredictor.load("AutogluonModels/ag-20250416_150926-001/Predictor_S5 (SBS5 - 0.98)")
		Fitting DropDuplicatesFeatureGenerator...
Beginning AutoGluon training ... Time limit = 60s
AutoGluon infers your prediction problem is: 'binary' (because only two unique label-values observed).
AutoGluon will save models to "AutogluonModels/ag-20250416_150925-005/Predictor_S6 (SBS7a - 1.00)"
No presets specified! To achieve strong results with AutoGluon, it is recommended to use the available presets.
	Recommended Presets (For more details refer to https://auto.gluon.ai/stable/tutorials/tabular/tabular-essentials.html#presets):
	presets='best_quality'   : Maximize accuracy. Default time_limit=3600.
	presets='high_quality'   : Strong accuracy with fast inference speed. Default time_limit=3600.
	presets='good_quality'   : Good accuracy with very fast inference speed. Default time_limit=3600.
	presets='medium_quality' : Fast training time, ideal for initial prototyping.
Beginning AutoGluon training ... Time limit = 60s
	Stage 1 Generators:
	2 unique label values:  [False, True]
	Ensemble Weights: {'KNeighborsDist': 0.688, 'LightGBMXT': 0.312}
AutoGluon training complete, total runtime = 94.98s ... Best model: "WeightedEnsemble_L2"
AutoGluon will save models to "AutogluonModels/ag-20250416_150924/Predictor_S6 (SBS7a - 1.00)"
Automatically generating train/validation split with holdout_frac=0.1, Train Rows: 13045, Val Rows: 1450
TabularPredictor saved. To load, use: predictor = TabularPredictor.load("AutogluonModels/ag-20250416_150924-001/Predictor_S5 (SBS5 - 0.98)")
=================== System Info ===================
AutoGluon Version:  1.1.0
Python Version:     3.10.15
Operating System:   Linux
Platform Machine:   x86_64
Platform Version:   #1 SMP PREEMPT_DYNAMIC Thu Apr 3 12:12:16 UTC 2025
CPU Count:          272
Memory Avail:       197.21 GB / 203.90 GB (96.7%)
Disk Space Avail:   1333.19 GB / 5120.00 GB (26.0%)
===================================================
		Fitting AsTypeFeatureGenerator...
	If 'binary' is not the correct problem_type, please manually specify the problem_type parameter during predictor init (You may specify problem_type as one of: ['binary', 'multiclass', 'regression'])
	0.8876	 = Validation score   (accuracy)
User-specified model hyperparameters to be fit:
{
	'NN_TORCH': {},
	'GBM': [{'extra_trees': True, 'ag_args': {'name_suffix': 'XT'}}, {}, 'GBMLarge'],
	'CAT': {},
	'XGB': {},
	'FASTAI': {},
	'RF': [{'criterion': 'gini', 'ag_args': {'name_suffix': 'Gini', 'problem_types': ['binary', 'multiclass']}}, {'criterion': 'entropy', 'ag_args': {'name_suffix': 'Entr', 'problem_types': ['binary', 'multiclass']}}, {'criterion': 'squared_error', 'ag_args': {'name_suffix': 'MSE', 'problem_types': ['regression', 'quantile']}}],
	'XT': [{'criterion': 'gini', 'ag_args': {'name_suffix': 'Gini', 'problem_types': ['binary', 'multiclass']}}, {'criterion': 'entropy', 'ag_args': {'name_suffix': 'Entr', 'problem_types': ['binary', 'multiclass']}}, {'criterion': 'squared_error', 'ag_args': {'name_suffix': 'MSE', 'problem_types': ['regression', 'quantile']}}],
	'KNN': [{'weights': 'uniform', 'ag_args': {'name_suffix': 'Unif'}}, {'weights': 'distance', 'ag_args': {'name_suffix': 'Dist'}}],
}
Train Data Rows:    14495
=================== System Info ===================
AutoGluon Version:  1.1.0
Python Version:     3.10.15
Operating System:   Linux
Platform Machine:   x86_64
Platform Version:   #1 SMP PREEMPT_DYNAMIC Thu Apr 3 12:12:16 UTC 2025
CPU Count:          272
Memory Avail:       197.21 GB / 203.90 GB (96.7%)
Disk Space Avail:   1333.19 GB / 5120.00 GB (26.0%)
===================================================
Problem Type:       binary
No presets specified! To achieve strong results with AutoGluon, it is recommended to use the available presets.
	Recommended Presets (For more details refer to https://auto.gluon.ai/stable/tutorials/tabular/tabular-essentials.html#presets):
	presets='best_quality'   : Maximize accuracy. Default time_limit=3600.
	presets='high_quality'   : Strong accuracy with fast inference speed. Default time_limit=3600.
	presets='good_quality'   : Good accuracy with very fast inference speed. Default time_limit=3600.
	presets='medium_quality' : Fast training time, ideal for initial prototyping.
Beginning AutoGluon training ... Time limit = 60s
	14.47s	 = Training   runtime
Train Data Columns: 101
Train Data Rows:    14495
Preprocessing data ...
AutoGluon will save models to "AutogluonModels/ag-20250416_150926-001/Predictor_S6 (SBS7a - 1.00)"
	0.16s	 = Validation runtime
Label Column:       S6 (SBS7a - 1.00)
Train Data Columns: 101
AutoGluon infers your prediction problem is: 'binary' (because only two unique label-values observed).
Selected class <--> label mapping:  class 1 = True, class 0 = False
=================== System Info ===================
AutoGluon Version:  1.1.0
Python Version:     3.10.15
Operating System:   Linux
Platform Machine:   x86_64
Platform Version:   #1 SMP PREEMPT_DYNAMIC Thu Apr 3 12:12:16 UTC 2025
CPU Count:          272
Memory Avail:       197.20 GB / 203.90 GB (96.7%)
Disk Space Avail:   1333.19 GB / 5120.00 GB (26.0%)
===================================================
Label Column:       S6 (SBS7a - 1.00)
	Ensemble Weights: {'LightGBMXT': 0.526, 'KNeighborsDist': 0.368, 'KNeighborsUnif': 0.105}
	2 unique label values:  [False, True]
Train Data Rows:    14495
TabularPredictor saved. To load, use: predictor = TabularPredictor.load("AutogluonModels/ag-20250416_150925/Predictor_S5 (SBS5 - 0.98)")
AutoGluon infers your prediction problem is: 'binary' (because only two unique label-values observed).
	0.8876	 = Validation score   (accuracy)
	If 'binary' is not the correct problem_type, please manually specify the problem_type parameter during predictor init (You may specify problem_type as one of: ['binary', 'multiclass', 'regression'])
Using Feature Generators to preprocess the data ...
Train Data Columns: 101
	2 unique label values:  [False, True]
No presets specified! To achieve strong results with AutoGluon, it is recommended to use the available presets.
	Recommended Presets (For more details refer to https://auto.gluon.ai/stable/tutorials/tabular/tabular-essentials.html#presets):
	presets='best_quality'   : Maximize accuracy. Default time_limit=3600.
	presets='high_quality'   : Strong accuracy with fast inference speed. Default time_limit=3600.
	presets='good_quality'   : Good accuracy with very fast inference speed. Default time_limit=3600.
	presets='medium_quality' : Fast training time, ideal for initial prototyping.
	12.71s	 = Training   runtime
Beginning AutoGluon training ... Time limit = 60s
AutoGluon training complete, total runtime = 98.95s ... Best model: "WeightedEnsemble_L2"
Problem Type:       binary
Fitting AutoMLPipelineFeatureGenerator...
Label Column:       S6 (SBS7a - 1.00)
	If 'binary' is not the correct problem_type, please manually specify the problem_type parameter during predictor init (You may specify problem_type as one of: ['binary', 'multiclass', 'regression'])
	0.12s	 = Validation runtime
Fitting 13 L1 models ...
AutoGluon will save models to "AutogluonModels/ag-20250416_150924-001/Predictor_S6 (SBS7a - 1.00)"
Preprocessing data ...
			Note: Converting 5 features to boolean dtype as they only contain 2 unique values.
AutoGluon infers your prediction problem is: 'binary' (because only two unique label-values observed).
Problem Type:       binary
Fitting model: KNeighborsUnif ... Training model for up to 45.26s of the 45.12s of remaining time.
=================== System Info ===================
AutoGluon Version:  1.1.0
Python Version:     3.10.15
Operating System:   Linux
Platform Machine:   x86_64
Platform Version:   #1 SMP PREEMPT_DYNAMIC Thu Apr 3 12:12:16 UTC 2025
CPU Count:          272
Memory Avail:       197.21 GB / 203.90 GB (96.7%)
Disk Space Avail:   1333.16 GB / 5120.00 GB (26.0%)
===================================================
Beginning AutoGluon training ... Time limit = 60s
Selected class <--> label mapping:  class 1 = True, class 0 = False
AutoGluon training complete, total runtime = 96.71s ... Best model: "WeightedEnsemble_L2"
	2 unique label values:  [False, True]
Preprocessing data ...
	Stage 2 Generators:
Train Data Rows:    14495
AutoGluon will save models to "AutogluonModels/ag-20250416_150925/Predictor_S6 (SBS7a - 1.00)"
Using Feature Generators to preprocess the data ...
	Available Memory:                    201951.35 MB
	If 'binary' is not the correct problem_type, please manually specify the problem_type parameter during predictor init (You may specify problem_type as one of: ['binary', 'multiclass', 'regression'])
		Fitting FillNaFeatureGenerator...
Train Data Columns: 101
	Stage 1 Generators:
Fitting AutoMLPipelineFeatureGenerator...
	Train Data (Original)  Memory Usage: 10.69 MB (0.0% of available memory)
TabularPredictor saved. To load, use: predictor = TabularPredictor.load("AutogluonModels/ag-20250416_150926/Predictor_S5 (SBS5 - 0.98)")
Problem Type:       binary
=================== System Info ===================
AutoGluon Version:  1.1.0
Python Version:     3.10.15
Operating System:   Linux
Platform Machine:   x86_64
Platform Version:   #1 SMP PREEMPT_DYNAMIC Thu Apr 3 12:12:16 UTC 2025
CPU Count:          272
Memory Avail:       197.18 GB / 203.90 GB (96.7%)
Disk Space Avail:   1333.16 GB / 5120.00 GB (26.0%)
===================================================
Selected class <--> label mapping:  class 1 = True, class 0 = False
Label Column:       S6 (SBS7a - 1.00)
		Fitting AsTypeFeatureGenerator...
	Inferring data type of each feature based on column values. Set feature_metadata_in to manually specify special dtypes of the features.
No presets specified! To achieve strong results with AutoGluon, it is recommended to use the available presets.
	Recommended Presets (For more details refer to https://auto.gluon.ai/stable/tutorials/tabular/tabular-essentials.html#presets):
	presets='best_quality'   : Maximize accuracy. Default time_limit=3600.
	presets='high_quality'   : Strong accuracy with fast inference speed. Default time_limit=3600.
	presets='good_quality'   : Good accuracy with very fast inference speed. Default time_limit=3600.
	presets='medium_quality' : Fast training time, ideal for initial prototyping.
Preprocessing data ...
Train Data Rows:    14495
TabularPredictor saved. To load, use: predictor = TabularPredictor.load("AutogluonModels/ag-20250416_150925-003/Predictor_S5 (SBS5 - 0.98)")
	Stage 3 Generators:
AutoGluon infers your prediction problem is: 'binary' (because only two unique label-values observed).
Using Feature Generators to preprocess the data ...
Train Data Columns: 101
		Fitting IdentityFeatureGenerator...
	2 unique label values:  [False, True]
	0.8283	 = Validation score   (accuracy)
No presets specified! To achieve strong results with AutoGluon, it is recommended to use the available presets.
	Recommended Presets (For more details refer to https://auto.gluon.ai/stable/tutorials/tabular/tabular-essentials.html#presets):
	presets='best_quality'   : Maximize accuracy. Default time_limit=3600.
	presets='high_quality'   : Strong accuracy with fast inference speed. Default time_limit=3600.
	presets='good_quality'   : Good accuracy with very fast inference speed. Default time_limit=3600.
	presets='medium_quality' : Fast training time, ideal for initial prototyping.
Fitting AutoMLPipelineFeatureGenerator...
Label Column:       S6 (SBS7a - 1.00)
	If 'binary' is not the correct problem_type, please manually specify the problem_type parameter during predictor init (You may specify problem_type as one of: ['binary', 'multiclass', 'regression'])
Selected class <--> label mapping:  class 1 = True, class 0 = False
	4.39s	 = Training   runtime
	Available Memory:                    201904.80 MB
	Stage 4 Generators:
AutoGluon infers your prediction problem is: 'binary' (because only two unique label-values observed).
Problem Type:       binary
	2.16s	 = Validation runtime
	Train Data (Original)  Memory Usage: 10.69 MB (0.0% of available memory)
		Fitting DropUniqueFeatureGenerator...
Using Feature Generators to preprocess the data ...
	2 unique label values:  [False, True]
Preprocessing data ...
Beginning AutoGluon training ... Time limit = 60s
	Inferring data type of each feature based on column values. Set feature_metadata_in to manually specify special dtypes of the features.
Fitting model: KNeighborsDist ... Training model for up to 23.9s of the 23.74s of remaining time.
Beginning AutoGluon training ... Time limit = 60s
Fitting AutoMLPipelineFeatureGenerator...
	If 'binary' is not the correct problem_type, please manually specify the problem_type parameter during predictor init (You may specify problem_type as one of: ['binary', 'multiclass', 'regression'])
AutoGluon will save models to "AutogluonModels/ag-20250416_150926/Predictor_S6 (SBS7a - 1.00)"
AutoGluon will save models to "AutogluonModels/ag-20250416_150925-003/Predictor_S6 (SBS7a - 1.00)"
Selected class <--> label mapping:  class 1 = True, class 0 = False
Problem Type:       binary
	Available Memory:                    201889.49 MB
Preprocessing data ...
Using Feature Generators to preprocess the data ...
	Train Data (Original)  Memory Usage: 10.69 MB (0.0% of available memory)
=================== System Info ===================
AutoGluon Version:  1.1.0
Python Version:     3.10.15
Operating System:   Linux
Platform Machine:   x86_64
Platform Version:   #1 SMP PREEMPT_DYNAMIC Thu Apr 3 12:12:16 UTC 2025
CPU Count:          272
Memory Avail:       197.15 GB / 203.90 GB (96.7%)
Disk Space Avail:   1333.16 GB / 5120.00 GB (26.0%)
===================================================
Fitting AutoMLPipelineFeatureGenerator...
=================== System Info ===================
AutoGluon Version:  1.1.0
Python Version:     3.10.15
Operating System:   Linux
Platform Machine:   x86_64
Platform Version:   #1 SMP PREEMPT_DYNAMIC Thu Apr 3 12:12:16 UTC 2025
CPU Count:          272
Memory Avail:       197.15 GB / 203.90 GB (96.7%)
Disk Space Avail:   1333.16 GB / 5120.00 GB (26.0%)
===================================================
Train Data Rows:    14495
	0.8283	 = Validation score   (accuracy)
	Inferring data type of each feature based on column values. Set feature_metadata_in to manually specify special dtypes of the features.
Train Data Rows:    14495
Selected class <--> label mapping:  class 1 = True, class 0 = False
Train Data Columns: 101
Label Column:       S6 (SBS7a - 1.00)
	4.43s	 = Training   runtime
	2.11s	 = Validation runtime
Train Data Columns: 101
Using Feature Generators to preprocess the data ...
AutoGluon infers your prediction problem is: 'binary' (because only two unique label-values observed).
			Note: Converting 5 features to boolean dtype as they only contain 2 unique values.
Label Column:       S6 (SBS7a - 1.00)
Fitting AutoMLPipelineFeatureGenerator...
	Available Memory:                    201889.78 MB
	2 unique label values:  [False, True]
AutoGluon infers your prediction problem is: 'binary' (because only two unique label-values observed).
	Train Data (Original)  Memory Usage: 10.69 MB (0.0% of available memory)
	If 'binary' is not the correct problem_type, please manually specify the problem_type parameter during predictor init (You may specify problem_type as one of: ['binary', 'multiclass', 'regression'])
Fitting model: KNeighborsDist ... Training model for up to 30.64s of the 30.58s of remaining time.
	2 unique label values:  [False, True]
	Available Memory:                    201887.61 MB
	Ensemble Weights: {'LightGBMXT': 0.529, 'KNeighborsDist': 0.471}
Problem Type:       binary
	Stage 2 Generators:
	Inferring data type of each feature based on column values. Set feature_metadata_in to manually specify special dtypes of the features.
	If 'binary' is not the correct problem_type, please manually specify the problem_type parameter during predictor init (You may specify problem_type as one of: ['binary', 'multiclass', 'regression'])
	Available Memory:                    201886.35 MB
	Train Data (Original)  Memory Usage: 10.69 MB (0.0% of available memory)
	0.8841	 = Validation score   (accuracy)
Preprocessing data ...
		Fitting FillNaFeatureGenerator...
Problem Type:       binary
	Train Data (Original)  Memory Usage: 10.69 MB (0.0% of available memory)
	Inferring data type of each feature based on column values. Set feature_metadata_in to manually specify special dtypes of the features.
	14.16s	 = Training   runtime
Preprocessing data ...
Selected class <--> label mapping:  class 1 = True, class 0 = False
	Inferring data type of each feature based on column values. Set feature_metadata_in to manually specify special dtypes of the features.
	0.33s	 = Validation runtime
	Stage 3 Generators:
Using Feature Generators to preprocess the data ...
Selected class <--> label mapping:  class 1 = True, class 0 = False
		Fitting IdentityFeatureGenerator...
Fitting AutoMLPipelineFeatureGenerator...
Using Feature Generators to preprocess the data ...
	0.8221	 = Validation score   (accuracy)
Fitting AutoMLPipelineFeatureGenerator...
	4.43s	 = Training   runtime
	2.42s	 = Validation runtime
	Stage 4 Generators:
		Fitting DropUniqueFeatureGenerator...
	Stage 5 Generators:
		Fitting DropDuplicatesFeatureGenerator...
AutoGluon training complete, total runtime = 101.5s ... Best model: "WeightedEnsemble_L2"
	Available Memory:                    201887.83 MB
Fitting model: KNeighborsDist ... Training model for up to 31.08s of the 30.9s of remaining time.
	Train Data (Original)  Memory Usage: 10.69 MB (0.0% of available memory)
	Available Memory:                    201888.08 MB
	Train Data (Original)  Memory Usage: 10.69 MB (0.0% of available memory)
	Inferring data type of each feature based on column values. Set feature_metadata_in to manually specify special dtypes of the features.
	Inferring data type of each feature based on column values. Set feature_metadata_in to manually specify special dtypes of the features.
TabularPredictor saved. To load, use: predictor = TabularPredictor.load("AutogluonModels/ag-20250416_150925-001/Predictor_S5 (SBS5 - 0.98)")
No presets specified! To achieve strong results with AutoGluon, it is recommended to use the available presets.
	Recommended Presets (For more details refer to https://auto.gluon.ai/stable/tutorials/tabular/tabular-essentials.html#presets):
	presets='best_quality'   : Maximize accuracy. Default time_limit=3600.
	presets='high_quality'   : Strong accuracy with fast inference speed. Default time_limit=3600.
	presets='good_quality'   : Good accuracy with very fast inference speed. Default time_limit=3600.
	presets='medium_quality' : Fast training time, ideal for initial prototyping.
	Stage 1 Generators:
		Fitting AsTypeFeatureGenerator...
	Types of features in original data (raw dtype, special dtypes):
		('bool', []) :  5 | ['S1 (SBS1 - 0.99)', 'S2 (SBS2 - 0.99)', 'S3 (SBS3 - 0.97)', 'S4 (SBS4 - 0.98)', 'S5 (SBS5 - 0.98)']
		('int', [])  : 96 | ['A[C>A]A', 'A[C>A]C', 'A[C>A]G', 'A[C>A]T', 'A[C>G]A', ...]
	Types of features in processed data (raw dtype, special dtypes):
		('int', [])       : 96 | ['A[C>A]A', 'A[C>A]C', 'A[C>A]G', 'A[C>A]T', 'A[C>G]A', ...]
		('int', ['bool']) :  5 | ['S1 (SBS1 - 0.99)', 'S2 (SBS2 - 0.99)', 'S3 (SBS3 - 0.97)', 'S4 (SBS4 - 0.98)', 'S5 (SBS5 - 0.98)']
	19.0s = Fit runtime
	101 features in original data used to generate 101 features in processed data.
Beginning AutoGluon training ... Time limit = 60s
	Train Data (Processed) Memory Usage: 10.69 MB (0.0% of available memory)
AutoGluon will save models to "AutogluonModels/ag-20250416_150925-001/Predictor_S6 (SBS7a - 1.00)"
Data preprocessing and feature engineering runtime = 20.13s ...
AutoGluon will gauge predictive performance using evaluation metric: 'accuracy'
	To change this, specify the eval_metric parameter of Predictor()
=================== System Info ===================
AutoGluon Version:  1.1.0
Python Version:     3.10.15
Operating System:   Linux
Platform Machine:   x86_64
Platform Version:   #1 SMP PREEMPT_DYNAMIC Thu Apr 3 12:12:16 UTC 2025
CPU Count:          272
Memory Avail:       197.14 GB / 203.90 GB (96.7%)
Disk Space Avail:   1333.15 GB / 5120.00 GB (26.0%)
===================================================
Train Data Rows:    14495
Train Data Columns: 101
Label Column:       S6 (SBS7a - 1.00)
AutoGluon infers your prediction problem is: 'binary' (because only two unique label-values observed).
	2 unique label values:  [False, True]
	If 'binary' is not the correct problem_type, please manually specify the problem_type parameter during predictor init (You may specify problem_type as one of: ['binary', 'multiclass', 'regression'])
Problem Type:       binary
Preprocessing data ...
Selected class <--> label mapping:  class 1 = True, class 0 = False
Using Feature Generators to preprocess the data ...
Fitting AutoMLPipelineFeatureGenerator...
			Note: Converting 5 features to boolean dtype as they only contain 2 unique values.
Automatically generating train/validation split with holdout_frac=0.1, Train Rows: 13045, Val Rows: 1450
User-specified model hyperparameters to be fit:
{
	'NN_TORCH': {},
	'GBM': [{'extra_trees': True, 'ag_args': {'name_suffix': 'XT'}}, {}, 'GBMLarge'],
	'CAT': {},
	'XGB': {},
	'FASTAI': {},
	'RF': [{'criterion': 'gini', 'ag_args': {'name_suffix': 'Gini', 'problem_types': ['binary', 'multiclass']}}, {'criterion': 'entropy', 'ag_args': {'name_suffix': 'Entr', 'problem_types': ['binary', 'multiclass']}}, {'criterion': 'squared_error', 'ag_args': {'name_suffix': 'MSE', 'problem_types': ['regression', 'quantile']}}],
	'XT': [{'criterion': 'gini', 'ag_args': {'name_suffix': 'Gini', 'problem_types': ['binary', 'multiclass']}}, {'criterion': 'entropy', 'ag_args': {'name_suffix': 'Entr', 'problem_types': ['binary', 'multiclass']}}, {'criterion': 'squared_error', 'ag_args': {'name_suffix': 'MSE', 'problem_types': ['regression', 'quantile']}}],
	'KNN': [{'weights': 'uniform', 'ag_args': {'name_suffix': 'Unif'}}, {'weights': 'distance', 'ag_args': {'name_suffix': 'Dist'}}],
}
	Stage 2 Generators:
		Fitting FillNaFeatureGenerator...
	Available Memory:                    201882.01 MB
	Train Data (Original)  Memory Usage: 10.69 MB (0.0% of available memory)
	Inferring data type of each feature based on column values. Set feature_metadata_in to manually specify special dtypes of the features.
	Stage 3 Generators:
		Fitting IdentityFeatureGenerator...
	0.8269	 = Validation score   (accuracy)
	7.74s	 = Training   runtime
	2.34s	 = Validation runtime
	Stage 4 Generators:
Fitting 13 L1 models ...
	Stage 1 Generators:
		Fitting DropUniqueFeatureGenerator...
Fitting model: KNeighborsUnif ... Training model for up to 39.86s of the 39.73s of remaining time.
Fitting model: KNeighborsDist ... Training model for up to 34.69s of the 34.54s of remaining time.
		Fitting AsTypeFeatureGenerator...
	Stage 1 Generators:
		Fitting AsTypeFeatureGenerator...
	Stage 1 Generators:
		Fitting AsTypeFeatureGenerator...
	Stage 1 Generators:
		Fitting AsTypeFeatureGenerator...
	Stage 5 Generators:
		Fitting DropDuplicatesFeatureGenerator...
	Stage 1 Generators:
		Fitting AsTypeFeatureGenerator...
			Note: Converting 5 features to boolean dtype as they only contain 2 unique values.
			Note: Converting 5 features to boolean dtype as they only contain 2 unique values.
	Stage 2 Generators:
		Fitting FillNaFeatureGenerator...
			Note: Converting 5 features to boolean dtype as they only contain 2 unique values.
	Types of features in original data (raw dtype, special dtypes):
		('bool', []) :  5 | ['S1 (SBS1 - 0.99)', 'S2 (SBS2 - 0.99)', 'S3 (SBS3 - 0.97)', 'S4 (SBS4 - 0.98)', 'S5 (SBS5 - 0.98)']
		('int', [])  : 96 | ['A[C>A]A', 'A[C>A]C', 'A[C>A]G', 'A[C>A]T', 'A[C>G]A', ...]
	Types of features in processed data (raw dtype, special dtypes):
			Note: Converting 5 features to boolean dtype as they only contain 2 unique values.
		('int', [])       : 96 | ['A[C>A]A', 'A[C>A]C', 'A[C>A]G', 'A[C>A]T', 'A[C>G]A', ...]
	Stage 3 Generators:
	Stage 2 Generators:
	Stage 1 Generators:
	Stage 1 Generators:
		('int', ['bool']) :  5 | ['S1 (SBS1 - 0.99)', 'S2 (SBS2 - 0.99)', 'S3 (SBS3 - 0.97)', 'S4 (SBS4 - 0.98)', 'S5 (SBS5 - 0.98)']
		Fitting IdentityFeatureGenerator...
		Fitting FillNaFeatureGenerator...
		Fitting AsTypeFeatureGenerator...
	Stage 2 Generators:
		Fitting AsTypeFeatureGenerator...
	17.5s = Fit runtime
	Stage 2 Generators:
		Fitting FillNaFeatureGenerator...
	101 features in original data used to generate 101 features in processed data.
	0.8276	 = Validation score   (accuracy)
		Fitting FillNaFeatureGenerator...
			Note: Converting 5 features to boolean dtype as they only contain 2 unique values.
	Stage 3 Generators:
	Stage 4 Generators:
	8.68s	 = Training   runtime
	0.8283	 = Validation score   (accuracy)
		Fitting IdentityFeatureGenerator...
		Fitting DropUniqueFeatureGenerator...
	3.05s	 = Validation runtime
	Train Data (Processed) Memory Usage: 10.69 MB (0.0% of available memory)
	Stage 3 Generators:
	7.41s	 = Training   runtime
		Fitting IdentityFeatureGenerator...
Fitting model: LightGBMXT ... Training model for up to 10.87s of the 10.71s of remaining time.
Data preprocessing and feature engineering runtime = 20.19s ...
	3.08s	 = Validation runtime
	Stage 3 Generators:
	Stage 2 Generators:
AutoGluon will gauge predictive performance using evaluation metric: 'accuracy'
		Fitting IdentityFeatureGenerator...
		Fitting FillNaFeatureGenerator...
	To change this, specify the eval_metric parameter of Predictor()
Fitting model: LightGBMXT ... Training model for up to 18.64s of the 18.59s of remaining time.
	Stage 4 Generators:
		Fitting DropUniqueFeatureGenerator...
	Stage 5 Generators:
		Fitting DropDuplicatesFeatureGenerator...
	Stage 4 Generators:
		Fitting DropUniqueFeatureGenerator...
			Note: Converting 5 features to boolean dtype as they only contain 2 unique values.
	Stage 4 Generators:
		Fitting DropUniqueFeatureGenerator...
			Note: Converting 5 features to boolean dtype as they only contain 2 unique values.
	Stage 3 Generators:
		Fitting IdentityFeatureGenerator...
	Stage 2 Generators:
		Fitting FillNaFeatureGenerator...
	Stage 2 Generators:
		Fitting FillNaFeatureGenerator...
	Stage 4 Generators:
		Fitting DropUniqueFeatureGenerator...
Automatically generating train/validation split with holdout_frac=0.1, Train Rows: 13045, Val Rows: 1450
User-specified model hyperparameters to be fit:
{
	'NN_TORCH': {},
	'GBM': [{'extra_trees': True, 'ag_args': {'name_suffix': 'XT'}}, {}, 'GBMLarge'],
	'CAT': {},
	'XGB': {},
	'FASTAI': {},
	'RF': [{'criterion': 'gini', 'ag_args': {'name_suffix': 'Gini', 'problem_types': ['binary', 'multiclass']}}, {'criterion': 'entropy', 'ag_args': {'name_suffix': 'Entr', 'problem_types': ['binary', 'multiclass']}}, {'criterion': 'squared_error', 'ag_args': {'name_suffix': 'MSE', 'problem_types': ['regression', 'quantile']}}],
	'XT': [{'criterion': 'gini', 'ag_args': {'name_suffix': 'Gini', 'problem_types': ['binary', 'multiclass']}}, {'criterion': 'entropy', 'ag_args': {'name_suffix': 'Entr', 'problem_types': ['binary', 'multiclass']}}, {'criterion': 'squared_error', 'ag_args': {'name_suffix': 'MSE', 'problem_types': ['regression', 'quantile']}}],
	'KNN': [{'weights': 'uniform', 'ag_args': {'name_suffix': 'Unif'}}, {'weights': 'distance', 'ag_args': {'name_suffix': 'Dist'}}],
}
	Stage 3 Generators:
	Stage 3 Generators:
		Fitting IdentityFeatureGenerator...
		Fitting IdentityFeatureGenerator...
	Stage 1 Generators:
		Fitting AsTypeFeatureGenerator...
	0.8221	 = Validation score   (accuracy)
	7.59s	 = Training   runtime
	3.07s	 = Validation runtime
	Stage 4 Generators:
		Fitting DropUniqueFeatureGenerator...
Fitting model: LightGBMXT ... Training model for up to 19.38s of the 19.21s of remaining time.
	Stage 4 Generators:
		Fitting DropUniqueFeatureGenerator...
Fitting 13 L1 models ...
Fitting model: KNeighborsUnif ... Training model for up to 39.8s of the 39.78s of remaining time.
			Note: Converting 5 features to boolean dtype as they only contain 2 unique values.
	0.7917	 = Validation score   (accuracy)
	6.63s	 = Training   runtime
	2.41s	 = Validation runtime
	Stage 5 Generators:
		Fitting DropDuplicatesFeatureGenerator...
	Stage 2 Generators:
		Fitting FillNaFeatureGenerator...
Fitting model: KNeighborsDist ... Training model for up to 29.92s of the 29.79s of remaining time.
	Stage 3 Generators:
		Fitting IdentityFeatureGenerator...
	Types of features in original data (raw dtype, special dtypes):
		('bool', []) :  5 | ['S1 (SBS1 - 0.99)', 'S2 (SBS2 - 0.99)', 'S3 (SBS3 - 0.97)', 'S4 (SBS4 - 0.98)', 'S5 (SBS5 - 0.98)']
		('int', [])  : 96 | ['A[C>A]A', 'A[C>A]C', 'A[C>A]G', 'A[C>A]T', 'A[C>G]A', ...]
	Types of features in processed data (raw dtype, special dtypes):
		('int', [])       : 96 | ['A[C>A]A', 'A[C>A]C', 'A[C>A]G', 'A[C>A]T', 'A[C>G]A', ...]
		('int', ['bool']) :  5 | ['S1 (SBS1 - 0.99)', 'S2 (SBS2 - 0.99)', 'S3 (SBS3 - 0.97)', 'S4 (SBS4 - 0.98)', 'S5 (SBS5 - 0.98)']
	25.9s = Fit runtime
	101 features in original data used to generate 101 features in processed data.
	Stage 5 Generators:
	Stage 4 Generators:
		Fitting DropDuplicatesFeatureGenerator...
		Fitting DropUniqueFeatureGenerator...
	Train Data (Processed) Memory Usage: 10.69 MB (0.0% of available memory)
	0.8262	 = Validation score   (accuracy)
	7.85s	 = Training   runtime
Data preprocessing and feature engineering runtime = 27.58s ...
	2.69s	 = Validation runtime
AutoGluon will gauge predictive performance using evaluation metric: 'accuracy'
	To change this, specify the eval_metric parameter of Predictor()
Fitting model: LightGBMXT ... Training model for up to 23.18s of the 23.04s of remaining time.
	Stage 5 Generators:
	Types of features in original data (raw dtype, special dtypes):
		Fitting DropDuplicatesFeatureGenerator...
		('bool', []) :  5 | ['S1 (SBS1 - 0.99)', 'S2 (SBS2 - 0.99)', 'S3 (SBS3 - 0.97)', 'S4 (SBS4 - 0.98)', 'S5 (SBS5 - 0.98)']
		('int', [])  : 96 | ['A[C>A]A', 'A[C>A]C', 'A[C>A]G', 'A[C>A]T', 'A[C>G]A', ...]
	Types of features in processed data (raw dtype, special dtypes):
		('int', [])       : 96 | ['A[C>A]A', 'A[C>A]C', 'A[C>A]G', 'A[C>A]T', 'A[C>G]A', ...]
		('int', ['bool']) :  5 | ['S1 (SBS1 - 0.99)', 'S2 (SBS2 - 0.99)', 'S3 (SBS3 - 0.97)', 'S4 (SBS4 - 0.98)', 'S5 (SBS5 - 0.98)']
	22.4s = Fit runtime
	101 features in original data used to generate 101 features in processed data.
	Stage 5 Generators:
		Fitting DropDuplicatesFeatureGenerator...
	Train Data (Processed) Memory Usage: 10.69 MB (0.0% of available memory)
Automatically generating train/validation split with holdout_frac=0.1, Train Rows: 13045, Val Rows: 1450
User-specified model hyperparameters to be fit:
{
	'NN_TORCH': {},
	'GBM': [{'extra_trees': True, 'ag_args': {'name_suffix': 'XT'}}, {}, 'GBMLarge'],
	'CAT': {},
	'XGB': {},
	'FASTAI': {},
	'RF': [{'criterion': 'gini', 'ag_args': {'name_suffix': 'Gini', 'problem_types': ['binary', 'multiclass']}}, {'criterion': 'entropy', 'ag_args': {'name_suffix': 'Entr', 'problem_types': ['binary', 'multiclass']}}, {'criterion': 'squared_error', 'ag_args': {'name_suffix': 'MSE', 'problem_types': ['regression', 'quantile']}}],
	'XT': [{'criterion': 'gini', 'ag_args': {'name_suffix': 'Gini', 'problem_types': ['binary', 'multiclass']}}, {'criterion': 'entropy', 'ag_args': {'name_suffix': 'Entr', 'problem_types': ['binary', 'multiclass']}}, {'criterion': 'squared_error', 'ag_args': {'name_suffix': 'MSE', 'problem_types': ['regression', 'quantile']}}],
	'KNN': [{'weights': 'uniform', 'ag_args': {'name_suffix': 'Unif'}}, {'weights': 'distance', 'ag_args': {'name_suffix': 'Dist'}}],
}
Data preprocessing and feature engineering runtime = 24.56s ...
AutoGluon will gauge predictive performance using evaluation metric: 'accuracy'
	To change this, specify the eval_metric parameter of Predictor()
	Stage 5 Generators:
		Fitting DropDuplicatesFeatureGenerator...
Fitting 13 L1 models ...
Fitting model: KNeighborsUnif ... Training model for up to 32.42s of the 32.38s of remaining time.
	Types of features in original data (raw dtype, special dtypes):
		('bool', []) :  5 | ['S1 (SBS1 - 0.99)', 'S2 (SBS2 - 0.99)', 'S3 (SBS3 - 0.97)', 'S4 (SBS4 - 0.98)', 'S5 (SBS5 - 0.98)']
		('int', [])  : 96 | ['A[C>A]A', 'A[C>A]C', 'A[C>A]G', 'A[C>A]T', 'A[C>G]A', ...]
	Types of features in processed data (raw dtype, special dtypes):
		('int', [])       : 96 | ['A[C>A]A', 'A[C>A]C', 'A[C>A]G', 'A[C>A]T', 'A[C>G]A', ...]
		('int', ['bool']) :  5 | ['S1 (SBS1 - 0.99)', 'S2 (SBS2 - 0.99)', 'S3 (SBS3 - 0.97)', 'S4 (SBS4 - 0.98)', 'S5 (SBS5 - 0.98)']
	23.5s = Fit runtime
	101 features in original data used to generate 101 features in processed data.
	Stage 5 Generators:
		Fitting DropDuplicatesFeatureGenerator...
	Stage 5 Generators:
		Fitting DropDuplicatesFeatureGenerator...
	Types of features in original data (raw dtype, special dtypes):
		('bool', []) :  5 | ['S1 (SBS1 - 0.99)', 'S2 (SBS2 - 0.99)', 'S3 (SBS3 - 0.97)', 'S4 (SBS4 - 0.98)', 'S5 (SBS5 - 0.98)']
		('int', [])  : 96 | ['A[C>A]A', 'A[C>A]C', 'A[C>A]G', 'A[C>A]T', 'A[C>G]A', ...]
	Types of features in processed data (raw dtype, special dtypes):
		('int', [])       : 96 | ['A[C>A]A', 'A[C>A]C', 'A[C>A]G', 'A[C>A]T', 'A[C>G]A', ...]
		('int', ['bool']) :  5 | ['S1 (SBS1 - 0.99)', 'S2 (SBS2 - 0.99)', 'S3 (SBS3 - 0.97)', 'S4 (SBS4 - 0.98)', 'S5 (SBS5 - 0.98)']
	23.4s = Fit runtime
	101 features in original data used to generate 101 features in processed data.
	Train Data (Processed) Memory Usage: 10.69 MB (0.0% of available memory)
Data preprocessing and feature engineering runtime = 25.55s ...
AutoGluon will gauge predictive performance using evaluation metric: 'accuracy'
Automatically generating train/validation split with holdout_frac=0.1, Train Rows: 13045, Val Rows: 1450
	To change this, specify the eval_metric parameter of Predictor()
User-specified model hyperparameters to be fit:
{
	'NN_TORCH': {},
	'GBM': [{'extra_trees': True, 'ag_args': {'name_suffix': 'XT'}}, {}, 'GBMLarge'],
	'CAT': {},
	'XGB': {},
	'FASTAI': {},
	'RF': [{'criterion': 'gini', 'ag_args': {'name_suffix': 'Gini', 'problem_types': ['binary', 'multiclass']}}, {'criterion': 'entropy', 'ag_args': {'name_suffix': 'Entr', 'problem_types': ['binary', 'multiclass']}}, {'criterion': 'squared_error', 'ag_args': {'name_suffix': 'MSE', 'problem_types': ['regression', 'quantile']}}],
	'XT': [{'criterion': 'gini', 'ag_args': {'name_suffix': 'Gini', 'problem_types': ['binary', 'multiclass']}}, {'criterion': 'entropy', 'ag_args': {'name_suffix': 'Entr', 'problem_types': ['binary', 'multiclass']}}, {'criterion': 'squared_error', 'ag_args': {'name_suffix': 'MSE', 'problem_types': ['regression', 'quantile']}}],
	'KNN': [{'weights': 'uniform', 'ag_args': {'name_suffix': 'Unif'}}, {'weights': 'distance', 'ag_args': {'name_suffix': 'Dist'}}],
}
	Train Data (Processed) Memory Usage: 10.69 MB (0.0% of available memory)
Data preprocessing and feature engineering runtime = 26.01s ...
AutoGluon will gauge predictive performance using evaluation metric: 'accuracy'
	To change this, specify the eval_metric parameter of Predictor()
Automatically generating train/validation split with holdout_frac=0.1, Train Rows: 13045, Val Rows: 1450
User-specified model hyperparameters to be fit:
{
	'NN_TORCH': {},
	'GBM': [{'extra_trees': True, 'ag_args': {'name_suffix': 'XT'}}, {}, 'GBMLarge'],
	'CAT': {},
	'XGB': {},
	'FASTAI': {},
	'RF': [{'criterion': 'gini', 'ag_args': {'name_suffix': 'Gini', 'problem_types': ['binary', 'multiclass']}}, {'criterion': 'entropy', 'ag_args': {'name_suffix': 'Entr', 'problem_types': ['binary', 'multiclass']}}, {'criterion': 'squared_error', 'ag_args': {'name_suffix': 'MSE', 'problem_types': ['regression', 'quantile']}}],
	'XT': [{'criterion': 'gini', 'ag_args': {'name_suffix': 'Gini', 'problem_types': ['binary', 'multiclass']}}, {'criterion': 'entropy', 'ag_args': {'name_suffix': 'Entr', 'problem_types': ['binary', 'multiclass']}}, {'criterion': 'squared_error', 'ag_args': {'name_suffix': 'MSE', 'problem_types': ['regression', 'quantile']}}],
	'KNN': [{'weights': 'uniform', 'ag_args': {'name_suffix': 'Unif'}}, {'weights': 'distance', 'ag_args': {'name_suffix': 'Dist'}}],
}
Fitting 13 L1 models ...
Fitting model: KNeighborsUnif ... Training model for up to 35.44s of the 34.65s of remaining time.
Automatically generating train/validation split with holdout_frac=0.1, Train Rows: 13045, Val Rows: 1450
User-specified model hyperparameters to be fit:
{
	'NN_TORCH': {},
	'GBM': [{'extra_trees': True, 'ag_args': {'name_suffix': 'XT'}}, {}, 'GBMLarge'],
	'CAT': {},
	'XGB': {},
	'FASTAI': {},
	'RF': [{'criterion': 'gini', 'ag_args': {'name_suffix': 'Gini', 'problem_types': ['binary', 'multiclass']}}, {'criterion': 'entropy', 'ag_args': {'name_suffix': 'Entr', 'problem_types': ['binary', 'multiclass']}}, {'criterion': 'squared_error', 'ag_args': {'name_suffix': 'MSE', 'problem_types': ['regression', 'quantile']}}],
	'XT': [{'criterion': 'gini', 'ag_args': {'name_suffix': 'Gini', 'problem_types': ['binary', 'multiclass']}}, {'criterion': 'entropy', 'ag_args': {'name_suffix': 'Entr', 'problem_types': ['binary', 'multiclass']}}, {'criterion': 'squared_error', 'ag_args': {'name_suffix': 'MSE', 'problem_types': ['regression', 'quantile']}}],
	'KNN': [{'weights': 'uniform', 'ag_args': {'name_suffix': 'Unif'}}, {'weights': 'distance', 'ag_args': {'name_suffix': 'Dist'}}],
}
	Types of features in original data (raw dtype, special dtypes):
	Types of features in original data (raw dtype, special dtypes):
		('bool', []) :  5 | ['S1 (SBS1 - 0.99)', 'S2 (SBS2 - 0.99)', 'S3 (SBS3 - 0.97)', 'S4 (SBS4 - 0.98)', 'S5 (SBS5 - 0.98)']
		('bool', []) :  5 | ['S1 (SBS1 - 0.99)', 'S2 (SBS2 - 0.99)', 'S3 (SBS3 - 0.97)', 'S4 (SBS4 - 0.98)', 'S5 (SBS5 - 0.98)']
		('int', [])  : 96 | ['A[C>A]A', 'A[C>A]C', 'A[C>A]G', 'A[C>A]T', 'A[C>G]A', ...]
		('int', [])  : 96 | ['A[C>A]A', 'A[C>A]C', 'A[C>A]G', 'A[C>A]T', 'A[C>G]A', ...]
	Types of features in processed data (raw dtype, special dtypes):
	Types of features in processed data (raw dtype, special dtypes):
		('int', [])       : 96 | ['A[C>A]A', 'A[C>A]C', 'A[C>A]G', 'A[C>A]T', 'A[C>G]A', ...]
		('int', [])       : 96 | ['A[C>A]A', 'A[C>A]C', 'A[C>A]G', 'A[C>A]T', 'A[C>G]A', ...]
		('int', ['bool']) :  5 | ['S1 (SBS1 - 0.99)', 'S2 (SBS2 - 0.99)', 'S3 (SBS3 - 0.97)', 'S4 (SBS4 - 0.98)', 'S5 (SBS5 - 0.98)']
		('int', ['bool']) :  5 | ['S1 (SBS1 - 0.99)', 'S2 (SBS2 - 0.99)', 'S3 (SBS3 - 0.97)', 'S4 (SBS4 - 0.98)', 'S5 (SBS5 - 0.98)']
	22.7s = Fit runtime
	22.5s = Fit runtime
	Stage 5 Generators:
	101 features in original data used to generate 101 features in processed data.
Fitting 13 L1 models ...
	101 features in original data used to generate 101 features in processed data.
		Fitting DropDuplicatesFeatureGenerator...
Fitting model: KNeighborsUnif ... Training model for up to 34.45s of the 34.25s of remaining time.
	Types of features in original data (raw dtype, special dtypes):
Fitting 13 L1 models ...
		('bool', []) :  5 | ['S1 (SBS1 - 0.99)', 'S2 (SBS2 - 0.99)', 'S3 (SBS3 - 0.97)', 'S4 (SBS4 - 0.98)', 'S5 (SBS5 - 0.98)']
Fitting model: KNeighborsUnif ... Training model for up to 33.99s of the 33.8s of remaining time.
		('int', [])  : 96 | ['A[C>A]A', 'A[C>A]C', 'A[C>A]G', 'A[C>A]T', 'A[C>G]A', ...]
	0.8028	 = Validation score   (accuracy)
	Train Data (Processed) Memory Usage: 10.69 MB (0.0% of available memory)
	Types of features in processed data (raw dtype, special dtypes):
	7.31s	 = Training   runtime
	Train Data (Processed) Memory Usage: 10.69 MB (0.0% of available memory)
Data preprocessing and feature engineering runtime = 26.0s ...
		('int', [])       : 96 | ['A[C>A]A', 'A[C>A]C', 'A[C>A]G', 'A[C>A]T', 'A[C>G]A', ...]
	2.51s	 = Validation runtime
Data preprocessing and feature engineering runtime = 25.99s ...
AutoGluon will gauge predictive performance using evaluation metric: 'accuracy'
		('int', ['bool']) :  5 | ['S1 (SBS1 - 0.99)', 'S2 (SBS2 - 0.99)', 'S3 (SBS3 - 0.97)', 'S4 (SBS4 - 0.98)', 'S5 (SBS5 - 0.98)']
Fitting model: KNeighborsDist ... Training model for up to 28.84s of the 28.82s of remaining time.
AutoGluon will gauge predictive performance using evaluation metric: 'accuracy'
	To change this, specify the eval_metric parameter of Predictor()
	25.2s = Fit runtime
	To change this, specify the eval_metric parameter of Predictor()
	101 features in original data used to generate 101 features in processed data.
	0.791	 = Validation score   (accuracy)
	7.16s	 = Training   runtime
	2.09s	 = Validation runtime
Fitting model: LightGBMXT ... Training model for up to 19.99s of the 19.86s of remaining time.
	Types of features in original data (raw dtype, special dtypes):
		('bool', []) :  5 | ['S1 (SBS1 - 0.99)', 'S2 (SBS2 - 0.99)', 'S3 (SBS3 - 0.97)', 'S4 (SBS4 - 0.98)', 'S5 (SBS5 - 0.98)']
		('int', [])  : 96 | ['A[C>A]A', 'A[C>A]C', 'A[C>A]G', 'A[C>A]T', 'A[C>G]A', ...]
	Types of features in processed data (raw dtype, special dtypes):
		('int', [])       : 96 | ['A[C>A]A', 'A[C>A]C', 'A[C>A]G', 'A[C>A]T', 'A[C>G]A', ...]
		('int', ['bool']) :  5 | ['S1 (SBS1 - 0.99)', 'S2 (SBS2 - 0.99)', 'S3 (SBS3 - 0.97)', 'S4 (SBS4 - 0.98)', 'S5 (SBS5 - 0.98)']
	21.6s = Fit runtime
	101 features in original data used to generate 101 features in processed data.
	Train Data (Processed) Memory Usage: 10.69 MB (0.0% of available memory)
Automatically generating train/validation split with holdout_frac=0.1, Train Rows: 13045, Val Rows: 1450
User-specified model hyperparameters to be fit:
{
	'NN_TORCH': {},
	'GBM': [{'extra_trees': True, 'ag_args': {'name_suffix': 'XT'}}, {}, 'GBMLarge'],
	'CAT': {},
	'XGB': {},
	'FASTAI': {},
	'RF': [{'criterion': 'gini', 'ag_args': {'name_suffix': 'Gini', 'problem_types': ['binary', 'multiclass']}}, {'criterion': 'entropy', 'ag_args': {'name_suffix': 'Entr', 'problem_types': ['binary', 'multiclass']}}, {'criterion': 'squared_error', 'ag_args': {'name_suffix': 'MSE', 'problem_types': ['regression', 'quantile']}}],
	'XT': [{'criterion': 'gini', 'ag_args': {'name_suffix': 'Gini', 'problem_types': ['binary', 'multiclass']}}, {'criterion': 'entropy', 'ag_args': {'name_suffix': 'Entr', 'problem_types': ['binary', 'multiclass']}}, {'criterion': 'squared_error', 'ag_args': {'name_suffix': 'MSE', 'problem_types': ['regression', 'quantile']}}],
	'KNN': [{'weights': 'uniform', 'ag_args': {'name_suffix': 'Unif'}}, {'weights': 'distance', 'ag_args': {'name_suffix': 'Dist'}}],
}
Data preprocessing and feature engineering runtime = 29.22s ...
AutoGluon will gauge predictive performance using evaluation metric: 'accuracy'
	To change this, specify the eval_metric parameter of Predictor()
	Types of features in original data (raw dtype, special dtypes):
		('bool', []) :  5 | ['S1 (SBS1 - 0.99)', 'S2 (SBS2 - 0.99)', 'S3 (SBS3 - 0.97)', 'S4 (SBS4 - 0.98)', 'S5 (SBS5 - 0.98)']
		('int', [])  : 96 | ['A[C>A]A', 'A[C>A]C', 'A[C>A]G', 'A[C>A]T', 'A[C>G]A', ...]
	Types of features in processed data (raw dtype, special dtypes):
Automatically generating train/validation split with holdout_frac=0.1, Train Rows: 13045, Val Rows: 1450
		('int', [])       : 96 | ['A[C>A]A', 'A[C>A]C', 'A[C>A]G', 'A[C>A]T', 'A[C>G]A', ...]
	Train Data (Processed) Memory Usage: 10.69 MB (0.0% of available memory)
User-specified model hyperparameters to be fit:
{
	'NN_TORCH': {},
	'GBM': [{'extra_trees': True, 'ag_args': {'name_suffix': 'XT'}}, {}, 'GBMLarge'],
	'CAT': {},
	'XGB': {},
	'FASTAI': {},
	'RF': [{'criterion': 'gini', 'ag_args': {'name_suffix': 'Gini', 'problem_types': ['binary', 'multiclass']}}, {'criterion': 'entropy', 'ag_args': {'name_suffix': 'Entr', 'problem_types': ['binary', 'multiclass']}}, {'criterion': 'squared_error', 'ag_args': {'name_suffix': 'MSE', 'problem_types': ['regression', 'quantile']}}],
	'XT': [{'criterion': 'gini', 'ag_args': {'name_suffix': 'Gini', 'problem_types': ['binary', 'multiclass']}}, {'criterion': 'entropy', 'ag_args': {'name_suffix': 'Entr', 'problem_types': ['binary', 'multiclass']}}, {'criterion': 'squared_error', 'ag_args': {'name_suffix': 'MSE', 'problem_types': ['regression', 'quantile']}}],
	'KNN': [{'weights': 'uniform', 'ag_args': {'name_suffix': 'Unif'}}, {'weights': 'distance', 'ag_args': {'name_suffix': 'Dist'}}],
}
		('int', ['bool']) :  5 | ['S1 (SBS1 - 0.99)', 'S2 (SBS2 - 0.99)', 'S3 (SBS3 - 0.97)', 'S4 (SBS4 - 0.98)', 'S5 (SBS5 - 0.98)']
	28.8s = Fit runtime
	101 features in original data used to generate 101 features in processed data.
Data preprocessing and feature engineering runtime = 22.65s ...
AutoGluon will gauge predictive performance using evaluation metric: 'accuracy'
	To change this, specify the eval_metric parameter of Predictor()
Automatically generating train/validation split with holdout_frac=0.1, Train Rows: 13045, Val Rows: 1450
User-specified model hyperparameters to be fit:
{
	'NN_TORCH': {},
	'GBM': [{'extra_trees': True, 'ag_args': {'name_suffix': 'XT'}}, {}, 'GBMLarge'],
	'CAT': {},
	'XGB': {},
	'FASTAI': {},
	'RF': [{'criterion': 'gini', 'ag_args': {'name_suffix': 'Gini', 'problem_types': ['binary', 'multiclass']}}, {'criterion': 'entropy', 'ag_args': {'name_suffix': 'Entr', 'problem_types': ['binary', 'multiclass']}}, {'criterion': 'squared_error', 'ag_args': {'name_suffix': 'MSE', 'problem_types': ['regression', 'quantile']}}],
	'XT': [{'criterion': 'gini', 'ag_args': {'name_suffix': 'Gini', 'problem_types': ['binary', 'multiclass']}}, {'criterion': 'entropy', 'ag_args': {'name_suffix': 'Entr', 'problem_types': ['binary', 'multiclass']}}, {'criterion': 'squared_error', 'ag_args': {'name_suffix': 'MSE', 'problem_types': ['regression', 'quantile']}}],
	'KNN': [{'weights': 'uniform', 'ag_args': {'name_suffix': 'Unif'}}, {'weights': 'distance', 'ag_args': {'name_suffix': 'Dist'}}],
}
	Train Data (Processed) Memory Usage: 10.69 MB (0.0% of available memory)
Fitting 13 L1 models ...
Fitting model: KNeighborsUnif ... Training model for up to 34.01s of the 33.98s of remaining time.
Data preprocessing and feature engineering runtime = 31.87s ...
AutoGluon will gauge predictive performance using evaluation metric: 'accuracy'
	To change this, specify the eval_metric parameter of Predictor()
	0.7883	 = Validation score   (accuracy)
	5.36s	 = Training   runtime
	2.08s	 = Validation runtime
Fitting model: KNeighborsDist ... Training model for up to 24.47s of the 24.43s of remaining time.
Fitting 13 L1 models ...
Fitting model: KNeighborsUnif ... Training model for up to 34.0s of the 33.98s of remaining time.
Automatically generating train/validation split with holdout_frac=0.1, Train Rows: 13045, Val Rows: 1450
User-specified model hyperparameters to be fit:
{
	'NN_TORCH': {},
	'GBM': [{'extra_trees': True, 'ag_args': {'name_suffix': 'XT'}}, {}, 'GBMLarge'],
	'CAT': {},
	'XGB': {},
	'FASTAI': {},
	'RF': [{'criterion': 'gini', 'ag_args': {'name_suffix': 'Gini', 'problem_types': ['binary', 'multiclass']}}, {'criterion': 'entropy', 'ag_args': {'name_suffix': 'Entr', 'problem_types': ['binary', 'multiclass']}}, {'criterion': 'squared_error', 'ag_args': {'name_suffix': 'MSE', 'problem_types': ['regression', 'quantile']}}],
	'XT': [{'criterion': 'gini', 'ag_args': {'name_suffix': 'Gini', 'problem_types': ['binary', 'multiclass']}}, {'criterion': 'entropy', 'ag_args': {'name_suffix': 'Entr', 'problem_types': ['binary', 'multiclass']}}, {'criterion': 'squared_error', 'ag_args': {'name_suffix': 'MSE', 'problem_types': ['regression', 'quantile']}}],
	'KNN': [{'weights': 'uniform', 'ag_args': {'name_suffix': 'Unif'}}, {'weights': 'distance', 'ag_args': {'name_suffix': 'Dist'}}],
}
Fitting 13 L1 models ...
Fitting model: KNeighborsUnif ... Training model for up to 30.78s of the 30.71s of remaining time.
Automatically generating train/validation split with holdout_frac=0.1, Train Rows: 13045, Val Rows: 1450
User-specified model hyperparameters to be fit:
{
	'NN_TORCH': {},
	'GBM': [{'extra_trees': True, 'ag_args': {'name_suffix': 'XT'}}, {}, 'GBMLarge'],
	'CAT': {},
	'XGB': {},
	'FASTAI': {},
	'RF': [{'criterion': 'gini', 'ag_args': {'name_suffix': 'Gini', 'problem_types': ['binary', 'multiclass']}}, {'criterion': 'entropy', 'ag_args': {'name_suffix': 'Entr', 'problem_types': ['binary', 'multiclass']}}, {'criterion': 'squared_error', 'ag_args': {'name_suffix': 'MSE', 'problem_types': ['regression', 'quantile']}}],
	'XT': [{'criterion': 'gini', 'ag_args': {'name_suffix': 'Gini', 'problem_types': ['binary', 'multiclass']}}, {'criterion': 'entropy', 'ag_args': {'name_suffix': 'Entr', 'problem_types': ['binary', 'multiclass']}}, {'criterion': 'squared_error', 'ag_args': {'name_suffix': 'MSE', 'problem_types': ['regression', 'quantile']}}],
	'KNN': [{'weights': 'uniform', 'ag_args': {'name_suffix': 'Unif'}}, {'weights': 'distance', 'ag_args': {'name_suffix': 'Dist'}}],
}
Fitting 13 L1 models ...
Fitting model: KNeighborsUnif ... Training model for up to 37.34s of the 37.32s of remaining time.
Fitting 13 L1 models ...
Fitting model: KNeighborsUnif ... Training model for up to 28.13s of the 28.09s of remaining time.
	Types of features in original data (raw dtype, special dtypes):
		('bool', []) :  5 | ['S1 (SBS1 - 0.99)', 'S2 (SBS2 - 0.99)', 'S3 (SBS3 - 0.97)', 'S4 (SBS4 - 0.98)', 'S5 (SBS5 - 0.98)']
		('int', [])  : 96 | ['A[C>A]A', 'A[C>A]C', 'A[C>A]G', 'A[C>A]T', 'A[C>G]A', ...]
	Types of features in processed data (raw dtype, special dtypes):
		('int', [])       : 96 | ['A[C>A]A', 'A[C>A]C', 'A[C>A]G', 'A[C>A]T', 'A[C>G]A', ...]
		('int', ['bool']) :  5 | ['S1 (SBS1 - 0.99)', 'S2 (SBS2 - 0.99)', 'S3 (SBS3 - 0.97)', 'S4 (SBS4 - 0.98)', 'S5 (SBS5 - 0.98)']
	30.7s = Fit runtime
	101 features in original data used to generate 101 features in processed data.
	Train Data (Processed) Memory Usage: 10.69 MB (0.0% of available memory)
Data preprocessing and feature engineering runtime = 32.91s ...
AutoGluon will gauge predictive performance using evaluation metric: 'accuracy'
	To change this, specify the eval_metric parameter of Predictor()
	0.7986	 = Validation score   (accuracy)
	5.23s	 = Training   runtime
	1.77s	 = Validation runtime
Fitting model: KNeighborsDist ... Training model for up to 28.17s of the 27.38s of remaining time.
Automatically generating train/validation split with holdout_frac=0.1, Train Rows: 13045, Val Rows: 1450
User-specified model hyperparameters to be fit:
{
	'NN_TORCH': {},
	'GBM': [{'extra_trees': True, 'ag_args': {'name_suffix': 'XT'}}, {}, 'GBMLarge'],
	'CAT': {},
	'XGB': {},
	'FASTAI': {},
	'RF': [{'criterion': 'gini', 'ag_args': {'name_suffix': 'Gini', 'problem_types': ['binary', 'multiclass']}}, {'criterion': 'entropy', 'ag_args': {'name_suffix': 'Entr', 'problem_types': ['binary', 'multiclass']}}, {'criterion': 'squared_error', 'ag_args': {'name_suffix': 'MSE', 'problem_types': ['regression', 'quantile']}}],
	'XT': [{'criterion': 'gini', 'ag_args': {'name_suffix': 'Gini', 'problem_types': ['binary', 'multiclass']}}, {'criterion': 'entropy', 'ag_args': {'name_suffix': 'Entr', 'problem_types': ['binary', 'multiclass']}}, {'criterion': 'squared_error', 'ag_args': {'name_suffix': 'MSE', 'problem_types': ['regression', 'quantile']}}],
	'KNN': [{'weights': 'uniform', 'ag_args': {'name_suffix': 'Unif'}}, {'weights': 'distance', 'ag_args': {'name_suffix': 'Dist'}}],
}
Fitting 13 L1 models ...
Fitting model: KNeighborsUnif ... Training model for up to 27.07s of the 27.02s of remaining time.
	0.8124	 = Validation score   (accuracy)
	4.7s	 = Training   runtime
	1.86s	 = Validation runtime
Fitting model: KNeighborsDist ... Training model for up to 27.1s of the 26.91s of remaining time.
	0.8303	 = Validation score   (accuracy)
	5.51s	 = Training   runtime
	2.03s	 = Validation runtime
Fitting model: KNeighborsDist ... Training model for up to 26.66s of the 26.47s of remaining time.
	0.8021	 = Validation score   (accuracy)
	4.41s	 = Training   runtime
	2.25s	 = Validation runtime
Fitting model: LightGBMXT ... Training model for up to 21.96s of the 21.94s of remaining time.
	0.7876	 = Validation score   (accuracy)
	2.5s	 = Training   runtime
	1.82s	 = Validation runtime
Fitting model: LightGBMXT ... Training model for up to 19.89s of the 19.85s of remaining time.
	0.8048	 = Validation score   (accuracy)
	2.72s	 = Training   runtime
	1.97s	 = Validation runtime
Fitting model: KNeighborsDist ... Training model for up to 25.81s of the 25.74s of remaining time.
	0.8303	 = Validation score   (accuracy)
	3.55s	 = Training   runtime
	2.06s	 = Validation runtime
	0.8338	 = Validation score   (accuracy)
	3.19s	 = Training   runtime
	2.04s	 = Validation runtime
Fitting model: KNeighborsDist ... Training model for up to 28.05s of the 28.02s of remaining time.
Fitting model: KNeighborsDist ... Training model for up to 28.42s of the 28.4s of remaining time.
	0.7979	 = Validation score   (accuracy)
	0.8172	 = Validation score   (accuracy)
	1.66s	 = Training   runtime
	2.86s	 = Training   runtime
	1.89s	 = Validation runtime
	2.05s	 = Validation runtime
Fitting model: LightGBMXT ... Training model for up to 24.36s of the 23.57s of remaining time.
Fitting model: KNeighborsDist ... Training model for up to 32.14s of the 32.12s of remaining time.
	0.7862	 = Validation score   (accuracy)
	1.77s	 = Training   runtime
	0.8407	 = Validation score   (accuracy)
	1.79s	 = Validation runtime
	3.11s	 = Training   runtime
	2.26s	 = Validation runtime
Fitting model: KNeighborsDist ... Training model for up to 22.51s of the 22.47s of remaining time.
Fitting model: KNeighborsDist ... Training model for up to 23.15s of the 23.1s of remaining time.
	0.829	 = Validation score   (accuracy)
	1.85s	 = Training   runtime
	1.64s	 = Validation runtime
Fitting model: LightGBMXT ... Training model for up to 22.94s of the 22.75s of remaining time.
	0.8117	 = Validation score   (accuracy)
	1.97s	 = Training   runtime
	2.04s	 = Validation runtime
Fitting model: LightGBMXT ... Training model for up to 22.8s of the 22.61s of remaining time.
	0.8041	 = Validation score   (accuracy)
	1.64s	 = Training   runtime
	2.02s	 = Validation runtime
Fitting model: LightGBMXT ... Training model for up to 21.82s of the 21.76s of remaining time.
	0.8345	 = Validation score   (accuracy)
	1.88s	 = Training   runtime
	1.63s	 = Validation runtime
Fitting model: LightGBMXT ... Training model for up to 24.43s of the 24.41s of remaining time.
	0.8297	 = Validation score   (accuracy)
	2.02s	 = Training   runtime
	2.19s	 = Validation runtime
Fitting model: LightGBMXT ... Training model for up to 22.72s of the 22.69s of remaining time.
	0.8166	 = Validation score   (accuracy)
	1.8s	 = Training   runtime
	2.46s	 = Validation runtime
	0.7855	 = Validation score   (accuracy)
	2.2s	 = Training   runtime
	1.96s	 = Validation runtime
Fitting model: LightGBMXT ... Training model for up to 27.02s of the 27.0s of remaining time.
Fitting model: LightGBMXT ... Training model for up to 18.74s of the 18.69s of remaining time.
	0.8407	 = Validation score   (accuracy)
	3.53s	 = Training   runtime
	3.84s	 = Validation runtime
Fitting model: LightGBMXT ... Training model for up to 14.78s of the 14.74s of remaining time.
	Ran out of time, early stopping on iteration 11. Best iteration is:
	[11]	valid_set's binary_error: 0.191724
	0.8083	 = Validation score   (accuracy)
	36.59s	 = Training   runtime
	0.2s	 = Validation runtime
Fitting model: WeightedEnsemble_L2 ... Training model for up to 31.87s of the -27.45s of remaining time.
	Ran out of time, early stopping on iteration 17. Best iteration is:
	[17]	valid_set's binary_error: 0.18069
	Ran out of time, early stopping on iteration 16. Best iteration is:
	[16]	valid_set's binary_error: 0.181379
	0.8193	 = Validation score   (accuracy)
	45.65s	 = Training   runtime
	1.48s	 = Validation runtime
	0.8186	 = Validation score   (accuracy)
	44.48s	 = Training   runtime
	0.26s	 = Validation runtime
	Ran out of time, early stopping on iteration 18. Best iteration is:
	[17]	valid_set's binary_error: 0.175172
Fitting model: WeightedEnsemble_L2 ... Training model for up to 39.98s of the -28.89s of remaining time.
Fitting model: WeightedEnsemble_L2 ... Training model for up to 38.65s of the -32.18s of remaining time.
	0.8248	 = Validation score   (accuracy)
	35.86s	 = Training   runtime
	0.28s	 = Validation runtime
Fitting model: WeightedEnsemble_L2 ... Training model for up to 39.85s of the -17.59s of remaining time.
	Ran out of time, early stopping on iteration 14. Best iteration is:
	[14]	valid_set's binary_error: 0.184138
	Ran out of time, early stopping on iteration 17. Best iteration is:
	[17]	valid_set's binary_error: 0.178621
	0.8214	 = Validation score   (accuracy)
	47.21s	 = Training   runtime
	0.38s	 = Validation runtime
	0.8159	 = Validation score   (accuracy)
	32.52s	 = Training   runtime
	0.47s	 = Validation runtime
	Ensemble Weights: {'KNeighborsUnif': 0.5, 'LightGBMXT': 0.333, 'KNeighborsDist': 0.167}
	0.8421	 = Validation score   (accuracy)
	15.86s	 = Training   runtime
	0.18s	 = Validation runtime
AutoGluon training complete, total runtime = 105.79s ... Best model: "WeightedEnsemble_L2"
TabularPredictor saved. To load, use: predictor = TabularPredictor.load("AutogluonModels/ag-20250416_150925-008/Predictor_S6 (SBS7a - 1.00)")
No presets specified! To achieve strong results with AutoGluon, it is recommended to use the available presets.
	Recommended Presets (For more details refer to https://auto.gluon.ai/stable/tutorials/tabular/tabular-essentials.html#presets):
	presets='best_quality'   : Maximize accuracy. Default time_limit=3600.
	presets='high_quality'   : Strong accuracy with fast inference speed. Default time_limit=3600.
	presets='good_quality'   : Good accuracy with very fast inference speed. Default time_limit=3600.
	presets='medium_quality' : Fast training time, ideal for initial prototyping.
Beginning AutoGluon training ... Time limit = 60s
AutoGluon will save models to "AutogluonModels/ag-20250416_150925-008/Predictor_S7 (SBS7b - 0.96)"
=================== System Info ===================
AutoGluon Version:  1.1.0
Python Version:     3.10.15
Operating System:   Linux
Platform Machine:   x86_64
Platform Version:   #1 SMP PREEMPT_DYNAMIC Thu Apr 3 12:12:16 UTC 2025
CPU Count:          272
Memory Avail:       197.16 GB / 203.90 GB (96.7%)
Disk Space Avail:   1332.87 GB / 5120.00 GB (26.0%)
===================================================
Train Data Rows:    14495
Train Data Columns: 102
Label Column:       S7 (SBS7b - 0.96)
Fitting model: WeightedEnsemble_L2 ... Training model for up to 45.23s of the -26.2s of remaining time.
AutoGluon infers your prediction problem is: 'binary' (because only two unique label-values observed).
	2 unique label values:  [False, True]
	If 'binary' is not the correct problem_type, please manually specify the problem_type parameter during predictor init (You may specify problem_type as one of: ['binary', 'multiclass', 'regression'])
Problem Type:       binary
Preprocessing data ...
Fitting model: WeightedEnsemble_L2 ... Training model for up to 32.4s of the -14.93s of remaining time.
Selected class <--> label mapping:  class 1 = True, class 0 = False
Using Feature Generators to preprocess the data ...
Fitting AutoMLPipelineFeatureGenerator...
	Ran out of time, early stopping on iteration 16. Best iteration is:
	[16]	valid_set's binary_error: 0.175172
	0.8248	 = Validation score   (accuracy)
	35.83s	 = Training   runtime
	0.44s	 = Validation runtime
	Available Memory:                    201909.33 MB
	Train Data (Original)  Memory Usage: 10.70 MB (0.0% of available memory)
	Inferring data type of each feature based on column values. Set feature_metadata_in to manually specify special dtypes of the features.
Fitting model: WeightedEnsemble_L2 ... Training model for up to 39.78s of the -16.51s of remaining time.
	Ran out of time, early stopping on iteration 20. Best iteration is:
	[16]	valid_set's binary_error: 0.177241
	0.8228	 = Validation score   (accuracy)
	38.72s	 = Training   runtime
	0.27s	 = Validation runtime
	Ran out of time, early stopping on iteration 20. Best iteration is:
	[20]	valid_set's binary_error: 0.175172
	Ensemble Weights: {'KNeighborsUnif': 0.667, 'LightGBMXT': 0.333}
	0.8476	 = Validation score   (accuracy)
	11.77s	 = Training   runtime
	0.25s	 = Validation runtime
Fitting model: WeightedEnsemble_L2 ... Training model for up to 35.43s of the -17.72s of remaining time.
	Ran out of time, early stopping on iteration 19. Best iteration is:
	[19]	valid_set's binary_error: 0.175862
	0.8248	 = Validation score   (accuracy)
	38.82s	 = Training   runtime
	0.29s	 = Validation runtime
AutoGluon training complete, total runtime = 106.95s ... Best model: "WeightedEnsemble_L2"
	Ran out of time, early stopping on iteration 18. Best iteration is:
	[18]	valid_set's binary_error: 0.171724
	Ran out of time, early stopping on iteration 13. Best iteration is:
	[13]	valid_set's binary_error: 0.186207
TabularPredictor saved. To load, use: predictor = TabularPredictor.load("AutogluonModels/ag-20250416_150925-002/Predictor_S6 (SBS7a - 1.00)")
	0.8241	 = Validation score   (accuracy)
	39.68s	 = Training   runtime
	0.49s	 = Validation runtime
No presets specified! To achieve strong results with AutoGluon, it is recommended to use the available presets.
	Recommended Presets (For more details refer to https://auto.gluon.ai/stable/tutorials/tabular/tabular-essentials.html#presets):
	presets='best_quality'   : Maximize accuracy. Default time_limit=3600.
	presets='high_quality'   : Strong accuracy with fast inference speed. Default time_limit=3600.
	presets='good_quality'   : Good accuracy with very fast inference speed. Default time_limit=3600.
	presets='medium_quality' : Fast training time, ideal for initial prototyping.
	Ran out of time, early stopping on iteration 16. Best iteration is:
	[16]	valid_set's binary_error: 0.18
	Ensemble Weights: {'KNeighborsUnif': 0.333, 'KNeighborsDist': 0.333, 'LightGBMXT': 0.333}
	0.8407	 = Validation score   (accuracy)
	12.96s	 = Training   runtime
	0.45s	 = Validation runtime
	0.8283	 = Validation score   (accuracy)
	38.75s	 = Training   runtime
	0.21s	 = Validation runtime
	0.8138	 = Validation score   (accuracy)
	33.79s	 = Training   runtime
	0.18s	 = Validation runtime
AutoGluon training complete, total runtime = 105.28s ... Best model: "WeightedEnsemble_L2"
Beginning AutoGluon training ... Time limit = 60s
AutoGluon will save models to "AutogluonModels/ag-20250416_150925-002/Predictor_S7 (SBS7b - 0.96)"
	0.82	 = Validation score   (accuracy)
	37.33s	 = Training   runtime
	0.19s	 = Validation runtime
=================== System Info ===================
AutoGluon Version:  1.1.0
Python Version:     3.10.15
Operating System:   Linux
Platform Machine:   x86_64
Platform Version:   #1 SMP PREEMPT_DYNAMIC Thu Apr 3 12:12:16 UTC 2025
CPU Count:          272
Memory Avail:       197.19 GB / 203.90 GB (96.7%)
Disk Space Avail:   1332.87 GB / 5120.00 GB (26.0%)
===================================================
Train Data Rows:    14495
Train Data Columns: 102
Label Column:       S7 (SBS7b - 0.96)
AutoGluon infers your prediction problem is: 'binary' (because only two unique label-values observed).
	2 unique label values:  [False, True]
	If 'binary' is not the correct problem_type, please manually specify the problem_type parameter during predictor init (You may specify problem_type as one of: ['binary', 'multiclass', 'regression'])
Problem Type:       binary
Preprocessing data ...
TabularPredictor saved. To load, use: predictor = TabularPredictor.load("AutogluonModels/ag-20250416_150925-006/Predictor_S6 (SBS7a - 1.00)")
Fitting model: WeightedEnsemble_L2 ... Training model for up to 33.98s of the -18.74s of remaining time.
Selected class <--> label mapping:  class 1 = True, class 0 = False
No presets specified! To achieve strong results with AutoGluon, it is recommended to use the available presets.
	Recommended Presets (For more details refer to https://auto.gluon.ai/stable/tutorials/tabular/tabular-essentials.html#presets):
	presets='best_quality'   : Maximize accuracy. Default time_limit=3600.
	presets='high_quality'   : Strong accuracy with fast inference speed. Default time_limit=3600.
	presets='good_quality'   : Good accuracy with very fast inference speed. Default time_limit=3600.
	presets='medium_quality' : Fast training time, ideal for initial prototyping.
Using Feature Generators to preprocess the data ...
Fitting AutoMLPipelineFeatureGenerator...
Beginning AutoGluon training ... Time limit = 60s
AutoGluon will save models to "AutogluonModels/ag-20250416_150925-006/Predictor_S7 (SBS7b - 0.96)"
	Ensemble Weights: {'LightGBMXT': 1.0}
	0.8248	 = Validation score   (accuracy)
=================== System Info ===================
AutoGluon Version:  1.1.0
Python Version:     3.10.15
Operating System:   Linux
Platform Machine:   x86_64
Platform Version:   #1 SMP PREEMPT_DYNAMIC Thu Apr 3 12:12:16 UTC 2025
CPU Count:          272
Memory Avail:       197.23 GB / 203.90 GB (96.7%)
Disk Space Avail:   1332.87 GB / 5120.00 GB (26.0%)
===================================================
Fitting model: WeightedEnsemble_L2 ... Training model for up to 34.45s of the -19.84s of remaining time.
	13.8s	 = Training   runtime
Fitting model: WeightedEnsemble_L2 ... Training model for up to 30.78s of the -19.47s of remaining time.
Train Data Rows:    14495
	Available Memory:                    201977.93 MB
	0.14s	 = Validation runtime
	Stage 1 Generators:
Train Data Columns: 102
	Train Data (Original)  Memory Usage: 10.70 MB (0.0% of available memory)
Fitting model: WeightedEnsemble_L2 ... Training model for up to 28.12s of the -21.53s of remaining time.
		Fitting AsTypeFeatureGenerator...
Label Column:       S7 (SBS7b - 0.96)
	Inferring data type of each feature based on column values. Set feature_metadata_in to manually specify special dtypes of the features.
AutoGluon infers your prediction problem is: 'binary' (because only two unique label-values observed).
	2 unique label values:  [False, True]
	If 'binary' is not the correct problem_type, please manually specify the problem_type parameter during predictor init (You may specify problem_type as one of: ['binary', 'multiclass', 'regression'])
Problem Type:       binary
Preprocessing data ...
Fitting model: WeightedEnsemble_L2 ... Training model for up to 26.99s of the -21.32s of remaining time.
AutoGluon training complete, total runtime = 94.98s ... Best model: "WeightedEnsemble_L2"
Selected class <--> label mapping:  class 1 = True, class 0 = False
Using Feature Generators to preprocess the data ...
Fitting AutoMLPipelineFeatureGenerator...
	Ran out of time, early stopping on iteration 25. Best iteration is:
	[25]	valid_set's binary_error: 0.171724
	Ran out of time, early stopping on iteration 28. Best iteration is:
	[26]	valid_set's binary_error: 0.168276
	Available Memory:                    201922.41 MB
	0.8283	 = Validation score   (accuracy)
	Train Data (Original)  Memory Usage: 10.70 MB (0.0% of available memory)
TabularPredictor saved. To load, use: predictor = TabularPredictor.load("AutogluonModels/ag-20250416_150925-009/Predictor_S6 (SBS7a - 1.00)")
	41.47s	 = Training   runtime
	0.34s	 = Validation runtime
	Inferring data type of each feature based on column values. Set feature_metadata_in to manually specify special dtypes of the features.
No presets specified! To achieve strong results with AutoGluon, it is recommended to use the available presets.
	Recommended Presets (For more details refer to https://auto.gluon.ai/stable/tutorials/tabular/tabular-essentials.html#presets):
	presets='best_quality'   : Maximize accuracy. Default time_limit=3600.
	presets='high_quality'   : Strong accuracy with fast inference speed. Default time_limit=3600.
	presets='good_quality'   : Good accuracy with very fast inference speed. Default time_limit=3600.
	presets='medium_quality' : Fast training time, ideal for initial prototyping.
	0.8317	 = Validation score   (accuracy)
	43.3s	 = Training   runtime
	0.23s	 = Validation runtime
			Note: Converting 6 features to boolean dtype as they only contain 2 unique values.
	Stage 2 Generators:
		Fitting FillNaFeatureGenerator...
Beginning AutoGluon training ... Time limit = 60s
AutoGluon will save models to "AutogluonModels/ag-20250416_150925-009/Predictor_S7 (SBS7b - 0.96)"
	Stage 3 Generators:
		Fitting IdentityFeatureGenerator...
=================== System Info ===================
AutoGluon Version:  1.1.0
Python Version:     3.10.15
Operating System:   Linux
Platform Machine:   x86_64
Platform Version:   #1 SMP PREEMPT_DYNAMIC Thu Apr 3 12:12:16 UTC 2025
CPU Count:          272
Memory Avail:       197.18 GB / 203.90 GB (96.7%)
Disk Space Avail:   1332.87 GB / 5120.00 GB (26.0%)
===================================================
Train Data Rows:    14495
Train Data Columns: 102
Label Column:       S7 (SBS7b - 0.96)
AutoGluon infers your prediction problem is: 'binary' (because only two unique label-values observed).
	2 unique label values:  [False, True]
	If 'binary' is not the correct problem_type, please manually specify the problem_type parameter during predictor init (You may specify problem_type as one of: ['binary', 'multiclass', 'regression'])
Problem Type:       binary
Preprocessing data ...
	Stage 4 Generators:
		Fitting DropUniqueFeatureGenerator...
Selected class <--> label mapping:  class 1 = True, class 0 = False
Using Feature Generators to preprocess the data ...
Fitting AutoMLPipelineFeatureGenerator...
Fitting model: WeightedEnsemble_L2 ... Training model for up to 34.0s of the -21.42s of remaining time.
Fitting model: WeightedEnsemble_L2 ... Training model for up to 34.01s of the -22.19s of remaining time.
	Available Memory:                    201915.57 MB
	Train Data (Original)  Memory Usage: 10.70 MB (0.0% of available memory)
	Inferring data type of each feature based on column values. Set feature_metadata_in to manually specify special dtypes of the features.
	Ensemble Weights: {'KNeighborsDist': 0.5, 'LightGBMXT': 0.5}
	0.8276	 = Validation score   (accuracy)
	16.38s	 = Training   runtime
	0.17s	 = Validation runtime
	Ensemble Weights: {'KNeighborsUnif': 0.5, 'LightGBMXT': 0.375, 'KNeighborsDist': 0.125}
	0.8434	 = Validation score   (accuracy)
	16.58s	 = Training   runtime
	0.17s	 = Validation runtime
AutoGluon training complete, total runtime = 95.1s ... Best model: "WeightedEnsemble_L2"
AutoGluon training complete, total runtime = 106.18s ... Best model: "WeightedEnsemble_L2"
TabularPredictor saved. To load, use: predictor = TabularPredictor.load("AutogluonModels/ag-20250416_150925-004/Predictor_S6 (SBS7a - 1.00)")
No presets specified! To achieve strong results with AutoGluon, it is recommended to use the available presets.
	Recommended Presets (For more details refer to https://auto.gluon.ai/stable/tutorials/tabular/tabular-essentials.html#presets):
	presets='best_quality'   : Maximize accuracy. Default time_limit=3600.
	presets='high_quality'   : Strong accuracy with fast inference speed. Default time_limit=3600.
	presets='good_quality'   : Good accuracy with very fast inference speed. Default time_limit=3600.
	presets='medium_quality' : Fast training time, ideal for initial prototyping.
TabularPredictor saved. To load, use: predictor = TabularPredictor.load("AutogluonModels/ag-20250416_150925-010/Predictor_S6 (SBS7a - 1.00)")
No presets specified! To achieve strong results with AutoGluon, it is recommended to use the available presets.
	Recommended Presets (For more details refer to https://auto.gluon.ai/stable/tutorials/tabular/tabular-essentials.html#presets):
	presets='best_quality'   : Maximize accuracy. Default time_limit=3600.
	presets='high_quality'   : Strong accuracy with fast inference speed. Default time_limit=3600.
	presets='good_quality'   : Good accuracy with very fast inference speed. Default time_limit=3600.
	presets='medium_quality' : Fast training time, ideal for initial prototyping.
	Ran out of time, early stopping on iteration 48. Best iteration is:
	[46]	valid_set's binary_error: 0.164138
Beginning AutoGluon training ... Time limit = 60s
AutoGluon will save models to "AutogluonModels/ag-20250416_150925-004/Predictor_S7 (SBS7b - 0.96)"
	Stage 1 Generators:
		Fitting AsTypeFeatureGenerator...
Beginning AutoGluon training ... Time limit = 60s
AutoGluon will save models to "AutogluonModels/ag-20250416_150925-010/Predictor_S7 (SBS7b - 0.96)"
=================== System Info ===================
AutoGluon Version:  1.1.0
Python Version:     3.10.15
Operating System:   Linux
Platform Machine:   x86_64
Platform Version:   #1 SMP PREEMPT_DYNAMIC Thu Apr 3 12:12:16 UTC 2025
CPU Count:          272
Memory Avail:       197.18 GB / 203.90 GB (96.7%)
Disk Space Avail:   1332.87 GB / 5120.00 GB (26.0%)
===================================================
Train Data Rows:    14495
Train Data Columns: 102
Label Column:       S7 (SBS7b - 0.96)
AutoGluon infers your prediction problem is: 'binary' (because only two unique label-values observed).
	2 unique label values:  [False, True]
	If 'binary' is not the correct problem_type, please manually specify the problem_type parameter during predictor init (You may specify problem_type as one of: ['binary', 'multiclass', 'regression'])
Problem Type:       binary
=================== System Info ===================
AutoGluon Version:  1.1.0
Python Version:     3.10.15
Operating System:   Linux
Platform Machine:   x86_64
Platform Version:   #1 SMP PREEMPT_DYNAMIC Thu Apr 3 12:12:16 UTC 2025
CPU Count:          272
Memory Avail:       197.18 GB / 203.90 GB (96.7%)
Disk Space Avail:   1332.87 GB / 5120.00 GB (26.0%)
===================================================
Preprocessing data ...
	Ensemble Weights: {'LightGBMXT': 0.625, 'KNeighborsDist': 0.25, 'KNeighborsUnif': 0.125}
Train Data Rows:    14495
	0.8338	 = Validation score   (accuracy)
Train Data Columns: 102
	0.8359	 = Validation score   (accuracy)
	14.98s	 = Training   runtime
Selected class <--> label mapping:  class 1 = True, class 0 = False
Label Column:       S7 (SBS7b - 0.96)
	47.02s	 = Training   runtime
	0.1s	 = Validation runtime
AutoGluon infers your prediction problem is: 'binary' (because only two unique label-values observed).
Using Feature Generators to preprocess the data ...
	0.23s	 = Validation runtime
	2 unique label values:  [False, True]
Fitting AutoMLPipelineFeatureGenerator...
	If 'binary' is not the correct problem_type, please manually specify the problem_type parameter during predictor init (You may specify problem_type as one of: ['binary', 'multiclass', 'regression'])
	Stage 1 Generators:
Problem Type:       binary
		Fitting AsTypeFeatureGenerator...
Preprocessing data ...
AutoGluon training complete, total runtime = 96.4s ... Best model: "WeightedEnsemble_L2"
Selected class <--> label mapping:  class 1 = True, class 0 = False
			Note: Converting 6 features to boolean dtype as they only contain 2 unique values.
Using Feature Generators to preprocess the data ...
	Stage 1 Generators:
		Fitting AsTypeFeatureGenerator...
Fitting AutoMLPipelineFeatureGenerator...
	Stage 5 Generators:
		Fitting DropDuplicatesFeatureGenerator...
	Available Memory:                    201887.66 MB
	Train Data (Original)  Memory Usage: 10.70 MB (0.0% of available memory)
	Inferring data type of each feature based on column values. Set feature_metadata_in to manually specify special dtypes of the features.
	Stage 2 Generators:
		Fitting FillNaFeatureGenerator...
	Stage 3 Generators:
	Available Memory:                    201885.57 MB
		Fitting IdentityFeatureGenerator...
TabularPredictor saved. To load, use: predictor = TabularPredictor.load("AutogluonModels/ag-20250416_150925-007/Predictor_S6 (SBS7a - 1.00)")
	Train Data (Original)  Memory Usage: 10.70 MB (0.0% of available memory)
	Inferring data type of each feature based on column values. Set feature_metadata_in to manually specify special dtypes of the features.
No presets specified! To achieve strong results with AutoGluon, it is recommended to use the available presets.
	Recommended Presets (For more details refer to https://auto.gluon.ai/stable/tutorials/tabular/tabular-essentials.html#presets):
	presets='best_quality'   : Maximize accuracy. Default time_limit=3600.
	presets='high_quality'   : Strong accuracy with fast inference speed. Default time_limit=3600.
	presets='good_quality'   : Good accuracy with very fast inference speed. Default time_limit=3600.
	presets='medium_quality' : Fast training time, ideal for initial prototyping.
			Note: Converting 6 features to boolean dtype as they only contain 2 unique values.
	Stage 2 Generators:
		Fitting FillNaFeatureGenerator...
	Stage 4 Generators:
		Fitting DropUniqueFeatureGenerator...
			Note: Converting 6 features to boolean dtype as they only contain 2 unique values.
Beginning AutoGluon training ... Time limit = 60s
AutoGluon will save models to "AutogluonModels/ag-20250416_150925-007/Predictor_S7 (SBS7b - 0.96)"
	Stage 2 Generators:
		Fitting FillNaFeatureGenerator...
Fitting model: WeightedEnsemble_L2 ... Training model for up to 37.34s of the -24.0s of remaining time.
=================== System Info ===================
AutoGluon Version:  1.1.0
Python Version:     3.10.15
Operating System:   Linux
Platform Machine:   x86_64
Platform Version:   #1 SMP PREEMPT_DYNAMIC Thu Apr 3 12:12:16 UTC 2025
CPU Count:          272
Memory Avail:       197.19 GB / 203.90 GB (96.7%)
Disk Space Avail:   1332.87 GB / 5120.00 GB (26.0%)
===================================================
Train Data Rows:    14495
Train Data Columns: 102
Label Column:       S7 (SBS7b - 0.96)
AutoGluon infers your prediction problem is: 'binary' (because only two unique label-values observed).
	Stage 3 Generators:
	2 unique label values:  [False, True]
		Fitting IdentityFeatureGenerator...
	If 'binary' is not the correct problem_type, please manually specify the problem_type parameter during predictor init (You may specify problem_type as one of: ['binary', 'multiclass', 'regression'])
Problem Type:       binary
Preprocessing data ...
Selected class <--> label mapping:  class 1 = True, class 0 = False
	Stage 3 Generators:
Using Feature Generators to preprocess the data ...
		Fitting IdentityFeatureGenerator...
Fitting AutoMLPipelineFeatureGenerator...
	Stage 4 Generators:
		Fitting DropUniqueFeatureGenerator...
	Stage 4 Generators:
		Fitting DropUniqueFeatureGenerator...
	Available Memory:                    201911.66 MB
	Train Data (Original)  Memory Usage: 10.70 MB (0.0% of available memory)
	Inferring data type of each feature based on column values. Set feature_metadata_in to manually specify special dtypes of the features.
	Ensemble Weights: {'LightGBMXT': 0.96, 'KNeighborsUnif': 0.04}
	0.8234	 = Validation score   (accuracy)
	16.54s	 = Training   runtime
	0.16s	 = Validation runtime
	Stage 1 Generators:
		Fitting AsTypeFeatureGenerator...
AutoGluon training complete, total runtime = 99.0s ... Best model: "WeightedEnsemble_L2"
			Note: Converting 6 features to boolean dtype as they only contain 2 unique values.
TabularPredictor saved. To load, use: predictor = TabularPredictor.load("AutogluonModels/ag-20250416_150924-002/Predictor_S6 (SBS7a - 1.00)")
No presets specified! To achieve strong results with AutoGluon, it is recommended to use the available presets.
	Recommended Presets (For more details refer to https://auto.gluon.ai/stable/tutorials/tabular/tabular-essentials.html#presets):
	presets='best_quality'   : Maximize accuracy. Default time_limit=3600.
	presets='high_quality'   : Strong accuracy with fast inference speed. Default time_limit=3600.
	presets='good_quality'   : Good accuracy with very fast inference speed. Default time_limit=3600.
	presets='medium_quality' : Fast training time, ideal for initial prototyping.
	Stage 2 Generators:
		Fitting FillNaFeatureGenerator...
	Ensemble Weights: {'LightGBMXT': 0.529, 'KNeighborsUnif': 0.235, 'KNeighborsDist': 0.235}
	0.8338	 = Validation score   (accuracy)
	15.9s	 = Training   runtime
	0.21s	 = Validation runtime
Beginning AutoGluon training ... Time limit = 60s
AutoGluon will save models to "AutogluonModels/ag-20250416_150924-002/Predictor_S7 (SBS7b - 0.96)"
	Stage 3 Generators:
=================== System Info ===================
AutoGluon Version:  1.1.0
Python Version:     3.10.15
Operating System:   Linux
Platform Machine:   x86_64
Platform Version:   #1 SMP PREEMPT_DYNAMIC Thu Apr 3 12:12:16 UTC 2025
CPU Count:          272
Memory Avail:       197.15 GB / 203.90 GB (96.7%)
Disk Space Avail:   1332.87 GB / 5120.00 GB (26.0%)
===================================================
		Fitting IdentityFeatureGenerator...
Train Data Rows:    14495
Train Data Columns: 102
	Stage 5 Generators:
Label Column:       S7 (SBS7b - 0.96)
AutoGluon training complete, total runtime = 99.29s ... Best model: "WeightedEnsemble_L2"
		Fitting DropDuplicatesFeatureGenerator...
	Stage 1 Generators:
AutoGluon infers your prediction problem is: 'binary' (because only two unique label-values observed).
		Fitting AsTypeFeatureGenerator...
	2 unique label values:  [False, True]
	Stage 4 Generators:
	If 'binary' is not the correct problem_type, please manually specify the problem_type parameter during predictor init (You may specify problem_type as one of: ['binary', 'multiclass', 'regression'])
		Fitting DropUniqueFeatureGenerator...
Problem Type:       binary
	Stage 5 Generators:
Preprocessing data ...
		Fitting DropDuplicatesFeatureGenerator...
Selected class <--> label mapping:  class 1 = True, class 0 = False
	Ensemble Weights: {'KNeighborsUnif': 0.353, 'LightGBMXT': 0.353, 'KNeighborsDist': 0.294}
	0.8462	 = Validation score   (accuracy)
Using Feature Generators to preprocess the data ...
	15.43s	 = Training   runtime
TabularPredictor saved. To load, use: predictor = TabularPredictor.load("AutogluonModels/ag-20250416_150924/Predictor_S6 (SBS7a - 1.00)")
Fitting AutoMLPipelineFeatureGenerator...
	0.34s	 = Validation runtime
	Ensemble Weights: {'LightGBMXT': 1.0}
No presets specified! To achieve strong results with AutoGluon, it is recommended to use the available presets.
	Recommended Presets (For more details refer to https://auto.gluon.ai/stable/tutorials/tabular/tabular-essentials.html#presets):
	presets='best_quality'   : Maximize accuracy. Default time_limit=3600.
	presets='high_quality'   : Strong accuracy with fast inference speed. Default time_limit=3600.
	presets='good_quality'   : Good accuracy with very fast inference speed. Default time_limit=3600.
	presets='medium_quality' : Fast training time, ideal for initial prototyping.
	Types of features in original data (raw dtype, special dtypes):
	0.8283	 = Validation score   (accuracy)
		('bool', []) :  6 | ['S1 (SBS1 - 0.99)', 'S2 (SBS2 - 0.99)', 'S3 (SBS3 - 0.97)', 'S4 (SBS4 - 0.98)', 'S5 (SBS5 - 0.98)', ...]
	16.21s	 = Training   runtime
		('int', [])  : 96 | ['A[C>A]A', 'A[C>A]C', 'A[C>A]G', 'A[C>A]T', 'A[C>G]A', ...]
	0.36s	 = Validation runtime
	Ensemble Weights: {'LightGBMXT': 0.941, 'KNeighborsUnif': 0.059}
	Types of features in processed data (raw dtype, special dtypes):
	Ensemble Weights: {'KNeighborsUnif': 0.667, 'LightGBMXT': 0.333}
	Stage 1 Generators:
AutoGluon training complete, total runtime = 100.8s ... Best model: "WeightedEnsemble_L2"
	0.8221	 = Validation score   (accuracy)
		('int', [])       : 96 | ['A[C>A]A', 'A[C>A]C', 'A[C>A]G', 'A[C>A]T', 'A[C>G]A', ...]
	0.8441	 = Validation score   (accuracy)
		Fitting AsTypeFeatureGenerator...
	Stage 5 Generators:
	16.2s	 = Training   runtime
		('int', ['bool']) :  6 | ['S1 (SBS1 - 0.99)', 'S2 (SBS2 - 0.99)', 'S3 (SBS3 - 0.97)', 'S4 (SBS4 - 0.98)', 'S5 (SBS5 - 0.98)', ...]
	16.98s	 = Training   runtime
	Available Memory:                    201872.38 MB
	Types of features in original data (raw dtype, special dtypes):
		Fitting DropDuplicatesFeatureGenerator...
Beginning AutoGluon training ... Time limit = 60s
	0.18s	 = Validation runtime
	28.5s = Fit runtime
			Note: Converting 6 features to boolean dtype as they only contain 2 unique values.
AutoGluon training complete, total runtime = 99.47s ... Best model: "WeightedEnsemble_L2"
	0.32s	 = Validation runtime
	Train Data (Original)  Memory Usage: 10.70 MB (0.0% of available memory)
		('bool', []) :  6 | ['S1 (SBS1 - 0.99)', 'S2 (SBS2 - 0.99)', 'S3 (SBS3 - 0.97)', 'S4 (SBS4 - 0.98)', 'S5 (SBS5 - 0.98)', ...]
AutoGluon will save models to "AutogluonModels/ag-20250416_150924/Predictor_S7 (SBS7b - 0.96)"
	102 features in original data used to generate 102 features in processed data.
	Stage 2 Generators:
	Inferring data type of each feature based on column values. Set feature_metadata_in to manually specify special dtypes of the features.
		('int', [])  : 96 | ['A[C>A]A', 'A[C>A]C', 'A[C>A]G', 'A[C>A]T', 'A[C>G]A', ...]
AutoGluon training complete, total runtime = 100.66s ... Best model: "WeightedEnsemble_L2"
TabularPredictor saved. To load, use: predictor = TabularPredictor.load("AutogluonModels/ag-20250416_150926-001/Predictor_S6 (SBS7a - 1.00)")
=================== System Info ===================
AutoGluon Version:  1.1.0
Python Version:     3.10.15
Operating System:   Linux
Platform Machine:   x86_64
Platform Version:   #1 SMP PREEMPT_DYNAMIC Thu Apr 3 12:12:16 UTC 2025
CPU Count:          272
Memory Avail:       197.12 GB / 203.90 GB (96.7%)
Disk Space Avail:   1332.87 GB / 5120.00 GB (26.0%)
===================================================
		Fitting FillNaFeatureGenerator...
	Types of features in processed data (raw dtype, special dtypes):
Train Data Rows:    14495
No presets specified! To achieve strong results with AutoGluon, it is recommended to use the available presets.
	Recommended Presets (For more details refer to https://auto.gluon.ai/stable/tutorials/tabular/tabular-essentials.html#presets):
	presets='best_quality'   : Maximize accuracy. Default time_limit=3600.
	presets='high_quality'   : Strong accuracy with fast inference speed. Default time_limit=3600.
	presets='good_quality'   : Good accuracy with very fast inference speed. Default time_limit=3600.
	presets='medium_quality' : Fast training time, ideal for initial prototyping.
		('int', [])       : 96 | ['A[C>A]A', 'A[C>A]C', 'A[C>A]G', 'A[C>A]T', 'A[C>G]A', ...]
Train Data Columns: 102
	Train Data (Processed) Memory Usage: 10.70 MB (0.0% of available memory)
AutoGluon training complete, total runtime = 102.85s ... Best model: "WeightedEnsemble_L2"
		('int', ['bool']) :  6 | ['S1 (SBS1 - 0.99)', 'S2 (SBS2 - 0.99)', 'S3 (SBS3 - 0.97)', 'S4 (SBS4 - 0.98)', 'S5 (SBS5 - 0.98)', ...]
TabularPredictor saved. To load, use: predictor = TabularPredictor.load("AutogluonModels/ag-20250416_150925/Predictor_S6 (SBS7a - 1.00)")
Label Column:       S7 (SBS7b - 0.96)
			Note: Converting 6 features to boolean dtype as they only contain 2 unique values.
	19.3s = Fit runtime
	Stage 3 Generators:
Data preprocessing and feature engineering runtime = 31.32s ...
No presets specified! To achieve strong results with AutoGluon, it is recommended to use the available presets.
	Recommended Presets (For more details refer to https://auto.gluon.ai/stable/tutorials/tabular/tabular-essentials.html#presets):
	presets='best_quality'   : Maximize accuracy. Default time_limit=3600.
	presets='high_quality'   : Strong accuracy with fast inference speed. Default time_limit=3600.
	presets='good_quality'   : Good accuracy with very fast inference speed. Default time_limit=3600.
	presets='medium_quality' : Fast training time, ideal for initial prototyping.
AutoGluon infers your prediction problem is: 'binary' (because only two unique label-values observed).
	102 features in original data used to generate 102 features in processed data.
		Fitting IdentityFeatureGenerator...
AutoGluon will gauge predictive performance using evaluation metric: 'accuracy'
	Stage 5 Generators:
	Types of features in original data (raw dtype, special dtypes):
Beginning AutoGluon training ... Time limit = 60s
	2 unique label values:  [False, True]
TabularPredictor saved. To load, use: predictor = TabularPredictor.load("AutogluonModels/ag-20250416_150924-001/Predictor_S6 (SBS7a - 1.00)")
	To change this, specify the eval_metric parameter of Predictor()
	Stage 2 Generators:
		Fitting DropDuplicatesFeatureGenerator...
		('bool', []) :  6 | ['S1 (SBS1 - 0.99)', 'S2 (SBS2 - 0.99)', 'S3 (SBS3 - 0.97)', 'S4 (SBS4 - 0.98)', 'S5 (SBS5 - 0.98)', ...]
AutoGluon will save models to "AutogluonModels/ag-20250416_150926-001/Predictor_S7 (SBS7b - 0.96)"
	If 'binary' is not the correct problem_type, please manually specify the problem_type parameter during predictor init (You may specify problem_type as one of: ['binary', 'multiclass', 'regression'])
TabularPredictor saved. To load, use: predictor = TabularPredictor.load("AutogluonModels/ag-20250416_150925-005/Predictor_S6 (SBS7a - 1.00)")
	Stage 4 Generators:
No presets specified! To achieve strong results with AutoGluon, it is recommended to use the available presets.
	Recommended Presets (For more details refer to https://auto.gluon.ai/stable/tutorials/tabular/tabular-essentials.html#presets):
	presets='best_quality'   : Maximize accuracy. Default time_limit=3600.
	presets='high_quality'   : Strong accuracy with fast inference speed. Default time_limit=3600.
	presets='good_quality'   : Good accuracy with very fast inference speed. Default time_limit=3600.
	presets='medium_quality' : Fast training time, ideal for initial prototyping.
		Fitting FillNaFeatureGenerator...
	Train Data (Processed) Memory Usage: 10.70 MB (0.0% of available memory)
		('int', [])  : 96 | ['A[C>A]A', 'A[C>A]C', 'A[C>A]G', 'A[C>A]T', 'A[C>G]A', ...]
Problem Type:       binary
		Fitting DropUniqueFeatureGenerator...
Beginning AutoGluon training ... Time limit = 60s
No presets specified! To achieve strong results with AutoGluon, it is recommended to use the available presets.
	Recommended Presets (For more details refer to https://auto.gluon.ai/stable/tutorials/tabular/tabular-essentials.html#presets):
	presets='best_quality'   : Maximize accuracy. Default time_limit=3600.
	presets='high_quality'   : Strong accuracy with fast inference speed. Default time_limit=3600.
	presets='good_quality'   : Good accuracy with very fast inference speed. Default time_limit=3600.
	presets='medium_quality' : Fast training time, ideal for initial prototyping.
=================== System Info ===================
AutoGluon Version:  1.1.0
Python Version:     3.10.15
Operating System:   Linux
Platform Machine:   x86_64
Platform Version:   #1 SMP PREEMPT_DYNAMIC Thu Apr 3 12:12:16 UTC 2025
CPU Count:          272
Memory Avail:       197.19 GB / 203.90 GB (96.7%)
Disk Space Avail:   1332.87 GB / 5120.00 GB (26.0%)
===================================================
	Types of features in processed data (raw dtype, special dtypes):
Preprocessing data ...
AutoGluon will save models to "AutogluonModels/ag-20250416_150925/Predictor_S7 (SBS7b - 0.96)"
Data preprocessing and feature engineering runtime = 22.61s ...
Train Data Rows:    14495
		('int', [])       : 96 | ['A[C>A]A', 'A[C>A]C', 'A[C>A]G', 'A[C>A]T', 'A[C>G]A', ...]
Automatically generating train/validation split with holdout_frac=0.1, Train Rows: 13045, Val Rows: 1450
Selected class <--> label mapping:  class 1 = True, class 0 = False
	Stage 3 Generators:
AutoGluon will gauge predictive performance using evaluation metric: 'accuracy'
Train Data Columns: 102
		('int', ['bool']) :  6 | ['S1 (SBS1 - 0.99)', 'S2 (SBS2 - 0.99)', 'S3 (SBS3 - 0.97)', 'S4 (SBS4 - 0.98)', 'S5 (SBS5 - 0.98)', ...]
User-specified model hyperparameters to be fit:
{
	'NN_TORCH': {},
	'GBM': [{'extra_trees': True, 'ag_args': {'name_suffix': 'XT'}}, {}, 'GBMLarge'],
	'CAT': {},
	'XGB': {},
	'FASTAI': {},
	'RF': [{'criterion': 'gini', 'ag_args': {'name_suffix': 'Gini', 'problem_types': ['binary', 'multiclass']}}, {'criterion': 'entropy', 'ag_args': {'name_suffix': 'Entr', 'problem_types': ['binary', 'multiclass']}}, {'criterion': 'squared_error', 'ag_args': {'name_suffix': 'MSE', 'problem_types': ['regression', 'quantile']}}],
	'XT': [{'criterion': 'gini', 'ag_args': {'name_suffix': 'Gini', 'problem_types': ['binary', 'multiclass']}}, {'criterion': 'entropy', 'ag_args': {'name_suffix': 'Entr', 'problem_types': ['binary', 'multiclass']}}, {'criterion': 'squared_error', 'ag_args': {'name_suffix': 'MSE', 'problem_types': ['regression', 'quantile']}}],
	'KNN': [{'weights': 'uniform', 'ag_args': {'name_suffix': 'Unif'}}, {'weights': 'distance', 'ag_args': {'name_suffix': 'Dist'}}],
}
=================== System Info ===================
AutoGluon Version:  1.1.0
Python Version:     3.10.15
Operating System:   Linux
Platform Machine:   x86_64
Platform Version:   #1 SMP PREEMPT_DYNAMIC Thu Apr 3 12:12:16 UTC 2025
CPU Count:          272
Memory Avail:       197.20 GB / 203.90 GB (96.7%)
Disk Space Avail:   1332.87 GB / 5120.00 GB (26.0%)
===================================================
		Fitting IdentityFeatureGenerator...
Using Feature Generators to preprocess the data ...
	To change this, specify the eval_metric parameter of Predictor()
Label Column:       S7 (SBS7b - 0.96)
	Ensemble Weights: {'LightGBMXT': 0.444, 'KNeighborsUnif': 0.333, 'KNeighborsDist': 0.222}
	19.1s = Fit runtime
	Ensemble Weights: {'LightGBMXT': 0.6, 'KNeighborsUnif': 0.2, 'KNeighborsDist': 0.2}
Train Data Rows:    14495
Beginning AutoGluon training ... Time limit = 60s
Beginning AutoGluon training ... Time limit = 60s
Fitting AutoMLPipelineFeatureGenerator...
	0.8503	 = Validation score   (accuracy)
	102 features in original data used to generate 102 features in processed data.
AutoGluon infers your prediction problem is: 'binary' (because only two unique label-values observed).
	0.8462	 = Validation score   (accuracy)
	Stage 4 Generators:
Train Data Columns: 102
AutoGluon will save models to "AutogluonModels/ag-20250416_150924-001/Predictor_S7 (SBS7b - 0.96)"
AutoGluon will save models to "AutogluonModels/ag-20250416_150925-005/Predictor_S7 (SBS7b - 0.96)"
	15.82s	 = Training   runtime
	2 unique label values:  [False, True]
	15.64s	 = Training   runtime
		Fitting DropUniqueFeatureGenerator...
Label Column:       S7 (SBS7b - 0.96)
	0.21s	 = Validation runtime
Fitting 13 L1 models ...
=================== System Info ===================
AutoGluon Version:  1.1.0
Python Version:     3.10.15
Operating System:   Linux
Platform Machine:   x86_64
Platform Version:   #1 SMP PREEMPT_DYNAMIC Thu Apr 3 12:12:16 UTC 2025
CPU Count:          272
Memory Avail:       197.20 GB / 203.90 GB (96.7%)
Disk Space Avail:   1332.87 GB / 5120.00 GB (26.0%)
===================================================
=================== System Info ===================
AutoGluon Version:  1.1.0
Python Version:     3.10.15
Operating System:   Linux
Platform Machine:   x86_64
Platform Version:   #1 SMP PREEMPT_DYNAMIC Thu Apr 3 12:12:16 UTC 2025
CPU Count:          272
Memory Avail:       197.20 GB / 203.90 GB (96.7%)
Disk Space Avail:   1332.87 GB / 5120.00 GB (26.0%)
===================================================
	If 'binary' is not the correct problem_type, please manually specify the problem_type parameter during predictor init (You may specify problem_type as one of: ['binary', 'multiclass', 'regression'])
	Train Data (Processed) Memory Usage: 10.70 MB (0.0% of available memory)
	0.2s	 = Validation runtime
Automatically generating train/validation split with holdout_frac=0.1, Train Rows: 13045, Val Rows: 1450
AutoGluon infers your prediction problem is: 'binary' (because only two unique label-values observed).
Fitting model: KNeighborsUnif ... Training model for up to 28.68s of the 28.43s of remaining time.
Train Data Rows:    14495
	Available Memory:                    201944.55 MB
Train Data Rows:    14495
Problem Type:       binary
User-specified model hyperparameters to be fit:
{
	'NN_TORCH': {},
	'GBM': [{'extra_trees': True, 'ag_args': {'name_suffix': 'XT'}}, {}, 'GBMLarge'],
	'CAT': {},
	'XGB': {},
	'FASTAI': {},
	'RF': [{'criterion': 'gini', 'ag_args': {'name_suffix': 'Gini', 'problem_types': ['binary', 'multiclass']}}, {'criterion': 'entropy', 'ag_args': {'name_suffix': 'Entr', 'problem_types': ['binary', 'multiclass']}}, {'criterion': 'squared_error', 'ag_args': {'name_suffix': 'MSE', 'problem_types': ['regression', 'quantile']}}],
	'XT': [{'criterion': 'gini', 'ag_args': {'name_suffix': 'Gini', 'problem_types': ['binary', 'multiclass']}}, {'criterion': 'entropy', 'ag_args': {'name_suffix': 'Entr', 'problem_types': ['binary', 'multiclass']}}, {'criterion': 'squared_error', 'ag_args': {'name_suffix': 'MSE', 'problem_types': ['regression', 'quantile']}}],
	'KNN': [{'weights': 'uniform', 'ag_args': {'name_suffix': 'Unif'}}, {'weights': 'distance', 'ag_args': {'name_suffix': 'Dist'}}],
}
	2 unique label values:  [False, True]
Train Data Columns: 102
AutoGluon training complete, total runtime = 102.52s ... Best model: "WeightedEnsemble_L2"
Data preprocessing and feature engineering runtime = 22.67s ...
	Train Data (Original)  Memory Usage: 10.70 MB (0.0% of available memory)
Train Data Columns: 102
Preprocessing data ...
	If 'binary' is not the correct problem_type, please manually specify the problem_type parameter during predictor init (You may specify problem_type as one of: ['binary', 'multiclass', 'regression'])
Label Column:       S7 (SBS7b - 0.96)
AutoGluon will gauge predictive performance using evaluation metric: 'accuracy'
	Types of features in original data (raw dtype, special dtypes):
Label Column:       S7 (SBS7b - 0.96)
AutoGluon training complete, total runtime = 102.55s ... Best model: "WeightedEnsemble_L2"
	Inferring data type of each feature based on column values. Set feature_metadata_in to manually specify special dtypes of the features.
Problem Type:       binary
AutoGluon infers your prediction problem is: 'binary' (because only two unique label-values observed).
	To change this, specify the eval_metric parameter of Predictor()
Selected class <--> label mapping:  class 1 = True, class 0 = False
		('bool', []) :  6 | ['S1 (SBS1 - 0.99)', 'S2 (SBS2 - 0.99)', 'S3 (SBS3 - 0.97)', 'S4 (SBS4 - 0.98)', 'S5 (SBS5 - 0.98)', ...]
AutoGluon infers your prediction problem is: 'binary' (because only two unique label-values observed).
Preprocessing data ...
	2 unique label values:  [False, True]
		('int', [])  : 96 | ['A[C>A]A', 'A[C>A]C', 'A[C>A]G', 'A[C>A]T', 'A[C>G]A', ...]
Using Feature Generators to preprocess the data ...
	2 unique label values:  [False, True]
	If 'binary' is not the correct problem_type, please manually specify the problem_type parameter during predictor init (You may specify problem_type as one of: ['binary', 'multiclass', 'regression'])
	Types of features in processed data (raw dtype, special dtypes):
Selected class <--> label mapping:  class 1 = True, class 0 = False
Fitting AutoMLPipelineFeatureGenerator...
	If 'binary' is not the correct problem_type, please manually specify the problem_type parameter during predictor init (You may specify problem_type as one of: ['binary', 'multiclass', 'regression'])
Problem Type:       binary
		('int', [])       : 96 | ['A[C>A]A', 'A[C>A]C', 'A[C>A]G', 'A[C>A]T', 'A[C>G]A', ...]
	Stage 1 Generators:
Using Feature Generators to preprocess the data ...
Fitting 13 L1 models ...
Problem Type:       binary
TabularPredictor saved. To load, use: predictor = TabularPredictor.load("AutogluonModels/ag-20250416_150926/Predictor_S6 (SBS7a - 1.00)")
TabularPredictor saved. To load, use: predictor = TabularPredictor.load("AutogluonModels/ag-20250416_150925-003/Predictor_S6 (SBS7a - 1.00)")
Preprocessing data ...
		('int', ['bool']) :  6 | ['S1 (SBS1 - 0.99)', 'S2 (SBS2 - 0.99)', 'S3 (SBS3 - 0.97)', 'S4 (SBS4 - 0.98)', 'S5 (SBS5 - 0.98)', ...]
		Fitting AsTypeFeatureGenerator...
Fitting AutoMLPipelineFeatureGenerator...
Fitting model: KNeighborsUnif ... Training model for up to 37.39s of the 37.08s of remaining time.
Preprocessing data ...
No presets specified! To achieve strong results with AutoGluon, it is recommended to use the available presets.
	Recommended Presets (For more details refer to https://auto.gluon.ai/stable/tutorials/tabular/tabular-essentials.html#presets):
	presets='best_quality'   : Maximize accuracy. Default time_limit=3600.
	presets='high_quality'   : Strong accuracy with fast inference speed. Default time_limit=3600.
	presets='good_quality'   : Good accuracy with very fast inference speed. Default time_limit=3600.
	presets='medium_quality' : Fast training time, ideal for initial prototyping.
	18.8s = Fit runtime
Automatically generating train/validation split with holdout_frac=0.1, Train Rows: 13045, Val Rows: 1450
No presets specified! To achieve strong results with AutoGluon, it is recommended to use the available presets.
	Recommended Presets (For more details refer to https://auto.gluon.ai/stable/tutorials/tabular/tabular-essentials.html#presets):
	presets='best_quality'   : Maximize accuracy. Default time_limit=3600.
	presets='high_quality'   : Strong accuracy with fast inference speed. Default time_limit=3600.
	presets='good_quality'   : Good accuracy with very fast inference speed. Default time_limit=3600.
	presets='medium_quality' : Fast training time, ideal for initial prototyping.
	Available Memory:                    202016.17 MB
Selected class <--> label mapping:  class 1 = True, class 0 = False
	102 features in original data used to generate 102 features in processed data.
User-specified model hyperparameters to be fit:
{
	'NN_TORCH': {},
	'GBM': [{'extra_trees': True, 'ag_args': {'name_suffix': 'XT'}}, {}, 'GBMLarge'],
	'CAT': {},
	'XGB': {},
	'FASTAI': {},
	'RF': [{'criterion': 'gini', 'ag_args': {'name_suffix': 'Gini', 'problem_types': ['binary', 'multiclass']}}, {'criterion': 'entropy', 'ag_args': {'name_suffix': 'Entr', 'problem_types': ['binary', 'multiclass']}}, {'criterion': 'squared_error', 'ag_args': {'name_suffix': 'MSE', 'problem_types': ['regression', 'quantile']}}],
	'XT': [{'criterion': 'gini', 'ag_args': {'name_suffix': 'Gini', 'problem_types': ['binary', 'multiclass']}}, {'criterion': 'entropy', 'ag_args': {'name_suffix': 'Entr', 'problem_types': ['binary', 'multiclass']}}, {'criterion': 'squared_error', 'ag_args': {'name_suffix': 'MSE', 'problem_types': ['regression', 'quantile']}}],
	'KNN': [{'weights': 'uniform', 'ag_args': {'name_suffix': 'Unif'}}, {'weights': 'distance', 'ag_args': {'name_suffix': 'Dist'}}],
}
	Train Data (Original)  Memory Usage: 10.70 MB (0.0% of available memory)
Using Feature Generators to preprocess the data ...
Selected class <--> label mapping:  class 1 = True, class 0 = False
Fitting AutoMLPipelineFeatureGenerator...
	Inferring data type of each feature based on column values. Set feature_metadata_in to manually specify special dtypes of the features.
Using Feature Generators to preprocess the data ...
Fitting AutoMLPipelineFeatureGenerator...
	Train Data (Processed) Memory Usage: 10.70 MB (0.0% of available memory)
Data preprocessing and feature engineering runtime = 21.84s ...
AutoGluon will gauge predictive performance using evaluation metric: 'accuracy'
	To change this, specify the eval_metric parameter of Predictor()
	Available Memory:                    201990.30 MB
	Train Data (Original)  Memory Usage: 10.70 MB (0.0% of available memory)
	Inferring data type of each feature based on column values. Set feature_metadata_in to manually specify special dtypes of the features.
Beginning AutoGluon training ... Time limit = 60s
AutoGluon will save models to "AutogluonModels/ag-20250416_150925-003/Predictor_S7 (SBS7b - 0.96)"
	Stage 5 Generators:
		Fitting DropDuplicatesFeatureGenerator...
Beginning AutoGluon training ... Time limit = 60s
AutoGluon will save models to "AutogluonModels/ag-20250416_150926/Predictor_S7 (SBS7b - 0.96)"
=================== System Info ===================
AutoGluon Version:  1.1.0
Python Version:     3.10.15
Operating System:   Linux
Platform Machine:   x86_64
Platform Version:   #1 SMP PREEMPT_DYNAMIC Thu Apr 3 12:12:16 UTC 2025
CPU Count:          272
Memory Avail:       197.25 GB / 203.90 GB (96.7%)
Disk Space Avail:   1332.85 GB / 5120.00 GB (26.0%)
===================================================
Train Data Rows:    14495
Train Data Columns: 102
Label Column:       S7 (SBS7b - 0.96)
=================== System Info ===================
AutoGluon Version:  1.1.0
Python Version:     3.10.15
Operating System:   Linux
Platform Machine:   x86_64
Platform Version:   #1 SMP PREEMPT_DYNAMIC Thu Apr 3 12:12:16 UTC 2025
CPU Count:          272
Memory Avail:       197.25 GB / 203.90 GB (96.7%)
Disk Space Avail:   1332.85 GB / 5120.00 GB (26.0%)
===================================================
AutoGluon infers your prediction problem is: 'binary' (because only two unique label-values observed).
Train Data Rows:    14495
	2 unique label values:  [False, True]
	Available Memory:                    201995.41 MB
Fitting 13 L1 models ...
Train Data Columns: 102
	Available Memory:                    201995.43 MB
	If 'binary' is not the correct problem_type, please manually specify the problem_type parameter during predictor init (You may specify problem_type as one of: ['binary', 'multiclass', 'regression'])
	Train Data (Original)  Memory Usage: 10.70 MB (0.0% of available memory)
Fitting model: KNeighborsUnif ... Training model for up to 37.33s of the 37.02s of remaining time.
Label Column:       S7 (SBS7b - 0.96)
	Train Data (Original)  Memory Usage: 10.70 MB (0.0% of available memory)
Problem Type:       binary
			Note: Converting 6 features to boolean dtype as they only contain 2 unique values.
Automatically generating train/validation split with holdout_frac=0.1, Train Rows: 13045, Val Rows: 1450
	Inferring data type of each feature based on column values. Set feature_metadata_in to manually specify special dtypes of the features.
AutoGluon infers your prediction problem is: 'binary' (because only two unique label-values observed).
	Inferring data type of each feature based on column values. Set feature_metadata_in to manually specify special dtypes of the features.
Preprocessing data ...
User-specified model hyperparameters to be fit:
{
	'NN_TORCH': {},
	'GBM': [{'extra_trees': True, 'ag_args': {'name_suffix': 'XT'}}, {}, 'GBMLarge'],
	'CAT': {},
	'XGB': {},
	'FASTAI': {},
	'RF': [{'criterion': 'gini', 'ag_args': {'name_suffix': 'Gini', 'problem_types': ['binary', 'multiclass']}}, {'criterion': 'entropy', 'ag_args': {'name_suffix': 'Entr', 'problem_types': ['binary', 'multiclass']}}, {'criterion': 'squared_error', 'ag_args': {'name_suffix': 'MSE', 'problem_types': ['regression', 'quantile']}}],
	'XT': [{'criterion': 'gini', 'ag_args': {'name_suffix': 'Gini', 'problem_types': ['binary', 'multiclass']}}, {'criterion': 'entropy', 'ag_args': {'name_suffix': 'Entr', 'problem_types': ['binary', 'multiclass']}}, {'criterion': 'squared_error', 'ag_args': {'name_suffix': 'MSE', 'problem_types': ['regression', 'quantile']}}],
	'KNN': [{'weights': 'uniform', 'ag_args': {'name_suffix': 'Unif'}}, {'weights': 'distance', 'ag_args': {'name_suffix': 'Dist'}}],
}
	2 unique label values:  [False, True]
	Ensemble Weights: {'LightGBMXT': 0.6, 'KNeighborsDist': 0.4}
slurmstepd: error: *** JOB 36900 ON dc01 CANCELLED AT 2025-04-16T11:19:35 ***
Selected class <--> label mapping:  class 1 = True, class 0 = False
