Verbosity: 2 (Standard Logging)
=================== System Info ===================
AutoGluon Version:  1.2
Python Version:     3.10.15
Operating System:   Linux
Platform Machine:   x86_64
Platform Version:   #1 SMP PREEMPT_DYNAMIC Thu Apr 3 12:12:16 UTC 2025
CPU Count:          272
Memory Avail:       199.28 GB / 203.90 GB (97.7%)
Disk Space Avail:   1382.08 GB / 5120.00 GB (27.0%)
===================================================
Presets specified: ['medium_quality']
Verbosity: 2 (Standard Logging)
=================== System Info ===================
AutoGluon Version:  1.2
Python Version:     3.10.15
Operating System:   Linux
Platform Machine:   x86_64
Platform Version:   #1 SMP PREEMPT_DYNAMIC Thu Apr 3 12:12:16 UTC 2025
CPU Count:          272
Memory Avail:       199.20 GB / 203.90 GB (97.7%)
Disk Space Avail:   1382.08 GB / 5120.00 GB (27.0%)
===================================================
Presets specified: ['medium_quality']
Verbosity: 2 (Standard Logging)
=================== System Info ===================
AutoGluon Version:  1.2
Python Version:     3.10.15
Operating System:   Linux
Platform Machine:   x86_64
Platform Version:   #1 SMP PREEMPT_DYNAMIC Thu Apr 3 12:12:16 UTC 2025
CPU Count:          272
Memory Avail:       199.20 GB / 203.90 GB (97.7%)
Disk Space Avail:   1382.08 GB / 5120.00 GB (27.0%)
===================================================
Presets specified: ['medium_quality']
Verbosity: 2 (Standard Logging)
Verbosity: 2 (Standard Logging)
Verbosity: 2 (Standard Logging)
=================== System Info ===================
AutoGluon Version:  1.2
Python Version:     3.10.15
Operating System:   Linux
Platform Machine:   x86_64
Platform Version:   #1 SMP PREEMPT_DYNAMIC Thu Apr 3 12:12:16 UTC 2025
CPU Count:          272
Memory Avail:       199.20 GB / 203.90 GB (97.7%)
Disk Space Avail:   1382.08 GB / 5120.00 GB (27.0%)
===================================================
Presets specified: ['medium_quality']
=================== System Info ===================
AutoGluon Version:  1.2
Python Version:     3.10.15
Operating System:   Linux
Platform Machine:   x86_64
Platform Version:   #1 SMP PREEMPT_DYNAMIC Thu Apr 3 12:12:16 UTC 2025
CPU Count:          272
Memory Avail:       199.20 GB / 203.90 GB (97.7%)
Disk Space Avail:   1382.08 GB / 5120.00 GB (27.0%)
===================================================
Presets specified: ['medium_quality']
=================== System Info ===================
AutoGluon Version:  1.2
Python Version:     3.10.15
Operating System:   Linux
Platform Machine:   x86_64
Platform Version:   #1 SMP PREEMPT_DYNAMIC Thu Apr 3 12:12:16 UTC 2025
CPU Count:          272
Memory Avail:       199.20 GB / 203.90 GB (97.7%)
Disk Space Avail:   1382.08 GB / 5120.00 GB (27.0%)
===================================================
Presets specified: ['medium_quality']
Verbosity: 2 (Standard Logging)
=================== System Info ===================
AutoGluon Version:  1.2
Python Version:     3.10.15
Operating System:   Linux
Platform Machine:   x86_64
Platform Version:   #1 SMP PREEMPT_DYNAMIC Thu Apr 3 12:12:16 UTC 2025
CPU Count:          272
Memory Avail:       199.20 GB / 203.90 GB (97.7%)
Disk Space Avail:   1382.08 GB / 5120.00 GB (27.0%)
===================================================
Presets specified: ['medium_quality']
Beginning AutoGluon training ... Time limit = 240s
Beginning AutoGluon training ... Time limit = 240s
AutoGluon will save models to "/home/baderlab/mzarant/SignatureInference/models/default_uncorrelated/0.15-499683164/Predictor_S1 (SBS1 - 0.99)"
Beginning AutoGluon training ... Time limit = 240s
Beginning AutoGluon training ... Time limit = 240s
AutoGluon will save models to "/home/baderlab/mzarant/SignatureInference/models/default_uncorrelated/0.04-958679641/Predictor_S1 (SBS1 - 0.99)"
Beginning AutoGluon training ... Time limit = 240s
Train Data Rows:    80
Beginning AutoGluon training ... Time limit = 240s
AutoGluon will save models to "/home/baderlab/mzarant/SignatureInference/models/default_uncorrelated/0.7-157181832/Predictor_S1 (SBS1 - 0.99)"
Beginning AutoGluon training ... Time limit = 240s
AutoGluon will save models to "/home/baderlab/mzarant/SignatureInference/models/default_uncorrelated/0.4-49193182/Predictor_S1 (SBS1 - 0.99)"
Train Data Rows:    80
AutoGluon will save models to "/home/baderlab/mzarant/SignatureInference/models/default_uncorrelated/0.6-367737620/Predictor_S1 (SBS1 - 0.99)"
Train Data Columns: 96
AutoGluon will save models to "/home/baderlab/mzarant/SignatureInference/models/default_uncorrelated/0.5-249485644/Predictor_S1 (SBS1 - 0.99)"
Train Data Rows:    80
AutoGluon will save models to "/home/baderlab/mzarant/SignatureInference/models/default_uncorrelated/0.8-234675097/Predictor_S1 (SBS1 - 0.99)"
Train Data Rows:    80
Train Data Columns: 96
Train Data Rows:    80
Label Column:       S1 (SBS1 - 0.99)
Train Data Rows:    80
Train Data Columns: 96
Train Data Rows:    80
Train Data Columns: 96
Label Column:       S1 (SBS1 - 0.99)
Train Data Columns: 96
Problem Type:       binary
Train Data Columns: 96
Label Column:       S1 (SBS1 - 0.99)
Train Data Columns: 96
Label Column:       S1 (SBS1 - 0.99)
Problem Type:       binary
Label Column:       S1 (SBS1 - 0.99)
Preprocessing data ...
Label Column:       S1 (SBS1 - 0.99)
Problem Type:       binary
Label Column:       S1 (SBS1 - 0.99)
Problem Type:       binary
Preprocessing data ...
Problem Type:       binary
Problem Type:       binary
Preprocessing data ...
Warning: Updated label_count_threshold from 10 to 7 to avoid cutting too many classes.
Problem Type:       binary
Preprocessing data ...
Warning: Updated label_count_threshold from 10 to 7 to avoid cutting too many classes.
Preprocessing data ...
Preprocessing data ...
Warning: Updated label_count_threshold from 10 to 7 to avoid cutting too many classes.
Preprocessing data ...
Selected class <--> label mapping:  class 1 = True, class 0 = False
Warning: Updated label_count_threshold from 10 to 7 to avoid cutting too many classes.
Selected class <--> label mapping:  class 1 = True, class 0 = False
Warning: Updated label_count_threshold from 10 to 7 to avoid cutting too many classes.
Warning: Updated label_count_threshold from 10 to 7 to avoid cutting too many classes.
Selected class <--> label mapping:  class 1 = True, class 0 = False
Warning: Updated label_count_threshold from 10 to 7 to avoid cutting too many classes.
Using Feature Generators to preprocess the data ...
Selected class <--> label mapping:  class 1 = True, class 0 = False
Using Feature Generators to preprocess the data ...
Selected class <--> label mapping:  class 1 = True, class 0 = False
Selected class <--> label mapping:  class 1 = True, class 0 = False
Using Feature Generators to preprocess the data ...
Selected class <--> label mapping:  class 1 = True, class 0 = False
Fitting AutoMLPipelineFeatureGenerator...
Using Feature Generators to preprocess the data ...
Fitting AutoMLPipelineFeatureGenerator...
Using Feature Generators to preprocess the data ...
Using Feature Generators to preprocess the data ...
Fitting AutoMLPipelineFeatureGenerator...
Using Feature Generators to preprocess the data ...
Fitting AutoMLPipelineFeatureGenerator...
Fitting AutoMLPipelineFeatureGenerator...
Fitting AutoMLPipelineFeatureGenerator...
Fitting AutoMLPipelineFeatureGenerator...
	Available Memory:                    203985.38 MB
	Available Memory:                    203985.38 MB
	Available Memory:                    203985.38 MB
	Train Data (Original)  Memory Usage: 0.06 MB (0.0% of available memory)
	Available Memory:                    203985.38 MB
	Available Memory:                    203985.38 MB
	Available Memory:                    203985.38 MB
	Train Data (Original)  Memory Usage: 0.06 MB (0.0% of available memory)
	Available Memory:                    203985.38 MB
	Train Data (Original)  Memory Usage: 0.06 MB (0.0% of available memory)
	Inferring data type of each feature based on column values. Set feature_metadata_in to manually specify special dtypes of the features.
	Train Data (Original)  Memory Usage: 0.06 MB (0.0% of available memory)
	Train Data (Original)  Memory Usage: 0.06 MB (0.0% of available memory)
	Train Data (Original)  Memory Usage: 0.06 MB (0.0% of available memory)
	Inferring data type of each feature based on column values. Set feature_metadata_in to manually specify special dtypes of the features.
	Train Data (Original)  Memory Usage: 0.06 MB (0.0% of available memory)
	Inferring data type of each feature based on column values. Set feature_metadata_in to manually specify special dtypes of the features.
	Inferring data type of each feature based on column values. Set feature_metadata_in to manually specify special dtypes of the features.
	Inferring data type of each feature based on column values. Set feature_metadata_in to manually specify special dtypes of the features.
	Inferring data type of each feature based on column values. Set feature_metadata_in to manually specify special dtypes of the features.
	Inferring data type of each feature based on column values. Set feature_metadata_in to manually specify special dtypes of the features.
	Stage 1 Generators:
		Fitting AsTypeFeatureGenerator...
	Stage 1 Generators:
	Stage 1 Generators:
		Fitting AsTypeFeatureGenerator...
		Fitting AsTypeFeatureGenerator...
	Stage 1 Generators:
	Stage 1 Generators:
	Stage 1 Generators:
		Fitting AsTypeFeatureGenerator...
	Stage 2 Generators:
		Fitting AsTypeFeatureGenerator...
	Stage 1 Generators:
	Stage 2 Generators:
		Fitting AsTypeFeatureGenerator...
		Fitting FillNaFeatureGenerator...
	Stage 2 Generators:
		Fitting AsTypeFeatureGenerator...
		Fitting FillNaFeatureGenerator...
	Stage 2 Generators:
		Fitting FillNaFeatureGenerator...
	Stage 2 Generators:
	Stage 3 Generators:
	Stage 3 Generators:
		Fitting FillNaFeatureGenerator...
		Fitting FillNaFeatureGenerator...
		Fitting IdentityFeatureGenerator...
	Stage 2 Generators:
		Fitting IdentityFeatureGenerator...
	Stage 2 Generators:
	Stage 3 Generators:
		Fitting FillNaFeatureGenerator...
		Fitting FillNaFeatureGenerator...
	Stage 3 Generators:
	Stage 4 Generators:
		Fitting IdentityFeatureGenerator...
	Stage 3 Generators:
	Stage 4 Generators:
		Fitting IdentityFeatureGenerator...
		Fitting DropUniqueFeatureGenerator...
	Stage 3 Generators:
	Stage 3 Generators:
		Fitting IdentityFeatureGenerator...
		Fitting DropUniqueFeatureGenerator...
	Stage 4 Generators:
		Fitting IdentityFeatureGenerator...
		Fitting IdentityFeatureGenerator...
	Stage 4 Generators:
	Stage 5 Generators:
		Fitting DropUniqueFeatureGenerator...
	Stage 4 Generators:
		Fitting DropUniqueFeatureGenerator...
		Fitting DropDuplicatesFeatureGenerator...
	Stage 5 Generators:
	Stage 4 Generators:
	Stage 4 Generators:
		Fitting DropUniqueFeatureGenerator...
	Stage 5 Generators:
		Fitting DropDuplicatesFeatureGenerator...
		Fitting DropUniqueFeatureGenerator...
	Stage 5 Generators:
		Fitting DropUniqueFeatureGenerator...
		Fitting DropDuplicatesFeatureGenerator...
		Fitting DropDuplicatesFeatureGenerator...
	Stage 5 Generators:
	Stage 5 Generators:
	Stage 5 Generators:
		Fitting DropDuplicatesFeatureGenerator...
		Fitting DropDuplicatesFeatureGenerator...
	Types of features in original data (raw dtype, special dtypes):
	Types of features in original data (raw dtype, special dtypes):
		Fitting DropDuplicatesFeatureGenerator...
		('int', []) : 96 | ['A[C>A]A', 'A[C>A]C', 'A[C>A]G', 'A[C>A]T', 'A[C>G]A', ...]
	Types of features in original data (raw dtype, special dtypes):
		('int', []) : 96 | ['A[C>A]A', 'A[C>A]C', 'A[C>A]G', 'A[C>A]T', 'A[C>G]A', ...]
	Types of features in original data (raw dtype, special dtypes):
	Types of features in processed data (raw dtype, special dtypes):
		('int', []) : 96 | ['A[C>A]A', 'A[C>A]C', 'A[C>A]G', 'A[C>A]T', 'A[C>G]A', ...]
	Types of features in processed data (raw dtype, special dtypes):
		('int', []) : 96 | ['A[C>A]A', 'A[C>A]C', 'A[C>A]G', 'A[C>A]T', 'A[C>G]A', ...]
	Types of features in original data (raw dtype, special dtypes):
	Types of features in original data (raw dtype, special dtypes):
		('int', []) : 96 | ['A[C>A]A', 'A[C>A]C', 'A[C>A]G', 'A[C>A]T', 'A[C>G]A', ...]
	Types of features in processed data (raw dtype, special dtypes):
		('int', []) : 96 | ['A[C>A]A', 'A[C>A]C', 'A[C>A]G', 'A[C>A]T', 'A[C>G]A', ...]
	Types of features in processed data (raw dtype, special dtypes):
	Types of features in original data (raw dtype, special dtypes):
		('int', []) : 96 | ['A[C>A]A', 'A[C>A]C', 'A[C>A]G', 'A[C>A]T', 'A[C>G]A', ...]
		('int', []) : 96 | ['A[C>A]A', 'A[C>A]C', 'A[C>A]G', 'A[C>A]T', 'A[C>G]A', ...]
	4.8s = Fit runtime
		('int', []) : 96 | ['A[C>A]A', 'A[C>A]C', 'A[C>A]G', 'A[C>A]T', 'A[C>G]A', ...]
	4.9s = Fit runtime
		('int', []) : 96 | ['A[C>A]A', 'A[C>A]C', 'A[C>A]G', 'A[C>A]T', 'A[C>G]A', ...]
		('int', []) : 96 | ['A[C>A]A', 'A[C>A]C', 'A[C>A]G', 'A[C>A]T', 'A[C>G]A', ...]
	Types of features in processed data (raw dtype, special dtypes):
	Types of features in processed data (raw dtype, special dtypes):
	96 features in original data used to generate 96 features in processed data.
	4.8s = Fit runtime
	96 features in original data used to generate 96 features in processed data.
	5.0s = Fit runtime
	Types of features in processed data (raw dtype, special dtypes):
		('int', []) : 96 | ['A[C>A]A', 'A[C>A]C', 'A[C>A]G', 'A[C>A]T', 'A[C>G]A', ...]
		('int', []) : 96 | ['A[C>A]A', 'A[C>A]C', 'A[C>A]G', 'A[C>A]T', 'A[C>G]A', ...]
	96 features in original data used to generate 96 features in processed data.
	96 features in original data used to generate 96 features in processed data.
		('int', []) : 96 | ['A[C>A]A', 'A[C>A]C', 'A[C>A]G', 'A[C>A]T', 'A[C>G]A', ...]
	5.4s = Fit runtime
	Train Data (Processed) Memory Usage: 0.06 MB (0.0% of available memory)
	5.3s = Fit runtime
	Train Data (Processed) Memory Usage: 0.06 MB (0.0% of available memory)
	5.3s = Fit runtime
	96 features in original data used to generate 96 features in processed data.
Data preprocessing and feature engineering runtime = 5.75s ...
	96 features in original data used to generate 96 features in processed data.
	Train Data (Processed) Memory Usage: 0.06 MB (0.0% of available memory)
Data preprocessing and feature engineering runtime = 5.76s ...
	96 features in original data used to generate 96 features in processed data.
AutoGluon will gauge predictive performance using evaluation metric: 'accuracy'
	Train Data (Processed) Memory Usage: 0.06 MB (0.0% of available memory)
Data preprocessing and feature engineering runtime = 5.8s ...
AutoGluon will gauge predictive performance using evaluation metric: 'accuracy'
	To change this, specify the eval_metric parameter of Predictor()
	Train Data (Processed) Memory Usage: 0.06 MB (0.0% of available memory)
	Train Data (Processed) Memory Usage: 0.06 MB (0.0% of available memory)
Data preprocessing and feature engineering runtime = 5.93s ...
AutoGluon will gauge predictive performance using evaluation metric: 'accuracy'
	To change this, specify the eval_metric parameter of Predictor()
	Train Data (Processed) Memory Usage: 0.06 MB (0.0% of available memory)
Data preprocessing and feature engineering runtime = 5.95s ...
Data preprocessing and feature engineering runtime = 5.95s ...
AutoGluon will gauge predictive performance using evaluation metric: 'accuracy'
	To change this, specify the eval_metric parameter of Predictor()
Data preprocessing and feature engineering runtime = 5.96s ...
AutoGluon will gauge predictive performance using evaluation metric: 'accuracy'
AutoGluon will gauge predictive performance using evaluation metric: 'accuracy'
	To change this, specify the eval_metric parameter of Predictor()
Automatically generating train/validation split with holdout_frac=0.2, Train Rows: 64, Val Rows: 16
AutoGluon will gauge predictive performance using evaluation metric: 'accuracy'
	To change this, specify the eval_metric parameter of Predictor()
	To change this, specify the eval_metric parameter of Predictor()
Automatically generating train/validation split with holdout_frac=0.2, Train Rows: 64, Val Rows: 16
User-specified model hyperparameters to be fit:
{
	'GBM': [{'extra_trees': True, 'ag_args': {'name_suffix': 'XT'}}, {'ag_args': {'name_suffix': 'Light'}}],
	'RF': [{'criterion': 'gini', 'max_depth': 10, 'ag_args': {'name_suffix': 'Gini', 'problem_types': ['binary', 'multiclass']}}],
	'XT': [{'criterion': 'gini', 'max_depth': 10, 'ag_args': {'name_suffix': 'Gini', 'problem_types': ['binary', 'multiclass']}}],
}
	To change this, specify the eval_metric parameter of Predictor()
Automatically generating train/validation split with holdout_frac=0.2, Train Rows: 64, Val Rows: 16
User-specified model hyperparameters to be fit:
{
	'GBM': [{'extra_trees': True, 'ag_args': {'name_suffix': 'XT'}}, {'ag_args': {'name_suffix': 'Light'}}],
	'RF': [{'criterion': 'gini', 'max_depth': 10, 'ag_args': {'name_suffix': 'Gini', 'problem_types': ['binary', 'multiclass']}}],
	'XT': [{'criterion': 'gini', 'max_depth': 10, 'ag_args': {'name_suffix': 'Gini', 'problem_types': ['binary', 'multiclass']}}],
}
User-specified model hyperparameters to be fit:
{
	'GBM': [{'extra_trees': True, 'ag_args': {'name_suffix': 'XT'}}, {'ag_args': {'name_suffix': 'Light'}}],
	'RF': [{'criterion': 'gini', 'max_depth': 10, 'ag_args': {'name_suffix': 'Gini', 'problem_types': ['binary', 'multiclass']}}],
	'XT': [{'criterion': 'gini', 'max_depth': 10, 'ag_args': {'name_suffix': 'Gini', 'problem_types': ['binary', 'multiclass']}}],
}
Automatically generating train/validation split with holdout_frac=0.2, Train Rows: 64, Val Rows: 16
Automatically generating train/validation split with holdout_frac=0.2, Train Rows: 64, Val Rows: 16
Automatically generating train/validation split with holdout_frac=0.2, Train Rows: 64, Val Rows: 16
User-specified model hyperparameters to be fit:
{
	'GBM': [{'extra_trees': True, 'ag_args': {'name_suffix': 'XT'}}, {'ag_args': {'name_suffix': 'Light'}}],
	'RF': [{'criterion': 'gini', 'max_depth': 10, 'ag_args': {'name_suffix': 'Gini', 'problem_types': ['binary', 'multiclass']}}],
	'XT': [{'criterion': 'gini', 'max_depth': 10, 'ag_args': {'name_suffix': 'Gini', 'problem_types': ['binary', 'multiclass']}}],
}
Automatically generating train/validation split with holdout_frac=0.2, Train Rows: 64, Val Rows: 16
User-specified model hyperparameters to be fit:
{
	'GBM': [{'extra_trees': True, 'ag_args': {'name_suffix': 'XT'}}, {'ag_args': {'name_suffix': 'Light'}}],
	'RF': [{'criterion': 'gini', 'max_depth': 10, 'ag_args': {'name_suffix': 'Gini', 'problem_types': ['binary', 'multiclass']}}],
	'XT': [{'criterion': 'gini', 'max_depth': 10, 'ag_args': {'name_suffix': 'Gini', 'problem_types': ['binary', 'multiclass']}}],
}
User-specified model hyperparameters to be fit:
{
	'GBM': [{'extra_trees': True, 'ag_args': {'name_suffix': 'XT'}}, {'ag_args': {'name_suffix': 'Light'}}],
	'RF': [{'criterion': 'gini', 'max_depth': 10, 'ag_args': {'name_suffix': 'Gini', 'problem_types': ['binary', 'multiclass']}}],
	'XT': [{'criterion': 'gini', 'max_depth': 10, 'ag_args': {'name_suffix': 'Gini', 'problem_types': ['binary', 'multiclass']}}],
}
User-specified model hyperparameters to be fit:
{
	'GBM': [{'extra_trees': True, 'ag_args': {'name_suffix': 'XT'}}, {'ag_args': {'name_suffix': 'Light'}}],
	'RF': [{'criterion': 'gini', 'max_depth': 10, 'ag_args': {'name_suffix': 'Gini', 'problem_types': ['binary', 'multiclass']}}],
	'XT': [{'criterion': 'gini', 'max_depth': 10, 'ag_args': {'name_suffix': 'Gini', 'problem_types': ['binary', 'multiclass']}}],
}
Fitting 4 L1 models, fit_strategy="sequential" ...
Fitting model: LightGBMXT ... Training model for up to 234.24s of the 234.23s of remaining time.
Fitting 4 L1 models, fit_strategy="sequential" ...
Fitting model: LightGBMXT ... Training model for up to 234.25s of the 234.18s of remaining time.
Fitting 4 L1 models, fit_strategy="sequential" ...
Fitting model: LightGBMXT ... Training model for up to 234.20s of the 234.20s of remaining time.
Fitting 4 L1 models, fit_strategy="sequential" ...
Fitting model: LightGBMXT ... Training model for up to 234.05s of the 234.04s of remaining time.
Fitting 4 L1 models, fit_strategy="sequential" ...
Fitting 4 L1 models, fit_strategy="sequential" ...
Fitting model: LightGBMXT ... Training model for up to 234.07s of the 234.07s of remaining time.
Fitting model: LightGBMXT ... Training model for up to 234.05s of the 234.04s of remaining time.
Fitting 4 L1 models, fit_strategy="sequential" ...
Fitting model: LightGBMXT ... Training model for up to 234.04s of the 234.04s of remaining time.
	1.0	 = Validation score   (accuracy)
	29.32s	 = Training   runtime
	0.11s	 = Validation runtime
Fitting model: LightGBMLight ... Training model for up to 204.74s of the 204.68s of remaining time.
	1.0	 = Validation score   (accuracy)
	30.37s	 = Training   runtime
	0.09s	 = Validation runtime
Fitting model: LightGBMLight ... Training model for up to 203.56s of the 203.55s of remaining time.
	1.0	 = Validation score   (accuracy)
	31.75s	 = Training   runtime
	0.02s	 = Validation runtime
Fitting model: LightGBMLight ... Training model for up to 202.42s of the 202.42s of remaining time.
	1.0	 = Validation score   (accuracy)
	32.74s	 = Training   runtime
	0.08s	 = Validation runtime
Fitting model: LightGBMLight ... Training model for up to 201.17s of the 201.17s of remaining time.
	1.0	 = Validation score   (accuracy)
	34.06s	 = Training   runtime
	0.1s	 = Validation runtime
Fitting model: LightGBMLight ... Training model for up to 199.97s of the 199.97s of remaining time.
	1.0	 = Validation score   (accuracy)
	35.81s	 = Training   runtime
	0.09s	 = Validation runtime
Fitting model: LightGBMLight ... Training model for up to 198.09s of the 198.08s of remaining time.
	1.0	 = Validation score   (accuracy)
	35.89s	 = Training   runtime
	0.02s	 = Validation runtime
Fitting model: LightGBMLight ... Training model for up to 198.07s of the 198.07s of remaining time.
	1.0	 = Validation score   (accuracy)
	9.68s	 = Training   runtime
	0.02s	 = Validation runtime
Fitting model: RandomForestGini ... Training model for up to 192.64s of the 192.64s of remaining time.
	1.0	 = Validation score   (accuracy)
	20.1s	 = Training   runtime
	0.01s	 = Validation runtime
Fitting model: RandomForestGini ... Training model for up to 184.51s of the 184.44s of remaining time.
	1.0	 = Validation score   (accuracy)
	8.14s	 = Training   runtime
	3.39s	 = Validation runtime
Fitting model: ExtraTreesGini ... Training model for up to 180.84s of the 180.84s of remaining time.
	1.0	 = Validation score   (accuracy)
	10.42s	 = Training   runtime
	5.82s	 = Validation runtime
Fitting model: ExtraTreesGini ... Training model for up to 168.10s of the 168.03s of remaining time.
	1.0	 = Validation score   (accuracy)
	36.07s	 = Training   runtime
	0.02s	 = Validation runtime
	1.0	 = Validation score   (accuracy)
	33.83s	 = Training   runtime
	0.04s	 = Validation runtime
Fitting model: RandomForestGini ... Training model for up to 167.21s of the 167.20s of remaining time.
Fitting model: RandomForestGini ... Training model for up to 167.10s of the 167.10s of remaining time.
	1.0	 = Validation score   (accuracy)
	16.25s	 = Training   runtime
	7.67s	 = Validation runtime
Fitting model: WeightedEnsemble_L2 ... Training model for up to 234.24s of the 154.13s of remaining time.
	1.0	 = Validation score   (accuracy)
	48.78s	 = Training   runtime
	0.46s	 = Validation runtime
Fitting model: RandomForestGini ... Training model for up to 148.08s of the 148.08s of remaining time.
	0.9375	 = Validation score   (accuracy)
	49.81s	 = Training   runtime
	0.02s	 = Validation runtime
Fitting model: RandomForestGini ... Training model for up to 147.79s of the 147.78s of remaining time.
	Ensemble Weights: {'LightGBMXT': 1.0}
	1.0	 = Validation score   (accuracy)
	6.57s	 = Training   runtime
	0.13s	 = Validation runtime
AutoGluon training complete, total runtime = 95.99s ... Best model: WeightedEnsemble_L2 | Estimated inference throughput: 106.8 rows/s (16 batch size)
Disabling decision threshold calibration for metric `accuracy` due to having fewer than 10000 rows of validation data for calibration, to avoid overfitting (16 rows).
	`accuracy` is generally not improved through threshold calibration. Force calibration via specifying `calibrate_decision_threshold=True`.
TabularPredictor saved. To load, use: predictor = TabularPredictor.load("/home/baderlab/mzarant/SignatureInference/models/default_uncorrelated/0.04-958679641/Predictor_S1 (SBS1 - 0.99)")
Verbosity: 2 (Standard Logging)
	1.0	 = Validation score   (accuracy)
=================== System Info ===================
AutoGluon Version:  1.2
Python Version:     3.10.15
Operating System:   Linux
Platform Machine:   x86_64
Platform Version:   #1 SMP PREEMPT_DYNAMIC Thu Apr 3 12:12:16 UTC 2025
CPU Count:          272
Memory Avail:       197.70 GB / 203.90 GB (97.0%)
Disk Space Avail:   1382.08 GB / 5120.00 GB (27.0%)
===================================================
	10.78s	 = Training   runtime
Presets specified: ['medium_quality']
	12.99s	 = Validation runtime
Fitting model: WeightedEnsemble_L2 ... Training model for up to 234.24s of the 143.63s of remaining time.
Beginning AutoGluon training ... Time limit = 240s
AutoGluon will save models to "/home/baderlab/mzarant/SignatureInference/models/default_uncorrelated/0.04-958679641/Predictor_S2 (SBS2 - 0.99)"
Train Data Rows:    80
Train Data Columns: 97
Label Column:       S2 (SBS2 - 0.99)
Problem Type:       binary
Preprocessing data ...
Selected class <--> label mapping:  class 1 = True, class 0 = False
Using Feature Generators to preprocess the data ...
Fitting AutoMLPipelineFeatureGenerator...
	Available Memory:                    202459.21 MB
	Train Data (Original)  Memory Usage: 0.06 MB (0.0% of available memory)
	Inferring data type of each feature based on column values. Set feature_metadata_in to manually specify special dtypes of the features.
	Stage 1 Generators:
		Fitting AsTypeFeatureGenerator...
			Note: Converting 1 features to boolean dtype as they only contain 2 unique values.
	Stage 2 Generators:
		Fitting FillNaFeatureGenerator...
	Stage 3 Generators:
		Fitting IdentityFeatureGenerator...
	Stage 4 Generators:
		Fitting DropUniqueFeatureGenerator...
	Stage 5 Generators:
		Fitting DropDuplicatesFeatureGenerator...
	Ensemble Weights: {'LightGBMXT': 1.0}
	1.0	 = Validation score   (accuracy)
	1.96s	 = Training   runtime
	0.01s	 = Validation runtime
AutoGluon training complete, total runtime = 99.63s ... Best model: WeightedEnsemble_L2 | Estimated inference throughput: 136.6 rows/s (16 batch size)
Disabling decision threshold calibration for metric `accuracy` due to having fewer than 10000 rows of validation data for calibration, to avoid overfitting (16 rows).
	`accuracy` is generally not improved through threshold calibration. Force calibration via specifying `calibrate_decision_threshold=True`.
	1.0	 = Validation score   (accuracy)
	19.15s	 = Training   runtime
	7.1s	 = Validation runtime
Fitting model: ExtraTreesGini ... Training model for up to 139.97s of the 139.97s of remaining time.
TabularPredictor saved. To load, use: predictor = TabularPredictor.load("/home/baderlab/mzarant/SignatureInference/models/default_uncorrelated/0.4-49193182/Predictor_S1 (SBS1 - 0.99)")
Verbosity: 2 (Standard Logging)
=================== System Info ===================
AutoGluon Version:  1.2
Python Version:     3.10.15
Operating System:   Linux
Platform Machine:   x86_64
Platform Version:   #1 SMP PREEMPT_DYNAMIC Thu Apr 3 12:12:16 UTC 2025
CPU Count:          272
Memory Avail:       197.71 GB / 203.90 GB (97.0%)
Disk Space Avail:   1382.08 GB / 5120.00 GB (27.0%)
===================================================
Presets specified: ['medium_quality']
	Types of features in original data (raw dtype, special dtypes):
		('bool', []) :  1 | ['S1 (SBS1 - 0.99)']
		('int', [])  : 96 | ['A[C>A]A', 'A[C>A]C', 'A[C>A]G', 'A[C>A]T', 'A[C>G]A', ...]
	Types of features in processed data (raw dtype, special dtypes):
		('int', [])       : 96 | ['A[C>A]A', 'A[C>A]C', 'A[C>A]G', 'A[C>A]T', 'A[C>G]A', ...]
		('int', ['bool']) :  1 | ['S1 (SBS1 - 0.99)']
	7.5s = Fit runtime
	97 features in original data used to generate 97 features in processed data.
Beginning AutoGluon training ... Time limit = 240s
AutoGluon will save models to "/home/baderlab/mzarant/SignatureInference/models/default_uncorrelated/0.4-49193182/Predictor_S2 (SBS2 - 0.99)"
Train Data Rows:    80
Train Data Columns: 97
Label Column:       S2 (SBS2 - 0.99)
Problem Type:       binary
	Train Data (Processed) Memory Usage: 0.06 MB (0.0% of available memory)
Preprocessing data ...
Data preprocessing and feature engineering runtime = 7.83s ...
AutoGluon will gauge predictive performance using evaluation metric: 'accuracy'
	To change this, specify the eval_metric parameter of Predictor()
Selected class <--> label mapping:  class 1 = True, class 0 = False
Using Feature Generators to preprocess the data ...
Fitting AutoMLPipelineFeatureGenerator...
Automatically generating train/validation split with holdout_frac=0.2, Train Rows: 64, Val Rows: 16
User-specified model hyperparameters to be fit:
{
	'GBM': [{'extra_trees': True, 'ag_args': {'name_suffix': 'XT'}}, {'ag_args': {'name_suffix': 'Light'}}],
	'RF': [{'criterion': 'gini', 'max_depth': 10, 'ag_args': {'name_suffix': 'Gini', 'problem_types': ['binary', 'multiclass']}}],
	'XT': [{'criterion': 'gini', 'max_depth': 10, 'ag_args': {'name_suffix': 'Gini', 'problem_types': ['binary', 'multiclass']}}],
}
	Available Memory:                    202485.00 MB
	Train Data (Original)  Memory Usage: 0.06 MB (0.0% of available memory)
	Inferring data type of each feature based on column values. Set feature_metadata_in to manually specify special dtypes of the features.
Fitting 4 L1 models, fit_strategy="sequential" ...
Fitting model: LightGBMXT ... Training model for up to 232.17s of the 232.01s of remaining time.
	Stage 1 Generators:
		Fitting AsTypeFeatureGenerator...
			Note: Converting 1 features to boolean dtype as they only contain 2 unique values.
	Stage 2 Generators:
		Fitting FillNaFeatureGenerator...
	1.0	 = Validation score   (accuracy)
	21.67s	 = Training   runtime
	15.08s	 = Validation runtime
	Stage 3 Generators:
		Fitting IdentityFeatureGenerator...
Fitting model: ExtraTreesGini ... Training model for up to 130.02s of the 130.02s of remaining time.
	Stage 4 Generators:
		Fitting DropUniqueFeatureGenerator...
	1.0	 = Validation score   (accuracy)
	68.1s	 = Training   runtime
	0.03s	 = Validation runtime
Fitting model: RandomForestGini ... Training model for up to 129.42s of the 129.41s of remaining time.
	Stage 5 Generators:
		Fitting DropDuplicatesFeatureGenerator...
	Types of features in original data (raw dtype, special dtypes):
		('bool', []) :  1 | ['S1 (SBS1 - 0.99)']
		('int', [])  : 96 | ['A[C>A]A', 'A[C>A]C', 'A[C>A]G', 'A[C>A]T', 'A[C>G]A', ...]
	Types of features in processed data (raw dtype, special dtypes):
		('int', [])       : 96 | ['A[C>A]A', 'A[C>A]C', 'A[C>A]G', 'A[C>A]T', 'A[C>G]A', ...]
		('int', ['bool']) :  1 | ['S1 (SBS1 - 0.99)']
	7.1s = Fit runtime
	97 features in original data used to generate 97 features in processed data.
	Train Data (Processed) Memory Usage: 0.06 MB (0.0% of available memory)
Data preprocessing and feature engineering runtime = 7.61s ...
AutoGluon will gauge predictive performance using evaluation metric: 'accuracy'
	To change this, specify the eval_metric parameter of Predictor()
Automatically generating train/validation split with holdout_frac=0.2, Train Rows: 64, Val Rows: 16
User-specified model hyperparameters to be fit:
{
	'GBM': [{'extra_trees': True, 'ag_args': {'name_suffix': 'XT'}}, {'ag_args': {'name_suffix': 'Light'}}],
	'RF': [{'criterion': 'gini', 'max_depth': 10, 'ag_args': {'name_suffix': 'Gini', 'problem_types': ['binary', 'multiclass']}}],
	'XT': [{'criterion': 'gini', 'max_depth': 10, 'ag_args': {'name_suffix': 'Gini', 'problem_types': ['binary', 'multiclass']}}],
}
Fitting 4 L1 models, fit_strategy="sequential" ...
Fitting model: LightGBMXT ... Training model for up to 232.39s of the 232.37s of remaining time.
	1.0	 = Validation score   (accuracy)
	12.04s	 = Training   runtime
	9.95s	 = Validation runtime
Fitting model: ExtraTreesGini ... Training model for up to 125.87s of the 125.87s of remaining time.
	1.0	 = Validation score   (accuracy)
	16.67s	 = Training   runtime
	18.89s	 = Validation runtime
Fitting model: ExtraTreesGini ... Training model for up to 112.02s of the 112.01s of remaining time.
	1.0	 = Validation score   (accuracy)
	17.3s	 = Training   runtime
	6.81s	 = Validation runtime
Fitting model: ExtraTreesGini ... Training model for up to 104.92s of the 104.91s of remaining time.
	1.0	 = Validation score   (accuracy)
	19.57s	 = Training   runtime
	15.41s	 = Validation runtime
Fitting model: WeightedEnsemble_L2 ... Training model for up to 234.05s of the 104.54s of remaining time.
	Ensemble Weights: {'LightGBMXT': 1.0}
	1.0	 = Validation score   (accuracy)
	5.3s	 = Training   runtime
	0.02s	 = Validation runtime
AutoGluon training complete, total runtime = 141.79s ... Best model: WeightedEnsemble_L2 | Estimated inference throughput: 159.9 rows/s (16 batch size)
Disabling decision threshold calibration for metric `accuracy` due to having fewer than 10000 rows of validation data for calibration, to avoid overfitting (16 rows).
	`accuracy` is generally not improved through threshold calibration. Force calibration via specifying `calibrate_decision_threshold=True`.
	1.0	 = Validation score   (accuracy)
	18.29s	 = Training   runtime
	12.7s	 = Validation runtime
Fitting model: WeightedEnsemble_L2 ... Training model for up to 234.07s of the 98.75s of remaining time.
TabularPredictor saved. To load, use: predictor = TabularPredictor.load("/home/baderlab/mzarant/SignatureInference/models/default_uncorrelated/0.15-499683164/Predictor_S1 (SBS1 - 0.99)")
Verbosity: 2 (Standard Logging)
=================== System Info ===================
AutoGluon Version:  1.2
Python Version:     3.10.15
Operating System:   Linux
Platform Machine:   x86_64
Platform Version:   #1 SMP PREEMPT_DYNAMIC Thu Apr 3 12:12:16 UTC 2025
CPU Count:          272
Memory Avail:       197.19 GB / 203.90 GB (96.7%)
Disk Space Avail:   1382.07 GB / 5120.00 GB (27.0%)
===================================================
Presets specified: ['medium_quality']
Beginning AutoGluon training ... Time limit = 240s
AutoGluon will save models to "/home/baderlab/mzarant/SignatureInference/models/default_uncorrelated/0.15-499683164/Predictor_S2 (SBS2 - 0.99)"
Train Data Rows:    80
Train Data Columns: 97
Label Column:       S2 (SBS2 - 0.99)
Problem Type:       binary
Preprocessing data ...
Selected class <--> label mapping:  class 1 = True, class 0 = False
Using Feature Generators to preprocess the data ...
Fitting AutoMLPipelineFeatureGenerator...
	Available Memory:                    201926.07 MB
	Train Data (Original)  Memory Usage: 0.06 MB (0.0% of available memory)
	Inferring data type of each feature based on column values. Set feature_metadata_in to manually specify special dtypes of the features.
	Stage 1 Generators:
		Fitting AsTypeFeatureGenerator...
			Note: Converting 1 features to boolean dtype as they only contain 2 unique values.
	Stage 2 Generators:
		Fitting FillNaFeatureGenerator...
	Stage 3 Generators:
		Fitting IdentityFeatureGenerator...
	Stage 4 Generators:
		Fitting DropUniqueFeatureGenerator...
	Stage 5 Generators:
		Fitting DropDuplicatesFeatureGenerator...
	Types of features in original data (raw dtype, special dtypes):
		('bool', []) :  1 | ['S1 (SBS1 - 0.99)']
		('int', [])  : 96 | ['A[C>A]A', 'A[C>A]C', 'A[C>A]G', 'A[C>A]T', 'A[C>G]A', ...]
	Types of features in processed data (raw dtype, special dtypes):
		('int', [])       : 96 | ['A[C>A]A', 'A[C>A]C', 'A[C>A]G', 'A[C>A]T', 'A[C>G]A', ...]
		('int', ['bool']) :  1 | ['S1 (SBS1 - 0.99)']
	3.2s = Fit runtime
	97 features in original data used to generate 97 features in processed data.
	Ensemble Weights: {'LightGBMXT': 1.0}
	1.0	 = Validation score   (accuracy)
	2.33s	 = Training   runtime
	0.08s	 = Validation runtime
	Train Data (Processed) Memory Usage: 0.06 MB (0.0% of available memory)
Data preprocessing and feature engineering runtime = 6.16s ...
AutoGluon will gauge predictive performance using evaluation metric: 'accuracy'
	To change this, specify the eval_metric parameter of Predictor()
AutoGluon training complete, total runtime = 148.46s ... Best model: WeightedEnsemble_L2 | Estimated inference throughput: 92.4 rows/s (16 batch size)
Automatically generating train/validation split with holdout_frac=0.2, Train Rows: 64, Val Rows: 16
User-specified model hyperparameters to be fit:
{
	'GBM': [{'extra_trees': True, 'ag_args': {'name_suffix': 'XT'}}, {'ag_args': {'name_suffix': 'Light'}}],
	'RF': [{'criterion': 'gini', 'max_depth': 10, 'ag_args': {'name_suffix': 'Gini', 'problem_types': ['binary', 'multiclass']}}],
	'XT': [{'criterion': 'gini', 'max_depth': 10, 'ag_args': {'name_suffix': 'Gini', 'problem_types': ['binary', 'multiclass']}}],
}
Disabling decision threshold calibration for metric `accuracy` due to having fewer than 10000 rows of validation data for calibration, to avoid overfitting (16 rows).
	`accuracy` is generally not improved through threshold calibration. Force calibration via specifying `calibrate_decision_threshold=True`.
Fitting 4 L1 models, fit_strategy="sequential" ...
Fitting model: LightGBMXT ... Training model for up to 233.84s of the 233.83s of remaining time.
TabularPredictor saved. To load, use: predictor = TabularPredictor.load("/home/baderlab/mzarant/SignatureInference/models/default_uncorrelated/0.6-367737620/Predictor_S1 (SBS1 - 0.99)")
Verbosity: 2 (Standard Logging)
=================== System Info ===================
AutoGluon Version:  1.2
Python Version:     3.10.15
Operating System:   Linux
Platform Machine:   x86_64
Platform Version:   #1 SMP PREEMPT_DYNAMIC Thu Apr 3 12:12:16 UTC 2025
CPU Count:          272
Memory Avail:       197.14 GB / 203.90 GB (96.7%)
Disk Space Avail:   1382.07 GB / 5120.00 GB (27.0%)
===================================================
Presets specified: ['medium_quality']
Beginning AutoGluon training ... Time limit = 240s
AutoGluon will save models to "/home/baderlab/mzarant/SignatureInference/models/default_uncorrelated/0.6-367737620/Predictor_S2 (SBS2 - 0.99)"
Train Data Rows:    80
Train Data Columns: 97
Label Column:       S2 (SBS2 - 0.99)
Problem Type:       binary
Preprocessing data ...
Selected class <--> label mapping:  class 1 = True, class 0 = False
Using Feature Generators to preprocess the data ...
Fitting AutoMLPipelineFeatureGenerator...
	Available Memory:                    201879.88 MB
	Train Data (Original)  Memory Usage: 0.06 MB (0.0% of available memory)
	Inferring data type of each feature based on column values. Set feature_metadata_in to manually specify special dtypes of the features.
	Stage 1 Generators:
		Fitting AsTypeFeatureGenerator...
			Note: Converting 1 features to boolean dtype as they only contain 2 unique values.
	Stage 2 Generators:
		Fitting FillNaFeatureGenerator...
	Stage 3 Generators:
		Fitting IdentityFeatureGenerator...
	Stage 4 Generators:
		Fitting DropUniqueFeatureGenerator...
	Stage 5 Generators:
		Fitting DropDuplicatesFeatureGenerator...
	Types of features in original data (raw dtype, special dtypes):
		('bool', []) :  1 | ['S1 (SBS1 - 0.99)']
		('int', [])  : 96 | ['A[C>A]A', 'A[C>A]C', 'A[C>A]G', 'A[C>A]T', 'A[C>G]A', ...]
	Types of features in processed data (raw dtype, special dtypes):
		('int', [])       : 96 | ['A[C>A]A', 'A[C>A]C', 'A[C>A]G', 'A[C>A]T', 'A[C>G]A', ...]
		('int', ['bool']) :  1 | ['S1 (SBS1 - 0.99)']
	1.2s = Fit runtime
	97 features in original data used to generate 97 features in processed data.
	Train Data (Processed) Memory Usage: 0.06 MB (0.0% of available memory)
Data preprocessing and feature engineering runtime = 1.37s ...
AutoGluon will gauge predictive performance using evaluation metric: 'accuracy'
	To change this, specify the eval_metric parameter of Predictor()
Automatically generating train/validation split with holdout_frac=0.2, Train Rows: 64, Val Rows: 16
User-specified model hyperparameters to be fit:
{
	'GBM': [{'extra_trees': True, 'ag_args': {'name_suffix': 'XT'}}, {'ag_args': {'name_suffix': 'Light'}}],
	'RF': [{'criterion': 'gini', 'max_depth': 10, 'ag_args': {'name_suffix': 'Gini', 'problem_types': ['binary', 'multiclass']}}],
	'XT': [{'criterion': 'gini', 'max_depth': 10, 'ag_args': {'name_suffix': 'Gini', 'problem_types': ['binary', 'multiclass']}}],
}
	1.0	 = Validation score   (accuracy)
	12.49s	 = Training   runtime
	9.43s	 = Validation runtime
Fitting 4 L1 models, fit_strategy="sequential" ...
Fitting model: LightGBMXT ... Training model for up to 238.63s of the 238.63s of remaining time.
Fitting model: WeightedEnsemble_L2 ... Training model for up to 234.03s of the 89.51s of remaining time.
	1.0	 = Validation score   (accuracy)
	26.77s	 = Training   runtime
	9.92s	 = Validation runtime
Fitting model: WeightedEnsemble_L2 ... Training model for up to 234.20s of the 88.80s of remaining time.
	Ensemble Weights: {'LightGBMXT': 1.0}
	1.0	 = Validation score   (accuracy)
	1.29s	 = Training   runtime
	0.02s	 = Validation runtime
AutoGluon training complete, total runtime = 152.86s ... Best model: WeightedEnsemble_L2 | Estimated inference throughput: 380.2 rows/s (16 batch size)
Disabling decision threshold calibration for metric `accuracy` due to having fewer than 10000 rows of validation data for calibration, to avoid overfitting (16 rows).
	`accuracy` is generally not improved through threshold calibration. Force calibration via specifying `calibrate_decision_threshold=True`.
	Ensemble Weights: {'LightGBMXT': 1.0}
	1.0	 = Validation score   (accuracy)
	0.96s	 = Training   runtime
	0.01s	 = Validation runtime
AutoGluon training complete, total runtime = 152.96s ... Best model: WeightedEnsemble_L2 | Estimated inference throughput: 140.2 rows/s (16 batch size)
TabularPredictor saved. To load, use: predictor = TabularPredictor.load("/home/baderlab/mzarant/SignatureInference/models/default_uncorrelated/0.5-249485644/Predictor_S1 (SBS1 - 0.99)")
Verbosity: 2 (Standard Logging)
Disabling decision threshold calibration for metric `accuracy` due to having fewer than 10000 rows of validation data for calibration, to avoid overfitting (16 rows).
	`accuracy` is generally not improved through threshold calibration. Force calibration via specifying `calibrate_decision_threshold=True`.
=================== System Info ===================
AutoGluon Version:  1.2
Python Version:     3.10.15
Operating System:   Linux
Platform Machine:   x86_64
Platform Version:   #1 SMP PREEMPT_DYNAMIC Thu Apr 3 12:12:16 UTC 2025
CPU Count:          272
Memory Avail:       197.29 GB / 203.90 GB (96.8%)
Disk Space Avail:   1382.07 GB / 5120.00 GB (27.0%)
===================================================
Presets specified: ['medium_quality']
Beginning AutoGluon training ... Time limit = 240s
TabularPredictor saved. To load, use: predictor = TabularPredictor.load("/home/baderlab/mzarant/SignatureInference/models/default_uncorrelated/0.8-234675097/Predictor_S1 (SBS1 - 0.99)")
AutoGluon will save models to "/home/baderlab/mzarant/SignatureInference/models/default_uncorrelated/0.5-249485644/Predictor_S2 (SBS2 - 0.99)"
Train Data Rows:    80
Verbosity: 2 (Standard Logging)
Train Data Columns: 97
Label Column:       S2 (SBS2 - 0.99)
Problem Type:       binary
Preprocessing data ...
Selected class <--> label mapping:  class 1 = True, class 0 = False
Using Feature Generators to preprocess the data ...
=================== System Info ===================
AutoGluon Version:  1.2
Python Version:     3.10.15
Operating System:   Linux
Platform Machine:   x86_64
Platform Version:   #1 SMP PREEMPT_DYNAMIC Thu Apr 3 12:12:16 UTC 2025
CPU Count:          272
Memory Avail:       197.29 GB / 203.90 GB (96.8%)
Disk Space Avail:   1382.07 GB / 5120.00 GB (27.0%)
===================================================
Fitting AutoMLPipelineFeatureGenerator...
Presets specified: ['medium_quality']
	Available Memory:                    202022.36 MB
	Train Data (Original)  Memory Usage: 0.06 MB (0.0% of available memory)
	Inferring data type of each feature based on column values. Set feature_metadata_in to manually specify special dtypes of the features.
Beginning AutoGluon training ... Time limit = 240s
AutoGluon will save models to "/home/baderlab/mzarant/SignatureInference/models/default_uncorrelated/0.8-234675097/Predictor_S2 (SBS2 - 0.99)"
Train Data Rows:    80
Train Data Columns: 97
Label Column:       S2 (SBS2 - 0.99)
Problem Type:       binary
Preprocessing data ...
Selected class <--> label mapping:  class 1 = True, class 0 = False
Using Feature Generators to preprocess the data ...
Fitting AutoMLPipelineFeatureGenerator...
	Stage 1 Generators:
		Fitting AsTypeFeatureGenerator...
	Available Memory:                    202026.31 MB
	Train Data (Original)  Memory Usage: 0.06 MB (0.0% of available memory)
	Inferring data type of each feature based on column values. Set feature_metadata_in to manually specify special dtypes of the features.
			Note: Converting 1 features to boolean dtype as they only contain 2 unique values.
	1.0	 = Validation score   (accuracy)
	12.73s	 = Training   runtime
	5.39s	 = Validation runtime
	Stage 2 Generators:
		Fitting FillNaFeatureGenerator...
	Stage 3 Generators:
		Fitting IdentityFeatureGenerator...
	Stage 1 Generators:
		Fitting AsTypeFeatureGenerator...
Fitting model: WeightedEnsemble_L2 ... Training model for up to 234.05s of the 86.19s of remaining time.
	Stage 4 Generators:
		Fitting DropUniqueFeatureGenerator...
			Note: Converting 1 features to boolean dtype as they only contain 2 unique values.
	Stage 2 Generators:
		Fitting FillNaFeatureGenerator...
	Stage 3 Generators:
		Fitting IdentityFeatureGenerator...
	Stage 5 Generators:
		Fitting DropDuplicatesFeatureGenerator...
	Stage 4 Generators:
		Fitting DropUniqueFeatureGenerator...
	Stage 5 Generators:
		Fitting DropDuplicatesFeatureGenerator...
	Types of features in original data (raw dtype, special dtypes):
		('bool', []) :  1 | ['S1 (SBS1 - 0.99)']
		('int', [])  : 96 | ['A[C>A]A', 'A[C>A]C', 'A[C>A]G', 'A[C>A]T', 'A[C>G]A', ...]
	Types of features in processed data (raw dtype, special dtypes):
		('int', [])       : 96 | ['A[C>A]A', 'A[C>A]C', 'A[C>A]G', 'A[C>A]T', 'A[C>G]A', ...]
		('int', ['bool']) :  1 | ['S1 (SBS1 - 0.99)']
	2.3s = Fit runtime
	97 features in original data used to generate 97 features in processed data.
	Train Data (Processed) Memory Usage: 0.06 MB (0.0% of available memory)
Data preprocessing and feature engineering runtime = 2.62s ...
AutoGluon will gauge predictive performance using evaluation metric: 'accuracy'
	To change this, specify the eval_metric parameter of Predictor()
	Types of features in original data (raw dtype, special dtypes):
		('bool', []) :  1 | ['S1 (SBS1 - 0.99)']
		('int', [])  : 96 | ['A[C>A]A', 'A[C>A]C', 'A[C>A]G', 'A[C>A]T', 'A[C>G]A', ...]
	Types of features in processed data (raw dtype, special dtypes):
		('int', [])       : 96 | ['A[C>A]A', 'A[C>A]C', 'A[C>A]G', 'A[C>A]T', 'A[C>G]A', ...]
		('int', ['bool']) :  1 | ['S1 (SBS1 - 0.99)']
	2.3s = Fit runtime
	97 features in original data used to generate 97 features in processed data.
	Train Data (Processed) Memory Usage: 0.06 MB (0.0% of available memory)
Data preprocessing and feature engineering runtime = 2.61s ...
AutoGluon will gauge predictive performance using evaluation metric: 'accuracy'
	To change this, specify the eval_metric parameter of Predictor()
Automatically generating train/validation split with holdout_frac=0.2, Train Rows: 64, Val Rows: 16
User-specified model hyperparameters to be fit:
{
	'GBM': [{'extra_trees': True, 'ag_args': {'name_suffix': 'XT'}}, {'ag_args': {'name_suffix': 'Light'}}],
	'RF': [{'criterion': 'gini', 'max_depth': 10, 'ag_args': {'name_suffix': 'Gini', 'problem_types': ['binary', 'multiclass']}}],
	'XT': [{'criterion': 'gini', 'max_depth': 10, 'ag_args': {'name_suffix': 'Gini', 'problem_types': ['binary', 'multiclass']}}],
}
Automatically generating train/validation split with holdout_frac=0.2, Train Rows: 64, Val Rows: 16
User-specified model hyperparameters to be fit:
{
	'GBM': [{'extra_trees': True, 'ag_args': {'name_suffix': 'XT'}}, {'ag_args': {'name_suffix': 'Light'}}],
	'RF': [{'criterion': 'gini', 'max_depth': 10, 'ag_args': {'name_suffix': 'Gini', 'problem_types': ['binary', 'multiclass']}}],
	'XT': [{'criterion': 'gini', 'max_depth': 10, 'ag_args': {'name_suffix': 'Gini', 'problem_types': ['binary', 'multiclass']}}],
}
Fitting 4 L1 models, fit_strategy="sequential" ...
Fitting model: LightGBMXT ... Training model for up to 237.38s of the 237.38s of remaining time.
Fitting 4 L1 models, fit_strategy="sequential" ...
Fitting model: LightGBMXT ... Training model for up to 237.38s of the 237.38s of remaining time.
	Ensemble Weights: {'LightGBMXT': 1.0}
	1.0	 = Validation score   (accuracy)
	1.84s	 = Training   runtime
	0.01s	 = Validation runtime
AutoGluon training complete, total runtime = 156.52s ... Best model: WeightedEnsemble_L2 | Estimated inference throughput: 163.1 rows/s (16 batch size)
Disabling decision threshold calibration for metric `accuracy` due to having fewer than 10000 rows of validation data for calibration, to avoid overfitting (16 rows).
	`accuracy` is generally not improved through threshold calibration. Force calibration via specifying `calibrate_decision_threshold=True`.
TabularPredictor saved. To load, use: predictor = TabularPredictor.load("/home/baderlab/mzarant/SignatureInference/models/default_uncorrelated/0.7-157181832/Predictor_S1 (SBS1 - 0.99)")
Verbosity: 2 (Standard Logging)
=================== System Info ===================
AutoGluon Version:  1.2
Python Version:     3.10.15
Operating System:   Linux
Platform Machine:   x86_64
Platform Version:   #1 SMP PREEMPT_DYNAMIC Thu Apr 3 12:12:16 UTC 2025
CPU Count:          272
Memory Avail:       197.37 GB / 203.90 GB (96.8%)
Disk Space Avail:   1382.07 GB / 5120.00 GB (27.0%)
===================================================
Presets specified: ['medium_quality']
Beginning AutoGluon training ... Time limit = 240s
AutoGluon will save models to "/home/baderlab/mzarant/SignatureInference/models/default_uncorrelated/0.7-157181832/Predictor_S2 (SBS2 - 0.99)"
Train Data Rows:    80
Train Data Columns: 97
Label Column:       S2 (SBS2 - 0.99)
Problem Type:       binary
Preprocessing data ...
Selected class <--> label mapping:  class 1 = True, class 0 = False
Using Feature Generators to preprocess the data ...
Fitting AutoMLPipelineFeatureGenerator...
	Available Memory:                    202106.30 MB
	Train Data (Original)  Memory Usage: 0.06 MB (0.0% of available memory)
	Inferring data type of each feature based on column values. Set feature_metadata_in to manually specify special dtypes of the features.
	Stage 1 Generators:
		Fitting AsTypeFeatureGenerator...
			Note: Converting 1 features to boolean dtype as they only contain 2 unique values.
	Stage 2 Generators:
		Fitting FillNaFeatureGenerator...
	Stage 3 Generators:
		Fitting IdentityFeatureGenerator...
	Stage 4 Generators:
		Fitting DropUniqueFeatureGenerator...
	Stage 5 Generators:
		Fitting DropDuplicatesFeatureGenerator...
	Types of features in original data (raw dtype, special dtypes):
		('bool', []) :  1 | ['S1 (SBS1 - 0.99)']
		('int', [])  : 96 | ['A[C>A]A', 'A[C>A]C', 'A[C>A]G', 'A[C>A]T', 'A[C>G]A', ...]
	Types of features in processed data (raw dtype, special dtypes):
		('int', [])       : 96 | ['A[C>A]A', 'A[C>A]C', 'A[C>A]G', 'A[C>A]T', 'A[C>G]A', ...]
		('int', ['bool']) :  1 | ['S1 (SBS1 - 0.99)']
	1.1s = Fit runtime
	97 features in original data used to generate 97 features in processed data.
	Train Data (Processed) Memory Usage: 0.06 MB (0.0% of available memory)
Data preprocessing and feature engineering runtime = 1.23s ...
AutoGluon will gauge predictive performance using evaluation metric: 'accuracy'
	To change this, specify the eval_metric parameter of Predictor()
Automatically generating train/validation split with holdout_frac=0.2, Train Rows: 64, Val Rows: 16
User-specified model hyperparameters to be fit:
{
	'GBM': [{'extra_trees': True, 'ag_args': {'name_suffix': 'XT'}}, {'ag_args': {'name_suffix': 'Light'}}],
	'RF': [{'criterion': 'gini', 'max_depth': 10, 'ag_args': {'name_suffix': 'Gini', 'problem_types': ['binary', 'multiclass']}}],
	'XT': [{'criterion': 'gini', 'max_depth': 10, 'ag_args': {'name_suffix': 'Gini', 'problem_types': ['binary', 'multiclass']}}],
}
Fitting 4 L1 models, fit_strategy="sequential" ...
Fitting model: LightGBMXT ... Training model for up to 238.76s of the 238.76s of remaining time.
	0.875	 = Validation score   (accuracy)
	48.02s	 = Training   runtime
	0.09s	 = Validation runtime
Fitting model: LightGBMLight ... Training model for up to 184.22s of the 184.21s of remaining time.
	0.875	 = Validation score   (accuracy)
	56.11s	 = Training   runtime
	0.01s	 = Validation runtime
Fitting model: LightGBMLight ... Training model for up to 175.95s of the 175.78s of remaining time.
	0.8125	 = Validation score   (accuracy)
	17.6s	 = Training   runtime
	0.09s	 = Validation runtime
Fitting model: LightGBMLight ... Training model for up to 216.09s of the 216.08s of remaining time.
	0.8125	 = Validation score   (accuracy)
	12.05s	 = Training   runtime
	0.08s	 = Validation runtime
Fitting model: LightGBMLight ... Training model for up to 225.20s of the 225.19s of remaining time.
	0.8125	 = Validation score   (accuracy)
	12.89s	 = Training   runtime
	0.12s	 = Validation runtime
Fitting model: LightGBMLight ... Training model for up to 224.33s of the 224.33s of remaining time.
	0.875	 = Validation score   (accuracy)
	6.89s	 = Training   runtime
	0.02s	 = Validation runtime
Fitting model: RandomForestGini ... Training model for up to 169.00s of the 168.84s of remaining time.
	0.875	 = Validation score   (accuracy)
	19.25s	 = Training   runtime
	0.14s	 = Validation runtime
Fitting model: LightGBMLight ... Training model for up to 219.02s of the 219.02s of remaining time.
	0.875	 = Validation score   (accuracy)
	7.41s	 = Training   runtime
	1.56s	 = Validation runtime
Fitting model: ExtraTreesGini ... Training model for up to 159.81s of the 159.65s of remaining time.
	0.875	 = Validation score   (accuracy)
	18.62s	 = Training   runtime
	0.11s	 = Validation runtime
Fitting model: RandomForestGini ... Training model for up to 165.26s of the 165.25s of remaining time.
	0.875	 = Validation score   (accuracy)
	30.94s	 = Training   runtime
	0.19s	 = Validation runtime
Fitting model: LightGBMLight ... Training model for up to 205.77s of the 205.77s of remaining time.
	0.8125	 = Validation score   (accuracy)
	8.04s	 = Training   runtime
	5.49s	 = Validation runtime
Fitting model: WeightedEnsemble_L2 ... Training model for up to 232.17s of the 145.89s of remaining time.
	Ensemble Weights: {'LightGBMXT': 1.0}
	0.875	 = Validation score   (accuracy)
	0.96s	 = Training   runtime
	0.01s	 = Validation runtime
AutoGluon training complete, total runtime = 97.58s ... Best model: WeightedEnsemble_L2 | Estimated inference throughput: 544.9 rows/s (16 batch size)
Disabling decision threshold calibration for metric `accuracy` due to having fewer than 10000 rows of validation data for calibration, to avoid overfitting (16 rows).
	`accuracy` is generally not improved through threshold calibration. Force calibration via specifying `calibrate_decision_threshold=True`.
TabularPredictor saved. To load, use: predictor = TabularPredictor.load("/home/baderlab/mzarant/SignatureInference/models/default_uncorrelated/0.04-958679641/Predictor_S2 (SBS2 - 0.99)")
Verbosity: 2 (Standard Logging)
=================== System Info ===================
AutoGluon Version:  1.2
Python Version:     3.10.15
Operating System:   Linux
Platform Machine:   x86_64
Platform Version:   #1 SMP PREEMPT_DYNAMIC Thu Apr 3 12:12:16 UTC 2025
CPU Count:          272
Memory Avail:       196.59 GB / 203.90 GB (96.4%)
Disk Space Avail:   1382.07 GB / 5120.00 GB (27.0%)
===================================================
Presets specified: ['medium_quality']
Beginning AutoGluon training ... Time limit = 240s
AutoGluon will save models to "/home/baderlab/mzarant/SignatureInference/models/default_uncorrelated/0.04-958679641/Predictor_S3 (SBS3 - 0.97)"
Train Data Rows:    80
Train Data Columns: 98
Label Column:       S3 (SBS3 - 0.97)
Problem Type:       binary
Preprocessing data ...
Selected class <--> label mapping:  class 1 = True, class 0 = False
Using Feature Generators to preprocess the data ...
Fitting AutoMLPipelineFeatureGenerator...
	Available Memory:                    201283.41 MB
	Train Data (Original)  Memory Usage: 0.06 MB (0.0% of available memory)
	Inferring data type of each feature based on column values. Set feature_metadata_in to manually specify special dtypes of the features.
	Stage 1 Generators:
		Fitting AsTypeFeatureGenerator...
			Note: Converting 2 features to boolean dtype as they only contain 2 unique values.
	Stage 2 Generators:
		Fitting FillNaFeatureGenerator...
	Stage 3 Generators:
		Fitting IdentityFeatureGenerator...
	Stage 4 Generators:
		Fitting DropUniqueFeatureGenerator...
	Stage 5 Generators:
		Fitting DropDuplicatesFeatureGenerator...
	Types of features in original data (raw dtype, special dtypes):
		('bool', []) :  2 | ['S1 (SBS1 - 0.99)', 'S2 (SBS2 - 0.99)']
		('int', [])  : 96 | ['A[C>A]A', 'A[C>A]C', 'A[C>A]G', 'A[C>A]T', 'A[C>G]A', ...]
	Types of features in processed data (raw dtype, special dtypes):
		('int', [])       : 96 | ['A[C>A]A', 'A[C>A]C', 'A[C>A]G', 'A[C>A]T', 'A[C>G]A', ...]
		('int', ['bool']) :  2 | ['S1 (SBS1 - 0.99)', 'S2 (SBS2 - 0.99)']
	1.8s = Fit runtime
	98 features in original data used to generate 98 features in processed data.
	Train Data (Processed) Memory Usage: 0.06 MB (0.0% of available memory)
Data preprocessing and feature engineering runtime = 1.95s ...
AutoGluon will gauge predictive performance using evaluation metric: 'accuracy'
	To change this, specify the eval_metric parameter of Predictor()
Automatically generating train/validation split with holdout_frac=0.2, Train Rows: 64, Val Rows: 16
User-specified model hyperparameters to be fit:
{
	'GBM': [{'extra_trees': True, 'ag_args': {'name_suffix': 'XT'}}, {'ag_args': {'name_suffix': 'Light'}}],
	'RF': [{'criterion': 'gini', 'max_depth': 10, 'ag_args': {'name_suffix': 'Gini', 'problem_types': ['binary', 'multiclass']}}],
	'XT': [{'criterion': 'gini', 'max_depth': 10, 'ag_args': {'name_suffix': 'Gini', 'problem_types': ['binary', 'multiclass']}}],
}
Fitting 4 L1 models, fit_strategy="sequential" ...
Fitting model: LightGBMXT ... Training model for up to 238.04s of the 238.04s of remaining time.
	0.8125	 = Validation score   (accuracy)
	13.3s	 = Training   runtime
	3.5s	 = Validation runtime
Fitting model: ExtraTreesGini ... Training model for up to 148.30s of the 148.28s of remaining time.
	0.8125	 = Validation score   (accuracy)
	6.28s	 = Training   runtime
	0.96s	 = Validation runtime
Fitting model: WeightedEnsemble_L2 ... Training model for up to 232.39s of the 140.82s of remaining time.
	Ensemble Weights: {'LightGBMXT': 1.0}
	0.875	 = Validation score   (accuracy)
	0.83s	 = Training   runtime
	0.01s	 = Validation runtime
AutoGluon training complete, total runtime = 101.25s ... Best model: WeightedEnsemble_L2 | Estimated inference throughput: 155.8 rows/s (16 batch size)
Disabling decision threshold calibration for metric `accuracy` due to having fewer than 10000 rows of validation data for calibration, to avoid overfitting (16 rows).
	`accuracy` is generally not improved through threshold calibration. Force calibration via specifying `calibrate_decision_threshold=True`.
TabularPredictor saved. To load, use: predictor = TabularPredictor.load("/home/baderlab/mzarant/SignatureInference/models/default_uncorrelated/0.4-49193182/Predictor_S2 (SBS2 - 0.99)")
Verbosity: 2 (Standard Logging)
=================== System Info ===================
AutoGluon Version:  1.2
Python Version:     3.10.15
Operating System:   Linux
Platform Machine:   x86_64
Platform Version:   #1 SMP PREEMPT_DYNAMIC Thu Apr 3 12:12:16 UTC 2025
CPU Count:          272
Memory Avail:       196.86 GB / 203.90 GB (96.6%)
Disk Space Avail:   1382.06 GB / 5120.00 GB (27.0%)
===================================================
Presets specified: ['medium_quality']
Beginning AutoGluon training ... Time limit = 240s
AutoGluon will save models to "/home/baderlab/mzarant/SignatureInference/models/default_uncorrelated/0.4-49193182/Predictor_S3 (SBS3 - 0.97)"
Train Data Rows:    80
Train Data Columns: 98
Label Column:       S3 (SBS3 - 0.97)
Problem Type:       binary
Preprocessing data ...
Selected class <--> label mapping:  class 1 = True, class 0 = False
Using Feature Generators to preprocess the data ...
Fitting AutoMLPipelineFeatureGenerator...
	Available Memory:                    201613.50 MB
	Train Data (Original)  Memory Usage: 0.06 MB (0.0% of available memory)
	Inferring data type of each feature based on column values. Set feature_metadata_in to manually specify special dtypes of the features.
	Stage 1 Generators:
		Fitting AsTypeFeatureGenerator...
			Note: Converting 2 features to boolean dtype as they only contain 2 unique values.
	0.8125	 = Validation score   (accuracy)
	38.4s	 = Training   runtime
	0.09s	 = Validation runtime
	Stage 2 Generators:
		Fitting FillNaFeatureGenerator...
Fitting model: RandomForestGini ... Training model for up to 186.44s of the 186.43s of remaining time.
	Stage 3 Generators:
		Fitting IdentityFeatureGenerator...
	Stage 4 Generators:
		Fitting DropUniqueFeatureGenerator...
	Stage 5 Generators:
		Fitting DropDuplicatesFeatureGenerator...
	Types of features in original data (raw dtype, special dtypes):
		('bool', []) :  2 | ['S1 (SBS1 - 0.99)', 'S2 (SBS2 - 0.99)']
		('int', [])  : 96 | ['A[C>A]A', 'A[C>A]C', 'A[C>A]G', 'A[C>A]T', 'A[C>G]A', ...]
	Types of features in processed data (raw dtype, special dtypes):
		('int', [])       : 96 | ['A[C>A]A', 'A[C>A]C', 'A[C>A]G', 'A[C>A]T', 'A[C>G]A', ...]
		('int', ['bool']) :  2 | ['S1 (SBS1 - 0.99)', 'S2 (SBS2 - 0.99)']
	1.8s = Fit runtime
	98 features in original data used to generate 98 features in processed data.
	Train Data (Processed) Memory Usage: 0.06 MB (0.0% of available memory)
Data preprocessing and feature engineering runtime = 2.12s ...
AutoGluon will gauge predictive performance using evaluation metric: 'accuracy'
	To change this, specify the eval_metric parameter of Predictor()
Automatically generating train/validation split with holdout_frac=0.2, Train Rows: 64, Val Rows: 16
User-specified model hyperparameters to be fit:
{
	'GBM': [{'extra_trees': True, 'ag_args': {'name_suffix': 'XT'}}, {'ag_args': {'name_suffix': 'Light'}}],
	'RF': [{'criterion': 'gini', 'max_depth': 10, 'ag_args': {'name_suffix': 'Gini', 'problem_types': ['binary', 'multiclass']}}],
	'XT': [{'criterion': 'gini', 'max_depth': 10, 'ag_args': {'name_suffix': 'Gini', 'problem_types': ['binary', 'multiclass']}}],
}
Fitting 4 L1 models, fit_strategy="sequential" ...
Fitting model: LightGBMXT ... Training model for up to 237.88s of the 237.86s of remaining time.
	0.8125	 = Validation score   (accuracy)
	7.45s	 = Training   runtime
	1.74s	 = Validation runtime
Fitting model: ExtraTreesGini ... Training model for up to 177.04s of the 177.04s of remaining time.
	0.875	 = Validation score   (accuracy)
	47.5s	 = Training   runtime
	0.08s	 = Validation runtime
Fitting model: RandomForestGini ... Training model for up to 176.59s of the 176.58s of remaining time.
	0.8125	 = Validation score   (accuracy)
	22.4s	 = Training   runtime
	0.04s	 = Validation runtime
Fitting model: LightGBMLight ... Training model for up to 215.11s of the 215.10s of remaining time.
	0.8125	 = Validation score   (accuracy)
	12.46s	 = Training   runtime
	1.97s	 = Validation runtime
Fitting model: WeightedEnsemble_L2 ... Training model for up to 237.38s of the 162.35s of remaining time.
	Ensemble Weights: {'LightGBMXT': 1.0}
	0.8125	 = Validation score   (accuracy)
	0.61s	 = Training   runtime
	0.01s	 = Validation runtime
AutoGluon training complete, total runtime = 78.96s ... Best model: WeightedEnsemble_L2 | Estimated inference throughput: 173.4 rows/s (16 batch size)
Disabling decision threshold calibration for metric `accuracy` due to having fewer than 10000 rows of validation data for calibration, to avoid overfitting (16 rows).
	`accuracy` is generally not improved through threshold calibration. Force calibration via specifying `calibrate_decision_threshold=True`.
	0.8125	 = Validation score   (accuracy)
	12.83s	 = Training   runtime
	1.94s	 = Validation runtime
Fitting model: ExtraTreesGini ... Training model for up to 161.62s of the 161.61s of remaining time.
TabularPredictor saved. To load, use: predictor = TabularPredictor.load("/home/baderlab/mzarant/SignatureInference/models/default_uncorrelated/0.5-249485644/Predictor_S2 (SBS2 - 0.99)")
Verbosity: 2 (Standard Logging)
=================== System Info ===================
AutoGluon Version:  1.2
Python Version:     3.10.15
Operating System:   Linux
Platform Machine:   x86_64
Platform Version:   #1 SMP PREEMPT_DYNAMIC Thu Apr 3 12:12:16 UTC 2025
CPU Count:          272
Memory Avail:       196.52 GB / 203.90 GB (96.4%)
Disk Space Avail:   1382.06 GB / 5120.00 GB (27.0%)
===================================================
Presets specified: ['medium_quality']
Beginning AutoGluon training ... Time limit = 240s
AutoGluon will save models to "/home/baderlab/mzarant/SignatureInference/models/default_uncorrelated/0.5-249485644/Predictor_S3 (SBS3 - 0.97)"
Train Data Rows:    80
Train Data Columns: 98
Label Column:       S3 (SBS3 - 0.97)
Problem Type:       binary
Preprocessing data ...
Selected class <--> label mapping:  class 1 = True, class 0 = False
Using Feature Generators to preprocess the data ...
Fitting AutoMLPipelineFeatureGenerator...
	Available Memory:                    201204.41 MB
	Train Data (Original)  Memory Usage: 0.06 MB (0.0% of available memory)
	Inferring data type of each feature based on column values. Set feature_metadata_in to manually specify special dtypes of the features.
	0.875	 = Validation score   (accuracy)
	62.66s	 = Training   runtime
	0.04s	 = Validation runtime
Fitting model: RandomForestGini ... Training model for up to 155.97s of the 155.96s of remaining time.
	0.875	 = Validation score   (accuracy)
	67.36s	 = Training   runtime
	0.07s	 = Validation runtime
Fitting model: RandomForestGini ... Training model for up to 148.24s of the 148.23s of remaining time.
	Stage 1 Generators:
		Fitting AsTypeFeatureGenerator...
			Note: Converting 2 features to boolean dtype as they only contain 2 unique values.
	Stage 2 Generators:
		Fitting FillNaFeatureGenerator...
	Stage 3 Generators:
		Fitting IdentityFeatureGenerator...
	Stage 4 Generators:
		Fitting DropUniqueFeatureGenerator...
	Stage 5 Generators:
		Fitting DropDuplicatesFeatureGenerator...
	Types of features in original data (raw dtype, special dtypes):
		('bool', []) :  2 | ['S1 (SBS1 - 0.99)', 'S2 (SBS2 - 0.99)']
		('int', [])  : 96 | ['A[C>A]A', 'A[C>A]C', 'A[C>A]G', 'A[C>A]T', 'A[C>G]A', ...]
	Types of features in processed data (raw dtype, special dtypes):
		('int', [])       : 96 | ['A[C>A]A', 'A[C>A]C', 'A[C>A]G', 'A[C>A]T', 'A[C>G]A', ...]
		('int', ['bool']) :  2 | ['S1 (SBS1 - 0.99)', 'S2 (SBS2 - 0.99)']
	4.1s = Fit runtime
	98 features in original data used to generate 98 features in processed data.
	Train Data (Processed) Memory Usage: 0.06 MB (0.0% of available memory)
Data preprocessing and feature engineering runtime = 4.59s ...
AutoGluon will gauge predictive performance using evaluation metric: 'accuracy'
	To change this, specify the eval_metric parameter of Predictor()
Automatically generating train/validation split with holdout_frac=0.2, Train Rows: 64, Val Rows: 16
User-specified model hyperparameters to be fit:
{
	'GBM': [{'extra_trees': True, 'ag_args': {'name_suffix': 'XT'}}, {'ag_args': {'name_suffix': 'Light'}}],
	'RF': [{'criterion': 'gini', 'max_depth': 10, 'ag_args': {'name_suffix': 'Gini', 'problem_types': ['binary', 'multiclass']}}],
	'XT': [{'criterion': 'gini', 'max_depth': 10, 'ag_args': {'name_suffix': 'Gini', 'problem_types': ['binary', 'multiclass']}}],
}
Fitting 4 L1 models, fit_strategy="sequential" ...
Fitting model: LightGBMXT ... Training model for up to 235.41s of the 235.39s of remaining time.
	0.875	 = Validation score   (accuracy)
	59.82s	 = Training   runtime
	0.03s	 = Validation runtime
Fitting model: RandomForestGini ... Training model for up to 145.77s of the 145.76s of remaining time.
	0.8125	 = Validation score   (accuracy)
	14.95s	 = Training   runtime
	6.08s	 = Validation runtime
Fitting model: ExtraTreesGini ... Training model for up to 134.73s of the 134.73s of remaining time.
	0.8125	 = Validation score   (accuracy)
	17.05s	 = Training   runtime
	4.36s	 = Validation runtime
	0.8125	 = Validation score   (accuracy)
	11.98s	 = Training   runtime
	11.7s	 = Validation runtime
Fitting model: ExtraTreesGini ... Training model for up to 126.26s of the 126.25s of remaining time.
Fitting model: WeightedEnsemble_L2 ... Training model for up to 237.38s of the 137.23s of remaining time.
	0.75	 = Validation score   (accuracy)
	36.59s	 = Training   runtime
	0.03s	 = Validation runtime
Fitting model: RandomForestGini ... Training model for up to 178.18s of the 178.17s of remaining time.
	Ensemble Weights: {'LightGBMLight': 1.0}
	0.875	 = Validation score   (accuracy)
	7.11s	 = Training   runtime
	0.02s	 = Validation runtime
AutoGluon training complete, total runtime = 111.14s ... Best model: WeightedEnsemble_L2 | Estimated inference throughput: 163.1 rows/s (16 batch size)
Disabling decision threshold calibration for metric `accuracy` due to having fewer than 10000 rows of validation data for calibration, to avoid overfitting (16 rows).
	`accuracy` is generally not improved through threshold calibration. Force calibration via specifying `calibrate_decision_threshold=True`.
TabularPredictor saved. To load, use: predictor = TabularPredictor.load("/home/baderlab/mzarant/SignatureInference/models/default_uncorrelated/0.8-234675097/Predictor_S2 (SBS2 - 0.99)")
Verbosity: 2 (Standard Logging)
=================== System Info ===================
AutoGluon Version:  1.2
Python Version:     3.10.15
Operating System:   Linux
Platform Machine:   x86_64
Platform Version:   #1 SMP PREEMPT_DYNAMIC Thu Apr 3 12:12:16 UTC 2025
CPU Count:          272
Memory Avail:       196.65 GB / 203.90 GB (96.4%)
Disk Space Avail:   1382.06 GB / 5120.00 GB (27.0%)
===================================================
Presets specified: ['medium_quality']
Beginning AutoGluon training ... Time limit = 240s
AutoGluon will save models to "/home/baderlab/mzarant/SignatureInference/models/default_uncorrelated/0.8-234675097/Predictor_S3 (SBS3 - 0.97)"
Train Data Rows:    80
Train Data Columns: 98
Label Column:       S3 (SBS3 - 0.97)
Problem Type:       binary
Preprocessing data ...
Selected class <--> label mapping:  class 1 = True, class 0 = False
Using Feature Generators to preprocess the data ...
Fitting AutoMLPipelineFeatureGenerator...
	Available Memory:                    201351.22 MB
	Train Data (Original)  Memory Usage: 0.06 MB (0.0% of available memory)
	Inferring data type of each feature based on column values. Set feature_metadata_in to manually specify special dtypes of the features.
	Stage 1 Generators:
		Fitting AsTypeFeatureGenerator...
			Note: Converting 2 features to boolean dtype as they only contain 2 unique values.
	Stage 2 Generators:
		Fitting FillNaFeatureGenerator...
	Stage 3 Generators:
		Fitting IdentityFeatureGenerator...
	Stage 4 Generators:
		Fitting DropUniqueFeatureGenerator...
	Stage 5 Generators:
		Fitting DropDuplicatesFeatureGenerator...
	Types of features in original data (raw dtype, special dtypes):
		('bool', []) :  2 | ['S1 (SBS1 - 0.99)', 'S2 (SBS2 - 0.99)']
		('int', [])  : 96 | ['A[C>A]A', 'A[C>A]C', 'A[C>A]G', 'A[C>A]T', 'A[C>G]A', ...]
	Types of features in processed data (raw dtype, special dtypes):
		('int', [])       : 96 | ['A[C>A]A', 'A[C>A]C', 'A[C>A]G', 'A[C>A]T', 'A[C>G]A', ...]
		('int', ['bool']) :  2 | ['S1 (SBS1 - 0.99)', 'S2 (SBS2 - 0.99)']
	3.1s = Fit runtime
	98 features in original data used to generate 98 features in processed data.
	Train Data (Processed) Memory Usage: 0.06 MB (0.0% of available memory)
Data preprocessing and feature engineering runtime = 6.42s ...
AutoGluon will gauge predictive performance using evaluation metric: 'accuracy'
	To change this, specify the eval_metric parameter of Predictor()
Automatically generating train/validation split with holdout_frac=0.2, Train Rows: 64, Val Rows: 16
User-specified model hyperparameters to be fit:
{
	'GBM': [{'extra_trees': True, 'ag_args': {'name_suffix': 'XT'}}, {'ag_args': {'name_suffix': 'Light'}}],
	'RF': [{'criterion': 'gini', 'max_depth': 10, 'ag_args': {'name_suffix': 'Gini', 'problem_types': ['binary', 'multiclass']}}],
	'XT': [{'criterion': 'gini', 'max_depth': 10, 'ag_args': {'name_suffix': 'Gini', 'problem_types': ['binary', 'multiclass']}}],
}
Fitting 4 L1 models, fit_strategy="sequential" ...
Fitting model: LightGBMXT ... Training model for up to 233.58s of the 233.35s of remaining time.
	0.8125	 = Validation score   (accuracy)
	22.57s	 = Training   runtime
	2.31s	 = Validation runtime
Fitting model: ExtraTreesGini ... Training model for up to 153.09s of the 153.08s of remaining time.
	0.875	 = Validation score   (accuracy)
	11.16s	 = Training   runtime
	19.3s	 = Validation runtime
Fitting model: ExtraTreesGini ... Training model for up to 114.94s of the 114.94s of remaining time.
	0.8125	 = Validation score   (accuracy)
	16.54s	 = Training   runtime
	10.77s	 = Validation runtime
Fitting model: WeightedEnsemble_L2 ... Training model for up to 238.62s of the 106.87s of remaining time.
	0.8125	 = Validation score   (accuracy)
	21.82s	 = Training   runtime
	7.39s	 = Validation runtime
	Ensemble Weights: {'LightGBMXT': 1.0}
	0.875	 = Validation score   (accuracy)
	2.61s	 = Training   runtime
	0.13s	 = Validation runtime
Fitting model: WeightedEnsemble_L2 ... Training model for up to 233.84s of the 96.42s of remaining time.
AutoGluon training complete, total runtime = 137.01s ... Best model: WeightedEnsemble_L2 | Estimated inference throughput: 60.4 rows/s (16 batch size)
Disabling decision threshold calibration for metric `accuracy` due to having fewer than 10000 rows of validation data for calibration, to avoid overfitting (16 rows).
	`accuracy` is generally not improved through threshold calibration. Force calibration via specifying `calibrate_decision_threshold=True`.
TabularPredictor saved. To load, use: predictor = TabularPredictor.load("/home/baderlab/mzarant/SignatureInference/models/default_uncorrelated/0.6-367737620/Predictor_S2 (SBS2 - 0.99)")
Verbosity: 2 (Standard Logging)
=================== System Info ===================
AutoGluon Version:  1.2
Python Version:     3.10.15
Operating System:   Linux
Platform Machine:   x86_64
Platform Version:   #1 SMP PREEMPT_DYNAMIC Thu Apr 3 12:12:16 UTC 2025
CPU Count:          272
Memory Avail:       196.79 GB / 203.90 GB (96.5%)
Disk Space Avail:   1382.05 GB / 5120.00 GB (27.0%)
===================================================
Presets specified: ['medium_quality']
Beginning AutoGluon training ... Time limit = 240s
AutoGluon will save models to "/home/baderlab/mzarant/SignatureInference/models/default_uncorrelated/0.6-367737620/Predictor_S3 (SBS3 - 0.97)"
Train Data Rows:    80
Train Data Columns: 98
Label Column:       S3 (SBS3 - 0.97)
Problem Type:       binary
Preprocessing data ...
Selected class <--> label mapping:  class 1 = True, class 0 = False
Using Feature Generators to preprocess the data ...
Fitting AutoMLPipelineFeatureGenerator...
	Available Memory:                    201506.68 MB
	Train Data (Original)  Memory Usage: 0.06 MB (0.0% of available memory)
	Inferring data type of each feature based on column values. Set feature_metadata_in to manually specify special dtypes of the features.
	Ensemble Weights: {'LightGBMLight': 1.0}
	0.875	 = Validation score   (accuracy)
	1.09s	 = Training   runtime
	0.01s	 = Validation runtime
AutoGluon training complete, total runtime = 145.33s ... Best model: WeightedEnsemble_L2 | Estimated inference throughput: 188.1 rows/s (16 batch size)
Disabling decision threshold calibration for metric `accuracy` due to having fewer than 10000 rows of validation data for calibration, to avoid overfitting (16 rows).
	`accuracy` is generally not improved through threshold calibration. Force calibration via specifying `calibrate_decision_threshold=True`.
	Stage 1 Generators:
		Fitting AsTypeFeatureGenerator...
TabularPredictor saved. To load, use: predictor = TabularPredictor.load("/home/baderlab/mzarant/SignatureInference/models/default_uncorrelated/0.15-499683164/Predictor_S2 (SBS2 - 0.99)")
Verbosity: 2 (Standard Logging)
=================== System Info ===================
AutoGluon Version:  1.2
Python Version:     3.10.15
Operating System:   Linux
Platform Machine:   x86_64
Platform Version:   #1 SMP PREEMPT_DYNAMIC Thu Apr 3 12:12:16 UTC 2025
CPU Count:          272
Memory Avail:       196.76 GB / 203.90 GB (96.5%)
Disk Space Avail:   1382.05 GB / 5120.00 GB (27.0%)
===================================================
			Note: Converting 2 features to boolean dtype as they only contain 2 unique values.
Presets specified: ['medium_quality']
	Stage 2 Generators:
		Fitting FillNaFeatureGenerator...
	Stage 3 Generators:
		Fitting IdentityFeatureGenerator...
	Stage 4 Generators:
		Fitting DropUniqueFeatureGenerator...
Beginning AutoGluon training ... Time limit = 240s
AutoGluon will save models to "/home/baderlab/mzarant/SignatureInference/models/default_uncorrelated/0.15-499683164/Predictor_S3 (SBS3 - 0.97)"
Train Data Rows:    80
Train Data Columns: 98
Label Column:       S3 (SBS3 - 0.97)
Problem Type:       binary
Preprocessing data ...
Selected class <--> label mapping:  class 1 = True, class 0 = False
Using Feature Generators to preprocess the data ...
Fitting AutoMLPipelineFeatureGenerator...
	Available Memory:                    201445.80 MB
	Train Data (Original)  Memory Usage: 0.06 MB (0.0% of available memory)
	Stage 5 Generators:
	Inferring data type of each feature based on column values. Set feature_metadata_in to manually specify special dtypes of the features.
		Fitting DropDuplicatesFeatureGenerator...
	Types of features in original data (raw dtype, special dtypes):
		('bool', []) :  2 | ['S1 (SBS1 - 0.99)', 'S2 (SBS2 - 0.99)']
		('int', [])  : 96 | ['A[C>A]A', 'A[C>A]C', 'A[C>A]G', 'A[C>A]T', 'A[C>G]A', ...]
	Types of features in processed data (raw dtype, special dtypes):
		('int', [])       : 96 | ['A[C>A]A', 'A[C>A]C', 'A[C>A]G', 'A[C>A]T', 'A[C>G]A', ...]
		('int', ['bool']) :  2 | ['S1 (SBS1 - 0.99)', 'S2 (SBS2 - 0.99)']
	9.2s = Fit runtime
	98 features in original data used to generate 98 features in processed data.
	Train Data (Processed) Memory Usage: 0.06 MB (0.0% of available memory)
	Stage 1 Generators:
Data preprocessing and feature engineering runtime = 9.57s ...
		Fitting AsTypeFeatureGenerator...
AutoGluon will gauge predictive performance using evaluation metric: 'accuracy'
	To change this, specify the eval_metric parameter of Predictor()
Automatically generating train/validation split with holdout_frac=0.2, Train Rows: 64, Val Rows: 16
User-specified model hyperparameters to be fit:
{
	'GBM': [{'extra_trees': True, 'ag_args': {'name_suffix': 'XT'}}, {'ag_args': {'name_suffix': 'Light'}}],
	'RF': [{'criterion': 'gini', 'max_depth': 10, 'ag_args': {'name_suffix': 'Gini', 'problem_types': ['binary', 'multiclass']}}],
	'XT': [{'criterion': 'gini', 'max_depth': 10, 'ag_args': {'name_suffix': 'Gini', 'problem_types': ['binary', 'multiclass']}}],
}
			Note: Converting 2 features to boolean dtype as they only contain 2 unique values.
	Stage 2 Generators:
		Fitting FillNaFeatureGenerator...
	Stage 3 Generators:
		Fitting IdentityFeatureGenerator...
	Stage 4 Generators:
		Fitting DropUniqueFeatureGenerator...
Fitting 4 L1 models, fit_strategy="sequential" ...
Fitting model: LightGBMXT ... Training model for up to 230.43s of the 230.43s of remaining time.
	Stage 5 Generators:
		Fitting DropDuplicatesFeatureGenerator...
	Types of features in original data (raw dtype, special dtypes):
		('bool', []) :  2 | ['S1 (SBS1 - 0.99)', 'S2 (SBS2 - 0.99)']
		('int', [])  : 96 | ['A[C>A]A', 'A[C>A]C', 'A[C>A]G', 'A[C>A]T', 'A[C>G]A', ...]
	Types of features in processed data (raw dtype, special dtypes):
		('int', [])       : 96 | ['A[C>A]A', 'A[C>A]C', 'A[C>A]G', 'A[C>A]T', 'A[C>G]A', ...]
		('int', ['bool']) :  2 | ['S1 (SBS1 - 0.99)', 'S2 (SBS2 - 0.99)']
	7.1s = Fit runtime
	98 features in original data used to generate 98 features in processed data.
	Train Data (Processed) Memory Usage: 0.06 MB (0.0% of available memory)
Data preprocessing and feature engineering runtime = 8.26s ...
AutoGluon will gauge predictive performance using evaluation metric: 'accuracy'
	To change this, specify the eval_metric parameter of Predictor()
Automatically generating train/validation split with holdout_frac=0.2, Train Rows: 64, Val Rows: 16
User-specified model hyperparameters to be fit:
{
	'GBM': [{'extra_trees': True, 'ag_args': {'name_suffix': 'XT'}}, {'ag_args': {'name_suffix': 'Light'}}],
	'RF': [{'criterion': 'gini', 'max_depth': 10, 'ag_args': {'name_suffix': 'Gini', 'problem_types': ['binary', 'multiclass']}}],
	'XT': [{'criterion': 'gini', 'max_depth': 10, 'ag_args': {'name_suffix': 'Gini', 'problem_types': ['binary', 'multiclass']}}],
}
Fitting 4 L1 models, fit_strategy="sequential" ...
Fitting model: LightGBMXT ... Training model for up to 231.74s of the 231.74s of remaining time.
	0.8125	 = Validation score   (accuracy)
	14.06s	 = Training   runtime
	2.54s	 = Validation runtime
Fitting model: WeightedEnsemble_L2 ... Training model for up to 238.76s of the 98.12s of remaining time.
	0.8125	 = Validation score   (accuracy)
	90.33s	 = Training   runtime
	0.04s	 = Validation runtime
Fitting model: LightGBMLight ... Training model for up to 147.32s of the 147.30s of remaining time.
	Ensemble Weights: {'LightGBMXT': 1.0}
	0.875	 = Validation score   (accuracy)
	0.79s	 = Training   runtime
	0.01s	 = Validation runtime
AutoGluon training complete, total runtime = 143.33s ... Best model: WeightedEnsemble_L2 | Estimated inference throughput: 79.7 rows/s (16 batch size)
Disabling decision threshold calibration for metric `accuracy` due to having fewer than 10000 rows of validation data for calibration, to avoid overfitting (16 rows).
	`accuracy` is generally not improved through threshold calibration. Force calibration via specifying `calibrate_decision_threshold=True`.
	0.8125	 = Validation score   (accuracy)
	10.72s	 = Training   runtime
	7.46s	 = Validation runtime
TabularPredictor saved. To load, use: predictor = TabularPredictor.load("/home/baderlab/mzarant/SignatureInference/models/default_uncorrelated/0.7-157181832/Predictor_S2 (SBS2 - 0.99)")
Verbosity: 2 (Standard Logging)
=================== System Info ===================
AutoGluon Version:  1.2
Python Version:     3.10.15
Operating System:   Linux
Platform Machine:   x86_64
Platform Version:   #1 SMP PREEMPT_DYNAMIC Thu Apr 3 12:12:16 UTC 2025
CPU Count:          272
Memory Avail:       196.75 GB / 203.90 GB (96.5%)
Disk Space Avail:   1382.05 GB / 5120.00 GB (27.0%)
===================================================
Presets specified: ['medium_quality']
Fitting model: WeightedEnsemble_L2 ... Training model for up to 238.04s of the 134.16s of remaining time.
Beginning AutoGluon training ... Time limit = 240s
AutoGluon will save models to "/home/baderlab/mzarant/SignatureInference/models/default_uncorrelated/0.7-157181832/Predictor_S3 (SBS3 - 0.97)"
Train Data Rows:    80
Train Data Columns: 98
Label Column:       S3 (SBS3 - 0.97)
Problem Type:       binary
Preprocessing data ...
Selected class <--> label mapping:  class 1 = True, class 0 = False
Using Feature Generators to preprocess the data ...
Fitting AutoMLPipelineFeatureGenerator...
	Available Memory:                    201521.61 MB
	Train Data (Original)  Memory Usage: 0.06 MB (0.0% of available memory)
	Inferring data type of each feature based on column values. Set feature_metadata_in to manually specify special dtypes of the features.
	Stage 1 Generators:
		Fitting AsTypeFeatureGenerator...
			Note: Converting 2 features to boolean dtype as they only contain 2 unique values.
	Stage 2 Generators:
		Fitting FillNaFeatureGenerator...
	Stage 3 Generators:
		Fitting IdentityFeatureGenerator...
	Stage 4 Generators:
		Fitting DropUniqueFeatureGenerator...
	Stage 5 Generators:
		Fitting DropDuplicatesFeatureGenerator...
	Types of features in original data (raw dtype, special dtypes):
		('bool', []) :  2 | ['S1 (SBS1 - 0.99)', 'S2 (SBS2 - 0.99)']
		('int', [])  : 96 | ['A[C>A]A', 'A[C>A]C', 'A[C>A]G', 'A[C>A]T', 'A[C>G]A', ...]
	Types of features in processed data (raw dtype, special dtypes):
		('int', [])       : 96 | ['A[C>A]A', 'A[C>A]C', 'A[C>A]G', 'A[C>A]T', 'A[C>G]A', ...]
		('int', ['bool']) :  2 | ['S1 (SBS1 - 0.99)', 'S2 (SBS2 - 0.99)']
	1.4s = Fit runtime
	98 features in original data used to generate 98 features in processed data.
	Train Data (Processed) Memory Usage: 0.06 MB (0.0% of available memory)
Data preprocessing and feature engineering runtime = 1.61s ...
AutoGluon will gauge predictive performance using evaluation metric: 'accuracy'
	Ensemble Weights: {'LightGBMXT': 1.0}
	To change this, specify the eval_metric parameter of Predictor()
	0.8125	 = Validation score   (accuracy)
	1.67s	 = Training   runtime
	0.02s	 = Validation runtime
Automatically generating train/validation split with holdout_frac=0.2, Train Rows: 64, Val Rows: 16
User-specified model hyperparameters to be fit:
{
	'GBM': [{'extra_trees': True, 'ag_args': {'name_suffix': 'XT'}}, {'ag_args': {'name_suffix': 'Light'}}],
	'RF': [{'criterion': 'gini', 'max_depth': 10, 'ag_args': {'name_suffix': 'Gini', 'problem_types': ['binary', 'multiclass']}}],
	'XT': [{'criterion': 'gini', 'max_depth': 10, 'ag_args': {'name_suffix': 'Gini', 'problem_types': ['binary', 'multiclass']}}],
}
AutoGluon training complete, total runtime = 107.83s ... Best model: WeightedEnsemble_L2 | Estimated inference throughput: 253.3 rows/s (16 batch size)
Disabling decision threshold calibration for metric `accuracy` due to having fewer than 10000 rows of validation data for calibration, to avoid overfitting (16 rows).
	`accuracy` is generally not improved through threshold calibration. Force calibration via specifying `calibrate_decision_threshold=True`.
Fitting 4 L1 models, fit_strategy="sequential" ...
Fitting model: LightGBMXT ... Training model for up to 238.39s of the 238.38s of remaining time.
TabularPredictor saved. To load, use: predictor = TabularPredictor.load("/home/baderlab/mzarant/SignatureInference/models/default_uncorrelated/0.04-958679641/Predictor_S3 (SBS3 - 0.97)")
Verbosity: 2 (Standard Logging)
=================== System Info ===================
AutoGluon Version:  1.2
Python Version:     3.10.15
Operating System:   Linux
Platform Machine:   x86_64
Platform Version:   #1 SMP PREEMPT_DYNAMIC Thu Apr 3 12:12:16 UTC 2025
CPU Count:          272
Memory Avail:       196.81 GB / 203.90 GB (96.5%)
Disk Space Avail:   1382.05 GB / 5120.00 GB (27.0%)
===================================================
Presets specified: ['medium_quality']
Beginning AutoGluon training ... Time limit = 240s
AutoGluon will save models to "/home/baderlab/mzarant/SignatureInference/models/default_uncorrelated/0.04-958679641/Predictor_S4 (SBS4 - 0.98)"
Train Data Rows:    80
Train Data Columns: 99
Label Column:       S4 (SBS4 - 0.98)
Problem Type:       binary
Preprocessing data ...
Selected class <--> label mapping:  class 1 = True, class 0 = False
Using Feature Generators to preprocess the data ...
Fitting AutoMLPipelineFeatureGenerator...
	Available Memory:                    201533.22 MB
	Train Data (Original)  Memory Usage: 0.06 MB (0.0% of available memory)
	Inferring data type of each feature based on column values. Set feature_metadata_in to manually specify special dtypes of the features.
	Stage 1 Generators:
		Fitting AsTypeFeatureGenerator...
			Note: Converting 3 features to boolean dtype as they only contain 2 unique values.
	Stage 2 Generators:
		Fitting FillNaFeatureGenerator...
	Stage 3 Generators:
		Fitting IdentityFeatureGenerator...
	Stage 4 Generators:
		Fitting DropUniqueFeatureGenerator...
	Stage 5 Generators:
		Fitting DropDuplicatesFeatureGenerator...
	0.875	 = Validation score   (accuracy)
	65.95s	 = Training   runtime
	0.08s	 = Validation runtime
	Types of features in original data (raw dtype, special dtypes):
Fitting model: LightGBMLight ... Training model for up to 169.01s of the 168.99s of remaining time.
		('bool', []) :  3 | ['S1 (SBS1 - 0.99)', 'S2 (SBS2 - 0.99)', 'S3 (SBS3 - 0.97)']
		('int', [])  : 96 | ['A[C>A]A', 'A[C>A]C', 'A[C>A]G', 'A[C>A]T', 'A[C>G]A', ...]
	Types of features in processed data (raw dtype, special dtypes):
		('int', [])       : 96 | ['A[C>A]A', 'A[C>A]C', 'A[C>A]G', 'A[C>A]T', 'A[C>G]A', ...]
		('int', ['bool']) :  3 | ['S1 (SBS1 - 0.99)', 'S2 (SBS2 - 0.99)', 'S3 (SBS3 - 0.97)']
	1.4s = Fit runtime
	99 features in original data used to generate 99 features in processed data.
	Train Data (Processed) Memory Usage: 0.06 MB (0.0% of available memory)
Data preprocessing and feature engineering runtime = 1.64s ...
AutoGluon will gauge predictive performance using evaluation metric: 'accuracy'
	To change this, specify the eval_metric parameter of Predictor()
Automatically generating train/validation split with holdout_frac=0.2, Train Rows: 64, Val Rows: 16
User-specified model hyperparameters to be fit:
{
	'GBM': [{'extra_trees': True, 'ag_args': {'name_suffix': 'XT'}}, {'ag_args': {'name_suffix': 'Light'}}],
	'RF': [{'criterion': 'gini', 'max_depth': 10, 'ag_args': {'name_suffix': 'Gini', 'problem_types': ['binary', 'multiclass']}}],
	'XT': [{'criterion': 'gini', 'max_depth': 10, 'ag_args': {'name_suffix': 'Gini', 'problem_types': ['binary', 'multiclass']}}],
}
Fitting 4 L1 models, fit_strategy="sequential" ...
Fitting model: LightGBMXT ... Training model for up to 238.36s of the 238.35s of remaining time.
	0.75	 = Validation score   (accuracy)
	13.89s	 = Training   runtime
	0.08s	 = Validation runtime
Fitting model: LightGBMLight ... Training model for up to 217.72s of the 217.72s of remaining time.
	0.6875	 = Validation score   (accuracy)
	8.87s	 = Training   runtime
	0.01s	 = Validation runtime
Fitting model: LightGBMLight ... Training model for up to 229.43s of the 229.43s of remaining time.
	0.875	 = Validation score   (accuracy)
	35.8s	 = Training   runtime
	0.1s	 = Validation runtime
Fitting model: LightGBMLight ... Training model for up to 197.60s of the 197.37s of remaining time.
	0.8125	 = Validation score   (accuracy)
	17.56s	 = Training   runtime
	0.11s	 = Validation runtime
Fitting model: RandomForestGini ... Training model for up to 129.60s of the 129.58s of remaining time.
	0.8125	 = Validation score   (accuracy)
	6.98s	 = Training   runtime
	1.13s	 = Validation runtime
Fitting model: ExtraTreesGini ... Training model for up to 121.28s of the 121.26s of remaining time.
	0.625	 = Validation score   (accuracy)
	11.71s	 = Training   runtime
	0.02s	 = Validation runtime
Fitting model: RandomForestGini ... Training model for up to 217.42s of the 217.42s of remaining time.
	0.8125	 = Validation score   (accuracy)
	27.54s	 = Training   runtime
	1.22s	 = Validation runtime
Fitting model: LightGBMLight ... Training model for up to 204.41s of the 204.41s of remaining time.
	0.875	 = Validation score   (accuracy)
	35.35s	 = Training   runtime
	0.01s	 = Validation runtime
Fitting model: RandomForestGini ... Training model for up to 133.56s of the 133.54s of remaining time.
	0.8125	 = Validation score   (accuracy)
	14.51s	 = Training   runtime
	3.28s	 = Validation runtime
Fitting model: WeightedEnsemble_L2 ... Training model for up to 237.88s of the 103.18s of remaining time.
	Ensemble Weights: {'LightGBMXT': 1.0}
	0.8125	 = Validation score   (accuracy)
	0.9s	 = Training   runtime
	0.02s	 = Validation runtime
AutoGluon training complete, total runtime = 139.58s ... Best model: WeightedEnsemble_L2 | Estimated inference throughput: 262.2 rows/s (16 batch size)
Disabling decision threshold calibration for metric `accuracy` due to having fewer than 10000 rows of validation data for calibration, to avoid overfitting (16 rows).
	`accuracy` is generally not improved through threshold calibration. Force calibration via specifying `calibrate_decision_threshold=True`.
TabularPredictor saved. To load, use: predictor = TabularPredictor.load("/home/baderlab/mzarant/SignatureInference/models/default_uncorrelated/0.4-49193182/Predictor_S3 (SBS3 - 0.97)")
Verbosity: 2 (Standard Logging)
=================== System Info ===================
AutoGluon Version:  1.2
Python Version:     3.10.15
Operating System:   Linux
Platform Machine:   x86_64
Platform Version:   #1 SMP PREEMPT_DYNAMIC Thu Apr 3 12:12:16 UTC 2025
CPU Count:          272
Memory Avail:       196.27 GB / 203.90 GB (96.3%)
Disk Space Avail:   1382.04 GB / 5120.00 GB (27.0%)
===================================================
Presets specified: ['medium_quality']
Beginning AutoGluon training ... Time limit = 240s
AutoGluon will save models to "/home/baderlab/mzarant/SignatureInference/models/default_uncorrelated/0.4-49193182/Predictor_S4 (SBS4 - 0.98)"
Train Data Rows:    80
Train Data Columns: 99
Label Column:       S4 (SBS4 - 0.98)
Problem Type:       binary
Preprocessing data ...
Selected class <--> label mapping:  class 1 = True, class 0 = False
Using Feature Generators to preprocess the data ...
Fitting AutoMLPipelineFeatureGenerator...
	Available Memory:                    200995.91 MB
	Train Data (Original)  Memory Usage: 0.06 MB (0.0% of available memory)
	Inferring data type of each feature based on column values. Set feature_metadata_in to manually specify special dtypes of the features.
	0.5625	 = Validation score   (accuracy)
	13.65s	 = Training   runtime
	9.64s	 = Validation runtime
Fitting model: ExtraTreesGini ... Training model for up to 193.73s of the 193.73s of remaining time.
	Stage 1 Generators:
		Fitting AsTypeFeatureGenerator...
			Note: Converting 3 features to boolean dtype as they only contain 2 unique values.
	Stage 2 Generators:
		Fitting FillNaFeatureGenerator...
	Stage 3 Generators:
		Fitting IdentityFeatureGenerator...
	Stage 4 Generators:
		Fitting DropUniqueFeatureGenerator...
	Stage 5 Generators:
		Fitting DropDuplicatesFeatureGenerator...
	Types of features in original data (raw dtype, special dtypes):
		('bool', []) :  3 | ['S1 (SBS1 - 0.99)', 'S2 (SBS2 - 0.99)', 'S3 (SBS3 - 0.97)']
		('int', [])  : 96 | ['A[C>A]A', 'A[C>A]C', 'A[C>A]G', 'A[C>A]T', 'A[C>G]A', ...]
	Types of features in processed data (raw dtype, special dtypes):
		('int', [])       : 96 | ['A[C>A]A', 'A[C>A]C', 'A[C>A]G', 'A[C>A]T', 'A[C>G]A', ...]
		('int', ['bool']) :  3 | ['S1 (SBS1 - 0.99)', 'S2 (SBS2 - 0.99)', 'S3 (SBS3 - 0.97)']
	2.7s = Fit runtime
	99 features in original data used to generate 99 features in processed data.
	Train Data (Processed) Memory Usage: 0.06 MB (0.0% of available memory)
Data preprocessing and feature engineering runtime = 3.09s ...
AutoGluon will gauge predictive performance using evaluation metric: 'accuracy'
	To change this, specify the eval_metric parameter of Predictor()
Automatically generating train/validation split with holdout_frac=0.2, Train Rows: 64, Val Rows: 16
User-specified model hyperparameters to be fit:
{
	'GBM': [{'extra_trees': True, 'ag_args': {'name_suffix': 'XT'}}, {'ag_args': {'name_suffix': 'Light'}}],
	'RF': [{'criterion': 'gini', 'max_depth': 10, 'ag_args': {'name_suffix': 'Gini', 'problem_types': ['binary', 'multiclass']}}],
	'XT': [{'criterion': 'gini', 'max_depth': 10, 'ag_args': {'name_suffix': 'Gini', 'problem_types': ['binary', 'multiclass']}}],
}
Fitting 4 L1 models, fit_strategy="sequential" ...
Fitting model: LightGBMXT ... Training model for up to 236.91s of the 236.85s of remaining time.
	0.8125	 = Validation score   (accuracy)
	57.14s	 = Training   runtime
	0.09s	 = Validation runtime
Fitting model: LightGBMLight ... Training model for up to 169.86s of the 169.86s of remaining time.
	0.8125	 = Validation score   (accuracy)
	8.8s	 = Training   runtime
	9.92s	 = Validation runtime
Fitting model: ExtraTreesGini ... Training model for up to 114.61s of the 114.60s of remaining time.
	0.8125	 = Validation score   (accuracy)
	49.86s	 = Training   runtime
	0.09s	 = Validation runtime
Fitting model: RandomForestGini ... Training model for up to 147.48s of the 147.25s of remaining time.
	0.5625	 = Validation score   (accuracy)
	8.51s	 = Training   runtime
	7.84s	 = Validation runtime
Fitting model: WeightedEnsemble_L2 ... Training model for up to 238.36s of the 176.83s of remaining time.
	Ensemble Weights: {'LightGBMXT': 1.0}
	0.6875	 = Validation score   (accuracy)
	1.27s	 = Training   runtime
	0.01s	 = Validation runtime
AutoGluon training complete, total runtime = 64.84s ... Best model: WeightedEnsemble_L2 | Estimated inference throughput: 621.4 rows/s (16 batch size)
Disabling decision threshold calibration for metric `accuracy` due to having fewer than 10000 rows of validation data for calibration, to avoid overfitting (16 rows).
	`accuracy` is generally not improved through threshold calibration. Force calibration via specifying `calibrate_decision_threshold=True`.
TabularPredictor saved. To load, use: predictor = TabularPredictor.load("/home/baderlab/mzarant/SignatureInference/models/default_uncorrelated/0.04-958679641/Predictor_S4 (SBS4 - 0.98)")
Verbosity: 2 (Standard Logging)
=================== System Info ===================
AutoGluon Version:  1.2
Python Version:     3.10.15
Operating System:   Linux
Platform Machine:   x86_64
Platform Version:   #1 SMP PREEMPT_DYNAMIC Thu Apr 3 12:12:16 UTC 2025
CPU Count:          272
Memory Avail:       196.34 GB / 203.90 GB (96.3%)
Disk Space Avail:   1382.04 GB / 5120.00 GB (27.0%)
===================================================
Presets specified: ['medium_quality']
Beginning AutoGluon training ... Time limit = 240s
AutoGluon will save models to "/home/baderlab/mzarant/SignatureInference/models/default_uncorrelated/0.04-958679641/Predictor_S5 (SBS5 - 0.98)"
Train Data Rows:    80
Train Data Columns: 100
Label Column:       S5 (SBS5 - 0.98)
Problem Type:       binary
Preprocessing data ...
Selected class <--> label mapping:  class 1 = True, class 0 = False
Using Feature Generators to preprocess the data ...
Fitting AutoMLPipelineFeatureGenerator...
	Available Memory:                    201016.46 MB
	Train Data (Original)  Memory Usage: 0.06 MB (0.0% of available memory)
	Inferring data type of each feature based on column values. Set feature_metadata_in to manually specify special dtypes of the features.
	Stage 1 Generators:
		Fitting AsTypeFeatureGenerator...
			Note: Converting 4 features to boolean dtype as they only contain 2 unique values.
	Stage 2 Generators:
		Fitting FillNaFeatureGenerator...
	Stage 3 Generators:
		Fitting IdentityFeatureGenerator...
	Stage 4 Generators:
		Fitting DropUniqueFeatureGenerator...
	Stage 5 Generators:
		Fitting DropDuplicatesFeatureGenerator...
	Types of features in original data (raw dtype, special dtypes):
		('bool', []) :  4 | ['S1 (SBS1 - 0.99)', 'S2 (SBS2 - 0.99)', 'S3 (SBS3 - 0.97)', 'S4 (SBS4 - 0.98)']
		('int', [])  : 96 | ['A[C>A]A', 'A[C>A]C', 'A[C>A]G', 'A[C>A]T', 'A[C>G]A', ...]
	Types of features in processed data (raw dtype, special dtypes):
		('int', [])       : 96 | ['A[C>A]A', 'A[C>A]C', 'A[C>A]G', 'A[C>A]T', 'A[C>G]A', ...]
		('int', ['bool']) :  4 | ['S1 (SBS1 - 0.99)', 'S2 (SBS2 - 0.99)', 'S3 (SBS3 - 0.97)', 'S4 (SBS4 - 0.98)']
	6.2s = Fit runtime
	100 features in original data used to generate 100 features in processed data.
	Train Data (Processed) Memory Usage: 0.06 MB (0.0% of available memory)
Data preprocessing and feature engineering runtime = 6.63s ...
AutoGluon will gauge predictive performance using evaluation metric: 'accuracy'
	To change this, specify the eval_metric parameter of Predictor()
Automatically generating train/validation split with holdout_frac=0.2, Train Rows: 64, Val Rows: 16
User-specified model hyperparameters to be fit:
{
	'GBM': [{'extra_trees': True, 'ag_args': {'name_suffix': 'XT'}}, {'ag_args': {'name_suffix': 'Light'}}],
	'RF': [{'criterion': 'gini', 'max_depth': 10, 'ag_args': {'name_suffix': 'Gini', 'problem_types': ['binary', 'multiclass']}}],
	'XT': [{'criterion': 'gini', 'max_depth': 10, 'ag_args': {'name_suffix': 'Gini', 'problem_types': ['binary', 'multiclass']}}],
}
Fitting 4 L1 models, fit_strategy="sequential" ...
Fitting model: LightGBMXT ... Training model for up to 233.36s of the 233.36s of remaining time.
	0.8125	 = Validation score   (accuracy)
	9.18s	 = Training   runtime
	7.29s	 = Validation runtime
Fitting model: WeightedEnsemble_L2 ... Training model for up to 235.41s of the 97.52s of remaining time.
	0.875	 = Validation score   (accuracy)
	8.33s	 = Training   runtime
	2.21s	 = Validation runtime
Fitting model: ExtraTreesGini ... Training model for up to 136.31s of the 136.08s of remaining time.
	0.75	 = Validation score   (accuracy)
	65.42s	 = Training   runtime
	0.09s	 = Validation runtime
Fitting model: RandomForestGini ... Training model for up to 151.90s of the 151.89s of remaining time.
	Ensemble Weights: {'LightGBMXT': 1.0}
	0.875	 = Validation score   (accuracy)
	1.45s	 = Training   runtime
	0.03s	 = Validation runtime
AutoGluon training complete, total runtime = 145.74s ... Best model: WeightedEnsemble_L2 | Estimated inference throughput: 157.4 rows/s (16 batch size)
Disabling decision threshold calibration for metric `accuracy` due to having fewer than 10000 rows of validation data for calibration, to avoid overfitting (16 rows).
	`accuracy` is generally not improved through threshold calibration. Force calibration via specifying `calibrate_decision_threshold=True`.
TabularPredictor saved. To load, use: predictor = TabularPredictor.load("/home/baderlab/mzarant/SignatureInference/models/default_uncorrelated/0.5-249485644/Predictor_S3 (SBS3 - 0.97)")
Verbosity: 2 (Standard Logging)
=================== System Info ===================
AutoGluon Version:  1.2
Python Version:     3.10.15
Operating System:   Linux
Platform Machine:   x86_64
Platform Version:   #1 SMP PREEMPT_DYNAMIC Thu Apr 3 12:12:16 UTC 2025
CPU Count:          272
Memory Avail:       196.44 GB / 203.90 GB (96.3%)
Disk Space Avail:   1382.03 GB / 5120.00 GB (27.0%)
===================================================
Presets specified: ['medium_quality']
Beginning AutoGluon training ... Time limit = 240s
AutoGluon will save models to "/home/baderlab/mzarant/SignatureInference/models/default_uncorrelated/0.5-249485644/Predictor_S4 (SBS4 - 0.98)"
Train Data Rows:    80
Train Data Columns: 99
Label Column:       S4 (SBS4 - 0.98)
Problem Type:       binary
Preprocessing data ...
Selected class <--> label mapping:  class 1 = True, class 0 = False
Using Feature Generators to preprocess the data ...
Fitting AutoMLPipelineFeatureGenerator...
	Available Memory:                    201114.30 MB
	Train Data (Original)  Memory Usage: 0.06 MB (0.0% of available memory)
	Inferring data type of each feature based on column values. Set feature_metadata_in to manually specify special dtypes of the features.
	Stage 1 Generators:
		Fitting AsTypeFeatureGenerator...
			Note: Converting 3 features to boolean dtype as they only contain 2 unique values.
	Stage 2 Generators:
		Fitting FillNaFeatureGenerator...
	Stage 3 Generators:
		Fitting IdentityFeatureGenerator...
	Stage 4 Generators:
		Fitting DropUniqueFeatureGenerator...
	Stage 5 Generators:
		Fitting DropDuplicatesFeatureGenerator...
	Types of features in original data (raw dtype, special dtypes):
		('bool', []) :  3 | ['S1 (SBS1 - 0.99)', 'S2 (SBS2 - 0.99)', 'S3 (SBS3 - 0.97)']
		('int', [])  : 96 | ['A[C>A]A', 'A[C>A]C', 'A[C>A]G', 'A[C>A]T', 'A[C>G]A', ...]
	Types of features in processed data (raw dtype, special dtypes):
		('int', [])       : 96 | ['A[C>A]A', 'A[C>A]C', 'A[C>A]G', 'A[C>A]T', 'A[C>G]A', ...]
		('int', ['bool']) :  3 | ['S1 (SBS1 - 0.99)', 'S2 (SBS2 - 0.99)', 'S3 (SBS3 - 0.97)']
	2.6s = Fit runtime
	99 features in original data used to generate 99 features in processed data.
	Train Data (Processed) Memory Usage: 0.06 MB (0.0% of available memory)
Data preprocessing and feature engineering runtime = 2.91s ...
AutoGluon will gauge predictive performance using evaluation metric: 'accuracy'
	To change this, specify the eval_metric parameter of Predictor()
Automatically generating train/validation split with holdout_frac=0.2, Train Rows: 64, Val Rows: 16
User-specified model hyperparameters to be fit:
{
	'GBM': [{'extra_trees': True, 'ag_args': {'name_suffix': 'XT'}}, {'ag_args': {'name_suffix': 'Light'}}],
	'RF': [{'criterion': 'gini', 'max_depth': 10, 'ag_args': {'name_suffix': 'Gini', 'problem_types': ['binary', 'multiclass']}}],
	'XT': [{'criterion': 'gini', 'max_depth': 10, 'ag_args': {'name_suffix': 'Gini', 'problem_types': ['binary', 'multiclass']}}],
}
Fitting 4 L1 models, fit_strategy="sequential" ...
Fitting model: LightGBMXT ... Training model for up to 237.09s of the 237.08s of remaining time.
	0.8125	 = Validation score   (accuracy)
	10.62s	 = Training   runtime
	5.72s	 = Validation runtime
Fitting model: WeightedEnsemble_L2 ... Training model for up to 233.58s of the 119.48s of remaining time.
	Ensemble Weights: {'LightGBMXT': 1.0}
	0.875	 = Validation score   (accuracy)
	0.59s	 = Training   runtime
	0.01s	 = Validation runtime
AutoGluon training complete, total runtime = 128.59s ... Best model: WeightedEnsemble_L2 | Estimated inference throughput: 149.5 rows/s (16 batch size)
Disabling decision threshold calibration for metric `accuracy` due to having fewer than 10000 rows of validation data for calibration, to avoid overfitting (16 rows).
	`accuracy` is generally not improved through threshold calibration. Force calibration via specifying `calibrate_decision_threshold=True`.
TabularPredictor saved. To load, use: predictor = TabularPredictor.load("/home/baderlab/mzarant/SignatureInference/models/default_uncorrelated/0.8-234675097/Predictor_S3 (SBS3 - 0.97)")
Verbosity: 2 (Standard Logging)
=================== System Info ===================
AutoGluon Version:  1.2
Python Version:     3.10.15
Operating System:   Linux
Platform Machine:   x86_64
Platform Version:   #1 SMP PREEMPT_DYNAMIC Thu Apr 3 12:12:16 UTC 2025
CPU Count:          272
Memory Avail:       196.25 GB / 203.90 GB (96.3%)
Disk Space Avail:   1382.03 GB / 5120.00 GB (27.0%)
===================================================
Presets specified: ['medium_quality']
	0.8125	 = Validation score   (accuracy)
	13.22s	 = Training   runtime
	3.17s	 = Validation runtime
Fitting model: ExtraTreesGini ... Training model for up to 135.25s of the 135.25s of remaining time.
Beginning AutoGluon training ... Time limit = 240s
AutoGluon will save models to "/home/baderlab/mzarant/SignatureInference/models/default_uncorrelated/0.8-234675097/Predictor_S4 (SBS4 - 0.98)"
Train Data Rows:    80
Train Data Columns: 99
Label Column:       S4 (SBS4 - 0.98)
Problem Type:       binary
Preprocessing data ...
Selected class <--> label mapping:  class 1 = True, class 0 = False
Using Feature Generators to preprocess the data ...
Fitting AutoMLPipelineFeatureGenerator...
	Available Memory:                    200994.34 MB
	Train Data (Original)  Memory Usage: 0.06 MB (0.0% of available memory)
	Inferring data type of each feature based on column values. Set feature_metadata_in to manually specify special dtypes of the features.
	Stage 1 Generators:
		Fitting AsTypeFeatureGenerator...
			Note: Converting 3 features to boolean dtype as they only contain 2 unique values.
	Stage 2 Generators:
		Fitting FillNaFeatureGenerator...
	0.8125	 = Validation score   (accuracy)
	59.08s	 = Training   runtime
	0.08s	 = Validation runtime
	Stage 3 Generators:
		Fitting IdentityFeatureGenerator...
Fitting model: RandomForestGini ... Training model for up to 144.87s of the 144.87s of remaining time.
	Stage 4 Generators:
		Fitting DropUniqueFeatureGenerator...
	Stage 5 Generators:
		Fitting DropDuplicatesFeatureGenerator...
	Types of features in original data (raw dtype, special dtypes):
		('bool', []) :  3 | ['S1 (SBS1 - 0.99)', 'S2 (SBS2 - 0.99)', 'S3 (SBS3 - 0.97)']
		('int', [])  : 96 | ['A[C>A]A', 'A[C>A]C', 'A[C>A]G', 'A[C>A]T', 'A[C>G]A', ...]
	Types of features in processed data (raw dtype, special dtypes):
		('int', [])       : 96 | ['A[C>A]A', 'A[C>A]C', 'A[C>A]G', 'A[C>A]T', 'A[C>G]A', ...]
		('int', ['bool']) :  3 | ['S1 (SBS1 - 0.99)', 'S2 (SBS2 - 0.99)', 'S3 (SBS3 - 0.97)']
	2.5s = Fit runtime
	99 features in original data used to generate 99 features in processed data.
	Train Data (Processed) Memory Usage: 0.06 MB (0.0% of available memory)
Data preprocessing and feature engineering runtime = 2.9s ...
AutoGluon will gauge predictive performance using evaluation metric: 'accuracy'
	To change this, specify the eval_metric parameter of Predictor()
Automatically generating train/validation split with holdout_frac=0.2, Train Rows: 64, Val Rows: 16
User-specified model hyperparameters to be fit:
{
	'GBM': [{'extra_trees': True, 'ag_args': {'name_suffix': 'XT'}}, {'ag_args': {'name_suffix': 'Light'}}],
	'RF': [{'criterion': 'gini', 'max_depth': 10, 'ag_args': {'name_suffix': 'Gini', 'problem_types': ['binary', 'multiclass']}}],
	'XT': [{'criterion': 'gini', 'max_depth': 10, 'ag_args': {'name_suffix': 'Gini', 'problem_types': ['binary', 'multiclass']}}],
}
Fitting 4 L1 models, fit_strategy="sequential" ...
Fitting model: LightGBMXT ... Training model for up to 237.10s of the 237.09s of remaining time.
	0.8125	 = Validation score   (accuracy)
	56.54s	 = Training   runtime
	0.05s	 = Validation runtime
Fitting model: LightGBMLight ... Training model for up to 180.22s of the 180.16s of remaining time.
	0.8125	 = Validation score   (accuracy)
	9.84s	 = Training   runtime
	4.84s	 = Validation runtime
Fitting model: WeightedEnsemble_L2 ... Training model for up to 231.74s of the 120.26s of remaining time.
	Ensemble Weights: {'RandomForestGini': 1.0}
	0.8125	 = Validation score   (accuracy)
	0.87s	 = Training   runtime
	0.01s	 = Validation runtime
AutoGluon training complete, total runtime = 121.01s ... Best model: WeightedEnsemble_L2 | Estimated inference throughput: 5.0 rows/s (16 batch size)
Disabling decision threshold calibration for metric `accuracy` due to having fewer than 10000 rows of validation data for calibration, to avoid overfitting (16 rows).
	`accuracy` is generally not improved through threshold calibration. Force calibration via specifying `calibrate_decision_threshold=True`.
TabularPredictor saved. To load, use: predictor = TabularPredictor.load("/home/baderlab/mzarant/SignatureInference/models/default_uncorrelated/0.15-499683164/Predictor_S3 (SBS3 - 0.97)")
Verbosity: 2 (Standard Logging)
=================== System Info ===================
AutoGluon Version:  1.2
Python Version:     3.10.15
Operating System:   Linux
Platform Machine:   x86_64
Platform Version:   #1 SMP PREEMPT_DYNAMIC Thu Apr 3 12:12:16 UTC 2025
CPU Count:          272
Memory Avail:       196.38 GB / 203.90 GB (96.3%)
Disk Space Avail:   1382.03 GB / 5120.00 GB (27.0%)
===================================================
Presets specified: ['medium_quality']
	0.8125	 = Validation score   (accuracy)
	13.05s	 = Training   runtime
	1.67s	 = Validation runtime
Fitting model: ExtraTreesGini ... Training model for up to 129.96s of the 129.95s of remaining time.
Beginning AutoGluon training ... Time limit = 240s
AutoGluon will save models to "/home/baderlab/mzarant/SignatureInference/models/default_uncorrelated/0.15-499683164/Predictor_S4 (SBS4 - 0.98)"
Train Data Rows:    80
Train Data Columns: 99
Label Column:       S4 (SBS4 - 0.98)
Problem Type:       binary
Preprocessing data ...
Selected class <--> label mapping:  class 1 = True, class 0 = False
Using Feature Generators to preprocess the data ...
Fitting AutoMLPipelineFeatureGenerator...
	Available Memory:                    201066.69 MB
	Train Data (Original)  Memory Usage: 0.06 MB (0.0% of available memory)
	Inferring data type of each feature based on column values. Set feature_metadata_in to manually specify special dtypes of the features.
	Stage 1 Generators:
		Fitting AsTypeFeatureGenerator...
			Note: Converting 3 features to boolean dtype as they only contain 2 unique values.
	Stage 2 Generators:
		Fitting FillNaFeatureGenerator...
	Stage 3 Generators:
		Fitting IdentityFeatureGenerator...
	Stage 4 Generators:
		Fitting DropUniqueFeatureGenerator...
	Stage 5 Generators:
		Fitting DropDuplicatesFeatureGenerator...
	Types of features in original data (raw dtype, special dtypes):
		('bool', []) :  3 | ['S1 (SBS1 - 0.99)', 'S2 (SBS2 - 0.99)', 'S3 (SBS3 - 0.97)']
		('int', [])  : 96 | ['A[C>A]A', 'A[C>A]C', 'A[C>A]G', 'A[C>A]T', 'A[C>G]A', ...]
	Types of features in processed data (raw dtype, special dtypes):
		('int', [])       : 96 | ['A[C>A]A', 'A[C>A]C', 'A[C>A]G', 'A[C>A]T', 'A[C>G]A', ...]
		('int', ['bool']) :  3 | ['S1 (SBS1 - 0.99)', 'S2 (SBS2 - 0.99)', 'S3 (SBS3 - 0.97)']
	2.1s = Fit runtime
	99 features in original data used to generate 99 features in processed data.
	Train Data (Processed) Memory Usage: 0.06 MB (0.0% of available memory)
Data preprocessing and feature engineering runtime = 2.44s ...
AutoGluon will gauge predictive performance using evaluation metric: 'accuracy'
	To change this, specify the eval_metric parameter of Predictor()
Automatically generating train/validation split with holdout_frac=0.2, Train Rows: 64, Val Rows: 16
User-specified model hyperparameters to be fit:
{
	'GBM': [{'extra_trees': True, 'ag_args': {'name_suffix': 'XT'}}, {'ag_args': {'name_suffix': 'Light'}}],
	'RF': [{'criterion': 'gini', 'max_depth': 10, 'ag_args': {'name_suffix': 'Gini', 'problem_types': ['binary', 'multiclass']}}],
	'XT': [{'criterion': 'gini', 'max_depth': 10, 'ag_args': {'name_suffix': 'Gini', 'problem_types': ['binary', 'multiclass']}}],
}
Fitting 4 L1 models, fit_strategy="sequential" ...
Fitting model: LightGBMXT ... Training model for up to 237.56s of the 237.55s of remaining time.
	0.8125	 = Validation score   (accuracy)
	57.93s	 = Training   runtime
	0.14s	 = Validation runtime
Fitting model: RandomForestGini ... Training model for up to 109.74s of the 109.73s of remaining time.
	0.8125	 = Validation score   (accuracy)
	44.48s	 = Training   runtime
	0.04s	 = Validation runtime
Fitting model: LightGBMLight ... Training model for up to 188.59s of the 188.58s of remaining time.
	0.8125	 = Validation score   (accuracy)
	8.29s	 = Training   runtime
	2.63s	 = Validation runtime
Fitting model: WeightedEnsemble_L2 ... Training model for up to 238.38s of the 118.74s of remaining time.
	Ensemble Weights: {'LightGBMXT': 1.0}
	0.8125	 = Validation score   (accuracy)
	0.76s	 = Training   runtime
	0.02s	 = Validation runtime
AutoGluon training complete, total runtime = 122.7s ... Best model: WeightedEnsemble_L2 | Estimated inference throughput: 12.9 rows/s (16 batch size)
Disabling decision threshold calibration for metric `accuracy` due to having fewer than 10000 rows of validation data for calibration, to avoid overfitting (16 rows).
	`accuracy` is generally not improved through threshold calibration. Force calibration via specifying `calibrate_decision_threshold=True`.
TabularPredictor saved. To load, use: predictor = TabularPredictor.load("/home/baderlab/mzarant/SignatureInference/models/default_uncorrelated/0.7-157181832/Predictor_S3 (SBS3 - 0.97)")
Verbosity: 2 (Standard Logging)
=================== System Info ===================
AutoGluon Version:  1.2
Python Version:     3.10.15
Operating System:   Linux
Platform Machine:   x86_64
Platform Version:   #1 SMP PREEMPT_DYNAMIC Thu Apr 3 12:12:16 UTC 2025
CPU Count:          272
Memory Avail:       196.33 GB / 203.90 GB (96.3%)
Disk Space Avail:   1382.03 GB / 5120.00 GB (27.0%)
===================================================
Presets specified: ['medium_quality']
Beginning AutoGluon training ... Time limit = 240s
AutoGluon will save models to "/home/baderlab/mzarant/SignatureInference/models/default_uncorrelated/0.7-157181832/Predictor_S4 (SBS4 - 0.98)"
Train Data Rows:    80
Train Data Columns: 99
Label Column:       S4 (SBS4 - 0.98)
Problem Type:       binary
Preprocessing data ...
Selected class <--> label mapping:  class 1 = True, class 0 = False
Using Feature Generators to preprocess the data ...
Fitting AutoMLPipelineFeatureGenerator...
	Available Memory:                    201066.94 MB
	Train Data (Original)  Memory Usage: 0.06 MB (0.0% of available memory)
	Inferring data type of each feature based on column values. Set feature_metadata_in to manually specify special dtypes of the features.
	Stage 1 Generators:
		Fitting AsTypeFeatureGenerator...
			Note: Converting 3 features to boolean dtype as they only contain 2 unique values.
	Stage 2 Generators:
		Fitting FillNaFeatureGenerator...
	Stage 3 Generators:
		Fitting IdentityFeatureGenerator...
	Stage 4 Generators:
		Fitting DropUniqueFeatureGenerator...
	Stage 5 Generators:
		Fitting DropDuplicatesFeatureGenerator...
	Types of features in original data (raw dtype, special dtypes):
		('bool', []) :  3 | ['S1 (SBS1 - 0.99)', 'S2 (SBS2 - 0.99)', 'S3 (SBS3 - 0.97)']
		('int', [])  : 96 | ['A[C>A]A', 'A[C>A]C', 'A[C>A]G', 'A[C>A]T', 'A[C>G]A', ...]
	Types of features in processed data (raw dtype, special dtypes):
		('int', [])       : 96 | ['A[C>A]A', 'A[C>A]C', 'A[C>A]G', 'A[C>A]T', 'A[C>G]A', ...]
		('int', ['bool']) :  3 | ['S1 (SBS1 - 0.99)', 'S2 (SBS2 - 0.99)', 'S3 (SBS3 - 0.97)']
	1.3s = Fit runtime
	99 features in original data used to generate 99 features in processed data.
	Train Data (Processed) Memory Usage: 0.06 MB (0.0% of available memory)
Data preprocessing and feature engineering runtime = 1.54s ...
AutoGluon will gauge predictive performance using evaluation metric: 'accuracy'
	To change this, specify the eval_metric parameter of Predictor()
Automatically generating train/validation split with holdout_frac=0.2, Train Rows: 64, Val Rows: 16
User-specified model hyperparameters to be fit:
{
	'GBM': [{'extra_trees': True, 'ag_args': {'name_suffix': 'XT'}}, {'ag_args': {'name_suffix': 'Light'}}],
	'RF': [{'criterion': 'gini', 'max_depth': 10, 'ag_args': {'name_suffix': 'Gini', 'problem_types': ['binary', 'multiclass']}}],
	'XT': [{'criterion': 'gini', 'max_depth': 10, 'ag_args': {'name_suffix': 'Gini', 'problem_types': ['binary', 'multiclass']}}],
}
Fitting 4 L1 models, fit_strategy="sequential" ...
Fitting model: LightGBMXT ... Training model for up to 238.46s of the 238.45s of remaining time.
	0.6875	 = Validation score   (accuracy)
	47.19s	 = Training   runtime
	0.05s	 = Validation runtime
Fitting model: LightGBMLight ... Training model for up to 189.60s of the 189.59s of remaining time.
	0.8125	 = Validation score   (accuracy)
	9.71s	 = Training   runtime
	2.26s	 = Validation runtime
Fitting model: ExtraTreesGini ... Training model for up to 97.49s of the 97.48s of remaining time.
	0.8125	 = Validation score   (accuracy)
	7.02s	 = Training   runtime
	0.97s	 = Validation runtime
Fitting model: WeightedEnsemble_L2 ... Training model for up to 230.43s of the 89.25s of remaining time.
	Ensemble Weights: {'LightGBMXT': 1.0}
	0.8125	 = Validation score   (accuracy)
	0.72s	 = Training   runtime
	0.01s	 = Validation runtime
AutoGluon training complete, total runtime = 152.17s ... Best model: WeightedEnsemble_L2 | Estimated inference throughput: 156.0 rows/s (16 batch size)
Disabling decision threshold calibration for metric `accuracy` due to having fewer than 10000 rows of validation data for calibration, to avoid overfitting (16 rows).
	`accuracy` is generally not improved through threshold calibration. Force calibration via specifying `calibrate_decision_threshold=True`.
TabularPredictor saved. To load, use: predictor = TabularPredictor.load("/home/baderlab/mzarant/SignatureInference/models/default_uncorrelated/0.6-367737620/Predictor_S3 (SBS3 - 0.97)")
Verbosity: 2 (Standard Logging)
=================== System Info ===================
AutoGluon Version:  1.2
Python Version:     3.10.15
Operating System:   Linux
Platform Machine:   x86_64
Platform Version:   #1 SMP PREEMPT_DYNAMIC Thu Apr 3 12:12:16 UTC 2025
CPU Count:          272
Memory Avail:       196.55 GB / 203.90 GB (96.4%)
Disk Space Avail:   1382.02 GB / 5120.00 GB (27.0%)
===================================================
Presets specified: ['medium_quality']
Beginning AutoGluon training ... Time limit = 240s
AutoGluon will save models to "/home/baderlab/mzarant/SignatureInference/models/default_uncorrelated/0.6-367737620/Predictor_S4 (SBS4 - 0.98)"
Train Data Rows:    80
Train Data Columns: 99
Label Column:       S4 (SBS4 - 0.98)
Problem Type:       binary
Preprocessing data ...
Selected class <--> label mapping:  class 1 = True, class 0 = False
Using Feature Generators to preprocess the data ...
Fitting AutoMLPipelineFeatureGenerator...
	Available Memory:                    201269.79 MB
	Train Data (Original)  Memory Usage: 0.06 MB (0.0% of available memory)
	Inferring data type of each feature based on column values. Set feature_metadata_in to manually specify special dtypes of the features.
	Stage 1 Generators:
		Fitting AsTypeFeatureGenerator...
			Note: Converting 3 features to boolean dtype as they only contain 2 unique values.
	Stage 2 Generators:
		Fitting FillNaFeatureGenerator...
	Stage 3 Generators:
		Fitting IdentityFeatureGenerator...
	Stage 4 Generators:
		Fitting DropUniqueFeatureGenerator...
	Stage 5 Generators:
		Fitting DropDuplicatesFeatureGenerator...
	Types of features in original data (raw dtype, special dtypes):
		('bool', []) :  3 | ['S1 (SBS1 - 0.99)', 'S2 (SBS2 - 0.99)', 'S3 (SBS3 - 0.97)']
		('int', [])  : 96 | ['A[C>A]A', 'A[C>A]C', 'A[C>A]G', 'A[C>A]T', 'A[C>G]A', ...]
	Types of features in processed data (raw dtype, special dtypes):
		('int', [])       : 96 | ['A[C>A]A', 'A[C>A]C', 'A[C>A]G', 'A[C>A]T', 'A[C>G]A', ...]
		('int', ['bool']) :  3 | ['S1 (SBS1 - 0.99)', 'S2 (SBS2 - 0.99)', 'S3 (SBS3 - 0.97)']
	1.5s = Fit runtime
	99 features in original data used to generate 99 features in processed data.
	Train Data (Processed) Memory Usage: 0.06 MB (0.0% of available memory)
Data preprocessing and feature engineering runtime = 1.67s ...
AutoGluon will gauge predictive performance using evaluation metric: 'accuracy'
	To change this, specify the eval_metric parameter of Predictor()
Automatically generating train/validation split with holdout_frac=0.2, Train Rows: 64, Val Rows: 16
User-specified model hyperparameters to be fit:
{
	'GBM': [{'extra_trees': True, 'ag_args': {'name_suffix': 'XT'}}, {'ag_args': {'name_suffix': 'Light'}}],
	'RF': [{'criterion': 'gini', 'max_depth': 10, 'ag_args': {'name_suffix': 'Gini', 'problem_types': ['binary', 'multiclass']}}],
	'XT': [{'criterion': 'gini', 'max_depth': 10, 'ag_args': {'name_suffix': 'Gini', 'problem_types': ['binary', 'multiclass']}}],
}
Fitting 4 L1 models, fit_strategy="sequential" ...
Fitting model: LightGBMXT ... Training model for up to 238.32s of the 238.32s of remaining time.
	0.625	 = Validation score   (accuracy)
	29.01s	 = Training   runtime
	0.09s	 = Validation runtime
Fitting model: LightGBMLight ... Training model for up to 208.40s of the 208.40s of remaining time.
	0.75	 = Validation score   (accuracy)
	35.59s	 = Training   runtime
	0.12s	 = Validation runtime
Fitting model: RandomForestGini ... Training model for up to 144.46s of the 144.40s of remaining time.
	0.8125	 = Validation score   (accuracy)
	25.86s	 = Training   runtime
	0.02s	 = Validation runtime
Fitting model: RandomForestGini ... Training model for up to 162.55s of the 162.54s of remaining time.
	0.8125	 = Validation score   (accuracy)
	11.77s	 = Training   runtime
	1.73s	 = Validation runtime
Fitting model: ExtraTreesGini ... Training model for up to 148.66s of the 148.65s of remaining time.
	0.625	 = Validation score   (accuracy)
	8.75s	 = Training   runtime
	6.09s	 = Validation runtime
Fitting model: ExtraTreesGini ... Training model for up to 129.26s of the 129.20s of remaining time.
	0.6875	 = Validation score   (accuracy)
	63.43s	 = Training   runtime
	0.04s	 = Validation runtime
Fitting model: LightGBMLight ... Training model for up to 173.20s of the 173.20s of remaining time.
	0.75	 = Validation score   (accuracy)
	11.71s	 = Training   runtime
	2.22s	 = Validation runtime
Fitting model: WeightedEnsemble_L2 ... Training model for up to 233.36s of the 134.34s of remaining time.
	0.6875	 = Validation score   (accuracy)
	12.66s	 = Training   runtime
	2.06s	 = Validation runtime
Fitting model: WeightedEnsemble_L2 ... Training model for up to 236.90s of the 113.94s of remaining time.
	Ensemble Weights: {'LightGBMXT': 1.0}
	0.8125	 = Validation score   (accuracy)
	1.04s	 = Training   runtime
	0.03s	 = Validation runtime
AutoGluon training complete, total runtime = 107.38s ... Best model: WeightedEnsemble_L2 | Estimated inference throughput: 253.0 rows/s (16 batch size)
Disabling decision threshold calibration for metric `accuracy` due to having fewer than 10000 rows of validation data for calibration, to avoid overfitting (16 rows).
	`accuracy` is generally not improved through threshold calibration. Force calibration via specifying `calibrate_decision_threshold=True`.
TabularPredictor saved. To load, use: predictor = TabularPredictor.load("/home/baderlab/mzarant/SignatureInference/models/default_uncorrelated/0.04-958679641/Predictor_S5 (SBS5 - 0.98)")
Verbosity: 2 (Standard Logging)
=================== System Info ===================
AutoGluon Version:  1.2
Python Version:     3.10.15
Operating System:   Linux
Platform Machine:   x86_64
Platform Version:   #1 SMP PREEMPT_DYNAMIC Thu Apr 3 12:12:16 UTC 2025
CPU Count:          272
Memory Avail:       196.04 GB / 203.90 GB (96.1%)
Disk Space Avail:   1382.01 GB / 5120.00 GB (27.0%)
===================================================
Presets specified: ['medium_quality']
	Ensemble Weights: {'LightGBMXT': 1.0}
	0.8125	 = Validation score   (accuracy)
	0.67s	 = Training   runtime
	0.01s	 = Validation runtime
Beginning AutoGluon training ... Time limit = 240s
AutoGluon will save models to "/home/baderlab/mzarant/SignatureInference/models/default_uncorrelated/0.04-958679641/Predictor_S6 (SBS7a - 1.00)"
Train Data Rows:    80
Train Data Columns: 101
Label Column:       S6 (SBS7a - 1.00)
Problem Type:       binary
Preprocessing data ...
Selected class <--> label mapping:  class 1 = True, class 0 = False
Using Feature Generators to preprocess the data ...
Fitting AutoMLPipelineFeatureGenerator...
AutoGluon training complete, total runtime = 127.36s ... Best model: WeightedEnsemble_L2 | Estimated inference throughput: 236.5 rows/s (16 batch size)
Disabling decision threshold calibration for metric `accuracy` due to having fewer than 10000 rows of validation data for calibration, to avoid overfitting (16 rows).
	`accuracy` is generally not improved through threshold calibration. Force calibration via specifying `calibrate_decision_threshold=True`.
	Available Memory:                    200752.34 MB
	Train Data (Original)  Memory Usage: 0.06 MB (0.0% of available memory)
	Inferring data type of each feature based on column values. Set feature_metadata_in to manually specify special dtypes of the features.
TabularPredictor saved. To load, use: predictor = TabularPredictor.load("/home/baderlab/mzarant/SignatureInference/models/default_uncorrelated/0.4-49193182/Predictor_S4 (SBS4 - 0.98)")
Verbosity: 2 (Standard Logging)
=================== System Info ===================
AutoGluon Version:  1.2
Python Version:     3.10.15
Operating System:   Linux
Platform Machine:   x86_64
Platform Version:   #1 SMP PREEMPT_DYNAMIC Thu Apr 3 12:12:16 UTC 2025
CPU Count:          272
Memory Avail:       196.04 GB / 203.90 GB (96.1%)
Disk Space Avail:   1382.01 GB / 5120.00 GB (27.0%)
===================================================
Presets specified: ['medium_quality']
	Stage 1 Generators:
		Fitting AsTypeFeatureGenerator...
			Note: Converting 5 features to boolean dtype as they only contain 2 unique values.
	Stage 2 Generators:
		Fitting FillNaFeatureGenerator...
Beginning AutoGluon training ... Time limit = 240s
AutoGluon will save models to "/home/baderlab/mzarant/SignatureInference/models/default_uncorrelated/0.4-49193182/Predictor_S5 (SBS5 - 0.98)"
Train Data Rows:    80
Train Data Columns: 100
Label Column:       S5 (SBS5 - 0.98)
	Stage 3 Generators:
Problem Type:       binary
		Fitting IdentityFeatureGenerator...
Preprocessing data ...
Selected class <--> label mapping:  class 1 = True, class 0 = False
Using Feature Generators to preprocess the data ...
Fitting AutoMLPipelineFeatureGenerator...
	Stage 4 Generators:
		Fitting DropUniqueFeatureGenerator...
	Stage 5 Generators:
		Fitting DropDuplicatesFeatureGenerator...
	Available Memory:                    200711.27 MB
	Train Data (Original)  Memory Usage: 0.06 MB (0.0% of available memory)
	Inferring data type of each feature based on column values. Set feature_metadata_in to manually specify special dtypes of the features.
	Stage 1 Generators:
		Fitting AsTypeFeatureGenerator...
	Types of features in original data (raw dtype, special dtypes):
		('bool', []) :  5 | ['S1 (SBS1 - 0.99)', 'S2 (SBS2 - 0.99)', 'S3 (SBS3 - 0.97)', 'S4 (SBS4 - 0.98)', 'S5 (SBS5 - 0.98)']
		('int', [])  : 96 | ['A[C>A]A', 'A[C>A]C', 'A[C>A]G', 'A[C>A]T', 'A[C>G]A', ...]
	Types of features in processed data (raw dtype, special dtypes):
		('int', [])       : 96 | ['A[C>A]A', 'A[C>A]C', 'A[C>A]G', 'A[C>A]T', 'A[C>G]A', ...]
		('int', ['bool']) :  5 | ['S1 (SBS1 - 0.99)', 'S2 (SBS2 - 0.99)', 'S3 (SBS3 - 0.97)', 'S4 (SBS4 - 0.98)', 'S5 (SBS5 - 0.98)']
	2.1s = Fit runtime
	101 features in original data used to generate 101 features in processed data.
			Note: Converting 4 features to boolean dtype as they only contain 2 unique values.
	Stage 2 Generators:
		Fitting FillNaFeatureGenerator...
	Train Data (Processed) Memory Usage: 0.06 MB (0.0% of available memory)
Data preprocessing and feature engineering runtime = 2.47s ...
AutoGluon will gauge predictive performance using evaluation metric: 'accuracy'
	To change this, specify the eval_metric parameter of Predictor()
	Stage 3 Generators:
		Fitting IdentityFeatureGenerator...
	Stage 4 Generators:
		Fitting DropUniqueFeatureGenerator...
Automatically generating train/validation split with holdout_frac=0.2, Train Rows: 64, Val Rows: 16
User-specified model hyperparameters to be fit:
{
	'GBM': [{'extra_trees': True, 'ag_args': {'name_suffix': 'XT'}}, {'ag_args': {'name_suffix': 'Light'}}],
	'RF': [{'criterion': 'gini', 'max_depth': 10, 'ag_args': {'name_suffix': 'Gini', 'problem_types': ['binary', 'multiclass']}}],
	'XT': [{'criterion': 'gini', 'max_depth': 10, 'ag_args': {'name_suffix': 'Gini', 'problem_types': ['binary', 'multiclass']}}],
}
	Stage 5 Generators:
		Fitting DropDuplicatesFeatureGenerator...
Fitting 4 L1 models, fit_strategy="sequential" ...
Fitting model: LightGBMXT ... Training model for up to 237.53s of the 237.52s of remaining time.
	Types of features in original data (raw dtype, special dtypes):
		('bool', []) :  4 | ['S1 (SBS1 - 0.99)', 'S2 (SBS2 - 0.99)', 'S3 (SBS3 - 0.97)', 'S4 (SBS4 - 0.98)']
		('int', [])  : 96 | ['A[C>A]A', 'A[C>A]C', 'A[C>A]G', 'A[C>A]T', 'A[C>G]A', ...]
	Types of features in processed data (raw dtype, special dtypes):
		('int', [])       : 96 | ['A[C>A]A', 'A[C>A]C', 'A[C>A]G', 'A[C>A]T', 'A[C>G]A', ...]
		('int', ['bool']) :  4 | ['S1 (SBS1 - 0.99)', 'S2 (SBS2 - 0.99)', 'S3 (SBS3 - 0.97)', 'S4 (SBS4 - 0.98)']
	2.3s = Fit runtime
	100 features in original data used to generate 100 features in processed data.
	Train Data (Processed) Memory Usage: 0.06 MB (0.0% of available memory)
Data preprocessing and feature engineering runtime = 2.46s ...
AutoGluon will gauge predictive performance using evaluation metric: 'accuracy'
	To change this, specify the eval_metric parameter of Predictor()
Automatically generating train/validation split with holdout_frac=0.2, Train Rows: 64, Val Rows: 16
User-specified model hyperparameters to be fit:
{
	'GBM': [{'extra_trees': True, 'ag_args': {'name_suffix': 'XT'}}, {'ag_args': {'name_suffix': 'Light'}}],
	'RF': [{'criterion': 'gini', 'max_depth': 10, 'ag_args': {'name_suffix': 'Gini', 'problem_types': ['binary', 'multiclass']}}],
	'XT': [{'criterion': 'gini', 'max_depth': 10, 'ag_args': {'name_suffix': 'Gini', 'problem_types': ['binary', 'multiclass']}}],
}
Fitting 4 L1 models, fit_strategy="sequential" ...
Fitting model: LightGBMXT ... Training model for up to 237.54s of the 237.53s of remaining time.
	0.5625	 = Validation score   (accuracy)
	39.0s	 = Training   runtime
	0.1s	 = Validation runtime
Fitting model: RandomForestGini ... Training model for up to 169.26s of the 169.26s of remaining time.
	0.6875	 = Validation score   (accuracy)
	6.57s	 = Training   runtime
	1.07s	 = Validation runtime
Fitting model: ExtraTreesGini ... Training model for up to 161.43s of the 161.43s of remaining time.
	0.875	 = Validation score   (accuracy)
	13.45s	 = Training   runtime
	0.02s	 = Validation runtime
Fitting model: LightGBMLight ... Training model for up to 223.96s of the 223.95s of remaining time.
	0.75	 = Validation score   (accuracy)
	62.57s	 = Training   runtime
	0.06s	 = Validation runtime
Fitting model: RandomForestGini ... Training model for up to 126.82s of the 126.81s of remaining time.
	0.6875	 = Validation score   (accuracy)
	6.71s	 = Training   runtime
	2.57s	 = Validation runtime
Fitting model: WeightedEnsemble_L2 ... Training model for up to 237.56s of the 151.86s of remaining time.
	Ensemble Weights: {'RandomForestGini': 0.667, 'LightGBMXT': 0.333}
	0.75	 = Validation score   (accuracy)
	4.48s	 = Training   runtime
	0.01s	 = Validation runtime
AutoGluon training complete, total runtime = 93.19s ... Best model: WeightedEnsemble_L2 | Estimated inference throughput: 13.7 rows/s (16 batch size)
Disabling decision threshold calibration for metric `accuracy` due to having fewer than 10000 rows of validation data for calibration, to avoid overfitting (16 rows).
	`accuracy` is generally not improved through threshold calibration. Force calibration via specifying `calibrate_decision_threshold=True`.
TabularPredictor saved. To load, use: predictor = TabularPredictor.load("/home/baderlab/mzarant/SignatureInference/models/default_uncorrelated/0.15-499683164/Predictor_S4 (SBS4 - 0.98)")
Verbosity: 2 (Standard Logging)
=================== System Info ===================
AutoGluon Version:  1.2
Python Version:     3.10.15
Operating System:   Linux
Platform Machine:   x86_64
Platform Version:   #1 SMP PREEMPT_DYNAMIC Thu Apr 3 12:12:16 UTC 2025
CPU Count:          272
Memory Avail:       196.03 GB / 203.90 GB (96.1%)
Disk Space Avail:   1382.01 GB / 5120.00 GB (27.0%)
===================================================
Presets specified: ['medium_quality']
Beginning AutoGluon training ... Time limit = 240s
AutoGluon will save models to "/home/baderlab/mzarant/SignatureInference/models/default_uncorrelated/0.15-499683164/Predictor_S5 (SBS5 - 0.98)"
Train Data Rows:    80
Train Data Columns: 100
Label Column:       S5 (SBS5 - 0.98)
Problem Type:       binary
Preprocessing data ...
Selected class <--> label mapping:  class 1 = True, class 0 = False
Using Feature Generators to preprocess the data ...
Fitting AutoMLPipelineFeatureGenerator...
	Available Memory:                    200652.25 MB
	Train Data (Original)  Memory Usage: 0.06 MB (0.0% of available memory)
	Inferring data type of each feature based on column values. Set feature_metadata_in to manually specify special dtypes of the features.
	Stage 1 Generators:
		Fitting AsTypeFeatureGenerator...
			Note: Converting 4 features to boolean dtype as they only contain 2 unique values.
	Stage 2 Generators:
		Fitting FillNaFeatureGenerator...
	Stage 3 Generators:
		Fitting IdentityFeatureGenerator...
	Stage 4 Generators:
		Fitting DropUniqueFeatureGenerator...
	Stage 5 Generators:
		Fitting DropDuplicatesFeatureGenerator...
	Types of features in original data (raw dtype, special dtypes):
		('bool', []) :  4 | ['S1 (SBS1 - 0.99)', 'S2 (SBS2 - 0.99)', 'S3 (SBS3 - 0.97)', 'S4 (SBS4 - 0.98)']
		('int', [])  : 96 | ['A[C>A]A', 'A[C>A]C', 'A[C>A]G', 'A[C>A]T', 'A[C>G]A', ...]
	Types of features in processed data (raw dtype, special dtypes):
		('int', [])       : 96 | ['A[C>A]A', 'A[C>A]C', 'A[C>A]G', 'A[C>A]T', 'A[C>G]A', ...]
		('int', ['bool']) :  4 | ['S1 (SBS1 - 0.99)', 'S2 (SBS2 - 0.99)', 'S3 (SBS3 - 0.97)', 'S4 (SBS4 - 0.98)']
	1.6s = Fit runtime
	100 features in original data used to generate 100 features in processed data.
	Train Data (Processed) Memory Usage: 0.06 MB (0.0% of available memory)
Data preprocessing and feature engineering runtime = 1.84s ...
AutoGluon will gauge predictive performance using evaluation metric: 'accuracy'
	To change this, specify the eval_metric parameter of Predictor()
Automatically generating train/validation split with holdout_frac=0.2, Train Rows: 64, Val Rows: 16
User-specified model hyperparameters to be fit:
{
	'GBM': [{'extra_trees': True, 'ag_args': {'name_suffix': 'XT'}}, {'ag_args': {'name_suffix': 'Light'}}],
	'RF': [{'criterion': 'gini', 'max_depth': 10, 'ag_args': {'name_suffix': 'Gini', 'problem_types': ['binary', 'multiclass']}}],
	'XT': [{'criterion': 'gini', 'max_depth': 10, 'ag_args': {'name_suffix': 'Gini', 'problem_types': ['binary', 'multiclass']}}],
}
Fitting 4 L1 models, fit_strategy="sequential" ...
Fitting model: LightGBMXT ... Training model for up to 238.16s of the 238.15s of remaining time.
	0.6875	 = Validation score   (accuracy)
	11.54s	 = Training   runtime
	2.84s	 = Validation runtime
Fitting model: ExtraTreesGini ... Training model for up to 112.13s of the 112.12s of remaining time.
	0.8125	 = Validation score   (accuracy)
	65.21s	 = Training   runtime
	0.02s	 = Validation runtime
Fitting model: LightGBMLight ... Training model for up to 172.39s of the 172.38s of remaining time.
	0.875	 = Validation score   (accuracy)
	34.24s	 = Training   runtime
	0.02s	 = Validation runtime
	0.8125	 = Validation score   (accuracy)
	84.7s	 = Training   runtime
	0.07s	 = Validation runtime
Fitting model: LightGBMLight ... Training model for up to 203.22s of the 203.21s of remaining time.
Fitting model: LightGBMLight ... Training model for up to 153.55s of the 153.54s of remaining time.
	0.6875	 = Validation score   (accuracy)
	7.55s	 = Training   runtime
	1.53s	 = Validation runtime
Fitting model: WeightedEnsemble_L2 ... Training model for up to 237.09s of the 102.83s of remaining time.
	Ensemble Weights: {'LightGBMLight': 1.0}
	0.75	 = Validation score   (accuracy)
	0.82s	 = Training   runtime
	0.01s	 = Validation runtime
AutoGluon training complete, total runtime = 138.4s ... Best model: WeightedEnsemble_L2 | Estimated inference throughput: 210.7 rows/s (16 batch size)
Disabling decision threshold calibration for metric `accuracy` due to having fewer than 10000 rows of validation data for calibration, to avoid overfitting (16 rows).
	`accuracy` is generally not improved through threshold calibration. Force calibration via specifying `calibrate_decision_threshold=True`.
TabularPredictor saved. To load, use: predictor = TabularPredictor.load("/home/baderlab/mzarant/SignatureInference/models/default_uncorrelated/0.5-249485644/Predictor_S4 (SBS4 - 0.98)")
Verbosity: 2 (Standard Logging)
	0.6875	 = Validation score   (accuracy)
=================== System Info ===================
AutoGluon Version:  1.2
Python Version:     3.10.15
Operating System:   Linux
Platform Machine:   x86_64
Platform Version:   #1 SMP PREEMPT_DYNAMIC Thu Apr 3 12:12:16 UTC 2025
CPU Count:          272
Memory Avail:       196.46 GB / 203.90 GB (96.4%)
Disk Space Avail:   1382.01 GB / 5120.00 GB (27.0%)
===================================================
	55.48s	 = Training   runtime
Presets specified: ['medium_quality']
	0.11s	 = Validation runtime
Fitting model: RandomForestGini ... Training model for up to 117.53s of the 117.53s of remaining time.
Beginning AutoGluon training ... Time limit = 240s
AutoGluon will save models to "/home/baderlab/mzarant/SignatureInference/models/default_uncorrelated/0.5-249485644/Predictor_S5 (SBS5 - 0.98)"
Train Data Rows:    80
Train Data Columns: 100
Label Column:       S5 (SBS5 - 0.98)
Problem Type:       binary
Preprocessing data ...
Selected class <--> label mapping:  class 1 = True, class 0 = False
Using Feature Generators to preprocess the data ...
Fitting AutoMLPipelineFeatureGenerator...
	Available Memory:                    201132.88 MB
	Train Data (Original)  Memory Usage: 0.06 MB (0.0% of available memory)
	Inferring data type of each feature based on column values. Set feature_metadata_in to manually specify special dtypes of the features.
	0.875	 = Validation score   (accuracy)
	25.74s	 = Training   runtime
	0.03s	 = Validation runtime
Fitting model: RandomForestGini ... Training model for up to 197.80s of the 197.79s of remaining time.
	Stage 1 Generators:
		Fitting AsTypeFeatureGenerator...
			Note: Converting 4 features to boolean dtype as they only contain 2 unique values.
	Stage 2 Generators:
		Fitting FillNaFeatureGenerator...
	Stage 3 Generators:
		Fitting IdentityFeatureGenerator...
	Stage 4 Generators:
		Fitting DropUniqueFeatureGenerator...
	Stage 5 Generators:
		Fitting DropDuplicatesFeatureGenerator...
	Types of features in original data (raw dtype, special dtypes):
		('bool', []) :  4 | ['S1 (SBS1 - 0.99)', 'S2 (SBS2 - 0.99)', 'S3 (SBS3 - 0.97)', 'S4 (SBS4 - 0.98)']
		('int', [])  : 96 | ['A[C>A]A', 'A[C>A]C', 'A[C>A]G', 'A[C>A]T', 'A[C>G]A', ...]
	Types of features in processed data (raw dtype, special dtypes):
		('int', [])       : 96 | ['A[C>A]A', 'A[C>A]C', 'A[C>A]G', 'A[C>A]T', 'A[C>G]A', ...]
		('int', ['bool']) :  4 | ['S1 (SBS1 - 0.99)', 'S2 (SBS2 - 0.99)', 'S3 (SBS3 - 0.97)', 'S4 (SBS4 - 0.98)']
	2.5s = Fit runtime
	100 features in original data used to generate 100 features in processed data.
	Train Data (Processed) Memory Usage: 0.06 MB (0.0% of available memory)
Data preprocessing and feature engineering runtime = 2.93s ...
AutoGluon will gauge predictive performance using evaluation metric: 'accuracy'
	To change this, specify the eval_metric parameter of Predictor()
Automatically generating train/validation split with holdout_frac=0.2, Train Rows: 64, Val Rows: 16
User-specified model hyperparameters to be fit:
{
	'GBM': [{'extra_trees': True, 'ag_args': {'name_suffix': 'XT'}}, {'ag_args': {'name_suffix': 'Light'}}],
	'RF': [{'criterion': 'gini', 'max_depth': 10, 'ag_args': {'name_suffix': 'Gini', 'problem_types': ['binary', 'multiclass']}}],
	'XT': [{'criterion': 'gini', 'max_depth': 10, 'ag_args': {'name_suffix': 'Gini', 'problem_types': ['binary', 'multiclass']}}],
}
Fitting 4 L1 models, fit_strategy="sequential" ...
Fitting model: LightGBMXT ... Training model for up to 237.07s of the 237.07s of remaining time.
	0.75	 = Validation score   (accuracy)
	10.98s	 = Training   runtime
	3.68s	 = Validation runtime
Fitting model: ExtraTreesGini ... Training model for up to 102.60s of the 102.60s of remaining time.
	0.875	 = Validation score   (accuracy)
	27.08s	 = Training   runtime
	0.07s	 = Validation runtime
Fitting model: LightGBMLight ... Training model for up to 210.75s of the 210.74s of remaining time.
	0.875	 = Validation score   (accuracy)
	12.59s	 = Training   runtime
	3.13s	 = Validation runtime
Fitting model: ExtraTreesGini ... Training model for up to 181.77s of the 181.76s of remaining time.
	0.875	 = Validation score   (accuracy)
	10.26s	 = Training   runtime
	2.05s	 = Validation runtime
Fitting model: WeightedEnsemble_L2 ... Training model for up to 237.53s of the 169.08s of remaining time.
	0.75	 = Validation score   (accuracy)
	8.46s	 = Training   runtime
	6.08s	 = Validation runtime
Fitting model: WeightedEnsemble_L2 ... Training model for up to 237.09s of the 87.71s of remaining time.
	Ensemble Weights: {'LightGBMXT': 1.0}
	0.875	 = Validation score   (accuracy)
	1.36s	 = Training   runtime
	0.02s	 = Validation runtime
	0.875	 = Validation score   (accuracy)
	34.49s	 = Training   runtime
	0.05s	 = Validation runtime
	Ensemble Weights: {'RandomForestGini': 1.0}
	0.75	 = Validation score   (accuracy)
	1.2s	 = Training   runtime
	0.01s	 = Validation runtime
Fitting model: RandomForestGini ... Training model for up to 168.50s of the 168.50s of remaining time.
AutoGluon training complete, total runtime = 73.05s ... Best model: WeightedEnsemble_L2 | Estimated inference throughput: 362.5 rows/s (16 batch size)
Disabling decision threshold calibration for metric `accuracy` due to having fewer than 10000 rows of validation data for calibration, to avoid overfitting (16 rows).
	`accuracy` is generally not improved through threshold calibration. Force calibration via specifying `calibrate_decision_threshold=True`.
AutoGluon training complete, total runtime = 154.42s ... Best model: WeightedEnsemble_L2 | Estimated inference throughput: 4.3 rows/s (16 batch size)
Disabling decision threshold calibration for metric `accuracy` due to having fewer than 10000 rows of validation data for calibration, to avoid overfitting (16 rows).
	`accuracy` is generally not improved through threshold calibration. Force calibration via specifying `calibrate_decision_threshold=True`.
TabularPredictor saved. To load, use: predictor = TabularPredictor.load("/home/baderlab/mzarant/SignatureInference/models/default_uncorrelated/0.04-958679641/Predictor_S6 (SBS7a - 1.00)")
Verbosity: 2 (Standard Logging)
=================== System Info ===================
AutoGluon Version:  1.2
Python Version:     3.10.15
Operating System:   Linux
Platform Machine:   x86_64
Platform Version:   #1 SMP PREEMPT_DYNAMIC Thu Apr 3 12:12:16 UTC 2025
CPU Count:          272
Memory Avail:       196.29 GB / 203.90 GB (96.3%)
Disk Space Avail:   1382.00 GB / 5120.00 GB (27.0%)
===================================================
Presets specified: ['medium_quality']
TabularPredictor saved. To load, use: predictor = TabularPredictor.load("/home/baderlab/mzarant/SignatureInference/models/default_uncorrelated/0.8-234675097/Predictor_S4 (SBS4 - 0.98)")
Verbosity: 2 (Standard Logging)
=================== System Info ===================
AutoGluon Version:  1.2
Python Version:     3.10.15
Operating System:   Linux
Platform Machine:   x86_64
Platform Version:   #1 SMP PREEMPT_DYNAMIC Thu Apr 3 12:12:16 UTC 2025
CPU Count:          272
Memory Avail:       196.28 GB / 203.90 GB (96.3%)
Disk Space Avail:   1382.00 GB / 5120.00 GB (27.0%)
===================================================
Presets specified: ['medium_quality']
Beginning AutoGluon training ... Time limit = 240s
AutoGluon will save models to "/home/baderlab/mzarant/SignatureInference/models/default_uncorrelated/0.04-958679641/Predictor_S7 (SBS7b - 0.96)"
Train Data Rows:    80
Train Data Columns: 102
Label Column:       S7 (SBS7b - 0.96)
Problem Type:       binary
Preprocessing data ...
Selected class <--> label mapping:  class 1 = True, class 0 = False
Using Feature Generators to preprocess the data ...
Fitting AutoMLPipelineFeatureGenerator...
Beginning AutoGluon training ... Time limit = 240s
AutoGluon will save models to "/home/baderlab/mzarant/SignatureInference/models/default_uncorrelated/0.8-234675097/Predictor_S5 (SBS5 - 0.98)"
Train Data Rows:    80
Train Data Columns: 100
Label Column:       S5 (SBS5 - 0.98)
Problem Type:       binary
Preprocessing data ...
Selected class <--> label mapping:  class 1 = True, class 0 = False
Using Feature Generators to preprocess the data ...
Fitting AutoMLPipelineFeatureGenerator...
	Available Memory:                    200986.69 MB
	Train Data (Original)  Memory Usage: 0.06 MB (0.0% of available memory)
	Inferring data type of each feature based on column values. Set feature_metadata_in to manually specify special dtypes of the features.
	Available Memory:                    200959.29 MB
	Train Data (Original)  Memory Usage: 0.06 MB (0.0% of available memory)
	Inferring data type of each feature based on column values. Set feature_metadata_in to manually specify special dtypes of the features.
	Stage 1 Generators:
		Fitting AsTypeFeatureGenerator...
			Note: Converting 6 features to boolean dtype as they only contain 2 unique values.
	Stage 2 Generators:
		Fitting FillNaFeatureGenerator...
	Stage 3 Generators:
		Fitting IdentityFeatureGenerator...
	Stage 1 Generators:
		Fitting AsTypeFeatureGenerator...
	Stage 4 Generators:
		Fitting DropUniqueFeatureGenerator...
			Note: Converting 4 features to boolean dtype as they only contain 2 unique values.
	Stage 2 Generators:
		Fitting FillNaFeatureGenerator...
	Stage 3 Generators:
		Fitting IdentityFeatureGenerator...
	Stage 5 Generators:
		Fitting DropDuplicatesFeatureGenerator...
	Stage 4 Generators:
		Fitting DropUniqueFeatureGenerator...
	Stage 5 Generators:
		Fitting DropDuplicatesFeatureGenerator...
	Types of features in original data (raw dtype, special dtypes):
	Types of features in original data (raw dtype, special dtypes):
		('bool', []) :  4 | ['S1 (SBS1 - 0.99)', 'S2 (SBS2 - 0.99)', 'S3 (SBS3 - 0.97)', 'S4 (SBS4 - 0.98)']
		('bool', []) :  6 | ['S1 (SBS1 - 0.99)', 'S2 (SBS2 - 0.99)', 'S3 (SBS3 - 0.97)', 'S4 (SBS4 - 0.98)', 'S5 (SBS5 - 0.98)', ...]
		('int', [])  : 96 | ['A[C>A]A', 'A[C>A]C', 'A[C>A]G', 'A[C>A]T', 'A[C>G]A', ...]
		('int', [])  : 96 | ['A[C>A]A', 'A[C>A]C', 'A[C>A]G', 'A[C>A]T', 'A[C>G]A', ...]
	Types of features in processed data (raw dtype, special dtypes):
	Types of features in processed data (raw dtype, special dtypes):
		('int', [])       : 96 | ['A[C>A]A', 'A[C>A]C', 'A[C>A]G', 'A[C>A]T', 'A[C>G]A', ...]
		('int', [])       : 96 | ['A[C>A]A', 'A[C>A]C', 'A[C>A]G', 'A[C>A]T', 'A[C>G]A', ...]
		('int', ['bool']) :  4 | ['S1 (SBS1 - 0.99)', 'S2 (SBS2 - 0.99)', 'S3 (SBS3 - 0.97)', 'S4 (SBS4 - 0.98)']
		('int', ['bool']) :  6 | ['S1 (SBS1 - 0.99)', 'S2 (SBS2 - 0.99)', 'S3 (SBS3 - 0.97)', 'S4 (SBS4 - 0.98)', 'S5 (SBS5 - 0.98)', ...]
	3.5s = Fit runtime
	3.8s = Fit runtime
	100 features in original data used to generate 100 features in processed data.
	102 features in original data used to generate 102 features in processed data.
	Train Data (Processed) Memory Usage: 0.06 MB (0.0% of available memory)
Data preprocessing and feature engineering runtime = 3.97s ...
AutoGluon will gauge predictive performance using evaluation metric: 'accuracy'
	Train Data (Processed) Memory Usage: 0.06 MB (0.0% of available memory)
	To change this, specify the eval_metric parameter of Predictor()
Data preprocessing and feature engineering runtime = 4.21s ...
AutoGluon will gauge predictive performance using evaluation metric: 'accuracy'
	To change this, specify the eval_metric parameter of Predictor()
Automatically generating train/validation split with holdout_frac=0.2, Train Rows: 64, Val Rows: 16
User-specified model hyperparameters to be fit:
{
	'GBM': [{'extra_trees': True, 'ag_args': {'name_suffix': 'XT'}}, {'ag_args': {'name_suffix': 'Light'}}],
	'RF': [{'criterion': 'gini', 'max_depth': 10, 'ag_args': {'name_suffix': 'Gini', 'problem_types': ['binary', 'multiclass']}}],
	'XT': [{'criterion': 'gini', 'max_depth': 10, 'ag_args': {'name_suffix': 'Gini', 'problem_types': ['binary', 'multiclass']}}],
}
Automatically generating train/validation split with holdout_frac=0.2, Train Rows: 64, Val Rows: 16
User-specified model hyperparameters to be fit:
{
	'GBM': [{'extra_trees': True, 'ag_args': {'name_suffix': 'XT'}}, {'ag_args': {'name_suffix': 'Light'}}],
	'RF': [{'criterion': 'gini', 'max_depth': 10, 'ag_args': {'name_suffix': 'Gini', 'problem_types': ['binary', 'multiclass']}}],
	'XT': [{'criterion': 'gini', 'max_depth': 10, 'ag_args': {'name_suffix': 'Gini', 'problem_types': ['binary', 'multiclass']}}],
}
Fitting 4 L1 models, fit_strategy="sequential" ...
Fitting model: LightGBMXT ... Training model for up to 236.02s of the 236.00s of remaining time.
Fitting 4 L1 models, fit_strategy="sequential" ...
Fitting model: LightGBMXT ... Training model for up to 235.79s of the 235.75s of remaining time.
	0.8125	 = Validation score   (accuracy)
	50.69s	 = Training   runtime
	0.06s	 = Validation runtime
Fitting model: RandomForestGini ... Training model for up to 121.54s of the 121.53s of remaining time.
	0.8125	 = Validation score   (accuracy)
	9.82s	 = Training   runtime
	2.69s	 = Validation runtime
Fitting model: ExtraTreesGini ... Training model for up to 155.77s of the 155.76s of remaining time.
	0.875	 = Validation score   (accuracy)
	52.42s	 = Training   runtime
	0.08s	 = Validation runtime
Fitting model: LightGBMLight ... Training model for up to 184.52s of the 184.51s of remaining time.
	0.75	 = Validation score   (accuracy)
	13.39s	 = Training   runtime
	2.04s	 = Validation runtime
Fitting model: ExtraTreesGini ... Training model for up to 105.89s of the 105.88s of remaining time.
	0.8125	 = Validation score   (accuracy)
	60.16s	 = Training   runtime
	0.02s	 = Validation runtime
Fitting model: RandomForestGini ... Training model for up to 93.14s of the 93.13s of remaining time.
	0.75	 = Validation score   (accuracy)
	11.02s	 = Training   runtime
	5.14s	 = Validation runtime
Fitting model: WeightedEnsemble_L2 ... Training model for up to 237.54s of the 139.17s of remaining time.
	Ensemble Weights: {'LightGBMXT': 1.0}
	0.875	 = Validation score   (accuracy)
	1.05s	 = Training   runtime
	0.01s	 = Validation runtime
AutoGluon training complete, total runtime = 102.75s ... Best model: WeightedEnsemble_L2 | Estimated inference throughput: 579.3 rows/s (16 batch size)
Disabling decision threshold calibration for metric `accuracy` due to having fewer than 10000 rows of validation data for calibration, to avoid overfitting (16 rows).
	`accuracy` is generally not improved through threshold calibration. Force calibration via specifying `calibrate_decision_threshold=True`.
TabularPredictor saved. To load, use: predictor = TabularPredictor.load("/home/baderlab/mzarant/SignatureInference/models/default_uncorrelated/0.4-49193182/Predictor_S5 (SBS5 - 0.98)")
Verbosity: 2 (Standard Logging)
=================== System Info ===================
AutoGluon Version:  1.2
Python Version:     3.10.15
Operating System:   Linux
Platform Machine:   x86_64
Platform Version:   #1 SMP PREEMPT_DYNAMIC Thu Apr 3 12:12:16 UTC 2025
CPU Count:          272
Memory Avail:       196.13 GB / 203.90 GB (96.2%)
Disk Space Avail:   1381.99 GB / 5120.00 GB (27.0%)
===================================================
Presets specified: ['medium_quality']
Beginning AutoGluon training ... Time limit = 240s
AutoGluon will save models to "/home/baderlab/mzarant/SignatureInference/models/default_uncorrelated/0.4-49193182/Predictor_S6 (SBS7a - 1.00)"
Train Data Rows:    80
Train Data Columns: 101
Label Column:       S6 (SBS7a - 1.00)
Problem Type:       binary
Preprocessing data ...
Selected class <--> label mapping:  class 1 = True, class 0 = False
Using Feature Generators to preprocess the data ...
Fitting AutoMLPipelineFeatureGenerator...
	Available Memory:                    201020.16 MB
	Train Data (Original)  Memory Usage: 0.06 MB (0.0% of available memory)
	0.875	 = Validation score   (accuracy)
	52.31s	 = Training   runtime
	Inferring data type of each feature based on column values. Set feature_metadata_in to manually specify special dtypes of the features.
	0.03s	 = Validation runtime
	0.75	 = Validation score   (accuracy)
	31.96s	 = Training   runtime
	0.03s	 = Validation runtime
Fitting model: RandomForestGini ... Training model for up to 157.88s of the 157.87s of remaining time.
Fitting model: LightGBMLight ... Training model for up to 203.20s of the 203.16s of remaining time.
	Stage 1 Generators:
		Fitting AsTypeFeatureGenerator...
			Note: Converting 5 features to boolean dtype as they only contain 2 unique values.
	Stage 2 Generators:
		Fitting FillNaFeatureGenerator...
	Stage 3 Generators:
		Fitting IdentityFeatureGenerator...
	Stage 4 Generators:
		Fitting DropUniqueFeatureGenerator...
	Stage 5 Generators:
		Fitting DropDuplicatesFeatureGenerator...
	Types of features in original data (raw dtype, special dtypes):
		('bool', []) :  5 | ['S1 (SBS1 - 0.99)', 'S2 (SBS2 - 0.99)', 'S3 (SBS3 - 0.97)', 'S4 (SBS4 - 0.98)', 'S5 (SBS5 - 0.98)']
		('int', [])  : 96 | ['A[C>A]A', 'A[C>A]C', 'A[C>A]G', 'A[C>A]T', 'A[C>G]A', ...]
	Types of features in processed data (raw dtype, special dtypes):
		('int', [])       : 96 | ['A[C>A]A', 'A[C>A]C', 'A[C>A]G', 'A[C>A]T', 'A[C>G]A', ...]
		('int', ['bool']) :  5 | ['S1 (SBS1 - 0.99)', 'S2 (SBS2 - 0.99)', 'S3 (SBS3 - 0.97)', 'S4 (SBS4 - 0.98)', 'S5 (SBS5 - 0.98)']
	2.4s = Fit runtime
	101 features in original data used to generate 101 features in processed data.
	Train Data (Processed) Memory Usage: 0.06 MB (0.0% of available memory)
Data preprocessing and feature engineering runtime = 2.79s ...
AutoGluon will gauge predictive performance using evaluation metric: 'accuracy'
	To change this, specify the eval_metric parameter of Predictor()
Automatically generating train/validation split with holdout_frac=0.2, Train Rows: 64, Val Rows: 16
User-specified model hyperparameters to be fit:
{
	'GBM': [{'extra_trees': True, 'ag_args': {'name_suffix': 'XT'}}, {'ag_args': {'name_suffix': 'Light'}}],
	'RF': [{'criterion': 'gini', 'max_depth': 10, 'ag_args': {'name_suffix': 'Gini', 'problem_types': ['binary', 'multiclass']}}],
	'XT': [{'criterion': 'gini', 'max_depth': 10, 'ag_args': {'name_suffix': 'Gini', 'problem_types': ['binary', 'multiclass']}}],
}
Fitting 4 L1 models, fit_strategy="sequential" ...
Fitting model: LightGBMXT ... Training model for up to 237.21s of the 237.20s of remaining time.
	0.6875	 = Validation score   (accuracy)
	11.88s	 = Training   runtime
	4.41s	 = Validation runtime
Fitting model: WeightedEnsemble_L2 ... Training model for up to 238.28s of the 89.23s of remaining time.
	Ensemble Weights: {'LightGBMXT': 1.0}
	0.8125	 = Validation score   (accuracy)
	2.0s	 = Training   runtime
	0.01s	 = Validation runtime
AutoGluon training complete, total runtime = 155.43s ... Best model: WeightedEnsemble_L2 | Estimated inference throughput: 478.7 rows/s (16 batch size)
Disabling decision threshold calibration for metric `accuracy` due to having fewer than 10000 rows of validation data for calibration, to avoid overfitting (16 rows).
	`accuracy` is generally not improved through threshold calibration. Force calibration via specifying `calibrate_decision_threshold=True`.
TabularPredictor saved. To load, use: predictor = TabularPredictor.load("/home/baderlab/mzarant/SignatureInference/models/default_uncorrelated/0.6-367737620/Predictor_S4 (SBS4 - 0.98)")
Verbosity: 2 (Standard Logging)
=================== System Info ===================
AutoGluon Version:  1.2
Python Version:     3.10.15
Operating System:   Linux
Platform Machine:   x86_64
Platform Version:   #1 SMP PREEMPT_DYNAMIC Thu Apr 3 12:12:16 UTC 2025
CPU Count:          272
Memory Avail:       196.22 GB / 203.90 GB (96.2%)
Disk Space Avail:   1381.99 GB / 5120.00 GB (27.0%)
===================================================
Presets specified: ['medium_quality']
Beginning AutoGluon training ... Time limit = 240s
AutoGluon will save models to "/home/baderlab/mzarant/SignatureInference/models/default_uncorrelated/0.6-367737620/Predictor_S5 (SBS5 - 0.98)"
Train Data Rows:    80
Train Data Columns: 100
Label Column:       S5 (SBS5 - 0.98)
Problem Type:       binary
Preprocessing data ...
Selected class <--> label mapping:  class 1 = True, class 0 = False
Using Feature Generators to preprocess the data ...
Fitting AutoMLPipelineFeatureGenerator...
	Available Memory:                    200977.75 MB
	Train Data (Original)  Memory Usage: 0.06 MB (0.0% of available memory)
	Inferring data type of each feature based on column values. Set feature_metadata_in to manually specify special dtypes of the features.
	Stage 1 Generators:
		Fitting AsTypeFeatureGenerator...
			Note: Converting 4 features to boolean dtype as they only contain 2 unique values.
	Stage 2 Generators:
		Fitting FillNaFeatureGenerator...
	Stage 3 Generators:
		Fitting IdentityFeatureGenerator...
	Stage 4 Generators:
		Fitting DropUniqueFeatureGenerator...
	Stage 5 Generators:
		Fitting DropDuplicatesFeatureGenerator...
	Types of features in original data (raw dtype, special dtypes):
		('bool', []) :  4 | ['S1 (SBS1 - 0.99)', 'S2 (SBS2 - 0.99)', 'S3 (SBS3 - 0.97)', 'S4 (SBS4 - 0.98)']
		('int', [])  : 96 | ['A[C>A]A', 'A[C>A]C', 'A[C>A]G', 'A[C>A]T', 'A[C>G]A', ...]
	Types of features in processed data (raw dtype, special dtypes):
		('int', [])       : 96 | ['A[C>A]A', 'A[C>A]C', 'A[C>A]G', 'A[C>A]T', 'A[C>G]A', ...]
		('int', ['bool']) :  4 | ['S1 (SBS1 - 0.99)', 'S2 (SBS2 - 0.99)', 'S3 (SBS3 - 0.97)', 'S4 (SBS4 - 0.98)']
	1.2s = Fit runtime
	100 features in original data used to generate 100 features in processed data.
	Train Data (Processed) Memory Usage: 0.06 MB (0.0% of available memory)
Data preprocessing and feature engineering runtime = 1.76s ...
AutoGluon will gauge predictive performance using evaluation metric: 'accuracy'
	To change this, specify the eval_metric parameter of Predictor()
Automatically generating train/validation split with holdout_frac=0.2, Train Rows: 64, Val Rows: 16
User-specified model hyperparameters to be fit:
{
	'GBM': [{'extra_trees': True, 'ag_args': {'name_suffix': 'XT'}}, {'ag_args': {'name_suffix': 'Light'}}],
	'RF': [{'criterion': 'gini', 'max_depth': 10, 'ag_args': {'name_suffix': 'Gini', 'problem_types': ['binary', 'multiclass']}}],
	'XT': [{'criterion': 'gini', 'max_depth': 10, 'ag_args': {'name_suffix': 'Gini', 'problem_types': ['binary', 'multiclass']}}],
}
Fitting 4 L1 models, fit_strategy="sequential" ...
Fitting model: LightGBMXT ... Training model for up to 238.24s of the 238.24s of remaining time.
	0.8125	 = Validation score   (accuracy)
	8.64s	 = Training   runtime
	2.53s	 = Validation runtime
Fitting model: ExtraTreesGini ... Training model for up to 146.51s of the 146.50s of remaining time.
	0.75	 = Validation score   (accuracy)
	15.6s	 = Training   runtime
	8.09s	 = Validation runtime
Fitting model: ExtraTreesGini ... Training model for up to 69.12s of the 69.11s of remaining time.
	0.875	 = Validation score   (accuracy)
	44.7s	 = Training   runtime
	0.06s	 = Validation runtime
Fitting model: LightGBMLight ... Training model for up to 190.87s of the 190.85s of remaining time.
	0.75	 = Validation score   (accuracy)
	11.23s	 = Training   runtime
	1.51s	 = Validation runtime
Fitting model: WeightedEnsemble_L2 ... Training model for up to 238.16s of the 133.28s of remaining time.
	Ensemble Weights: {'LightGBMXT': 1.0}
	0.875	 = Validation score   (accuracy)
	0.81s	 = Training   runtime
	0.01s	 = Validation runtime
AutoGluon training complete, total runtime = 107.8s ... Best model: WeightedEnsemble_L2 | Estimated inference throughput: 190.4 rows/s (16 batch size)
Disabling decision threshold calibration for metric `accuracy` due to having fewer than 10000 rows of validation data for calibration, to avoid overfitting (16 rows).
	`accuracy` is generally not improved through threshold calibration. Force calibration via specifying `calibrate_decision_threshold=True`.
TabularPredictor saved. To load, use: predictor = TabularPredictor.load("/home/baderlab/mzarant/SignatureInference/models/default_uncorrelated/0.15-499683164/Predictor_S5 (SBS5 - 0.98)")
Verbosity: 2 (Standard Logging)
=================== System Info ===================
AutoGluon Version:  1.2
Python Version:     3.10.15
Operating System:   Linux
Platform Machine:   x86_64
Platform Version:   #1 SMP PREEMPT_DYNAMIC Thu Apr 3 12:12:16 UTC 2025
CPU Count:          272
Memory Avail:       196.43 GB / 203.90 GB (96.3%)
Disk Space Avail:   1381.99 GB / 5120.00 GB (27.0%)
===================================================
Presets specified: ['medium_quality']
Beginning AutoGluon training ... Time limit = 240s
AutoGluon will save models to "/home/baderlab/mzarant/SignatureInference/models/default_uncorrelated/0.15-499683164/Predictor_S6 (SBS7a - 1.00)"
Train Data Rows:    80
Train Data Columns: 101
Label Column:       S6 (SBS7a - 1.00)
Problem Type:       binary
Preprocessing data ...
Selected class <--> label mapping:  class 1 = True, class 0 = False
Using Feature Generators to preprocess the data ...
Fitting AutoMLPipelineFeatureGenerator...
	Available Memory:                    201160.62 MB
	Train Data (Original)  Memory Usage: 0.06 MB (0.0% of available memory)
	Inferring data type of each feature based on column values. Set feature_metadata_in to manually specify special dtypes of the features.
	0.6875	 = Validation score   (accuracy)
	11.18s	 = Training   runtime
	3.53s	 = Validation runtime
	Stage 1 Generators:
Fitting model: WeightedEnsemble_L2 ... Training model for up to 238.42s of the 53.94s of remaining time.
		Fitting AsTypeFeatureGenerator...
			Note: Converting 5 features to boolean dtype as they only contain 2 unique values.
	Stage 2 Generators:
		Fitting FillNaFeatureGenerator...
	Stage 3 Generators:
		Fitting IdentityFeatureGenerator...
	0.875	 = Validation score   (accuracy)
	40.08s	 = Training   runtime
	0.12s	 = Validation runtime
	Stage 4 Generators:
		Fitting DropUniqueFeatureGenerator...
Fitting model: RandomForestGini ... Training model for up to 143.55s of the 143.54s of remaining time.
	Stage 5 Generators:
		Fitting DropDuplicatesFeatureGenerator...
	Types of features in original data (raw dtype, special dtypes):
		('bool', []) :  5 | ['S1 (SBS1 - 0.99)', 'S2 (SBS2 - 0.99)', 'S3 (SBS3 - 0.97)', 'S4 (SBS4 - 0.98)', 'S5 (SBS5 - 0.98)']
		('int', [])  : 96 | ['A[C>A]A', 'A[C>A]C', 'A[C>A]G', 'A[C>A]T', 'A[C>G]A', ...]
	Types of features in processed data (raw dtype, special dtypes):
		('int', [])       : 96 | ['A[C>A]A', 'A[C>A]C', 'A[C>A]G', 'A[C>A]T', 'A[C>G]A', ...]
		('int', ['bool']) :  5 | ['S1 (SBS1 - 0.99)', 'S2 (SBS2 - 0.99)', 'S3 (SBS3 - 0.97)', 'S4 (SBS4 - 0.98)', 'S5 (SBS5 - 0.98)']
	3.4s = Fit runtime
	101 features in original data used to generate 101 features in processed data.
	Ensemble Weights: {'LightGBMXT': 1.0}
	0.8125	 = Validation score   (accuracy)
	2.28s	 = Training   runtime
	0.01s	 = Validation runtime
	Train Data (Processed) Memory Usage: 0.06 MB (0.0% of available memory)
Data preprocessing and feature engineering runtime = 3.77s ...
AutoGluon will gauge predictive performance using evaluation metric: 'accuracy'
	To change this, specify the eval_metric parameter of Predictor()
AutoGluon training complete, total runtime = 189.05s ... Best model: WeightedEnsemble_L2 | Estimated inference throughput: 194.2 rows/s (16 batch size)
Automatically generating train/validation split with holdout_frac=0.2, Train Rows: 64, Val Rows: 16
Disabling decision threshold calibration for metric `accuracy` due to having fewer than 10000 rows of validation data for calibration, to avoid overfitting (16 rows).
	`accuracy` is generally not improved through threshold calibration. Force calibration via specifying `calibrate_decision_threshold=True`.
User-specified model hyperparameters to be fit:
{
	'GBM': [{'extra_trees': True, 'ag_args': {'name_suffix': 'XT'}}, {'ag_args': {'name_suffix': 'Light'}}],
	'RF': [{'criterion': 'gini', 'max_depth': 10, 'ag_args': {'name_suffix': 'Gini', 'problem_types': ['binary', 'multiclass']}}],
	'XT': [{'criterion': 'gini', 'max_depth': 10, 'ag_args': {'name_suffix': 'Gini', 'problem_types': ['binary', 'multiclass']}}],
}
TabularPredictor saved. To load, use: predictor = TabularPredictor.load("/home/baderlab/mzarant/SignatureInference/models/default_uncorrelated/0.7-157181832/Predictor_S4 (SBS4 - 0.98)")
Fitting 4 L1 models, fit_strategy="sequential" ...
Verbosity: 2 (Standard Logging)
Fitting model: LightGBMXT ... Training model for up to 236.23s of the 236.22s of remaining time.
=================== System Info ===================
AutoGluon Version:  1.2
Python Version:     3.10.15
Operating System:   Linux
Platform Machine:   x86_64
Platform Version:   #1 SMP PREEMPT_DYNAMIC Thu Apr 3 12:12:16 UTC 2025
CPU Count:          272
Memory Avail:       196.50 GB / 203.90 GB (96.4%)
Disk Space Avail:   1381.99 GB / 5120.00 GB (27.0%)
===================================================
Presets specified: ['medium_quality']
Beginning AutoGluon training ... Time limit = 240s
AutoGluon will save models to "/home/baderlab/mzarant/SignatureInference/models/default_uncorrelated/0.7-157181832/Predictor_S5 (SBS5 - 0.98)"
Train Data Rows:    80
Train Data Columns: 100
Label Column:       S5 (SBS5 - 0.98)
Problem Type:       binary
Preprocessing data ...
Selected class <--> label mapping:  class 1 = True, class 0 = False
Using Feature Generators to preprocess the data ...
Fitting AutoMLPipelineFeatureGenerator...
	Available Memory:                    201231.45 MB
	Train Data (Original)  Memory Usage: 0.06 MB (0.0% of available memory)
	Inferring data type of each feature based on column values. Set feature_metadata_in to manually specify special dtypes of the features.
	Stage 1 Generators:
		Fitting AsTypeFeatureGenerator...
			Note: Converting 4 features to boolean dtype as they only contain 2 unique values.
	Stage 2 Generators:
		Fitting FillNaFeatureGenerator...
	Stage 3 Generators:
		Fitting IdentityFeatureGenerator...
	Stage 4 Generators:
		Fitting DropUniqueFeatureGenerator...
	Stage 5 Generators:
		Fitting DropDuplicatesFeatureGenerator...
	Types of features in original data (raw dtype, special dtypes):
		('bool', []) :  4 | ['S1 (SBS1 - 0.99)', 'S2 (SBS2 - 0.99)', 'S3 (SBS3 - 0.97)', 'S4 (SBS4 - 0.98)']
		('int', [])  : 96 | ['A[C>A]A', 'A[C>A]C', 'A[C>A]G', 'A[C>A]T', 'A[C>G]A', ...]
	Types of features in processed data (raw dtype, special dtypes):
		('int', [])       : 96 | ['A[C>A]A', 'A[C>A]C', 'A[C>A]G', 'A[C>A]T', 'A[C>G]A', ...]
		('int', ['bool']) :  4 | ['S1 (SBS1 - 0.99)', 'S2 (SBS2 - 0.99)', 'S3 (SBS3 - 0.97)', 'S4 (SBS4 - 0.98)']
	1.7s = Fit runtime
	100 features in original data used to generate 100 features in processed data.
	Train Data (Processed) Memory Usage: 0.06 MB (0.0% of available memory)
Data preprocessing and feature engineering runtime = 1.97s ...
AutoGluon will gauge predictive performance using evaluation metric: 'accuracy'
	To change this, specify the eval_metric parameter of Predictor()
Automatically generating train/validation split with holdout_frac=0.2, Train Rows: 64, Val Rows: 16
User-specified model hyperparameters to be fit:
{
	'GBM': [{'extra_trees': True, 'ag_args': {'name_suffix': 'XT'}}, {'ag_args': {'name_suffix': 'Light'}}],
	'RF': [{'criterion': 'gini', 'max_depth': 10, 'ag_args': {'name_suffix': 'Gini', 'problem_types': ['binary', 'multiclass']}}],
	'XT': [{'criterion': 'gini', 'max_depth': 10, 'ag_args': {'name_suffix': 'Gini', 'problem_types': ['binary', 'multiclass']}}],
}
Fitting 4 L1 models, fit_strategy="sequential" ...
Fitting model: LightGBMXT ... Training model for up to 238.03s of the 238.02s of remaining time.
	0.75	 = Validation score   (accuracy)
	32.45s	 = Training   runtime
	0.09s	 = Validation runtime
Fitting model: RandomForestGini ... Training model for up to 170.57s of the 170.53s of remaining time.
	0.875	 = Validation score   (accuracy)
	37.56s	 = Training   runtime
	0.11s	 = Validation runtime
Fitting model: LightGBMLight ... Training model for up to 196.82s of the 196.81s of remaining time.
	0.75	 = Validation score   (accuracy)
	10.27s	 = Training   runtime
	1.08s	 = Validation runtime
Fitting model: ExtraTreesGini ... Training model for up to 159.03s of the 158.99s of remaining time.
	0.75	 = Validation score   (accuracy)
	9.77s	 = Training   runtime
	6.87s	 = Validation runtime
Fitting model: ExtraTreesGini ... Training model for up to 126.63s of the 126.62s of remaining time.
	0.875	 = Validation score   (accuracy)
	40.47s	 = Training   runtime
	0.13s	 = Validation runtime
Fitting model: RandomForestGini ... Training model for up to 147.83s of the 147.81s of remaining time.
	0.875	 = Validation score   (accuracy)
	47.86s	 = Training   runtime
	0.03s	 = Validation runtime
Fitting model: LightGBMLight ... Training model for up to 190.21s of the 190.21s of remaining time.
	0.75	 = Validation score   (accuracy)
	13.11s	 = Training   runtime
	2.46s	 = Validation runtime
Fitting model: WeightedEnsemble_L2 ... Training model for up to 235.79s of the 142.94s of remaining time.
	Ensemble Weights: {'LightGBMXT': 1.0}
	0.75	 = Validation score   (accuracy)
	4.03s	 = Training   runtime
	0.02s	 = Validation runtime
AutoGluon training complete, total runtime = 102.5s ... Best model: WeightedEnsemble_L2 | Estimated inference throughput: 365.3 rows/s (16 batch size)
Disabling decision threshold calibration for metric `accuracy` due to having fewer than 10000 rows of validation data for calibration, to avoid overfitting (16 rows).
	`accuracy` is generally not improved through threshold calibration. Force calibration via specifying `calibrate_decision_threshold=True`.
TabularPredictor saved. To load, use: predictor = TabularPredictor.load("/home/baderlab/mzarant/SignatureInference/models/default_uncorrelated/0.04-958679641/Predictor_S7 (SBS7b - 0.96)")
Verbosity: 2 (Standard Logging)
=================== System Info ===================
AutoGluon Version:  1.2
Python Version:     3.10.15
Operating System:   Linux
Platform Machine:   x86_64
Platform Version:   #1 SMP PREEMPT_DYNAMIC Thu Apr 3 12:12:16 UTC 2025
CPU Count:          272
Memory Avail:       196.28 GB / 203.90 GB (96.3%)
Disk Space Avail:   1381.98 GB / 5120.00 GB (27.0%)
===================================================
Presets specified: ['medium_quality']
	0.75	 = Validation score   (accuracy)
	12.48s	 = Training   runtime
	7.77s	 = Validation runtime
Beginning AutoGluon training ... Time limit = 240s
AutoGluon will save models to "/home/baderlab/mzarant/SignatureInference/models/default_uncorrelated/0.04-958679641/Predictor_S8 (SBS8 - 0.92)"
Train Data Rows:    80
Train Data Columns: 103
Label Column:       S8 (SBS8 - 0.92)
Problem Type:       binary
Preprocessing data ...
Selected class <--> label mapping:  class 1 = True, class 0 = False
Using Feature Generators to preprocess the data ...
Fitting AutoMLPipelineFeatureGenerator...
Fitting model: WeightedEnsemble_L2 ... Training model for up to 237.07s of the 106.03s of remaining time.
	Available Memory:                    201009.18 MB
	Train Data (Original)  Memory Usage: 0.06 MB (0.0% of available memory)
	Inferring data type of each feature based on column values. Set feature_metadata_in to manually specify special dtypes of the features.
	Stage 1 Generators:
		Fitting AsTypeFeatureGenerator...
			Note: Converting 7 features to boolean dtype as they only contain 2 unique values.
	Stage 2 Generators:
		Fitting FillNaFeatureGenerator...
	Stage 3 Generators:
		Fitting IdentityFeatureGenerator...
	Ensemble Weights: {'LightGBMXT': 1.0}
	0.875	 = Validation score   (accuracy)
	1.43s	 = Training   runtime
	Stage 4 Generators:
	0.01s	 = Validation runtime
		Fitting DropUniqueFeatureGenerator...
	Stage 5 Generators:
		Fitting DropDuplicatesFeatureGenerator...
AutoGluon training complete, total runtime = 136.58s ... Best model: WeightedEnsemble_L2 | Estimated inference throughput: 178.1 rows/s (16 batch size)
Disabling decision threshold calibration for metric `accuracy` due to having fewer than 10000 rows of validation data for calibration, to avoid overfitting (16 rows).
	`accuracy` is generally not improved through threshold calibration. Force calibration via specifying `calibrate_decision_threshold=True`.
TabularPredictor saved. To load, use: predictor = TabularPredictor.load("/home/baderlab/mzarant/SignatureInference/models/default_uncorrelated/0.5-249485644/Predictor_S5 (SBS5 - 0.98)")
Verbosity: 2 (Standard Logging)
=================== System Info ===================
AutoGluon Version:  1.2
Python Version:     3.10.15
Operating System:   Linux
Platform Machine:   x86_64
Platform Version:   #1 SMP PREEMPT_DYNAMIC Thu Apr 3 12:12:16 UTC 2025
CPU Count:          272
Memory Avail:       196.40 GB / 203.90 GB (96.3%)
Disk Space Avail:   1381.98 GB / 5120.00 GB (27.0%)
===================================================
Presets specified: ['medium_quality']
Beginning AutoGluon training ... Time limit = 240s
AutoGluon will save models to "/home/baderlab/mzarant/SignatureInference/models/default_uncorrelated/0.5-249485644/Predictor_S6 (SBS7a - 1.00)"
Train Data Rows:    80
Train Data Columns: 101
	Types of features in original data (raw dtype, special dtypes):
Label Column:       S6 (SBS7a - 1.00)
		('bool', []) :  7 | ['S1 (SBS1 - 0.99)', 'S2 (SBS2 - 0.99)', 'S3 (SBS3 - 0.97)', 'S4 (SBS4 - 0.98)', 'S5 (SBS5 - 0.98)', ...]
Problem Type:       binary
		('int', [])  : 96 | ['A[C>A]A', 'A[C>A]C', 'A[C>A]G', 'A[C>A]T', 'A[C>G]A', ...]
Preprocessing data ...
	Types of features in processed data (raw dtype, special dtypes):
		('int', [])       : 96 | ['A[C>A]A', 'A[C>A]C', 'A[C>A]G', 'A[C>A]T', 'A[C>G]A', ...]
		('int', ['bool']) :  7 | ['S1 (SBS1 - 0.99)', 'S2 (SBS2 - 0.99)', 'S3 (SBS3 - 0.97)', 'S4 (SBS4 - 0.98)', 'S5 (SBS5 - 0.98)', ...]
	2.8s = Fit runtime
	103 features in original data used to generate 103 features in processed data.
Selected class <--> label mapping:  class 1 = True, class 0 = False
Using Feature Generators to preprocess the data ...
Fitting AutoMLPipelineFeatureGenerator...
	Train Data (Processed) Memory Usage: 0.06 MB (0.0% of available memory)
Data preprocessing and feature engineering runtime = 3.12s ...
AutoGluon will gauge predictive performance using evaluation metric: 'accuracy'
	To change this, specify the eval_metric parameter of Predictor()
	Available Memory:                    201135.89 MB
	Train Data (Original)  Memory Usage: 0.06 MB (0.0% of available memory)
	Inferring data type of each feature based on column values. Set feature_metadata_in to manually specify special dtypes of the features.
Automatically generating train/validation split with holdout_frac=0.2, Train Rows: 64, Val Rows: 16
User-specified model hyperparameters to be fit:
{
	'GBM': [{'extra_trees': True, 'ag_args': {'name_suffix': 'XT'}}, {'ag_args': {'name_suffix': 'Light'}}],
	'RF': [{'criterion': 'gini', 'max_depth': 10, 'ag_args': {'name_suffix': 'Gini', 'problem_types': ['binary', 'multiclass']}}],
	'XT': [{'criterion': 'gini', 'max_depth': 10, 'ag_args': {'name_suffix': 'Gini', 'problem_types': ['binary', 'multiclass']}}],
}
Fitting 4 L1 models, fit_strategy="sequential" ...
Fitting model: LightGBMXT ... Training model for up to 236.87s of the 236.87s of remaining time.
	Stage 1 Generators:
		Fitting AsTypeFeatureGenerator...
	0.8125	 = Validation score   (accuracy)
			Note: Converting 5 features to boolean dtype as they only contain 2 unique values.
	8.11s	 = Training   runtime
	5.33s	 = Validation runtime
	Stage 2 Generators:
		Fitting FillNaFeatureGenerator...
Fitting model: ExtraTreesGini ... Training model for up to 134.00s of the 133.98s of remaining time.
	Stage 3 Generators:
		Fitting IdentityFeatureGenerator...
	Stage 4 Generators:
		Fitting DropUniqueFeatureGenerator...
	Stage 5 Generators:
		Fitting DropDuplicatesFeatureGenerator...
	0.875	 = Validation score   (accuracy)
	40.1s	 = Training   runtime
	0.06s	 = Validation runtime
	Types of features in original data (raw dtype, special dtypes):
		('bool', []) :  5 | ['S1 (SBS1 - 0.99)', 'S2 (SBS2 - 0.99)', 'S3 (SBS3 - 0.97)', 'S4 (SBS4 - 0.98)', 'S5 (SBS5 - 0.98)']
		('int', [])  : 96 | ['A[C>A]A', 'A[C>A]C', 'A[C>A]G', 'A[C>A]T', 'A[C>G]A', ...]
	Types of features in processed data (raw dtype, special dtypes):
		('int', [])       : 96 | ['A[C>A]A', 'A[C>A]C', 'A[C>A]G', 'A[C>A]T', 'A[C>G]A', ...]
		('int', ['bool']) :  5 | ['S1 (SBS1 - 0.99)', 'S2 (SBS2 - 0.99)', 'S3 (SBS3 - 0.97)', 'S4 (SBS4 - 0.98)', 'S5 (SBS5 - 0.98)']
	2.0s = Fit runtime
Fitting model: LightGBMLight ... Training model for up to 195.73s of the 195.72s of remaining time.
	101 features in original data used to generate 101 features in processed data.
	Train Data (Processed) Memory Usage: 0.06 MB (0.0% of available memory)
Data preprocessing and feature engineering runtime = 2.53s ...
AutoGluon will gauge predictive performance using evaluation metric: 'accuracy'
	To change this, specify the eval_metric parameter of Predictor()
Automatically generating train/validation split with holdout_frac=0.2, Train Rows: 64, Val Rows: 16
User-specified model hyperparameters to be fit:
{
	'GBM': [{'extra_trees': True, 'ag_args': {'name_suffix': 'XT'}}, {'ag_args': {'name_suffix': 'Light'}}],
	'RF': [{'criterion': 'gini', 'max_depth': 10, 'ag_args': {'name_suffix': 'Gini', 'problem_types': ['binary', 'multiclass']}}],
	'XT': [{'criterion': 'gini', 'max_depth': 10, 'ag_args': {'name_suffix': 'Gini', 'problem_types': ['binary', 'multiclass']}}],
}
Fitting 4 L1 models, fit_strategy="sequential" ...
Fitting model: LightGBMXT ... Training model for up to 237.47s of the 237.47s of remaining time.
	0.875	 = Validation score   (accuracy)
	45.01s	 = Training   runtime
	0.41s	 = Validation runtime
Fitting model: LightGBMLight ... Training model for up to 192.43s of the 192.42s of remaining time.
	0.75	 = Validation score   (accuracy)
	7.14s	 = Training   runtime
	2.13s	 = Validation runtime
Fitting model: WeightedEnsemble_L2 ... Training model for up to 236.02s of the 124.03s of remaining time.
	Ensemble Weights: {'LightGBMXT': 1.0}
	0.875	 = Validation score   (accuracy)
	0.81s	 = Training   runtime
	0.02s	 = Validation runtime
AutoGluon training complete, total runtime = 117.64s ... Best model: WeightedEnsemble_L2 | Estimated inference throughput: 215.9 rows/s (16 batch size)
Disabling decision threshold calibration for metric `accuracy` due to having fewer than 10000 rows of validation data for calibration, to avoid overfitting (16 rows).
	`accuracy` is generally not improved through threshold calibration. Force calibration via specifying `calibrate_decision_threshold=True`.
TabularPredictor saved. To load, use: predictor = TabularPredictor.load("/home/baderlab/mzarant/SignatureInference/models/default_uncorrelated/0.8-234675097/Predictor_S5 (SBS5 - 0.98)")
Verbosity: 2 (Standard Logging)
=================== System Info ===================
AutoGluon Version:  1.2
Python Version:     3.10.15
Operating System:   Linux
Platform Machine:   x86_64
Platform Version:   #1 SMP PREEMPT_DYNAMIC Thu Apr 3 12:12:16 UTC 2025
CPU Count:          272
Memory Avail:       196.42 GB / 203.90 GB (96.3%)
Disk Space Avail:   1381.98 GB / 5120.00 GB (27.0%)
===================================================
Presets specified: ['medium_quality']
Beginning AutoGluon training ... Time limit = 240s
AutoGluon will save models to "/home/baderlab/mzarant/SignatureInference/models/default_uncorrelated/0.8-234675097/Predictor_S6 (SBS7a - 1.00)"
Train Data Rows:    80
Train Data Columns: 101
Label Column:       S6 (SBS7a - 1.00)
Problem Type:       binary
Preprocessing data ...
Selected class <--> label mapping:  class 1 = True, class 0 = False
Using Feature Generators to preprocess the data ...
Fitting AutoMLPipelineFeatureGenerator...
	0.875	 = Validation score   (accuracy)
	37.62s	 = Training   runtime
	0.06s	 = Validation runtime
	Available Memory:                    201075.91 MB
	Train Data (Original)  Memory Usage: 0.06 MB (0.0% of available memory)
	Inferring data type of each feature based on column values. Set feature_metadata_in to manually specify special dtypes of the features.
Fitting model: RandomForestGini ... Training model for up to 158.98s of the 158.97s of remaining time.
	Stage 1 Generators:
		Fitting AsTypeFeatureGenerator...
			Note: Converting 5 features to boolean dtype as they only contain 2 unique values.
	Stage 2 Generators:
		Fitting FillNaFeatureGenerator...
	Stage 3 Generators:
		Fitting IdentityFeatureGenerator...
	Stage 4 Generators:
		Fitting DropUniqueFeatureGenerator...
	Stage 5 Generators:
		Fitting DropDuplicatesFeatureGenerator...
	Types of features in original data (raw dtype, special dtypes):
		('bool', []) :  5 | ['S1 (SBS1 - 0.99)', 'S2 (SBS2 - 0.99)', 'S3 (SBS3 - 0.97)', 'S4 (SBS4 - 0.98)', 'S5 (SBS5 - 0.98)']
		('int', [])  : 96 | ['A[C>A]A', 'A[C>A]C', 'A[C>A]G', 'A[C>A]T', 'A[C>G]A', ...]
	Types of features in processed data (raw dtype, special dtypes):
		('int', [])       : 96 | ['A[C>A]A', 'A[C>A]C', 'A[C>A]G', 'A[C>A]T', 'A[C>G]A', ...]
		('int', ['bool']) :  5 | ['S1 (SBS1 - 0.99)', 'S2 (SBS2 - 0.99)', 'S3 (SBS3 - 0.97)', 'S4 (SBS4 - 0.98)', 'S5 (SBS5 - 0.98)']
	2.1s = Fit runtime
	101 features in original data used to generate 101 features in processed data.
	Train Data (Processed) Memory Usage: 0.06 MB (0.0% of available memory)
Data preprocessing and feature engineering runtime = 2.45s ...
AutoGluon will gauge predictive performance using evaluation metric: 'accuracy'
	To change this, specify the eval_metric parameter of Predictor()
Automatically generating train/validation split with holdout_frac=0.2, Train Rows: 64, Val Rows: 16
User-specified model hyperparameters to be fit:
{
	'GBM': [{'extra_trees': True, 'ag_args': {'name_suffix': 'XT'}}, {'ag_args': {'name_suffix': 'Light'}}],
	'RF': [{'criterion': 'gini', 'max_depth': 10, 'ag_args': {'name_suffix': 'Gini', 'problem_types': ['binary', 'multiclass']}}],
	'XT': [{'criterion': 'gini', 'max_depth': 10, 'ag_args': {'name_suffix': 'Gini', 'problem_types': ['binary', 'multiclass']}}],
}
Fitting 4 L1 models, fit_strategy="sequential" ...
Fitting model: LightGBMXT ... Training model for up to 237.54s of the 237.53s of remaining time.
	0.875	 = Validation score   (accuracy)
	7.65s	 = Training   runtime
	1.71s	 = Validation runtime
Fitting model: ExtraTreesGini ... Training model for up to 149.44s of the 149.43s of remaining time.
	0.75	 = Validation score   (accuracy)
	28.27s	 = Training   runtime
	0.01s	 = Validation runtime
Fitting model: LightGBMLight ... Training model for up to 208.50s of the 208.49s of remaining time.
	0.875	 = Validation score   (accuracy)
	26.68s	 = Training   runtime
	0.07s	 = Validation runtime
Fitting model: RandomForestGini ... Training model for up to 168.77s of the 168.76s of remaining time.
	0.875	 = Validation score   (accuracy)
	6.74s	 = Training   runtime
	2.97s	 = Validation runtime
Fitting model: WeightedEnsemble_L2 ... Training model for up to 237.21s of the 139.41s of remaining time.
	Ensemble Weights: {'LightGBMXT': 1.0}
	0.875	 = Validation score   (accuracy)
	0.82s	 = Training   runtime
	0.01s	 = Validation runtime
AutoGluon training complete, total runtime = 102.04s ... Best model: WeightedEnsemble_L2 | Estimated inference throughput: 132.4 rows/s (16 batch size)
Disabling decision threshold calibration for metric `accuracy` due to having fewer than 10000 rows of validation data for calibration, to avoid overfitting (16 rows).
	`accuracy` is generally not improved through threshold calibration. Force calibration via specifying `calibrate_decision_threshold=True`.
TabularPredictor saved. To load, use: predictor = TabularPredictor.load("/home/baderlab/mzarant/SignatureInference/models/default_uncorrelated/0.4-49193182/Predictor_S6 (SBS7a - 1.00)")
Verbosity: 2 (Standard Logging)
	0.875	 = Validation score   (accuracy)
	32.65s	 = Training   runtime
=================== System Info ===================
AutoGluon Version:  1.2
Python Version:     3.10.15
Operating System:   Linux
Platform Machine:   x86_64
Platform Version:   #1 SMP PREEMPT_DYNAMIC Thu Apr 3 12:12:16 UTC 2025
CPU Count:          272
Memory Avail:       195.97 GB / 203.90 GB (96.1%)
Disk Space Avail:   1381.97 GB / 5120.00 GB (27.0%)
===================================================
	0.25s	 = Validation runtime
Presets specified: ['medium_quality']
Fitting model: LightGBMLight ... Training model for up to 203.36s of the 203.35s of remaining time.
Beginning AutoGluon training ... Time limit = 240s
AutoGluon will save models to "/home/baderlab/mzarant/SignatureInference/models/default_uncorrelated/0.4-49193182/Predictor_S7 (SBS7b - 0.96)"
Train Data Rows:    80
Train Data Columns: 102
Label Column:       S7 (SBS7b - 0.96)
Problem Type:       binary
Preprocessing data ...
Selected class <--> label mapping:  class 1 = True, class 0 = False
Using Feature Generators to preprocess the data ...
Fitting AutoMLPipelineFeatureGenerator...
	Available Memory:                    200724.09 MB
	Train Data (Original)  Memory Usage: 0.06 MB (0.0% of available memory)
	Inferring data type of each feature based on column values. Set feature_metadata_in to manually specify special dtypes of the features.
	Stage 1 Generators:
		Fitting AsTypeFeatureGenerator...
			Note: Converting 6 features to boolean dtype as they only contain 2 unique values.
	Stage 2 Generators:
		Fitting FillNaFeatureGenerator...
	Stage 3 Generators:
		Fitting IdentityFeatureGenerator...
	Stage 4 Generators:
		Fitting DropUniqueFeatureGenerator...
	Stage 5 Generators:
		Fitting DropDuplicatesFeatureGenerator...
	Types of features in original data (raw dtype, special dtypes):
		('bool', []) :  6 | ['S1 (SBS1 - 0.99)', 'S2 (SBS2 - 0.99)', 'S3 (SBS3 - 0.97)', 'S4 (SBS4 - 0.98)', 'S5 (SBS5 - 0.98)', ...]
		('int', [])  : 96 | ['A[C>A]A', 'A[C>A]C', 'A[C>A]G', 'A[C>A]T', 'A[C>G]A', ...]
	Types of features in processed data (raw dtype, special dtypes):
		('int', [])       : 96 | ['A[C>A]A', 'A[C>A]C', 'A[C>A]G', 'A[C>A]T', 'A[C>G]A', ...]
		('int', ['bool']) :  6 | ['S1 (SBS1 - 0.99)', 'S2 (SBS2 - 0.99)', 'S3 (SBS3 - 0.97)', 'S4 (SBS4 - 0.98)', 'S5 (SBS5 - 0.98)', ...]
	1.5s = Fit runtime
	102 features in original data used to generate 102 features in processed data.
	Train Data (Processed) Memory Usage: 0.06 MB (0.0% of available memory)
Data preprocessing and feature engineering runtime = 1.65s ...
AutoGluon will gauge predictive performance using evaluation metric: 'accuracy'
	To change this, specify the eval_metric parameter of Predictor()
Automatically generating train/validation split with holdout_frac=0.2, Train Rows: 64, Val Rows: 16
User-specified model hyperparameters to be fit:
{
	'GBM': [{'extra_trees': True, 'ag_args': {'name_suffix': 'XT'}}, {'ag_args': {'name_suffix': 'Light'}}],
	'RF': [{'criterion': 'gini', 'max_depth': 10, 'ag_args': {'name_suffix': 'Gini', 'problem_types': ['binary', 'multiclass']}}],
	'XT': [{'criterion': 'gini', 'max_depth': 10, 'ag_args': {'name_suffix': 'Gini', 'problem_types': ['binary', 'multiclass']}}],
}
Fitting 4 L1 models, fit_strategy="sequential" ...
Fitting model: LightGBMXT ... Training model for up to 238.34s of the 238.34s of remaining time.
	0.875	 = Validation score   (accuracy)
	7.87s	 = Training   runtime
	2.61s	 = Validation runtime
Fitting model: ExtraTreesGini ... Training model for up to 158.12s of the 158.11s of remaining time.
	0.875	 = Validation score   (accuracy)
	5.8s	 = Training   runtime
	1.46s	 = Validation runtime
Fitting model: WeightedEnsemble_L2 ... Training model for up to 236.23s of the 150.62s of remaining time.
	0.875	 = Validation score   (accuracy)
	37.41s	 = Training   runtime
	0.06s	 = Validation runtime
Fitting model: RandomForestGini ... Training model for up to 154.31s of the 154.31s of remaining time.
	Ensemble Weights: {'LightGBMXT': 1.0}
	0.875	 = Validation score   (accuracy)
	1.74s	 = Training   runtime
	0.01s	 = Validation runtime
AutoGluon training complete, total runtime = 91.93s ... Best model: WeightedEnsemble_L2 | Estimated inference throughput: 221.8 rows/s (16 batch size)
Disabling decision threshold calibration for metric `accuracy` due to having fewer than 10000 rows of validation data for calibration, to avoid overfitting (16 rows).
	`accuracy` is generally not improved through threshold calibration. Force calibration via specifying `calibrate_decision_threshold=True`.
TabularPredictor saved. To load, use: predictor = TabularPredictor.load("/home/baderlab/mzarant/SignatureInference/models/default_uncorrelated/0.15-499683164/Predictor_S6 (SBS7a - 1.00)")
Verbosity: 2 (Standard Logging)
=================== System Info ===================
AutoGluon Version:  1.2
Python Version:     3.10.15
Operating System:   Linux
Platform Machine:   x86_64
Platform Version:   #1 SMP PREEMPT_DYNAMIC Thu Apr 3 12:12:16 UTC 2025
CPU Count:          272
Memory Avail:       196.23 GB / 203.90 GB (96.2%)
Disk Space Avail:   1381.97 GB / 5120.00 GB (27.0%)
===================================================
Presets specified: ['medium_quality']
Beginning AutoGluon training ... Time limit = 240s
AutoGluon will save models to "/home/baderlab/mzarant/SignatureInference/models/default_uncorrelated/0.15-499683164/Predictor_S7 (SBS7b - 0.96)"
Train Data Rows:    80
Train Data Columns: 102
Label Column:       S7 (SBS7b - 0.96)
Problem Type:       binary
Preprocessing data ...
Selected class <--> label mapping:  class 1 = True, class 0 = False
Using Feature Generators to preprocess the data ...
Fitting AutoMLPipelineFeatureGenerator...
	Available Memory:                    201033.14 MB
	Train Data (Original)  Memory Usage: 0.06 MB (0.0% of available memory)
	Inferring data type of each feature based on column values. Set feature_metadata_in to manually specify special dtypes of the features.
	Stage 1 Generators:
		Fitting AsTypeFeatureGenerator...
	0.875	 = Validation score   (accuracy)
	36.08s	 = Training   runtime
	0.07s	 = Validation runtime
Fitting model: LightGBMLight ... Training model for up to 201.06s of the 201.05s of remaining time.
			Note: Converting 6 features to boolean dtype as they only contain 2 unique values.
	Stage 2 Generators:
		Fitting FillNaFeatureGenerator...
	Stage 3 Generators:
		Fitting IdentityFeatureGenerator...
	Stage 4 Generators:
		Fitting DropUniqueFeatureGenerator...
	Stage 5 Generators:
		Fitting DropDuplicatesFeatureGenerator...
	0.875	 = Validation score   (accuracy)
	61.69s	 = Training   runtime
	0.04s	 = Validation runtime
	Types of features in original data (raw dtype, special dtypes):
		('bool', []) :  6 | ['S1 (SBS1 - 0.99)', 'S2 (SBS2 - 0.99)', 'S3 (SBS3 - 0.97)', 'S4 (SBS4 - 0.98)', 'S5 (SBS5 - 0.98)', ...]
		('int', [])  : 96 | ['A[C>A]A', 'A[C>A]C', 'A[C>A]G', 'A[C>A]T', 'A[C>G]A', ...]
	Types of features in processed data (raw dtype, special dtypes):
		('int', [])       : 96 | ['A[C>A]A', 'A[C>A]C', 'A[C>A]G', 'A[C>A]T', 'A[C>G]A', ...]
Fitting model: RandomForestGini ... Training model for up to 128.24s of the 128.23s of remaining time.
		('int', ['bool']) :  6 | ['S1 (SBS1 - 0.99)', 'S2 (SBS2 - 0.99)', 'S3 (SBS3 - 0.97)', 'S4 (SBS4 - 0.98)', 'S5 (SBS5 - 0.98)', ...]
	2.6s = Fit runtime
	102 features in original data used to generate 102 features in processed data.
	Train Data (Processed) Memory Usage: 0.06 MB (0.0% of available memory)
Data preprocessing and feature engineering runtime = 3.0s ...
AutoGluon will gauge predictive performance using evaluation metric: 'accuracy'
	To change this, specify the eval_metric parameter of Predictor()
Automatically generating train/validation split with holdout_frac=0.2, Train Rows: 64, Val Rows: 16
User-specified model hyperparameters to be fit:
{
	'GBM': [{'extra_trees': True, 'ag_args': {'name_suffix': 'XT'}}, {'ag_args': {'name_suffix': 'Light'}}],
	'RF': [{'criterion': 'gini', 'max_depth': 10, 'ag_args': {'name_suffix': 'Gini', 'problem_types': ['binary', 'multiclass']}}],
	'XT': [{'criterion': 'gini', 'max_depth': 10, 'ag_args': {'name_suffix': 'Gini', 'problem_types': ['binary', 'multiclass']}}],
}
Fitting 4 L1 models, fit_strategy="sequential" ...
Fitting model: LightGBMXT ... Training model for up to 237.00s of the 236.99s of remaining time.
	0.8125	 = Validation score   (accuracy)
	14.89s	 = Training   runtime
	1.7s	 = Validation runtime
Fitting model: ExtraTreesGini ... Training model for up to 137.49s of the 137.49s of remaining time.
	0.8125	 = Validation score   (accuracy)
	9.9s	 = Training   runtime
	4.51s	 = Validation runtime
Fitting model: ExtraTreesGini ... Training model for up to 113.59s of the 113.59s of remaining time.
	0.8125	 = Validation score   (accuracy)
	39.27s	 = Training   runtime
	0.02s	 = Validation runtime
Fitting model: RandomForestGini ... Training model for up to 168.94s of the 168.93s of remaining time.
	0.875	 = Validation score   (accuracy)
	41.64s	 = Training   runtime
	0.49s	 = Validation runtime
Fitting model: RandomForestGini ... Training model for up to 160.85s of the 160.84s of remaining time.
	0.75	 = Validation score   (accuracy)
	10.8s	 = Training   runtime
	10.57s	 = Validation runtime
Fitting model: WeightedEnsemble_L2 ... Training model for up to 238.03s of the 115.67s of remaining time.
	0.75	 = Validation score   (accuracy)
	48.07s	 = Training   runtime
	0.05s	 = Validation runtime
Fitting model: LightGBMLight ... Training model for up to 189.85s of the 189.84s of remaining time.
	Ensemble Weights: {'LightGBMXT': 1.0}
	0.875	 = Validation score   (accuracy)
	1.65s	 = Training   runtime
	0.08s	 = Validation runtime
AutoGluon training complete, total runtime = 129.42s ... Best model: WeightedEnsemble_L2 | Estimated inference throughput: 32.2 rows/s (16 batch size)
Disabling decision threshold calibration for metric `accuracy` due to having fewer than 10000 rows of validation data for calibration, to avoid overfitting (16 rows).
	`accuracy` is generally not improved through threshold calibration. Force calibration via specifying `calibrate_decision_threshold=True`.
TabularPredictor saved. To load, use: predictor = TabularPredictor.load("/home/baderlab/mzarant/SignatureInference/models/default_uncorrelated/0.7-157181832/Predictor_S5 (SBS5 - 0.98)")
Verbosity: 2 (Standard Logging)
=================== System Info ===================
AutoGluon Version:  1.2
Python Version:     3.10.15
Operating System:   Linux
Platform Machine:   x86_64
Platform Version:   #1 SMP PREEMPT_DYNAMIC Thu Apr 3 12:12:16 UTC 2025
CPU Count:          272
Memory Avail:       196.14 GB / 203.90 GB (96.2%)
Disk Space Avail:   1381.96 GB / 5120.00 GB (27.0%)
===================================================
Presets specified: ['medium_quality']
Beginning AutoGluon training ... Time limit = 240s
AutoGluon will save models to "/home/baderlab/mzarant/SignatureInference/models/default_uncorrelated/0.7-157181832/Predictor_S6 (SBS7a - 1.00)"
Train Data Rows:    80
Train Data Columns: 101
Label Column:       S6 (SBS7a - 1.00)
Problem Type:       binary
Preprocessing data ...
Selected class <--> label mapping:  class 1 = True, class 0 = False
Using Feature Generators to preprocess the data ...
Fitting AutoMLPipelineFeatureGenerator...
	Available Memory:                    200859.30 MB
	Train Data (Original)  Memory Usage: 0.06 MB (0.0% of available memory)
	Inferring data type of each feature based on column values. Set feature_metadata_in to manually specify special dtypes of the features.
	Stage 1 Generators:
		Fitting AsTypeFeatureGenerator...
			Note: Converting 5 features to boolean dtype as they only contain 2 unique values.
	Stage 2 Generators:
		Fitting FillNaFeatureGenerator...
	Stage 3 Generators:
		Fitting IdentityFeatureGenerator...
	Stage 4 Generators:
		Fitting DropUniqueFeatureGenerator...
	0.75	 = Validation score   (accuracy)
	18.62s	 = Training   runtime
	6.8s	 = Validation runtime
	Stage 5 Generators:
		Fitting DropDuplicatesFeatureGenerator...
Fitting model: WeightedEnsemble_L2 ... Training model for up to 238.23s of the 87.67s of remaining time.
	Types of features in original data (raw dtype, special dtypes):
		('bool', []) :  5 | ['S1 (SBS1 - 0.99)', 'S2 (SBS2 - 0.99)', 'S3 (SBS3 - 0.97)', 'S4 (SBS4 - 0.98)', 'S5 (SBS5 - 0.98)']
		('int', [])  : 96 | ['A[C>A]A', 'A[C>A]C', 'A[C>A]G', 'A[C>A]T', 'A[C>G]A', ...]
	Types of features in processed data (raw dtype, special dtypes):
		('int', [])       : 96 | ['A[C>A]A', 'A[C>A]C', 'A[C>A]G', 'A[C>A]T', 'A[C>G]A', ...]
		('int', ['bool']) :  5 | ['S1 (SBS1 - 0.99)', 'S2 (SBS2 - 0.99)', 'S3 (SBS3 - 0.97)', 'S4 (SBS4 - 0.98)', 'S5 (SBS5 - 0.98)']
	1.4s = Fit runtime
	101 features in original data used to generate 101 features in processed data.
	Train Data (Processed) Memory Usage: 0.06 MB (0.0% of available memory)
Data preprocessing and feature engineering runtime = 1.61s ...
AutoGluon will gauge predictive performance using evaluation metric: 'accuracy'
	To change this, specify the eval_metric parameter of Predictor()
Automatically generating train/validation split with holdout_frac=0.2, Train Rows: 64, Val Rows: 16
User-specified model hyperparameters to be fit:
{
	'GBM': [{'extra_trees': True, 'ag_args': {'name_suffix': 'XT'}}, {'ag_args': {'name_suffix': 'Light'}}],
	'RF': [{'criterion': 'gini', 'max_depth': 10, 'ag_args': {'name_suffix': 'Gini', 'problem_types': ['binary', 'multiclass']}}],
	'XT': [{'criterion': 'gini', 'max_depth': 10, 'ag_args': {'name_suffix': 'Gini', 'problem_types': ['binary', 'multiclass']}}],
}
	0.625	 = Validation score   (accuracy)
	16.09s	 = Training   runtime
	9.39s	 = Validation runtime
Fitting model: ExtraTreesGini ... Training model for up to 143.14s of the 143.14s of remaining time.
Fitting 4 L1 models, fit_strategy="sequential" ...
Fitting model: LightGBMXT ... Training model for up to 238.39s of the 238.32s of remaining time.
	Ensemble Weights: {'LightGBMXT': 1.0}
	0.875	 = Validation score   (accuracy)
	1.29s	 = Training   runtime
	0.02s	 = Validation runtime
AutoGluon training complete, total runtime = 154.41s ... Best model: WeightedEnsemble_L2 | Estimated inference throughput: 292.5 rows/s (16 batch size)
Disabling decision threshold calibration for metric `accuracy` due to having fewer than 10000 rows of validation data for calibration, to avoid overfitting (16 rows).
	`accuracy` is generally not improved through threshold calibration. Force calibration via specifying `calibrate_decision_threshold=True`.
TabularPredictor saved. To load, use: predictor = TabularPredictor.load("/home/baderlab/mzarant/SignatureInference/models/default_uncorrelated/0.6-367737620/Predictor_S5 (SBS5 - 0.98)")
Verbosity: 2 (Standard Logging)
=================== System Info ===================
AutoGluon Version:  1.2
Python Version:     3.10.15
Operating System:   Linux
Platform Machine:   x86_64
Platform Version:   #1 SMP PREEMPT_DYNAMIC Thu Apr 3 12:12:16 UTC 2025
CPU Count:          272
Memory Avail:       196.16 GB / 203.90 GB (96.2%)
Disk Space Avail:   1381.96 GB / 5120.00 GB (27.0%)
===================================================
Presets specified: ['medium_quality']
Beginning AutoGluon training ... Time limit = 240s
AutoGluon will save models to "/home/baderlab/mzarant/SignatureInference/models/default_uncorrelated/0.6-367737620/Predictor_S6 (SBS7a - 1.00)"
Train Data Rows:    80
Train Data Columns: 101
Label Column:       S6 (SBS7a - 1.00)
Problem Type:       binary
Preprocessing data ...
Selected class <--> label mapping:  class 1 = True, class 0 = False
Using Feature Generators to preprocess the data ...
Fitting AutoMLPipelineFeatureGenerator...
	Available Memory:                    200807.38 MB
	Train Data (Original)  Memory Usage: 0.06 MB (0.0% of available memory)
	Inferring data type of each feature based on column values. Set feature_metadata_in to manually specify special dtypes of the features.
	Stage 1 Generators:
		Fitting AsTypeFeatureGenerator...
			Note: Converting 5 features to boolean dtype as they only contain 2 unique values.
	Stage 2 Generators:
		Fitting FillNaFeatureGenerator...
	Stage 3 Generators:
		Fitting IdentityFeatureGenerator...
	Stage 4 Generators:
		Fitting DropUniqueFeatureGenerator...
	Stage 5 Generators:
		Fitting DropDuplicatesFeatureGenerator...
	Types of features in original data (raw dtype, special dtypes):
		('bool', []) :  5 | ['S1 (SBS1 - 0.99)', 'S2 (SBS2 - 0.99)', 'S3 (SBS3 - 0.97)', 'S4 (SBS4 - 0.98)', 'S5 (SBS5 - 0.98)']
		('int', [])  : 96 | ['A[C>A]A', 'A[C>A]C', 'A[C>A]G', 'A[C>A]T', 'A[C>G]A', ...]
	Types of features in processed data (raw dtype, special dtypes):
		('int', [])       : 96 | ['A[C>A]A', 'A[C>A]C', 'A[C>A]G', 'A[C>A]T', 'A[C>G]A', ...]
		('int', ['bool']) :  5 | ['S1 (SBS1 - 0.99)', 'S2 (SBS2 - 0.99)', 'S3 (SBS3 - 0.97)', 'S4 (SBS4 - 0.98)', 'S5 (SBS5 - 0.98)']
	1.9s = Fit runtime
	101 features in original data used to generate 101 features in processed data.
	Train Data (Processed) Memory Usage: 0.06 MB (0.0% of available memory)
Data preprocessing and feature engineering runtime = 2.25s ...
AutoGluon will gauge predictive performance using evaluation metric: 'accuracy'
	To change this, specify the eval_metric parameter of Predictor()
Automatically generating train/validation split with holdout_frac=0.2, Train Rows: 64, Val Rows: 16
User-specified model hyperparameters to be fit:
{
	'GBM': [{'extra_trees': True, 'ag_args': {'name_suffix': 'XT'}}, {'ag_args': {'name_suffix': 'Light'}}],
	'RF': [{'criterion': 'gini', 'max_depth': 10, 'ag_args': {'name_suffix': 'Gini', 'problem_types': ['binary', 'multiclass']}}],
	'XT': [{'criterion': 'gini', 'max_depth': 10, 'ag_args': {'name_suffix': 'Gini', 'problem_types': ['binary', 'multiclass']}}],
}
Fitting 4 L1 models, fit_strategy="sequential" ...
Fitting model: LightGBMXT ... Training model for up to 237.75s of the 237.74s of remaining time.
	0.875	 = Validation score   (accuracy)
	15.5s	 = Training   runtime
	3.74s	 = Validation runtime
Fitting model: ExtraTreesGini ... Training model for up to 141.39s of the 141.39s of remaining time.
	0.875	 = Validation score   (accuracy)
	53.58s	 = Training   runtime
	0.01s	 = Validation runtime
Fitting model: RandomForestGini ... Training model for up to 147.38s of the 147.37s of remaining time.
	0.625	 = Validation score   (accuracy)
	8.81s	 = Training   runtime
	3.09s	 = Validation runtime
Fitting model: WeightedEnsemble_L2 ... Training model for up to 236.87s of the 127.84s of remaining time.
	0.75	 = Validation score   (accuracy)
	57.6s	 = Training   runtime
	0.03s	 = Validation runtime
Fitting model: LightGBMLight ... Training model for up to 179.11s of the 179.10s of remaining time.
	Ensemble Weights: {'LightGBMLight': 1.0}
	0.8125	 = Validation score   (accuracy)
	1.47s	 = Training   runtime
	0.01s	 = Validation runtime
AutoGluon training complete, total runtime = 114.93s ... Best model: WeightedEnsemble_L2 | Estimated inference throughput: 550.4 rows/s (16 batch size)
Disabling decision threshold calibration for metric `accuracy` due to having fewer than 10000 rows of validation data for calibration, to avoid overfitting (16 rows).
	`accuracy` is generally not improved through threshold calibration. Force calibration via specifying `calibrate_decision_threshold=True`.
TabularPredictor saved. To load, use: predictor = TabularPredictor.load("/home/baderlab/mzarant/SignatureInference/models/default_uncorrelated/0.04-958679641/Predictor_S8 (SBS8 - 0.92)")
Verbosity: 2 (Standard Logging)
=================== System Info ===================
AutoGluon Version:  1.2
Python Version:     3.10.15
Operating System:   Linux
Platform Machine:   x86_64
Platform Version:   #1 SMP PREEMPT_DYNAMIC Thu Apr 3 12:12:16 UTC 2025
CPU Count:          272
Memory Avail:       196.20 GB / 203.90 GB (96.2%)
Disk Space Avail:   1381.96 GB / 5120.00 GB (27.0%)
===================================================
Presets specified: ['medium_quality']
Beginning AutoGluon training ... Time limit = 240s
AutoGluon will save models to "/home/baderlab/mzarant/SignatureInference/models/default_uncorrelated/0.04-958679641/Predictor_S9 (SBS9 - 0.94)"
Train Data Rows:    80
Train Data Columns: 104
Label Column:       S9 (SBS9 - 0.94)
Problem Type:       binary
Preprocessing data ...
Selected class <--> label mapping:  class 1 = True, class 0 = False
Using Feature Generators to preprocess the data ...
Fitting AutoMLPipelineFeatureGenerator...
	Available Memory:                    200913.77 MB
	Train Data (Original)  Memory Usage: 0.06 MB (0.0% of available memory)
	Inferring data type of each feature based on column values. Set feature_metadata_in to manually specify special dtypes of the features.
	Stage 1 Generators:
		Fitting AsTypeFeatureGenerator...
			Note: Converting 8 features to boolean dtype as they only contain 2 unique values.
	Stage 2 Generators:
		Fitting FillNaFeatureGenerator...
	Stage 3 Generators:
		Fitting IdentityFeatureGenerator...
	Stage 4 Generators:
		Fitting DropUniqueFeatureGenerator...
	Stage 5 Generators:
		Fitting DropDuplicatesFeatureGenerator...
	Types of features in original data (raw dtype, special dtypes):
		('bool', []) :  8 | ['S1 (SBS1 - 0.99)', 'S2 (SBS2 - 0.99)', 'S3 (SBS3 - 0.97)', 'S4 (SBS4 - 0.98)', 'S5 (SBS5 - 0.98)', ...]
		('int', [])  : 96 | ['A[C>A]A', 'A[C>A]C', 'A[C>A]G', 'A[C>A]T', 'A[C>G]A', ...]
	Types of features in processed data (raw dtype, special dtypes):
		('int', [])       : 96 | ['A[C>A]A', 'A[C>A]C', 'A[C>A]G', 'A[C>A]T', 'A[C>G]A', ...]
		('int', ['bool']) :  8 | ['S1 (SBS1 - 0.99)', 'S2 (SBS2 - 0.99)', 'S3 (SBS3 - 0.97)', 'S4 (SBS4 - 0.98)', 'S5 (SBS5 - 0.98)', ...]
	5.3s = Fit runtime
	104 features in original data used to generate 104 features in processed data.
	Train Data (Processed) Memory Usage: 0.06 MB (0.0% of available memory)
Data preprocessing and feature engineering runtime = 5.57s ...
AutoGluon will gauge predictive performance using evaluation metric: 'accuracy'
	To change this, specify the eval_metric parameter of Predictor()
Automatically generating train/validation split with holdout_frac=0.2, Train Rows: 64, Val Rows: 16
User-specified model hyperparameters to be fit:
{
	'GBM': [{'extra_trees': True, 'ag_args': {'name_suffix': 'XT'}}, {'ag_args': {'name_suffix': 'Light'}}],
	'RF': [{'criterion': 'gini', 'max_depth': 10, 'ag_args': {'name_suffix': 'Gini', 'problem_types': ['binary', 'multiclass']}}],
	'XT': [{'criterion': 'gini', 'max_depth': 10, 'ag_args': {'name_suffix': 'Gini', 'problem_types': ['binary', 'multiclass']}}],
}
Fitting 4 L1 models, fit_strategy="sequential" ...
Fitting model: LightGBMXT ... Training model for up to 234.43s of the 234.43s of remaining time.
	0.875	 = Validation score   (accuracy)
	13.16s	 = Training   runtime
	7.29s	 = Validation runtime
Fitting model: WeightedEnsemble_L2 ... Training model for up to 237.47s of the 120.66s of remaining time.
	Ensemble Weights: {'LightGBMXT': 1.0}
	0.875	 = Validation score   (accuracy)
	1.09s	 = Training   runtime
	0.01s	 = Validation runtime
AutoGluon training complete, total runtime = 120.93s ... Best model: WeightedEnsemble_L2 | Estimated inference throughput: 60.6 rows/s (16 batch size)
Disabling decision threshold calibration for metric `accuracy` due to having fewer than 10000 rows of validation data for calibration, to avoid overfitting (16 rows).
	`accuracy` is generally not improved through threshold calibration. Force calibration via specifying `calibrate_decision_threshold=True`.
TabularPredictor saved. To load, use: predictor = TabularPredictor.load("/home/baderlab/mzarant/SignatureInference/models/default_uncorrelated/0.5-249485644/Predictor_S6 (SBS7a - 1.00)")
Verbosity: 2 (Standard Logging)
=================== System Info ===================
AutoGluon Version:  1.2
Python Version:     3.10.15
Operating System:   Linux
Platform Machine:   x86_64
Platform Version:   #1 SMP PREEMPT_DYNAMIC Thu Apr 3 12:12:16 UTC 2025
CPU Count:          272
Memory Avail:       196.42 GB / 203.90 GB (96.3%)
Disk Space Avail:   1381.96 GB / 5120.00 GB (27.0%)
===================================================
Presets specified: ['medium_quality']
Beginning AutoGluon training ... Time limit = 240s
AutoGluon will save models to "/home/baderlab/mzarant/SignatureInference/models/default_uncorrelated/0.5-249485644/Predictor_S7 (SBS7b - 0.96)"
Train Data Rows:    80
Train Data Columns: 102
Label Column:       S7 (SBS7b - 0.96)
Problem Type:       binary
Preprocessing data ...
Selected class <--> label mapping:  class 1 = True, class 0 = False
Using Feature Generators to preprocess the data ...
Fitting AutoMLPipelineFeatureGenerator...
	Available Memory:                    201130.89 MB
	Train Data (Original)  Memory Usage: 0.06 MB (0.0% of available memory)
	Inferring data type of each feature based on column values. Set feature_metadata_in to manually specify special dtypes of the features.
	Stage 1 Generators:
		Fitting AsTypeFeatureGenerator...
			Note: Converting 6 features to boolean dtype as they only contain 2 unique values.
	Stage 2 Generators:
		Fitting FillNaFeatureGenerator...
	Stage 3 Generators:
		Fitting IdentityFeatureGenerator...
	Stage 4 Generators:
		Fitting DropUniqueFeatureGenerator...
	Stage 5 Generators:
		Fitting DropDuplicatesFeatureGenerator...
	Types of features in original data (raw dtype, special dtypes):
		('bool', []) :  6 | ['S1 (SBS1 - 0.99)', 'S2 (SBS2 - 0.99)', 'S3 (SBS3 - 0.97)', 'S4 (SBS4 - 0.98)', 'S5 (SBS5 - 0.98)', ...]
		('int', [])  : 96 | ['A[C>A]A', 'A[C>A]C', 'A[C>A]G', 'A[C>A]T', 'A[C>G]A', ...]
	Types of features in processed data (raw dtype, special dtypes):
		('int', [])       : 96 | ['A[C>A]A', 'A[C>A]C', 'A[C>A]G', 'A[C>A]T', 'A[C>G]A', ...]
		('int', ['bool']) :  6 | ['S1 (SBS1 - 0.99)', 'S2 (SBS2 - 0.99)', 'S3 (SBS3 - 0.97)', 'S4 (SBS4 - 0.98)', 'S5 (SBS5 - 0.98)', ...]
	1.2s = Fit runtime
	102 features in original data used to generate 102 features in processed data.
	Train Data (Processed) Memory Usage: 0.06 MB (0.0% of available memory)
Data preprocessing and feature engineering runtime = 1.39s ...
AutoGluon will gauge predictive performance using evaluation metric: 'accuracy'
	To change this, specify the eval_metric parameter of Predictor()
Automatically generating train/validation split with holdout_frac=0.2, Train Rows: 64, Val Rows: 16
User-specified model hyperparameters to be fit:
{
	'GBM': [{'extra_trees': True, 'ag_args': {'name_suffix': 'XT'}}, {'ag_args': {'name_suffix': 'Light'}}],
	'RF': [{'criterion': 'gini', 'max_depth': 10, 'ag_args': {'name_suffix': 'Gini', 'problem_types': ['binary', 'multiclass']}}],
	'XT': [{'criterion': 'gini', 'max_depth': 10, 'ag_args': {'name_suffix': 'Gini', 'problem_types': ['binary', 'multiclass']}}],
}
Fitting 4 L1 models, fit_strategy="sequential" ...
Fitting model: LightGBMXT ... Training model for up to 238.61s of the 238.60s of remaining time.
	0.875	 = Validation score   (accuracy)
	13.3s	 = Training   runtime
	3.98s	 = Validation runtime
Fitting model: ExtraTreesGini ... Training model for up to 129.38s of the 129.37s of remaining time.
	0.75	 = Validation score   (accuracy)
	36.3s	 = Training   runtime
	0.08s	 = Validation runtime
Fitting model: RandomForestGini ... Training model for up to 153.21s of the 153.21s of remaining time.
	0.875	 = Validation score   (accuracy)
	41.2s	 = Training   runtime
	0.05s	 = Validation runtime
Fitting model: LightGBMLight ... Training model for up to 196.75s of the 196.68s of remaining time.
	0.875	 = Validation score   (accuracy)
	8.25s	 = Training   runtime
	4.72s	 = Validation runtime
Fitting model: WeightedEnsemble_L2 ... Training model for up to 237.54s of the 116.06s of remaining time.
	0.6875	 = Validation score   (accuracy)
	11.1s	 = Training   runtime
	2.42s	 = Validation runtime
	Ensemble Weights: {'LightGBMXT': 1.0}
	0.875	 = Validation score   (accuracy)
	1.04s	 = Training   runtime
	0.11s	 = Validation runtime
Fitting model: ExtraTreesGini ... Training model for up to 139.40s of the 139.40s of remaining time.
AutoGluon training complete, total runtime = 125.9s ... Best model: WeightedEnsemble_L2 | Estimated inference throughput: 88.3 rows/s (16 batch size)
Disabling decision threshold calibration for metric `accuracy` due to having fewer than 10000 rows of validation data for calibration, to avoid overfitting (16 rows).
	`accuracy` is generally not improved through threshold calibration. Force calibration via specifying `calibrate_decision_threshold=True`.
TabularPredictor saved. To load, use: predictor = TabularPredictor.load("/home/baderlab/mzarant/SignatureInference/models/default_uncorrelated/0.8-234675097/Predictor_S6 (SBS7a - 1.00)")
Verbosity: 2 (Standard Logging)
=================== System Info ===================
AutoGluon Version:  1.2
Python Version:     3.10.15
Operating System:   Linux
Platform Machine:   x86_64
Platform Version:   #1 SMP PREEMPT_DYNAMIC Thu Apr 3 12:12:16 UTC 2025
CPU Count:          272
Memory Avail:       196.24 GB / 203.90 GB (96.2%)
Disk Space Avail:   1381.96 GB / 5120.00 GB (27.0%)
===================================================
Presets specified: ['medium_quality']
Beginning AutoGluon training ... Time limit = 240s
AutoGluon will save models to "/home/baderlab/mzarant/SignatureInference/models/default_uncorrelated/0.8-234675097/Predictor_S7 (SBS7b - 0.96)"
Train Data Rows:    80
Train Data Columns: 102
Label Column:       S7 (SBS7b - 0.96)
Problem Type:       binary
Preprocessing data ...
Selected class <--> label mapping:  class 1 = True, class 0 = False
Using Feature Generators to preprocess the data ...
Fitting AutoMLPipelineFeatureGenerator...
	Available Memory:                    200930.46 MB
	Train Data (Original)  Memory Usage: 0.06 MB (0.0% of available memory)
	Inferring data type of each feature based on column values. Set feature_metadata_in to manually specify special dtypes of the features.
	Stage 1 Generators:
		Fitting AsTypeFeatureGenerator...
			Note: Converting 6 features to boolean dtype as they only contain 2 unique values.
	Stage 2 Generators:
		Fitting FillNaFeatureGenerator...
	Stage 3 Generators:
		Fitting IdentityFeatureGenerator...
	Stage 4 Generators:
		Fitting DropUniqueFeatureGenerator...
	Stage 5 Generators:
		Fitting DropDuplicatesFeatureGenerator...
	Types of features in original data (raw dtype, special dtypes):
		('bool', []) :  6 | ['S1 (SBS1 - 0.99)', 'S2 (SBS2 - 0.99)', 'S3 (SBS3 - 0.97)', 'S4 (SBS4 - 0.98)', 'S5 (SBS5 - 0.98)', ...]
		('int', [])  : 96 | ['A[C>A]A', 'A[C>A]C', 'A[C>A]G', 'A[C>A]T', 'A[C>G]A', ...]
	Types of features in processed data (raw dtype, special dtypes):
		('int', [])       : 96 | ['A[C>A]A', 'A[C>A]C', 'A[C>A]G', 'A[C>A]T', 'A[C>G]A', ...]
		('int', ['bool']) :  6 | ['S1 (SBS1 - 0.99)', 'S2 (SBS2 - 0.99)', 'S3 (SBS3 - 0.97)', 'S4 (SBS4 - 0.98)', 'S5 (SBS5 - 0.98)', ...]
	2.4s = Fit runtime
	102 features in original data used to generate 102 features in processed data.
	Train Data (Processed) Memory Usage: 0.06 MB (0.0% of available memory)
Data preprocessing and feature engineering runtime = 2.66s ...
AutoGluon will gauge predictive performance using evaluation metric: 'accuracy'
	To change this, specify the eval_metric parameter of Predictor()
Automatically generating train/validation split with holdout_frac=0.2, Train Rows: 64, Val Rows: 16
User-specified model hyperparameters to be fit:
{
	'GBM': [{'extra_trees': True, 'ag_args': {'name_suffix': 'XT'}}, {'ag_args': {'name_suffix': 'Light'}}],
	'RF': [{'criterion': 'gini', 'max_depth': 10, 'ag_args': {'name_suffix': 'Gini', 'problem_types': ['binary', 'multiclass']}}],
	'XT': [{'criterion': 'gini', 'max_depth': 10, 'ag_args': {'name_suffix': 'Gini', 'problem_types': ['binary', 'multiclass']}}],
}
Fitting 4 L1 models, fit_strategy="sequential" ...
Fitting model: LightGBMXT ... Training model for up to 237.34s of the 237.33s of remaining time.
	0.875	 = Validation score   (accuracy)
	43.9s	 = Training   runtime
	0.06s	 = Validation runtime
Fitting model: LightGBMLight ... Training model for up to 193.63s of the 193.63s of remaining time.
	0.75	 = Validation score   (accuracy)
	8.05s	 = Training   runtime
	0.81s	 = Validation runtime
	0.6875	 = Validation score   (accuracy)
	28.54s	 = Training   runtime
	0.01s	 = Validation runtime
Fitting model: WeightedEnsemble_L2 ... Training model for up to 238.34s of the 130.31s of remaining time.
Fitting model: LightGBMLight ... Training model for up to 205.80s of the 205.79s of remaining time.
	Ensemble Weights: {'LightGBMXT': 1.0}
	0.75	 = Validation score   (accuracy)
	0.62s	 = Training   runtime
	0.01s	 = Validation runtime
AutoGluon training complete, total runtime = 110.65s ... Best model: WeightedEnsemble_L2 | Estimated inference throughput: 279.4 rows/s (16 batch size)
Disabling decision threshold calibration for metric `accuracy` due to having fewer than 10000 rows of validation data for calibration, to avoid overfitting (16 rows).
	`accuracy` is generally not improved through threshold calibration. Force calibration via specifying `calibrate_decision_threshold=True`.
TabularPredictor saved. To load, use: predictor = TabularPredictor.load("/home/baderlab/mzarant/SignatureInference/models/default_uncorrelated/0.4-49193182/Predictor_S7 (SBS7b - 0.96)")
Verbosity: 2 (Standard Logging)
=================== System Info ===================
AutoGluon Version:  1.2
Python Version:     3.10.15
Operating System:   Linux
Platform Machine:   x86_64
Platform Version:   #1 SMP PREEMPT_DYNAMIC Thu Apr 3 12:12:16 UTC 2025
CPU Count:          272
Memory Avail:       196.28 GB / 203.90 GB (96.3%)
Disk Space Avail:   1381.95 GB / 5120.00 GB (27.0%)
===================================================
Presets specified: ['medium_quality']
Beginning AutoGluon training ... Time limit = 240s
AutoGluon will save models to "/home/baderlab/mzarant/SignatureInference/models/default_uncorrelated/0.4-49193182/Predictor_S8 (SBS8 - 0.92)"
Train Data Rows:    80
Train Data Columns: 103
Label Column:       S8 (SBS8 - 0.92)
Problem Type:       binary
Preprocessing data ...
Selected class <--> label mapping:  class 1 = True, class 0 = False
Using Feature Generators to preprocess the data ...
Fitting AutoMLPipelineFeatureGenerator...
	Available Memory:                    201024.50 MB
	Train Data (Original)  Memory Usage: 0.06 MB (0.0% of available memory)
	Inferring data type of each feature based on column values. Set feature_metadata_in to manually specify special dtypes of the features.
	Stage 1 Generators:
		Fitting AsTypeFeatureGenerator...
			Note: Converting 7 features to boolean dtype as they only contain 2 unique values.
	Stage 2 Generators:
		Fitting FillNaFeatureGenerator...
	Stage 3 Generators:
		Fitting IdentityFeatureGenerator...
	Stage 4 Generators:
		Fitting DropUniqueFeatureGenerator...
	Stage 5 Generators:
		Fitting DropDuplicatesFeatureGenerator...
	Types of features in original data (raw dtype, special dtypes):
		('bool', []) :  7 | ['S1 (SBS1 - 0.99)', 'S2 (SBS2 - 0.99)', 'S3 (SBS3 - 0.97)', 'S4 (SBS4 - 0.98)', 'S5 (SBS5 - 0.98)', ...]
		('int', [])  : 96 | ['A[C>A]A', 'A[C>A]C', 'A[C>A]G', 'A[C>A]T', 'A[C>G]A', ...]
	Types of features in processed data (raw dtype, special dtypes):
		('int', [])       : 96 | ['A[C>A]A', 'A[C>A]C', 'A[C>A]G', 'A[C>A]T', 'A[C>G]A', ...]
		('int', ['bool']) :  7 | ['S1 (SBS1 - 0.99)', 'S2 (SBS2 - 0.99)', 'S3 (SBS3 - 0.97)', 'S4 (SBS4 - 0.98)', 'S5 (SBS5 - 0.98)', ...]
	1.3s = Fit runtime
	103 features in original data used to generate 103 features in processed data.
	Train Data (Processed) Memory Usage: 0.06 MB (0.0% of available memory)
Data preprocessing and feature engineering runtime = 1.48s ...
AutoGluon will gauge predictive performance using evaluation metric: 'accuracy'
	To change this, specify the eval_metric parameter of Predictor()
Automatically generating train/validation split with holdout_frac=0.2, Train Rows: 64, Val Rows: 16
User-specified model hyperparameters to be fit:
{
	'GBM': [{'extra_trees': True, 'ag_args': {'name_suffix': 'XT'}}, {'ag_args': {'name_suffix': 'Light'}}],
	'RF': [{'criterion': 'gini', 'max_depth': 10, 'ag_args': {'name_suffix': 'Gini', 'problem_types': ['binary', 'multiclass']}}],
	'XT': [{'criterion': 'gini', 'max_depth': 10, 'ag_args': {'name_suffix': 'Gini', 'problem_types': ['binary', 'multiclass']}}],
}
	0.75	 = Validation score   (accuracy)
	38.37s	 = Training   runtime
	0.06s	 = Validation runtime
Fitting model: RandomForestGini ... Training model for up to 140.60s of the 140.59s of remaining time.
Fitting 4 L1 models, fit_strategy="sequential" ...
Fitting model: LightGBMXT ... Training model for up to 238.52s of the 238.52s of remaining time.
	0.75	 = Validation score   (accuracy)
	35.36s	 = Training   runtime
	0.07s	 = Validation runtime
Fitting model: LightGBMLight ... Training model for up to 202.96s of the 202.96s of remaining time.
	0.75	 = Validation score   (accuracy)
	6.54s	 = Training   runtime
	1.57s	 = Validation runtime
Fitting model: ExtraTreesGini ... Training model for up to 132.15s of the 132.14s of remaining time.
	0.875	 = Validation score   (accuracy)
	25.5s	 = Training   runtime
	0.25s	 = Validation runtime
Fitting model: RandomForestGini ... Training model for up to 168.96s of the 168.88s of remaining time.
	0.75	 = Validation score   (accuracy)
	7.81s	 = Training   runtime
	2.12s	 = Validation runtime
Fitting model: WeightedEnsemble_L2 ... Training model for up to 237.00s of the 119.59s of remaining time.
	Ensemble Weights: {'LightGBMXT': 1.0}
	0.75	 = Validation score   (accuracy)
	0.89s	 = Training   runtime
	0.01s	 = Validation runtime
AutoGluon training complete, total runtime = 123.03s ... Best model: WeightedEnsemble_L2 | Estimated inference throughput: 336.4 rows/s (16 batch size)
Disabling decision threshold calibration for metric `accuracy` due to having fewer than 10000 rows of validation data for calibration, to avoid overfitting (16 rows).
	`accuracy` is generally not improved through threshold calibration. Force calibration via specifying `calibrate_decision_threshold=True`.
TabularPredictor saved. To load, use: predictor = TabularPredictor.load("/home/baderlab/mzarant/SignatureInference/models/default_uncorrelated/0.15-499683164/Predictor_S7 (SBS7b - 0.96)")
Verbosity: 2 (Standard Logging)
=================== System Info ===================
AutoGluon Version:  1.2
Python Version:     3.10.15
Operating System:   Linux
Platform Machine:   x86_64
Platform Version:   #1 SMP PREEMPT_DYNAMIC Thu Apr 3 12:12:16 UTC 2025
CPU Count:          272
Memory Avail:       196.15 GB / 203.90 GB (96.2%)
Disk Space Avail:   1381.95 GB / 5120.00 GB (27.0%)
===================================================
Presets specified: ['medium_quality']
Beginning AutoGluon training ... Time limit = 240s
AutoGluon will save models to "/home/baderlab/mzarant/SignatureInference/models/default_uncorrelated/0.15-499683164/Predictor_S8 (SBS8 - 0.92)"
Train Data Rows:    80
Train Data Columns: 103
Label Column:       S8 (SBS8 - 0.92)
Problem Type:       binary
Preprocessing data ...
Selected class <--> label mapping:  class 1 = True, class 0 = False
Using Feature Generators to preprocess the data ...
Fitting AutoMLPipelineFeatureGenerator...
	0.6875	 = Validation score   (accuracy)
	26.52s	 = Training   runtime
	0.03s	 = Validation runtime
	Available Memory:                    200827.70 MB
	Train Data (Original)  Memory Usage: 0.06 MB (0.0% of available memory)
	Inferring data type of each feature based on column values. Set feature_metadata_in to manually specify special dtypes of the features.
Fitting model: RandomForestGini ... Training model for up to 179.07s of the 179.06s of remaining time.
	0.75	 = Validation score   (accuracy)
	32.39s	 = Training   runtime
	0.02s	 = Validation runtime
	Stage 1 Generators:
		Fitting AsTypeFeatureGenerator...
Fitting model: LightGBMLight ... Training model for up to 204.38s of the 204.37s of remaining time.
			Note: Converting 7 features to boolean dtype as they only contain 2 unique values.
	Stage 2 Generators:
		Fitting FillNaFeatureGenerator...
	Stage 3 Generators:
		Fitting IdentityFeatureGenerator...
	Stage 4 Generators:
		Fitting DropUniqueFeatureGenerator...
	Stage 5 Generators:
		Fitting DropDuplicatesFeatureGenerator...
	Types of features in original data (raw dtype, special dtypes):
		('bool', []) :  7 | ['S1 (SBS1 - 0.99)', 'S2 (SBS2 - 0.99)', 'S3 (SBS3 - 0.97)', 'S4 (SBS4 - 0.98)', 'S5 (SBS5 - 0.98)', ...]
		('int', [])  : 96 | ['A[C>A]A', 'A[C>A]C', 'A[C>A]G', 'A[C>A]T', 'A[C>G]A', ...]
	Types of features in processed data (raw dtype, special dtypes):
		('int', [])       : 96 | ['A[C>A]A', 'A[C>A]C', 'A[C>A]G', 'A[C>A]T', 'A[C>G]A', ...]
		('int', ['bool']) :  7 | ['S1 (SBS1 - 0.99)', 'S2 (SBS2 - 0.99)', 'S3 (SBS3 - 0.97)', 'S4 (SBS4 - 0.98)', 'S5 (SBS5 - 0.98)', ...]
	3.0s = Fit runtime
	103 features in original data used to generate 103 features in processed data.
	Train Data (Processed) Memory Usage: 0.06 MB (0.0% of available memory)
Data preprocessing and feature engineering runtime = 3.44s ...
AutoGluon will gauge predictive performance using evaluation metric: 'accuracy'
	To change this, specify the eval_metric parameter of Predictor()
	0.875	 = Validation score   (accuracy)
	9.08s	 = Training   runtime
	3.87s	 = Validation runtime
Fitting model: ExtraTreesGini ... Training model for up to 155.69s of the 155.61s of remaining time.
Automatically generating train/validation split with holdout_frac=0.2, Train Rows: 64, Val Rows: 16
User-specified model hyperparameters to be fit:
{
	'GBM': [{'extra_trees': True, 'ag_args': {'name_suffix': 'XT'}}, {'ag_args': {'name_suffix': 'Light'}}],
	'RF': [{'criterion': 'gini', 'max_depth': 10, 'ag_args': {'name_suffix': 'Gini', 'problem_types': ['binary', 'multiclass']}}],
	'XT': [{'criterion': 'gini', 'max_depth': 10, 'ag_args': {'name_suffix': 'Gini', 'problem_types': ['binary', 'multiclass']}}],
}
Fitting 4 L1 models, fit_strategy="sequential" ...
Fitting model: LightGBMXT ... Training model for up to 236.55s of the 236.54s of remaining time.
	0.875	 = Validation score   (accuracy)
	35.54s	 = Training   runtime
	0.08s	 = Validation runtime
Fitting model: RandomForestGini ... Training model for up to 157.73s of the 157.73s of remaining time.
	0.6875	 = Validation score   (accuracy)
	11.77s	 = Training   runtime
	8.05s	 = Validation runtime
Fitting model: ExtraTreesGini ... Training model for up to 159.06s of the 159.05s of remaining time.
	0.875	 = Validation score   (accuracy)
	17.25s	 = Training   runtime
	8.02s	 = Validation runtime
Fitting model: WeightedEnsemble_L2 ... Training model for up to 238.39s of the 130.11s of remaining time.
	0.875	 = Validation score   (accuracy)
	16.34s	 = Training   runtime
	7.9s	 = Validation runtime
Fitting model: ExtraTreesGini ... Training model for up to 133.22s of the 133.21s of remaining time.
	0.75	 = Validation score   (accuracy)
	53.87s	 = Training   runtime
	0.07s	 = Validation runtime
Fitting model: LightGBMLight ... Training model for up to 184.16s of the 184.16s of remaining time.
	Ensemble Weights: {'LightGBMXT': 1.0}
	0.875	 = Validation score   (accuracy)
	1.95s	 = Training   runtime
	0.04s	 = Validation runtime
AutoGluon training complete, total runtime = 113.06s ... Best model: WeightedEnsemble_L2 | Estimated inference throughput: 180.9 rows/s (16 batch size)
Disabling decision threshold calibration for metric `accuracy` due to having fewer than 10000 rows of validation data for calibration, to avoid overfitting (16 rows).
	`accuracy` is generally not improved through threshold calibration. Force calibration via specifying `calibrate_decision_threshold=True`.
TabularPredictor saved. To load, use: predictor = TabularPredictor.load("/home/baderlab/mzarant/SignatureInference/models/default_uncorrelated/0.7-157181832/Predictor_S6 (SBS7a - 1.00)")
Verbosity: 2 (Standard Logging)
=================== System Info ===================
AutoGluon Version:  1.2
Python Version:     3.10.15
Operating System:   Linux
Platform Machine:   x86_64
Platform Version:   #1 SMP PREEMPT_DYNAMIC Thu Apr 3 12:12:16 UTC 2025
CPU Count:          272
Memory Avail:       196.14 GB / 203.90 GB (96.2%)
Disk Space Avail:   1381.94 GB / 5120.00 GB (27.0%)
===================================================
Presets specified: ['medium_quality']
Beginning AutoGluon training ... Time limit = 240s
AutoGluon will save models to "/home/baderlab/mzarant/SignatureInference/models/default_uncorrelated/0.7-157181832/Predictor_S7 (SBS7b - 0.96)"
Train Data Rows:    80
Train Data Columns: 102
Label Column:       S7 (SBS7b - 0.96)
Problem Type:       binary
Preprocessing data ...
Selected class <--> label mapping:  class 1 = True, class 0 = False
Using Feature Generators to preprocess the data ...
Fitting AutoMLPipelineFeatureGenerator...
	Available Memory:                    200783.65 MB
	Train Data (Original)  Memory Usage: 0.06 MB (0.0% of available memory)
	Inferring data type of each feature based on column values. Set feature_metadata_in to manually specify special dtypes of the features.
	Stage 1 Generators:
		Fitting AsTypeFeatureGenerator...
	0.625	 = Validation score   (accuracy)
	7.82s	 = Training   runtime
	4.77s	 = Validation runtime
			Note: Converting 6 features to boolean dtype as they only contain 2 unique values.
	Stage 2 Generators:
		Fitting FillNaFeatureGenerator...
	Stage 3 Generators:
		Fitting IdentityFeatureGenerator...
Fitting model: WeightedEnsemble_L2 ... Training model for up to 234.43s of the 145.82s of remaining time.
	Stage 4 Generators:
		Fitting DropUniqueFeatureGenerator...
	Stage 5 Generators:
		Fitting DropDuplicatesFeatureGenerator...
	Types of features in original data (raw dtype, special dtypes):
		('bool', []) :  6 | ['S1 (SBS1 - 0.99)', 'S2 (SBS2 - 0.99)', 'S3 (SBS3 - 0.97)', 'S4 (SBS4 - 0.98)', 'S5 (SBS5 - 0.98)', ...]
		('int', [])  : 96 | ['A[C>A]A', 'A[C>A]C', 'A[C>A]G', 'A[C>A]T', 'A[C>G]A', ...]
	Types of features in processed data (raw dtype, special dtypes):
		('int', [])       : 96 | ['A[C>A]A', 'A[C>A]C', 'A[C>A]G', 'A[C>A]T', 'A[C>G]A', ...]
		('int', ['bool']) :  6 | ['S1 (SBS1 - 0.99)', 'S2 (SBS2 - 0.99)', 'S3 (SBS3 - 0.97)', 'S4 (SBS4 - 0.98)', 'S5 (SBS5 - 0.98)', ...]
	2.1s = Fit runtime
	102 features in original data used to generate 102 features in processed data.
	Train Data (Processed) Memory Usage: 0.06 MB (0.0% of available memory)
Data preprocessing and feature engineering runtime = 2.41s ...
AutoGluon will gauge predictive performance using evaluation metric: 'accuracy'
	To change this, specify the eval_metric parameter of Predictor()
Automatically generating train/validation split with holdout_frac=0.2, Train Rows: 64, Val Rows: 16
User-specified model hyperparameters to be fit:
{
	'GBM': [{'extra_trees': True, 'ag_args': {'name_suffix': 'XT'}}, {'ag_args': {'name_suffix': 'Light'}}],
	'RF': [{'criterion': 'gini', 'max_depth': 10, 'ag_args': {'name_suffix': 'Gini', 'problem_types': ['binary', 'multiclass']}}],
	'XT': [{'criterion': 'gini', 'max_depth': 10, 'ag_args': {'name_suffix': 'Gini', 'problem_types': ['binary', 'multiclass']}}],
}
Fitting 4 L1 models, fit_strategy="sequential" ...
Fitting model: LightGBMXT ... Training model for up to 237.59s of the 237.58s of remaining time.
	Ensemble Weights: {'LightGBMXT': 0.667, 'RandomForestGini': 0.333}
	0.75	 = Validation score   (accuracy)
	1.36s	 = Training   runtime
	0.01s	 = Validation runtime
AutoGluon training complete, total runtime = 96.48s ... Best model: WeightedEnsemble_L2 | Estimated inference throughput: 2.0 rows/s (16 batch size)
Disabling decision threshold calibration for metric `accuracy` due to having fewer than 10000 rows of validation data for calibration, to avoid overfitting (16 rows).
	`accuracy` is generally not improved through threshold calibration. Force calibration via specifying `calibrate_decision_threshold=True`.
TabularPredictor saved. To load, use: predictor = TabularPredictor.load("/home/baderlab/mzarant/SignatureInference/models/default_uncorrelated/0.04-958679641/Predictor_S9 (SBS9 - 0.94)")
Verbosity: 2 (Standard Logging)
=================== System Info ===================
AutoGluon Version:  1.2
Python Version:     3.10.15
Operating System:   Linux
Platform Machine:   x86_64
Platform Version:   #1 SMP PREEMPT_DYNAMIC Thu Apr 3 12:12:16 UTC 2025
CPU Count:          272
Memory Avail:       196.10 GB / 203.90 GB (96.2%)
Disk Space Avail:   1381.94 GB / 5120.00 GB (27.0%)
===================================================
Presets specified: ['medium_quality']
Beginning AutoGluon training ... Time limit = 240s
AutoGluon will save models to "/home/baderlab/mzarant/SignatureInference/models/default_uncorrelated/0.04-958679641/Predictor_S10 (SBS10a - 1.00)"
Train Data Rows:    80
Train Data Columns: 105
Label Column:       S10 (SBS10a - 1.00)
Problem Type:       binary
Preprocessing data ...
Selected class <--> label mapping:  class 1 = True, class 0 = False
Using Feature Generators to preprocess the data ...
Fitting AutoMLPipelineFeatureGenerator...
	Available Memory:                    200815.97 MB
	Train Data (Original)  Memory Usage: 0.06 MB (0.0% of available memory)
	Inferring data type of each feature based on column values. Set feature_metadata_in to manually specify special dtypes of the features.
	Stage 1 Generators:
		Fitting AsTypeFeatureGenerator...
			Note: Converting 9 features to boolean dtype as they only contain 2 unique values.
	Stage 2 Generators:
		Fitting FillNaFeatureGenerator...
	Stage 3 Generators:
		Fitting IdentityFeatureGenerator...
	Stage 4 Generators:
		Fitting DropUniqueFeatureGenerator...
	Stage 5 Generators:
		Fitting DropDuplicatesFeatureGenerator...
	Types of features in original data (raw dtype, special dtypes):
		('bool', []) :  9 | ['S1 (SBS1 - 0.99)', 'S2 (SBS2 - 0.99)', 'S3 (SBS3 - 0.97)', 'S4 (SBS4 - 0.98)', 'S5 (SBS5 - 0.98)', ...]
		('int', [])  : 96 | ['A[C>A]A', 'A[C>A]C', 'A[C>A]G', 'A[C>A]T', 'A[C>G]A', ...]
	Types of features in processed data (raw dtype, special dtypes):
		('int', [])       : 96 | ['A[C>A]A', 'A[C>A]C', 'A[C>A]G', 'A[C>A]T', 'A[C>G]A', ...]
		('int', ['bool']) :  9 | ['S1 (SBS1 - 0.99)', 'S2 (SBS2 - 0.99)', 'S3 (SBS3 - 0.97)', 'S4 (SBS4 - 0.98)', 'S5 (SBS5 - 0.98)', ...]
	2.0s = Fit runtime
	105 features in original data used to generate 105 features in processed data.
	Train Data (Processed) Memory Usage: 0.06 MB (0.0% of available memory)
Data preprocessing and feature engineering runtime = 2.39s ...
AutoGluon will gauge predictive performance using evaluation metric: 'accuracy'
	To change this, specify the eval_metric parameter of Predictor()
Automatically generating train/validation split with holdout_frac=0.2, Train Rows: 64, Val Rows: 16
User-specified model hyperparameters to be fit:
{
	'GBM': [{'extra_trees': True, 'ag_args': {'name_suffix': 'XT'}}, {'ag_args': {'name_suffix': 'Light'}}],
	'RF': [{'criterion': 'gini', 'max_depth': 10, 'ag_args': {'name_suffix': 'Gini', 'problem_types': ['binary', 'multiclass']}}],
	'XT': [{'criterion': 'gini', 'max_depth': 10, 'ag_args': {'name_suffix': 'Gini', 'problem_types': ['binary', 'multiclass']}}],
}
Fitting 4 L1 models, fit_strategy="sequential" ...
Fitting model: LightGBMXT ... Training model for up to 237.61s of the 237.61s of remaining time.
	0.875	 = Validation score   (accuracy)
	9.61s	 = Training   runtime
	3.05s	 = Validation runtime
Fitting model: WeightedEnsemble_L2 ... Training model for up to 237.75s of the 120.34s of remaining time.
	Ensemble Weights: {'LightGBMXT': 1.0}
	0.875	 = Validation score   (accuracy)
	0.63s	 = Training   runtime
	0.01s	 = Validation runtime
	0.75	 = Validation score   (accuracy)
	58.3s	 = Training   runtime
	0.01s	 = Validation runtime
AutoGluon training complete, total runtime = 120.75s ... Best model: WeightedEnsemble_L2 | Estimated inference throughput: 206.1 rows/s (16 batch size)
Fitting model: RandomForestGini ... Training model for up to 144.60s of the 144.59s of remaining time.
Disabling decision threshold calibration for metric `accuracy` due to having fewer than 10000 rows of validation data for calibration, to avoid overfitting (16 rows).
	`accuracy` is generally not improved through threshold calibration. Force calibration via specifying `calibrate_decision_threshold=True`.
TabularPredictor saved. To load, use: predictor = TabularPredictor.load("/home/baderlab/mzarant/SignatureInference/models/default_uncorrelated/0.6-367737620/Predictor_S6 (SBS7a - 1.00)")
Verbosity: 2 (Standard Logging)
=================== System Info ===================
AutoGluon Version:  1.2
Python Version:     3.10.15
Operating System:   Linux
Platform Machine:   x86_64
Platform Version:   #1 SMP PREEMPT_DYNAMIC Thu Apr 3 12:12:16 UTC 2025
CPU Count:          272
Memory Avail:       196.01 GB / 203.90 GB (96.1%)
Disk Space Avail:   1381.94 GB / 5120.00 GB (27.0%)
===================================================
Presets specified: ['medium_quality']
Beginning AutoGluon training ... Time limit = 240s
AutoGluon will save models to "/home/baderlab/mzarant/SignatureInference/models/default_uncorrelated/0.6-367737620/Predictor_S7 (SBS7b - 0.96)"
Train Data Rows:    80
Train Data Columns: 102
Label Column:       S7 (SBS7b - 0.96)
Problem Type:       binary
Preprocessing data ...
Selected class <--> label mapping:  class 1 = True, class 0 = False
Using Feature Generators to preprocess the data ...
Fitting AutoMLPipelineFeatureGenerator...
	Available Memory:                    200705.60 MB
	Train Data (Original)  Memory Usage: 0.06 MB (0.0% of available memory)
	Inferring data type of each feature based on column values. Set feature_metadata_in to manually specify special dtypes of the features.
	Stage 1 Generators:
		Fitting AsTypeFeatureGenerator...
			Note: Converting 6 features to boolean dtype as they only contain 2 unique values.
	Stage 2 Generators:
		Fitting FillNaFeatureGenerator...
	Stage 3 Generators:
		Fitting IdentityFeatureGenerator...
	Stage 4 Generators:
		Fitting DropUniqueFeatureGenerator...
	Stage 5 Generators:
		Fitting DropDuplicatesFeatureGenerator...
	Types of features in original data (raw dtype, special dtypes):
		('bool', []) :  6 | ['S1 (SBS1 - 0.99)', 'S2 (SBS2 - 0.99)', 'S3 (SBS3 - 0.97)', 'S4 (SBS4 - 0.98)', 'S5 (SBS5 - 0.98)', ...]
		('int', [])  : 96 | ['A[C>A]A', 'A[C>A]C', 'A[C>A]G', 'A[C>A]T', 'A[C>G]A', ...]
	Types of features in processed data (raw dtype, special dtypes):
		('int', [])       : 96 | ['A[C>A]A', 'A[C>A]C', 'A[C>A]G', 'A[C>A]T', 'A[C>G]A', ...]
		('int', ['bool']) :  6 | ['S1 (SBS1 - 0.99)', 'S2 (SBS2 - 0.99)', 'S3 (SBS3 - 0.97)', 'S4 (SBS4 - 0.98)', 'S5 (SBS5 - 0.98)', ...]
	2.1s = Fit runtime
	102 features in original data used to generate 102 features in processed data.
	Train Data (Processed) Memory Usage: 0.06 MB (0.0% of available memory)
Data preprocessing and feature engineering runtime = 2.5s ...
AutoGluon will gauge predictive performance using evaluation metric: 'accuracy'
	To change this, specify the eval_metric parameter of Predictor()
Automatically generating train/validation split with holdout_frac=0.2, Train Rows: 64, Val Rows: 16
User-specified model hyperparameters to be fit:
{
	'GBM': [{'extra_trees': True, 'ag_args': {'name_suffix': 'XT'}}, {'ag_args': {'name_suffix': 'Light'}}],
	'RF': [{'criterion': 'gini', 'max_depth': 10, 'ag_args': {'name_suffix': 'Gini', 'problem_types': ['binary', 'multiclass']}}],
	'XT': [{'criterion': 'gini', 'max_depth': 10, 'ag_args': {'name_suffix': 'Gini', 'problem_types': ['binary', 'multiclass']}}],
}
Fitting 4 L1 models, fit_strategy="sequential" ...
Fitting model: LightGBMXT ... Training model for up to 237.50s of the 237.49s of remaining time.
slurmstepd: error: *** JOB 36997 ON dc02 CANCELLED AT 2025-04-23T16:11:38 ***
