Verbosity: 2 (Standard Logging)
Verbosity: 2 (Standard Logging)
=================== System Info ===================
AutoGluon Version:  1.2
Python Version:     3.10.15
Operating System:   Linux
Platform Machine:   x86_64
Platform Version:   #1 SMP PREEMPT_DYNAMIC Thu Apr 3 12:12:16 UTC 2025
CPU Count:          272
Memory Avail:       199.17 GB / 203.90 GB (97.7%)
Disk Space Avail:   1382.08 GB / 5120.00 GB (27.0%)
===================================================
=================== System Info ===================
AutoGluon Version:  1.2
Python Version:     3.10.15
Operating System:   Linux
Platform Machine:   x86_64
Platform Version:   #1 SMP PREEMPT_DYNAMIC Thu Apr 3 12:12:16 UTC 2025
CPU Count:          272
Memory Avail:       199.16 GB / 203.90 GB (97.7%)
Disk Space Avail:   1382.08 GB / 5120.00 GB (27.0%)
===================================================
Presets specified: ['medium_quality']
Presets specified: ['medium_quality']
Verbosity: 2 (Standard Logging)
=================== System Info ===================
AutoGluon Version:  1.2
Python Version:     3.10.15
Operating System:   Linux
Platform Machine:   x86_64
Platform Version:   #1 SMP PREEMPT_DYNAMIC Thu Apr 3 12:12:16 UTC 2025
CPU Count:          272
Memory Avail:       199.08 GB / 203.90 GB (97.6%)
Disk Space Avail:   1382.08 GB / 5120.00 GB (27.0%)
===================================================
Presets specified: ['medium_quality']
Verbosity: 2 (Standard Logging)
Verbosity: 2 (Standard Logging)
Verbosity: 2 (Standard Logging)
=================== System Info ===================
AutoGluon Version:  1.2
Python Version:     3.10.15
Operating System:   Linux
Platform Machine:   x86_64
Platform Version:   #1 SMP PREEMPT_DYNAMIC Thu Apr 3 12:12:16 UTC 2025
CPU Count:          272
Memory Avail:       199.07 GB / 203.90 GB (97.6%)
Disk Space Avail:   1382.08 GB / 5120.00 GB (27.0%)
===================================================
Presets specified: ['medium_quality']
=================== System Info ===================
AutoGluon Version:  1.2
Python Version:     3.10.15
Operating System:   Linux
Platform Machine:   x86_64
Platform Version:   #1 SMP PREEMPT_DYNAMIC Thu Apr 3 12:12:16 UTC 2025
CPU Count:          272
Memory Avail:       199.07 GB / 203.90 GB (97.6%)
Disk Space Avail:   1382.08 GB / 5120.00 GB (27.0%)
===================================================
=================== System Info ===================
AutoGluon Version:  1.2
Python Version:     3.10.15
Operating System:   Linux
Platform Machine:   x86_64
Platform Version:   #1 SMP PREEMPT_DYNAMIC Thu Apr 3 12:12:16 UTC 2025
CPU Count:          272
Memory Avail:       199.07 GB / 203.90 GB (97.6%)
Disk Space Avail:   1382.08 GB / 5120.00 GB (27.0%)
===================================================
Presets specified: ['medium_quality']
Presets specified: ['medium_quality']
Verbosity: 2 (Standard Logging)
=================== System Info ===================
AutoGluon Version:  1.2
Python Version:     3.10.15
Operating System:   Linux
Platform Machine:   x86_64
Platform Version:   #1 SMP PREEMPT_DYNAMIC Thu Apr 3 12:12:16 UTC 2025
CPU Count:          272
Memory Avail:       199.07 GB / 203.90 GB (97.6%)
Disk Space Avail:   1382.08 GB / 5120.00 GB (27.0%)
===================================================
Presets specified: ['medium_quality']
Verbosity: 2 (Standard Logging)
=================== System Info ===================
AutoGluon Version:  1.2
Python Version:     3.10.15
Operating System:   Linux
Platform Machine:   x86_64
Platform Version:   #1 SMP PREEMPT_DYNAMIC Thu Apr 3 12:12:16 UTC 2025
CPU Count:          272
Memory Avail:       199.08 GB / 203.90 GB (97.6%)
Disk Space Avail:   1382.08 GB / 5120.00 GB (27.0%)
===================================================
Presets specified: ['medium_quality']
Beginning AutoGluon training ... Time limit = 240s
Beginning AutoGluon training ... Time limit = 240s
AutoGluon will save models to "/home/baderlab/mzarant/SignatureInference/models/default_correlated/0.03-897180855/Predictor_S1 (SBS1 - 0.99)"
Beginning AutoGluon training ... Time limit = 240s
Beginning AutoGluon training ... Time limit = 240s
Beginning AutoGluon training ... Time limit = 240s
Beginning AutoGluon training ... Time limit = 240s
AutoGluon will save models to "/home/baderlab/mzarant/SignatureInference/models/default_correlated/0.15-163872254/Predictor_S1 (SBS1 - 0.99)"
Train Data Rows:    80
AutoGluon will save models to "/home/baderlab/mzarant/SignatureInference/models/default_correlated/0.02-340812214/Predictor_S1 (SBS1 - 0.99)"
Beginning AutoGluon training ... Time limit = 240s
AutoGluon will save models to "/home/baderlab/mzarant/SignatureInference/models/default_correlated/0.4-952979756/Predictor_S1 (SBS1 - 0.99)"
Beginning AutoGluon training ... Time limit = 240s
AutoGluon will save models to "/home/baderlab/mzarant/SignatureInference/models/default_correlated/0.1-366043238/Predictor_S1 (SBS1 - 0.99)"
AutoGluon will save models to "/home/baderlab/mzarant/SignatureInference/models/default_correlated/0.2-780880656/Predictor_S1 (SBS1 - 0.99)"
Train Data Rows:    80
Train Data Columns: 96
Train Data Rows:    80
AutoGluon will save models to "/home/baderlab/mzarant/SignatureInference/models/default_correlated/0.6-55417050/Predictor_S1 (SBS1 - 0.99)"
Train Data Rows:    80
AutoGluon will save models to "/home/baderlab/mzarant/SignatureInference/models/default_correlated/0.7-761971972/Predictor_S1 (SBS1 - 0.99)"
Train Data Rows:    80
Train Data Rows:    80
Train Data Columns: 96
Label Column:       S1 (SBS1 - 0.99)
Train Data Columns: 96
Train Data Rows:    80
Train Data Columns: 96
Train Data Rows:    80
Train Data Columns: 96
Train Data Columns: 96
Label Column:       S1 (SBS1 - 0.99)
Problem Type:       binary
Label Column:       S1 (SBS1 - 0.99)
Train Data Columns: 96
Label Column:       S1 (SBS1 - 0.99)
Train Data Columns: 96
Label Column:       S1 (SBS1 - 0.99)
Label Column:       S1 (SBS1 - 0.99)
Problem Type:       binary
Preprocessing data ...
Problem Type:       binary
Label Column:       S1 (SBS1 - 0.99)
Problem Type:       binary
Label Column:       S1 (SBS1 - 0.99)
Problem Type:       binary
Problem Type:       binary
Preprocessing data ...
Preprocessing data ...
Warning: Updated label_count_threshold from 10 to 7 to avoid cutting too many classes.
Problem Type:       binary
Preprocessing data ...
Problem Type:       binary
Preprocessing data ...
Preprocessing data ...
Warning: Updated label_count_threshold from 10 to 7 to avoid cutting too many classes.
Warning: Updated label_count_threshold from 10 to 7 to avoid cutting too many classes.
Selected class <--> label mapping:  class 1 = True, class 0 = False
Preprocessing data ...
Warning: Updated label_count_threshold from 10 to 7 to avoid cutting too many classes.
Preprocessing data ...
Warning: Updated label_count_threshold from 10 to 7 to avoid cutting too many classes.
Warning: Updated label_count_threshold from 10 to 7 to avoid cutting too many classes.
Selected class <--> label mapping:  class 1 = True, class 0 = False
Selected class <--> label mapping:  class 1 = True, class 0 = False
Using Feature Generators to preprocess the data ...
Warning: Updated label_count_threshold from 10 to 7 to avoid cutting too many classes.
Selected class <--> label mapping:  class 1 = True, class 0 = False
Warning: Updated label_count_threshold from 10 to 7 to avoid cutting too many classes.
Selected class <--> label mapping:  class 1 = True, class 0 = False
Selected class <--> label mapping:  class 1 = True, class 0 = False
Using Feature Generators to preprocess the data ...
Using Feature Generators to preprocess the data ...
Fitting AutoMLPipelineFeatureGenerator...
Selected class <--> label mapping:  class 1 = True, class 0 = False
Using Feature Generators to preprocess the data ...
Selected class <--> label mapping:  class 1 = True, class 0 = False
Using Feature Generators to preprocess the data ...
Using Feature Generators to preprocess the data ...
Fitting AutoMLPipelineFeatureGenerator...
Fitting AutoMLPipelineFeatureGenerator...
Using Feature Generators to preprocess the data ...
Fitting AutoMLPipelineFeatureGenerator...
Using Feature Generators to preprocess the data ...
Fitting AutoMLPipelineFeatureGenerator...
Fitting AutoMLPipelineFeatureGenerator...
	Available Memory:                    203858.73 MB
Fitting AutoMLPipelineFeatureGenerator...
Fitting AutoMLPipelineFeatureGenerator...
	Available Memory:                    203858.74 MB
	Train Data (Original)  Memory Usage: 0.06 MB (0.0% of available memory)
	Train Data (Original)  Memory Usage: 0.06 MB (0.0% of available memory)
	Available Memory:                    203858.74 MB
	Available Memory:                    203858.74 MB
	Inferring data type of each feature based on column values. Set feature_metadata_in to manually specify special dtypes of the features.
	Available Memory:                    203858.88 MB
	Available Memory:                    203858.88 MB
	Inferring data type of each feature based on column values. Set feature_metadata_in to manually specify special dtypes of the features.
	Train Data (Original)  Memory Usage: 0.06 MB (0.0% of available memory)
	Train Data (Original)  Memory Usage: 0.06 MB (0.0% of available memory)
	Available Memory:                    203859.49 MB
	Available Memory:                    203859.49 MB
	Train Data (Original)  Memory Usage: 0.06 MB (0.0% of available memory)
	Train Data (Original)  Memory Usage: 0.06 MB (0.0% of available memory)
	Inferring data type of each feature based on column values. Set feature_metadata_in to manually specify special dtypes of the features.
	Inferring data type of each feature based on column values. Set feature_metadata_in to manually specify special dtypes of the features.
	Train Data (Original)  Memory Usage: 0.06 MB (0.0% of available memory)
	Train Data (Original)  Memory Usage: 0.06 MB (0.0% of available memory)
	Inferring data type of each feature based on column values. Set feature_metadata_in to manually specify special dtypes of the features.
	Inferring data type of each feature based on column values. Set feature_metadata_in to manually specify special dtypes of the features.
	Stage 1 Generators:
	Inferring data type of each feature based on column values. Set feature_metadata_in to manually specify special dtypes of the features.
	Inferring data type of each feature based on column values. Set feature_metadata_in to manually specify special dtypes of the features.
	Stage 1 Generators:
		Fitting AsTypeFeatureGenerator...
		Fitting AsTypeFeatureGenerator...
	Stage 1 Generators:
		Fitting AsTypeFeatureGenerator...
	Stage 1 Generators:
		Fitting AsTypeFeatureGenerator...
	Stage 2 Generators:
		Fitting FillNaFeatureGenerator...
	Stage 1 Generators:
	Stage 2 Generators:
		Fitting AsTypeFeatureGenerator...
	Stage 2 Generators:
		Fitting FillNaFeatureGenerator...
	Stage 1 Generators:
	Stage 3 Generators:
	Stage 1 Generators:
	Stage 2 Generators:
		Fitting FillNaFeatureGenerator...
		Fitting AsTypeFeatureGenerator...
		Fitting IdentityFeatureGenerator...
	Stage 1 Generators:
		Fitting AsTypeFeatureGenerator...
	Stage 3 Generators:
		Fitting FillNaFeatureGenerator...
	Stage 2 Generators:
		Fitting AsTypeFeatureGenerator...
	Stage 3 Generators:
		Fitting IdentityFeatureGenerator...
	Stage 4 Generators:
	Stage 2 Generators:
		Fitting FillNaFeatureGenerator...
		Fitting IdentityFeatureGenerator...
	Stage 3 Generators:
	Stage 2 Generators:
		Fitting DropUniqueFeatureGenerator...
		Fitting FillNaFeatureGenerator...
	Stage 2 Generators:
		Fitting IdentityFeatureGenerator...
	Stage 4 Generators:
		Fitting FillNaFeatureGenerator...
	Stage 3 Generators:
	Stage 4 Generators:
		Fitting FillNaFeatureGenerator...
		Fitting DropUniqueFeatureGenerator...
	Stage 3 Generators:
	Stage 5 Generators:
		Fitting IdentityFeatureGenerator...
	Stage 4 Generators:
	Stage 3 Generators:
		Fitting DropUniqueFeatureGenerator...
		Fitting IdentityFeatureGenerator...
		Fitting DropDuplicatesFeatureGenerator...
	Stage 3 Generators:
	Stage 5 Generators:
		Fitting DropUniqueFeatureGenerator...
		Fitting IdentityFeatureGenerator...
	Stage 4 Generators:
		Fitting IdentityFeatureGenerator...
	Stage 5 Generators:
		Fitting DropDuplicatesFeatureGenerator...
	Stage 4 Generators:
		Fitting DropUniqueFeatureGenerator...
		Fitting DropDuplicatesFeatureGenerator...
	Stage 5 Generators:
	Stage 4 Generators:
		Fitting DropUniqueFeatureGenerator...
	Stage 4 Generators:
	Stage 5 Generators:
		Fitting DropDuplicatesFeatureGenerator...
		Fitting DropUniqueFeatureGenerator...
	Types of features in original data (raw dtype, special dtypes):
	Types of features in original data (raw dtype, special dtypes):
		Fitting DropUniqueFeatureGenerator...
	Stage 5 Generators:
		Fitting DropDuplicatesFeatureGenerator...
		('int', []) : 96 | ['A[C>A]A', 'A[C>A]C', 'A[C>A]G', 'A[C>A]T', 'A[C>G]A', ...]
		('int', []) : 96 | ['A[C>A]A', 'A[C>A]C', 'A[C>A]G', 'A[C>A]T', 'A[C>G]A', ...]
	Stage 5 Generators:
		Fitting DropDuplicatesFeatureGenerator...
	Types of features in processed data (raw dtype, special dtypes):
	Stage 5 Generators:
	Types of features in processed data (raw dtype, special dtypes):
		Fitting DropDuplicatesFeatureGenerator...
	Types of features in original data (raw dtype, special dtypes):
	Types of features in original data (raw dtype, special dtypes):
		('int', []) : 96 | ['A[C>A]A', 'A[C>A]C', 'A[C>A]G', 'A[C>A]T', 'A[C>G]A', ...]
	Types of features in original data (raw dtype, special dtypes):
		Fitting DropDuplicatesFeatureGenerator...
		('int', []) : 96 | ['A[C>A]A', 'A[C>A]C', 'A[C>A]G', 'A[C>A]T', 'A[C>G]A', ...]
		('int', []) : 96 | ['A[C>A]A', 'A[C>A]C', 'A[C>A]G', 'A[C>A]T', 'A[C>G]A', ...]
		('int', []) : 96 | ['A[C>A]A', 'A[C>A]C', 'A[C>A]G', 'A[C>A]T', 'A[C>G]A', ...]
	5.1s = Fit runtime
		('int', []) : 96 | ['A[C>A]A', 'A[C>A]C', 'A[C>A]G', 'A[C>A]T', 'A[C>G]A', ...]
	5.2s = Fit runtime
	Types of features in original data (raw dtype, special dtypes):
	Types of features in processed data (raw dtype, special dtypes):
	Types of features in processed data (raw dtype, special dtypes):
	96 features in original data used to generate 96 features in processed data.
	Types of features in processed data (raw dtype, special dtypes):
	96 features in original data used to generate 96 features in processed data.
		('int', []) : 96 | ['A[C>A]A', 'A[C>A]C', 'A[C>A]G', 'A[C>A]T', 'A[C>G]A', ...]
	Types of features in original data (raw dtype, special dtypes):
		('int', []) : 96 | ['A[C>A]A', 'A[C>A]C', 'A[C>A]G', 'A[C>A]T', 'A[C>G]A', ...]
		('int', []) : 96 | ['A[C>A]A', 'A[C>A]C', 'A[C>A]G', 'A[C>A]T', 'A[C>G]A', ...]
	Types of features in original data (raw dtype, special dtypes):
		('int', []) : 96 | ['A[C>A]A', 'A[C>A]C', 'A[C>A]G', 'A[C>A]T', 'A[C>G]A', ...]
	Types of features in processed data (raw dtype, special dtypes):
	Train Data (Processed) Memory Usage: 0.06 MB (0.0% of available memory)
		('int', []) : 96 | ['A[C>A]A', 'A[C>A]C', 'A[C>A]G', 'A[C>A]T', 'A[C>G]A', ...]
	6.2s = Fit runtime
	6.2s = Fit runtime
	Train Data (Processed) Memory Usage: 0.06 MB (0.0% of available memory)
		('int', []) : 96 | ['A[C>A]A', 'A[C>A]C', 'A[C>A]G', 'A[C>A]T', 'A[C>G]A', ...]
	6.3s = Fit runtime
		('int', []) : 96 | ['A[C>A]A', 'A[C>A]C', 'A[C>A]G', 'A[C>A]T', 'A[C>G]A', ...]
Data preprocessing and feature engineering runtime = 7.02s ...
	Types of features in processed data (raw dtype, special dtypes):
	96 features in original data used to generate 96 features in processed data.
	96 features in original data used to generate 96 features in processed data.
Data preprocessing and feature engineering runtime = 7.03s ...
	Types of features in processed data (raw dtype, special dtypes):
	96 features in original data used to generate 96 features in processed data.
	6.4s = Fit runtime
AutoGluon will gauge predictive performance using evaluation metric: 'accuracy'
		('int', []) : 96 | ['A[C>A]A', 'A[C>A]C', 'A[C>A]G', 'A[C>A]T', 'A[C>G]A', ...]
AutoGluon will gauge predictive performance using evaluation metric: 'accuracy'
		('int', []) : 96 | ['A[C>A]A', 'A[C>A]C', 'A[C>A]G', 'A[C>A]T', 'A[C>G]A', ...]
	96 features in original data used to generate 96 features in processed data.
	Train Data (Processed) Memory Usage: 0.06 MB (0.0% of available memory)
	To change this, specify the eval_metric parameter of Predictor()
	Train Data (Processed) Memory Usage: 0.06 MB (0.0% of available memory)
	6.6s = Fit runtime
	To change this, specify the eval_metric parameter of Predictor()
	6.6s = Fit runtime
	Train Data (Processed) Memory Usage: 0.06 MB (0.0% of available memory)
Data preprocessing and feature engineering runtime = 7.21s ...
Data preprocessing and feature engineering runtime = 7.23s ...
	96 features in original data used to generate 96 features in processed data.
	96 features in original data used to generate 96 features in processed data.
Automatically generating train/validation split with holdout_frac=0.2, Train Rows: 64, Val Rows: 16
Data preprocessing and feature engineering runtime = 7.31s ...
	Train Data (Processed) Memory Usage: 0.06 MB (0.0% of available memory)
AutoGluon will gauge predictive performance using evaluation metric: 'accuracy'
AutoGluon will gauge predictive performance using evaluation metric: 'accuracy'
Automatically generating train/validation split with holdout_frac=0.2, Train Rows: 64, Val Rows: 16
User-specified model hyperparameters to be fit:
{
	'GBM': [{'extra_trees': True, 'ag_args': {'name_suffix': 'XT'}}, {'ag_args': {'name_suffix': 'Light'}}],
	'RF': [{'criterion': 'gini', 'max_depth': 10, 'ag_args': {'name_suffix': 'Gini', 'problem_types': ['binary', 'multiclass']}}],
	'XT': [{'criterion': 'gini', 'max_depth': 10, 'ag_args': {'name_suffix': 'Gini', 'problem_types': ['binary', 'multiclass']}}],
}
AutoGluon will gauge predictive performance using evaluation metric: 'accuracy'
Data preprocessing and feature engineering runtime = 7.44s ...
	To change this, specify the eval_metric parameter of Predictor()
	To change this, specify the eval_metric parameter of Predictor()
	Train Data (Processed) Memory Usage: 0.06 MB (0.0% of available memory)
	Train Data (Processed) Memory Usage: 0.06 MB (0.0% of available memory)
User-specified model hyperparameters to be fit:
{
	'GBM': [{'extra_trees': True, 'ag_args': {'name_suffix': 'XT'}}, {'ag_args': {'name_suffix': 'Light'}}],
	'RF': [{'criterion': 'gini', 'max_depth': 10, 'ag_args': {'name_suffix': 'Gini', 'problem_types': ['binary', 'multiclass']}}],
	'XT': [{'criterion': 'gini', 'max_depth': 10, 'ag_args': {'name_suffix': 'Gini', 'problem_types': ['binary', 'multiclass']}}],
}
	To change this, specify the eval_metric parameter of Predictor()
AutoGluon will gauge predictive performance using evaluation metric: 'accuracy'
Data preprocessing and feature engineering runtime = 7.45s ...
Data preprocessing and feature engineering runtime = 7.47s ...
	To change this, specify the eval_metric parameter of Predictor()
Automatically generating train/validation split with holdout_frac=0.2, Train Rows: 64, Val Rows: 16
AutoGluon will gauge predictive performance using evaluation metric: 'accuracy'
AutoGluon will gauge predictive performance using evaluation metric: 'accuracy'
Automatically generating train/validation split with holdout_frac=0.2, Train Rows: 64, Val Rows: 16
Automatically generating train/validation split with holdout_frac=0.2, Train Rows: 64, Val Rows: 16
User-specified model hyperparameters to be fit:
{
	'GBM': [{'extra_trees': True, 'ag_args': {'name_suffix': 'XT'}}, {'ag_args': {'name_suffix': 'Light'}}],
	'RF': [{'criterion': 'gini', 'max_depth': 10, 'ag_args': {'name_suffix': 'Gini', 'problem_types': ['binary', 'multiclass']}}],
	'XT': [{'criterion': 'gini', 'max_depth': 10, 'ag_args': {'name_suffix': 'Gini', 'problem_types': ['binary', 'multiclass']}}],
}
	To change this, specify the eval_metric parameter of Predictor()
	To change this, specify the eval_metric parameter of Predictor()
User-specified model hyperparameters to be fit:
{
	'GBM': [{'extra_trees': True, 'ag_args': {'name_suffix': 'XT'}}, {'ag_args': {'name_suffix': 'Light'}}],
	'RF': [{'criterion': 'gini', 'max_depth': 10, 'ag_args': {'name_suffix': 'Gini', 'problem_types': ['binary', 'multiclass']}}],
	'XT': [{'criterion': 'gini', 'max_depth': 10, 'ag_args': {'name_suffix': 'Gini', 'problem_types': ['binary', 'multiclass']}}],
}
User-specified model hyperparameters to be fit:
{
	'GBM': [{'extra_trees': True, 'ag_args': {'name_suffix': 'XT'}}, {'ag_args': {'name_suffix': 'Light'}}],
	'RF': [{'criterion': 'gini', 'max_depth': 10, 'ag_args': {'name_suffix': 'Gini', 'problem_types': ['binary', 'multiclass']}}],
	'XT': [{'criterion': 'gini', 'max_depth': 10, 'ag_args': {'name_suffix': 'Gini', 'problem_types': ['binary', 'multiclass']}}],
}
Automatically generating train/validation split with holdout_frac=0.2, Train Rows: 64, Val Rows: 16
Fitting 4 L1 models, fit_strategy="sequential" ...
User-specified model hyperparameters to be fit:
{
	'GBM': [{'extra_trees': True, 'ag_args': {'name_suffix': 'XT'}}, {'ag_args': {'name_suffix': 'Light'}}],
	'RF': [{'criterion': 'gini', 'max_depth': 10, 'ag_args': {'name_suffix': 'Gini', 'problem_types': ['binary', 'multiclass']}}],
	'XT': [{'criterion': 'gini', 'max_depth': 10, 'ag_args': {'name_suffix': 'Gini', 'problem_types': ['binary', 'multiclass']}}],
}
Fitting model: LightGBMXT ... Training model for up to 232.98s of the 232.96s of remaining time.
Fitting 4 L1 models, fit_strategy="sequential" ...
Automatically generating train/validation split with holdout_frac=0.2, Train Rows: 64, Val Rows: 16
Fitting model: LightGBMXT ... Training model for up to 232.97s of the 232.92s of remaining time.
Automatically generating train/validation split with holdout_frac=0.2, Train Rows: 64, Val Rows: 16
User-specified model hyperparameters to be fit:
{
	'GBM': [{'extra_trees': True, 'ag_args': {'name_suffix': 'XT'}}, {'ag_args': {'name_suffix': 'Light'}}],
	'RF': [{'criterion': 'gini', 'max_depth': 10, 'ag_args': {'name_suffix': 'Gini', 'problem_types': ['binary', 'multiclass']}}],
	'XT': [{'criterion': 'gini', 'max_depth': 10, 'ag_args': {'name_suffix': 'Gini', 'problem_types': ['binary', 'multiclass']}}],
}
User-specified model hyperparameters to be fit:
{
	'GBM': [{'extra_trees': True, 'ag_args': {'name_suffix': 'XT'}}, {'ag_args': {'name_suffix': 'Light'}}],
	'RF': [{'criterion': 'gini', 'max_depth': 10, 'ag_args': {'name_suffix': 'Gini', 'problem_types': ['binary', 'multiclass']}}],
	'XT': [{'criterion': 'gini', 'max_depth': 10, 'ag_args': {'name_suffix': 'Gini', 'problem_types': ['binary', 'multiclass']}}],
}
Fitting 4 L1 models, fit_strategy="sequential" ...
Fitting model: LightGBMXT ... Training model for up to 232.79s of the 232.79s of remaining time.
Fitting 4 L1 models, fit_strategy="sequential" ...
Fitting model: LightGBMXT ... Training model for up to 232.77s of the 232.77s of remaining time.
Fitting 4 L1 models, fit_strategy="sequential" ...
Fitting model: LightGBMXT ... Training model for up to 232.56s of the 232.55s of remaining time.
Fitting 4 L1 models, fit_strategy="sequential" ...
Fitting model: LightGBMXT ... Training model for up to 232.69s of the 232.69s of remaining time.
Fitting 4 L1 models, fit_strategy="sequential" ...
Fitting model: LightGBMXT ... Training model for up to 232.53s of the 232.52s of remaining time.
Fitting 4 L1 models, fit_strategy="sequential" ...
Fitting model: LightGBMXT ... Training model for up to 232.55s of the 232.53s of remaining time.
	1.0	 = Validation score   (accuracy)
	29.72s	 = Training   runtime
	0.11s	 = Validation runtime
Fitting model: LightGBMLight ... Training model for up to 202.85s of the 202.85s of remaining time.
	1.0	 = Validation score   (accuracy)
	30.36s	 = Training   runtime
	0.01s	 = Validation runtime
Fitting model: LightGBMLight ... Training model for up to 202.56s of the 202.54s of remaining time.
	1.0	 = Validation score   (accuracy)
	31.49s	 = Training   runtime
	0.12s	 = Validation runtime
Fitting model: LightGBMLight ... Training model for up to 200.89s of the 200.86s of remaining time.
	1.0	 = Validation score   (accuracy)
	33.25s	 = Training   runtime
	0.12s	 = Validation runtime
Fitting model: LightGBMLight ... Training model for up to 199.33s of the 199.33s of remaining time.
	1.0	 = Validation score   (accuracy)
	35.15s	 = Training   runtime
	0.07s	 = Validation runtime
Fitting model: LightGBMLight ... Training model for up to 197.68s of the 197.63s of remaining time.
	1.0	 = Validation score   (accuracy)
	35.94s	 = Training   runtime
	0.17s	 = Validation runtime
Fitting model: LightGBMLight ... Training model for up to 196.35s of the 196.34s of remaining time.
	1.0	 = Validation score   (accuracy)
	37.75s	 = Training   runtime
	0.09s	 = Validation runtime
Fitting model: LightGBMLight ... Training model for up to 194.65s of the 194.64s of remaining time.
	1.0	 = Validation score   (accuracy)
	39.39s	 = Training   runtime
	0.08s	 = Validation runtime
Fitting model: LightGBMLight ... Training model for up to 193.16s of the 193.16s of remaining time.
	1.0	 = Validation score   (accuracy)
	10.26s	 = Training   runtime
	0.01s	 = Validation runtime
Fitting model: RandomForestGini ... Training model for up to 192.23s of the 192.21s of remaining time.
	1.0	 = Validation score   (accuracy)
	7.68s	 = Training   runtime
	1.16s	 = Validation runtime
Fitting model: ExtraTreesGini ... Training model for up to 183.19s of the 183.17s of remaining time.
	1.0	 = Validation score   (accuracy)
	19.13s	 = Training   runtime
	0.1s	 = Validation runtime
Fitting model: RandomForestGini ... Training model for up to 181.47s of the 181.45s of remaining time.
	1.0	 = Validation score   (accuracy)
	30.17s	 = Training   runtime
	0.01s	 = Validation runtime
Fitting model: RandomForestGini ... Training model for up to 172.58s of the 172.58s of remaining time.
	1.0	 = Validation score   (accuracy)
	14.88s	 = Training   runtime
	4.25s	 = Validation runtime
Fitting model: ExtraTreesGini ... Training model for up to 159.95s of the 159.93s of remaining time.
	1.0	 = Validation score   (accuracy)
	17.99s	 = Training   runtime
	8.06s	 = Validation runtime
Fitting model: WeightedEnsemble_L2 ... Training model for up to 232.98s of the 156.61s of remaining time.
	1.0	 = Validation score   (accuracy)
	43.34s	 = Training   runtime
	0.03s	 = Validation runtime
Fitting model: RandomForestGini ... Training model for up to 155.50s of the 155.50s of remaining time.
	Ensemble Weights: {'LightGBMXT': 1.0}
	1.0	 = Validation score   (accuracy)
	2.28s	 = Training   runtime
	0.03s	 = Validation runtime
AutoGluon training complete, total runtime = 86.95s ... Best model: WeightedEnsemble_L2 | Estimated inference throughput: 381.7 rows/s (16 batch size)
Disabling decision threshold calibration for metric `accuracy` due to having fewer than 10000 rows of validation data for calibration, to avoid overfitting (16 rows).
	`accuracy` is generally not improved through threshold calibration. Force calibration via specifying `calibrate_decision_threshold=True`.
TabularPredictor saved. To load, use: predictor = TabularPredictor.load("/home/baderlab/mzarant/SignatureInference/models/default_correlated/0.15-163872254/Predictor_S1 (SBS1 - 0.99)")
	1.0	 = Validation score   (accuracy)
Verbosity: 2 (Standard Logging)
	41.22s	 = Training   runtime
	0.02s	 = Validation runtime
Fitting model: RandomForestGini ... Training model for up to 153.12s of the 153.11s of remaining time.
=================== System Info ===================
AutoGluon Version:  1.2
Python Version:     3.10.15
Operating System:   Linux
Platform Machine:   x86_64
Platform Version:   #1 SMP PREEMPT_DYNAMIC Thu Apr 3 12:12:16 UTC 2025
CPU Count:          272
Memory Avail:       197.73 GB / 203.90 GB (97.0%)
Disk Space Avail:   1382.08 GB / 5120.00 GB (27.0%)
===================================================
Presets specified: ['medium_quality']
Beginning AutoGluon training ... Time limit = 240s
AutoGluon will save models to "/home/baderlab/mzarant/SignatureInference/models/default_correlated/0.15-163872254/Predictor_S2 (SBS2 - 0.99)"
Train Data Rows:    80
Train Data Columns: 97
Label Column:       S2 (SBS2 - 0.99)
Problem Type:       binary
Preprocessing data ...
Selected class <--> label mapping:  class 1 = True, class 0 = False
Using Feature Generators to preprocess the data ...
Fitting AutoMLPipelineFeatureGenerator...
	1.0	 = Validation score   (accuracy)
	45.18s	 = Training   runtime
	0.02s	 = Validation runtime
Fitting model: RandomForestGini ... Training model for up to 152.06s of the 152.01s of remaining time.
	Available Memory:                    202516.53 MB
	Train Data (Original)  Memory Usage: 0.06 MB (0.0% of available memory)
	Inferring data type of each feature based on column values. Set feature_metadata_in to manually specify special dtypes of the features.
	Stage 1 Generators:
		Fitting AsTypeFeatureGenerator...
			Note: Converting 1 features to boolean dtype as they only contain 2 unique values.
	Stage 2 Generators:
		Fitting FillNaFeatureGenerator...
	Stage 3 Generators:
		Fitting IdentityFeatureGenerator...
	1.0	 = Validation score   (accuracy)
	47.0s	 = Training   runtime
	0.08s	 = Validation runtime
	Stage 4 Generators:
		Fitting DropUniqueFeatureGenerator...
Fitting model: RandomForestGini ... Training model for up to 145.67s of the 145.66s of remaining time.
	1.0	 = Validation score   (accuracy)
	Stage 5 Generators:
	13.61s	 = Training   runtime
		Fitting DropDuplicatesFeatureGenerator...
	13.69s	 = Validation runtime
Fitting model: ExtraTreesGini ... Training model for up to 144.53s of the 144.52s of remaining time.
	Types of features in original data (raw dtype, special dtypes):
		('bool', []) :  1 | ['S1 (SBS1 - 0.99)']
		('int', [])  : 96 | ['A[C>A]A', 'A[C>A]C', 'A[C>A]G', 'A[C>A]T', 'A[C>G]A', ...]
	Types of features in processed data (raw dtype, special dtypes):
		('int', [])       : 96 | ['A[C>A]A', 'A[C>A]C', 'A[C>A]G', 'A[C>A]T', 'A[C>G]A', ...]
		('int', ['bool']) :  1 | ['S1 (SBS1 - 0.99)']
	8.7s = Fit runtime
	97 features in original data used to generate 97 features in processed data.
	Train Data (Processed) Memory Usage: 0.06 MB (0.0% of available memory)
	1.0	 = Validation score   (accuracy)
Data preprocessing and feature engineering runtime = 9.25s ...
	52.52s	 = Training   runtime
AutoGluon will gauge predictive performance using evaluation metric: 'accuracy'
	0.15s	 = Validation runtime
	To change this, specify the eval_metric parameter of Predictor()
Fitting model: RandomForestGini ... Training model for up to 142.91s of the 142.90s of remaining time.
Automatically generating train/validation split with holdout_frac=0.2, Train Rows: 64, Val Rows: 16
User-specified model hyperparameters to be fit:
{
	'GBM': [{'extra_trees': True, 'ag_args': {'name_suffix': 'XT'}}, {'ag_args': {'name_suffix': 'Light'}}],
	'RF': [{'criterion': 'gini', 'max_depth': 10, 'ag_args': {'name_suffix': 'Gini', 'problem_types': ['binary', 'multiclass']}}],
	'XT': [{'criterion': 'gini', 'max_depth': 10, 'ag_args': {'name_suffix': 'Gini', 'problem_types': ['binary', 'multiclass']}}],
}
Fitting 4 L1 models, fit_strategy="sequential" ...
Fitting model: LightGBMXT ... Training model for up to 230.75s of the 230.74s of remaining time.
	1.0	 = Validation score   (accuracy)
	15.26s	 = Training   runtime
	12.88s	 = Validation runtime
Fitting model: WeightedEnsemble_L2 ... Training model for up to 232.54s of the 127.55s of remaining time.
	Ensemble Weights: {'LightGBMXT': 1.0}
	1.0	 = Validation score   (accuracy)
	12.27s	 = Training   runtime
	0.02s	 = Validation runtime
AutoGluon training complete, total runtime = 125.95s ... Best model: WeightedEnsemble_L2 | Estimated inference throughput: 114.1 rows/s (16 batch size)
Disabling decision threshold calibration for metric `accuracy` due to having fewer than 10000 rows of validation data for calibration, to avoid overfitting (16 rows).
	`accuracy` is generally not improved through threshold calibration. Force calibration via specifying `calibrate_decision_threshold=True`.
TabularPredictor saved. To load, use: predictor = TabularPredictor.load("/home/baderlab/mzarant/SignatureInference/models/default_correlated/0.6-55417050/Predictor_S1 (SBS1 - 0.99)")
Verbosity: 2 (Standard Logging)
=================== System Info ===================
AutoGluon Version:  1.2
Python Version:     3.10.15
Operating System:   Linux
Platform Machine:   x86_64
Platform Version:   #1 SMP PREEMPT_DYNAMIC Thu Apr 3 12:12:16 UTC 2025
CPU Count:          272
Memory Avail:       196.85 GB / 203.90 GB (96.5%)
Disk Space Avail:   1382.08 GB / 5120.00 GB (27.0%)
===================================================
Presets specified: ['medium_quality']
Beginning AutoGluon training ... Time limit = 240s
AutoGluon will save models to "/home/baderlab/mzarant/SignatureInference/models/default_correlated/0.6-55417050/Predictor_S2 (SBS2 - 0.99)"
Train Data Rows:    80
Train Data Columns: 97
Label Column:       S2 (SBS2 - 0.99)
Problem Type:       binary
Preprocessing data ...
Selected class <--> label mapping:  class 1 = True, class 0 = False
Using Feature Generators to preprocess the data ...
Fitting AutoMLPipelineFeatureGenerator...
	Available Memory:                    201541.08 MB
	Train Data (Original)  Memory Usage: 0.06 MB (0.0% of available memory)
	Inferring data type of each feature based on column values. Set feature_metadata_in to manually specify special dtypes of the features.
	1.0	 = Validation score   (accuracy)
	25.4s	 = Training   runtime
	14.79s	 = Validation runtime
Fitting model: ExtraTreesGini ... Training model for up to 112.31s of the 112.30s of remaining time.
	Stage 1 Generators:
		Fitting AsTypeFeatureGenerator...
			Note: Converting 1 features to boolean dtype as they only contain 2 unique values.
	Stage 2 Generators:
		Fitting FillNaFeatureGenerator...
	Stage 3 Generators:
		Fitting IdentityFeatureGenerator...
	Stage 4 Generators:
		Fitting DropUniqueFeatureGenerator...
	Stage 5 Generators:
		Fitting DropDuplicatesFeatureGenerator...
	Types of features in original data (raw dtype, special dtypes):
		('bool', []) :  1 | ['S1 (SBS1 - 0.99)']
		('int', [])  : 96 | ['A[C>A]A', 'A[C>A]C', 'A[C>A]G', 'A[C>A]T', 'A[C>G]A', ...]
	Types of features in processed data (raw dtype, special dtypes):
		('int', [])       : 96 | ['A[C>A]A', 'A[C>A]C', 'A[C>A]G', 'A[C>A]T', 'A[C>G]A', ...]
		('int', ['bool']) :  1 | ['S1 (SBS1 - 0.99)']
	3.6s = Fit runtime
	97 features in original data used to generate 97 features in processed data.
	Train Data (Processed) Memory Usage: 0.06 MB (0.0% of available memory)
Data preprocessing and feature engineering runtime = 3.97s ...
AutoGluon will gauge predictive performance using evaluation metric: 'accuracy'
	To change this, specify the eval_metric parameter of Predictor()
	1.0	 = Validation score   (accuracy)
	25.16s	 = Training   runtime
	9.39s	 = Validation runtime
Automatically generating train/validation split with holdout_frac=0.2, Train Rows: 64, Val Rows: 16
User-specified model hyperparameters to be fit:
{
	'GBM': [{'extra_trees': True, 'ag_args': {'name_suffix': 'XT'}}, {'ag_args': {'name_suffix': 'Light'}}],
	'RF': [{'criterion': 'gini', 'max_depth': 10, 'ag_args': {'name_suffix': 'Gini', 'problem_types': ['binary', 'multiclass']}}],
	'XT': [{'criterion': 'gini', 'max_depth': 10, 'ag_args': {'name_suffix': 'Gini', 'problem_types': ['binary', 'multiclass']}}],
}
	1.0	 = Validation score   (accuracy)
	25.6s	 = Training   runtime
	20.17s	 = Validation runtime
Fitting model: WeightedEnsemble_L2 ... Training model for up to 232.78s of the 109.29s of remaining time.
Fitting model: ExtraTreesGini ... Training model for up to 109.30s of the 109.29s of remaining time.
Fitting 4 L1 models, fit_strategy="sequential" ...
Fitting model: LightGBMXT ... Training model for up to 236.03s of the 236.01s of remaining time.
	Ensemble Weights: {'LightGBMXT': 1.0}
	1.0	 = Validation score   (accuracy)
	1.88s	 = Training   runtime
	0.02s	 = Validation runtime
AutoGluon training complete, total runtime = 133.72s ... Best model: WeightedEnsemble_L2 | Estimated inference throughput: 122.8 rows/s (16 batch size)
Disabling decision threshold calibration for metric `accuracy` due to having fewer than 10000 rows of validation data for calibration, to avoid overfitting (16 rows).
	`accuracy` is generally not improved through threshold calibration. Force calibration via specifying `calibrate_decision_threshold=True`.
	1.0	 = Validation score   (accuracy)
	35.75s	 = Training   runtime
	9.35s	 = Validation runtime
Fitting model: ExtraTreesGini ... Training model for up to 106.78s of the 106.73s of remaining time.
TabularPredictor saved. To load, use: predictor = TabularPredictor.load("/home/baderlab/mzarant/SignatureInference/models/default_correlated/0.4-952979756/Predictor_S1 (SBS1 - 0.99)")
Verbosity: 2 (Standard Logging)
=================== System Info ===================
AutoGluon Version:  1.2
Python Version:     3.10.15
Operating System:   Linux
Platform Machine:   x86_64
Platform Version:   #1 SMP PREEMPT_DYNAMIC Thu Apr 3 12:12:16 UTC 2025
CPU Count:          272
Memory Avail:       196.94 GB / 203.90 GB (96.6%)
Disk Space Avail:   1382.08 GB / 5120.00 GB (27.0%)
===================================================
Presets specified: ['medium_quality']
Beginning AutoGluon training ... Time limit = 240s
AutoGluon will save models to "/home/baderlab/mzarant/SignatureInference/models/default_correlated/0.4-952979756/Predictor_S2 (SBS2 - 0.99)"
Train Data Rows:    80
Train Data Columns: 97
Label Column:       S2 (SBS2 - 0.99)
Problem Type:       binary
Preprocessing data ...
Selected class <--> label mapping:  class 1 = True, class 0 = False
Using Feature Generators to preprocess the data ...
Fitting AutoMLPipelineFeatureGenerator...
	Available Memory:                    201669.90 MB
	Train Data (Original)  Memory Usage: 0.06 MB (0.0% of available memory)
	Inferring data type of each feature based on column values. Set feature_metadata_in to manually specify special dtypes of the features.
	Stage 1 Generators:
		Fitting AsTypeFeatureGenerator...
	1.0	 = Validation score   (accuracy)
	27.63s	 = Training   runtime
	13.49s	 = Validation runtime
			Note: Converting 1 features to boolean dtype as they only contain 2 unique values.
	1.0	 = Validation score   (accuracy)
Fitting model: ExtraTreesGini ... Training model for up to 101.10s of the 101.10s of remaining time.
	23.53s	 = Training   runtime
	20.65s	 = Validation runtime
	Stage 2 Generators:
		Fitting FillNaFeatureGenerator...
Fitting model: ExtraTreesGini ... Training model for up to 100.91s of the 100.91s of remaining time.
	Stage 3 Generators:
		Fitting IdentityFeatureGenerator...
	Stage 4 Generators:
		Fitting DropUniqueFeatureGenerator...
	Stage 5 Generators:
		Fitting DropDuplicatesFeatureGenerator...
	Types of features in original data (raw dtype, special dtypes):
		('bool', []) :  1 | ['S1 (SBS1 - 0.99)']
		('int', [])  : 96 | ['A[C>A]A', 'A[C>A]C', 'A[C>A]G', 'A[C>A]T', 'A[C>G]A', ...]
	Types of features in processed data (raw dtype, special dtypes):
		('int', [])       : 96 | ['A[C>A]A', 'A[C>A]C', 'A[C>A]G', 'A[C>A]T', 'A[C>G]A', ...]
		('int', ['bool']) :  1 | ['S1 (SBS1 - 0.99)']
	6.7s = Fit runtime
	97 features in original data used to generate 97 features in processed data.
	Train Data (Processed) Memory Usage: 0.06 MB (0.0% of available memory)
Data preprocessing and feature engineering runtime = 7.21s ...
AutoGluon will gauge predictive performance using evaluation metric: 'accuracy'
	To change this, specify the eval_metric parameter of Predictor()
Automatically generating train/validation split with holdout_frac=0.2, Train Rows: 64, Val Rows: 16
User-specified model hyperparameters to be fit:
{
	'GBM': [{'extra_trees': True, 'ag_args': {'name_suffix': 'XT'}}, {'ag_args': {'name_suffix': 'Light'}}],
	'RF': [{'criterion': 'gini', 'max_depth': 10, 'ag_args': {'name_suffix': 'Gini', 'problem_types': ['binary', 'multiclass']}}],
	'XT': [{'criterion': 'gini', 'max_depth': 10, 'ag_args': {'name_suffix': 'Gini', 'problem_types': ['binary', 'multiclass']}}],
}
Fitting 4 L1 models, fit_strategy="sequential" ...
Fitting model: LightGBMXT ... Training model for up to 232.79s of the 232.22s of remaining time.
	1.0	 = Validation score   (accuracy)
	10.8s	 = Training   runtime
	15.98s	 = Validation runtime
Fitting model: WeightedEnsemble_L2 ... Training model for up to 232.56s of the 80.69s of remaining time.
	1.0	 = Validation score   (accuracy)
	16.93s	 = Training   runtime
	9.3s	 = Validation runtime
Fitting model: WeightedEnsemble_L2 ... Training model for up to 232.97s of the 80.14s of remaining time.
	Ensemble Weights: {'LightGBMXT': 1.0}
	1.0	 = Validation score   (accuracy)
	1.12s	 = Training   runtime
	0.02s	 = Validation runtime
AutoGluon training complete, total runtime = 161.54s ... Best model: WeightedEnsemble_L2 | Estimated inference throughput: 152.1 rows/s (16 batch size)
Disabling decision threshold calibration for metric `accuracy` due to having fewer than 10000 rows of validation data for calibration, to avoid overfitting (16 rows).
	`accuracy` is generally not improved through threshold calibration. Force calibration via specifying `calibrate_decision_threshold=True`.
	1.0	 = Validation score   (accuracy)
	14.36s	 = Training   runtime
	15.58s	 = Validation runtime
Fitting model: WeightedEnsemble_L2 ... Training model for up to 232.76s of the 79.02s of remaining time.
TabularPredictor saved. To load, use: predictor = TabularPredictor.load("/home/baderlab/mzarant/SignatureInference/models/default_correlated/0.7-761971972/Predictor_S1 (SBS1 - 0.99)")
Verbosity: 2 (Standard Logging)
=================== System Info ===================
AutoGluon Version:  1.2
Python Version:     3.10.15
Operating System:   Linux
Platform Machine:   x86_64
Platform Version:   #1 SMP PREEMPT_DYNAMIC Thu Apr 3 12:12:16 UTC 2025
CPU Count:          272
Memory Avail:       196.78 GB / 203.90 GB (96.5%)
Disk Space Avail:   1382.07 GB / 5120.00 GB (27.0%)
===================================================
Presets specified: ['medium_quality']
	Ensemble Weights: {'LightGBMXT': 1.0}
	1.0	 = Validation score   (accuracy)
	1.22s	 = Training   runtime
	0.04s	 = Validation runtime
Beginning AutoGluon training ... Time limit = 240s
AutoGluon training complete, total runtime = 162.35s ... Best model: WeightedEnsemble_L2 | Estimated inference throughput: 154.4 rows/s (16 batch size)
AutoGluon will save models to "/home/baderlab/mzarant/SignatureInference/models/default_correlated/0.7-761971972/Predictor_S2 (SBS2 - 0.99)"
Train Data Rows:    80
Disabling decision threshold calibration for metric `accuracy` due to having fewer than 10000 rows of validation data for calibration, to avoid overfitting (16 rows).
	`accuracy` is generally not improved through threshold calibration. Force calibration via specifying `calibrate_decision_threshold=True`.
Train Data Columns: 97
Label Column:       S2 (SBS2 - 0.99)
Problem Type:       binary
Preprocessing data ...
Selected class <--> label mapping:  class 1 = True, class 0 = False
Using Feature Generators to preprocess the data ...
Fitting AutoMLPipelineFeatureGenerator...
	Available Memory:                    201535.84 MB
	Train Data (Original)  Memory Usage: 0.06 MB (0.0% of available memory)
	Inferring data type of each feature based on column values. Set feature_metadata_in to manually specify special dtypes of the features.
TabularPredictor saved. To load, use: predictor = TabularPredictor.load("/home/baderlab/mzarant/SignatureInference/models/default_correlated/0.03-897180855/Predictor_S1 (SBS1 - 0.99)")
Verbosity: 2 (Standard Logging)
=================== System Info ===================
AutoGluon Version:  1.2
Python Version:     3.10.15
Operating System:   Linux
Platform Machine:   x86_64
Platform Version:   #1 SMP PREEMPT_DYNAMIC Thu Apr 3 12:12:16 UTC 2025
CPU Count:          272
Memory Avail:       196.81 GB / 203.90 GB (96.5%)
Disk Space Avail:   1382.07 GB / 5120.00 GB (27.0%)
===================================================
Presets specified: ['medium_quality']
	Stage 1 Generators:
		Fitting AsTypeFeatureGenerator...
Beginning AutoGluon training ... Time limit = 240s
AutoGluon will save models to "/home/baderlab/mzarant/SignatureInference/models/default_correlated/0.03-897180855/Predictor_S2 (SBS2 - 0.99)"
Train Data Rows:    80
Train Data Columns: 97
Label Column:       S2 (SBS2 - 0.99)
Problem Type:       binary
Preprocessing data ...
Selected class <--> label mapping:  class 1 = True, class 0 = False
			Note: Converting 1 features to boolean dtype as they only contain 2 unique values.
Using Feature Generators to preprocess the data ...
	Stage 2 Generators:
Fitting AutoMLPipelineFeatureGenerator...
		Fitting FillNaFeatureGenerator...
	Stage 3 Generators:
		Fitting IdentityFeatureGenerator...
	Ensemble Weights: {'LightGBMXT': 1.0}
	1.0	 = Validation score   (accuracy)
	1.6s	 = Training   runtime
	0.03s	 = Validation runtime
	Available Memory:                    201526.53 MB
	Train Data (Original)  Memory Usage: 0.06 MB (0.0% of available memory)
	Inferring data type of each feature based on column values. Set feature_metadata_in to manually specify special dtypes of the features.
	Stage 4 Generators:
		Fitting DropUniqueFeatureGenerator...
AutoGluon training complete, total runtime = 163.94s ... Best model: WeightedEnsemble_L2 | Estimated inference throughput: 105.7 rows/s (16 batch size)
Disabling decision threshold calibration for metric `accuracy` due to having fewer than 10000 rows of validation data for calibration, to avoid overfitting (16 rows).
	`accuracy` is generally not improved through threshold calibration. Force calibration via specifying `calibrate_decision_threshold=True`.
	Stage 5 Generators:
		Fitting DropDuplicatesFeatureGenerator...
	Stage 1 Generators:
		Fitting AsTypeFeatureGenerator...
			Note: Converting 1 features to boolean dtype as they only contain 2 unique values.
TabularPredictor saved. To load, use: predictor = TabularPredictor.load("/home/baderlab/mzarant/SignatureInference/models/default_correlated/0.02-340812214/Predictor_S1 (SBS1 - 0.99)")
Verbosity: 2 (Standard Logging)
	Types of features in original data (raw dtype, special dtypes):
		('bool', []) :  1 | ['S1 (SBS1 - 0.99)']
		('int', [])  : 96 | ['A[C>A]A', 'A[C>A]C', 'A[C>A]G', 'A[C>A]T', 'A[C>G]A', ...]
=================== System Info ===================
AutoGluon Version:  1.2
Python Version:     3.10.15
Operating System:   Linux
Platform Machine:   x86_64
Platform Version:   #1 SMP PREEMPT_DYNAMIC Thu Apr 3 12:12:16 UTC 2025
CPU Count:          272
Memory Avail:       196.81 GB / 203.90 GB (96.5%)
Disk Space Avail:   1382.07 GB / 5120.00 GB (27.0%)
===================================================
	Types of features in processed data (raw dtype, special dtypes):
	Stage 2 Generators:
Presets specified: ['medium_quality']
		('int', [])       : 96 | ['A[C>A]A', 'A[C>A]C', 'A[C>A]G', 'A[C>A]T', 'A[C>G]A', ...]
		Fitting FillNaFeatureGenerator...
		('int', ['bool']) :  1 | ['S1 (SBS1 - 0.99)']
	2.2s = Fit runtime
	97 features in original data used to generate 97 features in processed data.
	Stage 3 Generators:
		Fitting IdentityFeatureGenerator...
Beginning AutoGluon training ... Time limit = 240s
AutoGluon will save models to "/home/baderlab/mzarant/SignatureInference/models/default_correlated/0.02-340812214/Predictor_S2 (SBS2 - 0.99)"
	Train Data (Processed) Memory Usage: 0.06 MB (0.0% of available memory)
Train Data Rows:    80
	Stage 4 Generators:
Data preprocessing and feature engineering runtime = 2.51s ...
Train Data Columns: 97
		Fitting DropUniqueFeatureGenerator...
AutoGluon will gauge predictive performance using evaluation metric: 'accuracy'
Label Column:       S2 (SBS2 - 0.99)
	To change this, specify the eval_metric parameter of Predictor()
Problem Type:       binary
Preprocessing data ...
Selected class <--> label mapping:  class 1 = True, class 0 = False
Using Feature Generators to preprocess the data ...
Fitting AutoMLPipelineFeatureGenerator...
Automatically generating train/validation split with holdout_frac=0.2, Train Rows: 64, Val Rows: 16
User-specified model hyperparameters to be fit:
{
	'GBM': [{'extra_trees': True, 'ag_args': {'name_suffix': 'XT'}}, {'ag_args': {'name_suffix': 'Light'}}],
	'RF': [{'criterion': 'gini', 'max_depth': 10, 'ag_args': {'name_suffix': 'Gini', 'problem_types': ['binary', 'multiclass']}}],
	'XT': [{'criterion': 'gini', 'max_depth': 10, 'ag_args': {'name_suffix': 'Gini', 'problem_types': ['binary', 'multiclass']}}],
}
	Stage 5 Generators:
	Available Memory:                    201561.46 MB
		Fitting DropDuplicatesFeatureGenerator...
	Train Data (Original)  Memory Usage: 0.06 MB (0.0% of available memory)
	Inferring data type of each feature based on column values. Set feature_metadata_in to manually specify special dtypes of the features.
Fitting 4 L1 models, fit_strategy="sequential" ...
Fitting model: LightGBMXT ... Training model for up to 237.49s of the 237.48s of remaining time.
	Stage 1 Generators:
		Fitting AsTypeFeatureGenerator...
			Note: Converting 1 features to boolean dtype as they only contain 2 unique values.
	Stage 2 Generators:
		Fitting FillNaFeatureGenerator...
	Stage 3 Generators:
		Fitting IdentityFeatureGenerator...
	Stage 4 Generators:
		Fitting DropUniqueFeatureGenerator...
	1.0	 = Validation score   (accuracy)
	19.7s	 = Training   runtime
	7.1s	 = Validation runtime
	Types of features in original data (raw dtype, special dtypes):
		('bool', []) :  1 | ['S1 (SBS1 - 0.99)']
		('int', [])  : 96 | ['A[C>A]A', 'A[C>A]C', 'A[C>A]G', 'A[C>A]T', 'A[C>G]A', ...]
	Types of features in processed data (raw dtype, special dtypes):
		('int', [])       : 96 | ['A[C>A]A', 'A[C>A]C', 'A[C>A]G', 'A[C>A]T', 'A[C>G]A', ...]
		('int', ['bool']) :  1 | ['S1 (SBS1 - 0.99)']
	3.6s = Fit runtime
	97 features in original data used to generate 97 features in processed data.
Fitting model: WeightedEnsemble_L2 ... Training model for up to 232.69s of the 73.54s of remaining time.
	Stage 5 Generators:
		Fitting DropDuplicatesFeatureGenerator...
	Train Data (Processed) Memory Usage: 0.06 MB (0.0% of available memory)
Data preprocessing and feature engineering runtime = 4.15s ...
AutoGluon will gauge predictive performance using evaluation metric: 'accuracy'
	To change this, specify the eval_metric parameter of Predictor()
Automatically generating train/validation split with holdout_frac=0.2, Train Rows: 64, Val Rows: 16
User-specified model hyperparameters to be fit:
{
	'GBM': [{'extra_trees': True, 'ag_args': {'name_suffix': 'XT'}}, {'ag_args': {'name_suffix': 'Light'}}],
	'RF': [{'criterion': 'gini', 'max_depth': 10, 'ag_args': {'name_suffix': 'Gini', 'problem_types': ['binary', 'multiclass']}}],
	'XT': [{'criterion': 'gini', 'max_depth': 10, 'ag_args': {'name_suffix': 'Gini', 'problem_types': ['binary', 'multiclass']}}],
}
Fitting 4 L1 models, fit_strategy="sequential" ...
Fitting model: LightGBMXT ... Training model for up to 235.85s of the 235.84s of remaining time.
	1.0	 = Validation score   (accuracy)
	21.5s	 = Training   runtime
	7.19s	 = Validation runtime
Fitting model: WeightedEnsemble_L2 ... Training model for up to 232.51s of the 71.79s of remaining time.
	Types of features in original data (raw dtype, special dtypes):
		('bool', []) :  1 | ['S1 (SBS1 - 0.99)']
		('int', [])  : 96 | ['A[C>A]A', 'A[C>A]C', 'A[C>A]G', 'A[C>A]T', 'A[C>G]A', ...]
	Types of features in processed data (raw dtype, special dtypes):
		('int', [])       : 96 | ['A[C>A]A', 'A[C>A]C', 'A[C>A]G', 'A[C>A]T', 'A[C>G]A', ...]
		('int', ['bool']) :  1 | ['S1 (SBS1 - 0.99)']
	3.8s = Fit runtime
	97 features in original data used to generate 97 features in processed data.
	Ensemble Weights: {'LightGBMXT': 1.0}
	1.0	 = Validation score   (accuracy)
	Train Data (Processed) Memory Usage: 0.06 MB (0.0% of available memory)
	2.02s	 = Training   runtime
Data preprocessing and feature engineering runtime = 4.62s ...
	0.04s	 = Validation runtime
AutoGluon will gauge predictive performance using evaluation metric: 'accuracy'
	To change this, specify the eval_metric parameter of Predictor()
Automatically generating train/validation split with holdout_frac=0.2, Train Rows: 64, Val Rows: 16
User-specified model hyperparameters to be fit:
{
	'GBM': [{'extra_trees': True, 'ag_args': {'name_suffix': 'XT'}}, {'ag_args': {'name_suffix': 'Light'}}],
	'RF': [{'criterion': 'gini', 'max_depth': 10, 'ag_args': {'name_suffix': 'Gini', 'problem_types': ['binary', 'multiclass']}}],
	'XT': [{'criterion': 'gini', 'max_depth': 10, 'ag_args': {'name_suffix': 'Gini', 'problem_types': ['binary', 'multiclass']}}],
}
AutoGluon training complete, total runtime = 169.8s ... Best model: WeightedEnsemble_L2 | Estimated inference throughput: 129.7 rows/s (16 batch size)
Disabling decision threshold calibration for metric `accuracy` due to having fewer than 10000 rows of validation data for calibration, to avoid overfitting (16 rows).
	`accuracy` is generally not improved through threshold calibration. Force calibration via specifying `calibrate_decision_threshold=True`.
	0.8125	 = Validation score   (accuracy)
Fitting 4 L1 models, fit_strategy="sequential" ...
	71.11s	 = Training   runtime
Fitting model: LightGBMXT ... Training model for up to 235.38s of the 235.37s of remaining time.
	0.02s	 = Validation runtime
TabularPredictor saved. To load, use: predictor = TabularPredictor.load("/home/baderlab/mzarant/SignatureInference/models/default_correlated/0.1-366043238/Predictor_S1 (SBS1 - 0.99)")
Verbosity: 2 (Standard Logging)
Fitting model: LightGBMLight ... Training model for up to 159.38s of the 159.37s of remaining time.
=================== System Info ===================
AutoGluon Version:  1.2
Python Version:     3.10.15
Operating System:   Linux
Platform Machine:   x86_64
Platform Version:   #1 SMP PREEMPT_DYNAMIC Thu Apr 3 12:12:16 UTC 2025
CPU Count:          272
Memory Avail:       196.96 GB / 203.90 GB (96.6%)
Disk Space Avail:   1382.07 GB / 5120.00 GB (27.0%)
===================================================
Presets specified: ['medium_quality']
Beginning AutoGluon training ... Time limit = 240s
AutoGluon will save models to "/home/baderlab/mzarant/SignatureInference/models/default_correlated/0.1-366043238/Predictor_S2 (SBS2 - 0.99)"
	Ensemble Weights: {'LightGBMXT': 1.0}
Train Data Rows:    80
	1.0	 = Validation score   (accuracy)
Train Data Columns: 97
	1.29s	 = Training   runtime
Label Column:       S2 (SBS2 - 0.99)
	0.01s	 = Validation runtime
Problem Type:       binary
Preprocessing data ...
Selected class <--> label mapping:  class 1 = True, class 0 = False
Using Feature Generators to preprocess the data ...
Fitting AutoMLPipelineFeatureGenerator...
AutoGluon training complete, total runtime = 170.62s ... Best model: WeightedEnsemble_L2 | Estimated inference throughput: 89.6 rows/s (16 batch size)
Disabling decision threshold calibration for metric `accuracy` due to having fewer than 10000 rows of validation data for calibration, to avoid overfitting (16 rows).
	`accuracy` is generally not improved through threshold calibration. Force calibration via specifying `calibrate_decision_threshold=True`.
	Available Memory:                    201634.30 MB
	Train Data (Original)  Memory Usage: 0.06 MB (0.0% of available memory)
	Inferring data type of each feature based on column values. Set feature_metadata_in to manually specify special dtypes of the features.
TabularPredictor saved. To load, use: predictor = TabularPredictor.load("/home/baderlab/mzarant/SignatureInference/models/default_correlated/0.2-780880656/Predictor_S1 (SBS1 - 0.99)")
Verbosity: 2 (Standard Logging)
=================== System Info ===================
AutoGluon Version:  1.2
Python Version:     3.10.15
Operating System:   Linux
Platform Machine:   x86_64
Platform Version:   #1 SMP PREEMPT_DYNAMIC Thu Apr 3 12:12:16 UTC 2025
CPU Count:          272
Memory Avail:       196.90 GB / 203.90 GB (96.6%)
Disk Space Avail:   1382.07 GB / 5120.00 GB (27.0%)
===================================================
Presets specified: ['medium_quality']
	Stage 1 Generators:
		Fitting AsTypeFeatureGenerator...
Beginning AutoGluon training ... Time limit = 240s
			Note: Converting 1 features to boolean dtype as they only contain 2 unique values.
AutoGluon will save models to "/home/baderlab/mzarant/SignatureInference/models/default_correlated/0.2-780880656/Predictor_S2 (SBS2 - 0.99)"
Train Data Rows:    80
Train Data Columns: 97
Label Column:       S2 (SBS2 - 0.99)
Problem Type:       binary
Preprocessing data ...
	Stage 2 Generators:
		Fitting FillNaFeatureGenerator...
Selected class <--> label mapping:  class 1 = True, class 0 = False
Using Feature Generators to preprocess the data ...
Fitting AutoMLPipelineFeatureGenerator...
	Stage 3 Generators:
		Fitting IdentityFeatureGenerator...
	Stage 4 Generators:
		Fitting DropUniqueFeatureGenerator...
	Available Memory:                    201630.67 MB
	Train Data (Original)  Memory Usage: 0.06 MB (0.0% of available memory)
	Inferring data type of each feature based on column values. Set feature_metadata_in to manually specify special dtypes of the features.
	Stage 5 Generators:
		Fitting DropDuplicatesFeatureGenerator...
	Stage 1 Generators:
		Fitting AsTypeFeatureGenerator...
			Note: Converting 1 features to boolean dtype as they only contain 2 unique values.
	Stage 2 Generators:
		Fitting FillNaFeatureGenerator...
	Types of features in original data (raw dtype, special dtypes):
		('bool', []) :  1 | ['S1 (SBS1 - 0.99)']
		('int', [])  : 96 | ['A[C>A]A', 'A[C>A]C', 'A[C>A]G', 'A[C>A]T', 'A[C>G]A', ...]
	Types of features in processed data (raw dtype, special dtypes):
		('int', [])       : 96 | ['A[C>A]A', 'A[C>A]C', 'A[C>A]G', 'A[C>A]T', 'A[C>G]A', ...]
		('int', ['bool']) :  1 | ['S1 (SBS1 - 0.99)']
	2.4s = Fit runtime
	97 features in original data used to generate 97 features in processed data.
	Stage 3 Generators:
		Fitting IdentityFeatureGenerator...
	Train Data (Processed) Memory Usage: 0.06 MB (0.0% of available memory)
Data preprocessing and feature engineering runtime = 2.64s ...
AutoGluon will gauge predictive performance using evaluation metric: 'accuracy'
	To change this, specify the eval_metric parameter of Predictor()
	Stage 4 Generators:
		Fitting DropUniqueFeatureGenerator...
Automatically generating train/validation split with holdout_frac=0.2, Train Rows: 64, Val Rows: 16
User-specified model hyperparameters to be fit:
{
	'GBM': [{'extra_trees': True, 'ag_args': {'name_suffix': 'XT'}}, {'ag_args': {'name_suffix': 'Light'}}],
	'RF': [{'criterion': 'gini', 'max_depth': 10, 'ag_args': {'name_suffix': 'Gini', 'problem_types': ['binary', 'multiclass']}}],
	'XT': [{'criterion': 'gini', 'max_depth': 10, 'ag_args': {'name_suffix': 'Gini', 'problem_types': ['binary', 'multiclass']}}],
}
	Stage 5 Generators:
		Fitting DropDuplicatesFeatureGenerator...
Fitting 4 L1 models, fit_strategy="sequential" ...
Fitting model: LightGBMXT ... Training model for up to 237.36s of the 237.35s of remaining time.
	Types of features in original data (raw dtype, special dtypes):
		('bool', []) :  1 | ['S1 (SBS1 - 0.99)']
		('int', [])  : 96 | ['A[C>A]A', 'A[C>A]C', 'A[C>A]G', 'A[C>A]T', 'A[C>G]A', ...]
	Types of features in processed data (raw dtype, special dtypes):
		('int', [])       : 96 | ['A[C>A]A', 'A[C>A]C', 'A[C>A]G', 'A[C>A]T', 'A[C>G]A', ...]
		('int', ['bool']) :  1 | ['S1 (SBS1 - 0.99)']
	2.3s = Fit runtime
	97 features in original data used to generate 97 features in processed data.
	Train Data (Processed) Memory Usage: 0.06 MB (0.0% of available memory)
Data preprocessing and feature engineering runtime = 2.48s ...
AutoGluon will gauge predictive performance using evaluation metric: 'accuracy'
	To change this, specify the eval_metric parameter of Predictor()
Automatically generating train/validation split with holdout_frac=0.2, Train Rows: 64, Val Rows: 16
User-specified model hyperparameters to be fit:
{
	'GBM': [{'extra_trees': True, 'ag_args': {'name_suffix': 'XT'}}, {'ag_args': {'name_suffix': 'Light'}}],
	'RF': [{'criterion': 'gini', 'max_depth': 10, 'ag_args': {'name_suffix': 'Gini', 'problem_types': ['binary', 'multiclass']}}],
	'XT': [{'criterion': 'gini', 'max_depth': 10, 'ag_args': {'name_suffix': 'Gini', 'problem_types': ['binary', 'multiclass']}}],
}
Fitting 4 L1 models, fit_strategy="sequential" ...
Fitting model: LightGBMXT ... Training model for up to 237.52s of the 237.52s of remaining time.
	0.875	 = Validation score   (accuracy)
	47.21s	 = Training   runtime
	0.09s	 = Validation runtime
Fitting model: LightGBMLight ... Training model for up to 188.66s of the 188.64s of remaining time.
	0.875	 = Validation score   (accuracy)
	37.0s	 = Training   runtime
	0.1s	 = Validation runtime
Fitting model: LightGBMLight ... Training model for up to 195.63s of the 195.06s of remaining time.
	0.8125	 = Validation score   (accuracy)
	10.66s	 = Training   runtime
	0.1s	 = Validation runtime
Fitting model: LightGBMLight ... Training model for up to 226.56s of the 226.55s of remaining time.
	0.875	 = Validation score   (accuracy)
	15.72s	 = Training   runtime
	0.02s	 = Validation runtime
Fitting model: RandomForestGini ... Training model for up to 143.54s of the 143.53s of remaining time.
	0.8125	 = Validation score   (accuracy)
	12.23s	 = Training   runtime
	0.03s	 = Validation runtime
Fitting model: LightGBMLight ... Training model for up to 225.05s of the 225.05s of remaining time.
	0.875	 = Validation score   (accuracy)
	26.79s	 = Training   runtime
	0.91s	 = Validation runtime
Fitting model: LightGBMLight ... Training model for up to 208.73s of the 208.70s of remaining time.
	0.8125	 = Validation score   (accuracy)
	9.45s	 = Training   runtime
	1.88s	 = Validation runtime
Fitting model: ExtraTreesGini ... Training model for up to 132.01s of the 132.00s of remaining time.
	0.875	 = Validation score   (accuracy)
	20.16s	 = Training   runtime
	0.09s	 = Validation runtime
Fitting model: RandomForestGini ... Training model for up to 168.24s of the 168.23s of remaining time.
	0.875	 = Validation score   (accuracy)
	33.82s	 = Training   runtime
	0.02s	 = Validation runtime
Fitting model: LightGBMLight ... Training model for up to 201.30s of the 201.30s of remaining time.
	0.8125	 = Validation score   (accuracy)
	9.07s	 = Training   runtime
	5.11s	 = Validation runtime
Fitting model: WeightedEnsemble_L2 ... Training model for up to 230.75s of the 117.56s of remaining time.
	0.875	 = Validation score   (accuracy)
	42.08s	 = Training   runtime
	0.07s	 = Validation runtime
Fitting model: LightGBMLight ... Training model for up to 192.94s of the 192.93s of remaining time.
	Ensemble Weights: {'LightGBMLight': 1.0}
	0.875	 = Validation score   (accuracy)
	1.18s	 = Training   runtime
	0.01s	 = Validation runtime
AutoGluon training complete, total runtime = 125.38s ... Best model: WeightedEnsemble_L2 | Estimated inference throughput: 531.8 rows/s (16 batch size)
Disabling decision threshold calibration for metric `accuracy` due to having fewer than 10000 rows of validation data for calibration, to avoid overfitting (16 rows).
	`accuracy` is generally not improved through threshold calibration. Force calibration via specifying `calibrate_decision_threshold=True`.
	0.8125	 = Validation score   (accuracy)
	29.3s	 = Training   runtime
	0.03s	 = Validation runtime
Fitting model: RandomForestGini ... Training model for up to 197.17s of the 197.16s of remaining time.
TabularPredictor saved. To load, use: predictor = TabularPredictor.load("/home/baderlab/mzarant/SignatureInference/models/default_correlated/0.15-163872254/Predictor_S2 (SBS2 - 0.99)")
Verbosity: 2 (Standard Logging)
=================== System Info ===================
AutoGluon Version:  1.2
Python Version:     3.10.15
Operating System:   Linux
Platform Machine:   x86_64
Platform Version:   #1 SMP PREEMPT_DYNAMIC Thu Apr 3 12:12:16 UTC 2025
CPU Count:          272
Memory Avail:       196.42 GB / 203.90 GB (96.3%)
Disk Space Avail:   1382.06 GB / 5120.00 GB (27.0%)
===================================================
Presets specified: ['medium_quality']
Beginning AutoGluon training ... Time limit = 240s
AutoGluon will save models to "/home/baderlab/mzarant/SignatureInference/models/default_correlated/0.15-163872254/Predictor_S3 (SBS3 - 0.97)"
Train Data Rows:    80
Train Data Columns: 98
Label Column:       S3 (SBS3 - 0.97)
Problem Type:       binary
Preprocessing data ...
Selected class <--> label mapping:  class 1 = True, class 0 = False
Using Feature Generators to preprocess the data ...
Fitting AutoMLPipelineFeatureGenerator...
	0.8125	 = Validation score   (accuracy)
	Available Memory:                    201113.37 MB
	11.79s	 = Training   runtime
	Train Data (Original)  Memory Usage: 0.06 MB (0.0% of available memory)
	3.16s	 = Validation runtime
	Inferring data type of each feature based on column values. Set feature_metadata_in to manually specify special dtypes of the features.
Fitting model: ExtraTreesGini ... Training model for up to 152.84s of the 152.82s of remaining time.
	Stage 1 Generators:
		Fitting AsTypeFeatureGenerator...
			Note: Converting 2 features to boolean dtype as they only contain 2 unique values.
	Stage 2 Generators:
		Fitting FillNaFeatureGenerator...
	Stage 3 Generators:
		Fitting IdentityFeatureGenerator...
	Stage 4 Generators:
		Fitting DropUniqueFeatureGenerator...
	Stage 5 Generators:
		Fitting DropDuplicatesFeatureGenerator...
	Types of features in original data (raw dtype, special dtypes):
		('bool', []) :  2 | ['S1 (SBS1 - 0.99)', 'S2 (SBS2 - 0.99)']
		('int', [])  : 96 | ['A[C>A]A', 'A[C>A]C', 'A[C>A]G', 'A[C>A]T', 'A[C>G]A', ...]
	Types of features in processed data (raw dtype, special dtypes):
		('int', [])       : 96 | ['A[C>A]A', 'A[C>A]C', 'A[C>A]G', 'A[C>A]T', 'A[C>G]A', ...]
		('int', ['bool']) :  2 | ['S1 (SBS1 - 0.99)', 'S2 (SBS2 - 0.99)']
	3.1s = Fit runtime
	98 features in original data used to generate 98 features in processed data.
	Train Data (Processed) Memory Usage: 0.06 MB (0.0% of available memory)
Data preprocessing and feature engineering runtime = 3.6s ...
AutoGluon will gauge predictive performance using evaluation metric: 'accuracy'
	To change this, specify the eval_metric parameter of Predictor()
Automatically generating train/validation split with holdout_frac=0.2, Train Rows: 64, Val Rows: 16
User-specified model hyperparameters to be fit:
{
	'GBM': [{'extra_trees': True, 'ag_args': {'name_suffix': 'XT'}}, {'ag_args': {'name_suffix': 'Light'}}],
	'RF': [{'criterion': 'gini', 'max_depth': 10, 'ag_args': {'name_suffix': 'Gini', 'problem_types': ['binary', 'multiclass']}}],
	'XT': [{'criterion': 'gini', 'max_depth': 10, 'ag_args': {'name_suffix': 'Gini', 'problem_types': ['binary', 'multiclass']}}],
}
	0.875	 = Validation score   (accuracy)
	35.33s	 = Training   runtime
	0.05s	 = Validation runtime
Fitting 4 L1 models, fit_strategy="sequential" ...
Fitting model: LightGBMXT ... Training model for up to 236.40s of the 236.38s of remaining time.
Fitting model: RandomForestGini ... Training model for up to 159.74s of the 159.17s of remaining time.
	0.8125	 = Validation score   (accuracy)
	12.44s	 = Training   runtime
	9.02s	 = Validation runtime
Fitting model: ExtraTreesGini ... Training model for up to 175.48s of the 175.47s of remaining time.
	0.8125	 = Validation score   (accuracy)
	16.31s	 = Training   runtime
	2.68s	 = Validation runtime
Fitting model: ExtraTreesGini ... Training model for up to 140.36s of the 139.79s of remaining time.
	0.875	 = Validation score   (accuracy)
	52.48s	 = Training   runtime
	0.07s	 = Validation runtime
Fitting model: RandomForestGini ... Training model for up to 171.70s of the 171.70s of remaining time.
	0.8125	 = Validation score   (accuracy)
	20.62s	 = Training   runtime
	4.78s	 = Validation runtime
	0.875	 = Validation score   (accuracy)
	45.37s	 = Training   runtime
	0.06s	 = Validation runtime
Fitting model: RandomForestGini ... Training model for up to 162.64s of the 162.63s of remaining time.
Fitting model: WeightedEnsemble_L2 ... Training model for up to 236.03s of the 126.58s of remaining time.
	Ensemble Weights: {'LightGBMXT': 1.0}
	0.875	 = Validation score   (accuracy)
	4.43s	 = Training   runtime
	0.18s	 = Validation runtime
AutoGluon training complete, total runtime = 121.67s ... Best model: WeightedEnsemble_L2 | Estimated inference throughput: 60.2 rows/s (16 batch size)
Disabling decision threshold calibration for metric `accuracy` due to having fewer than 10000 rows of validation data for calibration, to avoid overfitting (16 rows).
	`accuracy` is generally not improved through threshold calibration. Force calibration via specifying `calibrate_decision_threshold=True`.
TabularPredictor saved. To load, use: predictor = TabularPredictor.load("/home/baderlab/mzarant/SignatureInference/models/default_correlated/0.6-55417050/Predictor_S2 (SBS2 - 0.99)")
Verbosity: 2 (Standard Logging)
=================== System Info ===================
AutoGluon Version:  1.2
Python Version:     3.10.15
Operating System:   Linux
Platform Machine:   x86_64
Platform Version:   #1 SMP PREEMPT_DYNAMIC Thu Apr 3 12:12:16 UTC 2025
CPU Count:          272
Memory Avail:       196.19 GB / 203.90 GB (96.2%)
Disk Space Avail:   1382.06 GB / 5120.00 GB (27.0%)
===================================================
Presets specified: ['medium_quality']
Beginning AutoGluon training ... Time limit = 240s
AutoGluon will save models to "/home/baderlab/mzarant/SignatureInference/models/default_correlated/0.6-55417050/Predictor_S3 (SBS3 - 0.97)"
Train Data Rows:    80
Train Data Columns: 98
Label Column:       S3 (SBS3 - 0.97)
Problem Type:       binary
Preprocessing data ...
Selected class <--> label mapping:  class 1 = True, class 0 = False
Using Feature Generators to preprocess the data ...
Fitting AutoMLPipelineFeatureGenerator...
	Available Memory:                    200826.91 MB
	Train Data (Original)  Memory Usage: 0.06 MB (0.0% of available memory)
	Inferring data type of each feature based on column values. Set feature_metadata_in to manually specify special dtypes of the features.
	Stage 1 Generators:
		Fitting AsTypeFeatureGenerator...
			Note: Converting 2 features to boolean dtype as they only contain 2 unique values.
	Stage 2 Generators:
		Fitting FillNaFeatureGenerator...
	Stage 3 Generators:
		Fitting IdentityFeatureGenerator...
	Stage 4 Generators:
		Fitting DropUniqueFeatureGenerator...
	Stage 5 Generators:
		Fitting DropDuplicatesFeatureGenerator...
	Types of features in original data (raw dtype, special dtypes):
		('bool', []) :  2 | ['S1 (SBS1 - 0.99)', 'S2 (SBS2 - 0.99)']
		('int', [])  : 96 | ['A[C>A]A', 'A[C>A]C', 'A[C>A]G', 'A[C>A]T', 'A[C>G]A', ...]
	Types of features in processed data (raw dtype, special dtypes):
		('int', [])       : 96 | ['A[C>A]A', 'A[C>A]C', 'A[C>A]G', 'A[C>A]T', 'A[C>G]A', ...]
		('int', ['bool']) :  2 | ['S1 (SBS1 - 0.99)', 'S2 (SBS2 - 0.99)']
	9.0s = Fit runtime
	98 features in original data used to generate 98 features in processed data.
	Train Data (Processed) Memory Usage: 0.06 MB (0.0% of available memory)
Data preprocessing and feature engineering runtime = 12.25s ...
AutoGluon will gauge predictive performance using evaluation metric: 'accuracy'
	To change this, specify the eval_metric parameter of Predictor()
Automatically generating train/validation split with holdout_frac=0.2, Train Rows: 64, Val Rows: 16
User-specified model hyperparameters to be fit:
{
	'GBM': [{'extra_trees': True, 'ag_args': {'name_suffix': 'XT'}}, {'ag_args': {'name_suffix': 'Light'}}],
	'RF': [{'criterion': 'gini', 'max_depth': 10, 'ag_args': {'name_suffix': 'Gini', 'problem_types': ['binary', 'multiclass']}}],
	'XT': [{'criterion': 'gini', 'max_depth': 10, 'ag_args': {'name_suffix': 'Gini', 'problem_types': ['binary', 'multiclass']}}],
}
Fitting 4 L1 models, fit_strategy="sequential" ...
Fitting model: LightGBMXT ... Training model for up to 227.75s of the 227.74s of remaining time.
	0.8125	 = Validation score   (accuracy)
	15.53s	 = Training   runtime
	12.5s	 = Validation runtime
Fitting model: WeightedEnsemble_L2 ... Training model for up to 237.36s of the 147.13s of remaining time.
	Ensemble Weights: {'LightGBMXT': 1.0}
	0.8125	 = Validation score   (accuracy)
	1.27s	 = Training   runtime
	0.02s	 = Validation runtime
AutoGluon training complete, total runtime = 94.77s ... Best model: WeightedEnsemble_L2 | Estimated inference throughput: 132.5 rows/s (16 batch size)
Disabling decision threshold calibration for metric `accuracy` due to having fewer than 10000 rows of validation data for calibration, to avoid overfitting (16 rows).
	`accuracy` is generally not improved through threshold calibration. Force calibration via specifying `calibrate_decision_threshold=True`.
	0.875	 = Validation score   (accuracy)
	21.9s	 = Training   runtime
	2.65s	 = Validation runtime
Fitting model: ExtraTreesGini ... Training model for up to 137.74s of the 137.73s of remaining time.
TabularPredictor saved. To load, use: predictor = TabularPredictor.load("/home/baderlab/mzarant/SignatureInference/models/default_correlated/0.1-366043238/Predictor_S2 (SBS2 - 0.99)")
Verbosity: 2 (Standard Logging)
=================== System Info ===================
AutoGluon Version:  1.2
Python Version:     3.10.15
Operating System:   Linux
Platform Machine:   x86_64
Platform Version:   #1 SMP PREEMPT_DYNAMIC Thu Apr 3 12:12:16 UTC 2025
CPU Count:          272
Memory Avail:       196.09 GB / 203.90 GB (96.2%)
Disk Space Avail:   1382.06 GB / 5120.00 GB (27.0%)
===================================================
Presets specified: ['medium_quality']
Beginning AutoGluon training ... Time limit = 240s
AutoGluon will save models to "/home/baderlab/mzarant/SignatureInference/models/default_correlated/0.1-366043238/Predictor_S3 (SBS3 - 0.97)"
Train Data Rows:    80
Train Data Columns: 98
Label Column:       S3 (SBS3 - 0.97)
Problem Type:       binary
Preprocessing data ...
Selected class <--> label mapping:  class 1 = True, class 0 = False
Using Feature Generators to preprocess the data ...
Fitting AutoMLPipelineFeatureGenerator...
	0.875	 = Validation score   (accuracy)
	63.32s	 = Training   runtime
	0.1s	 = Validation runtime
Fitting model: RandomForestGini ... Training model for up to 137.50s of the 137.49s of remaining time.
	Available Memory:                    200793.57 MB
	Train Data (Original)  Memory Usage: 0.06 MB (0.0% of available memory)
	Inferring data type of each feature based on column values. Set feature_metadata_in to manually specify special dtypes of the features.
	Stage 1 Generators:
		Fitting AsTypeFeatureGenerator...
			Note: Converting 2 features to boolean dtype as they only contain 2 unique values.
	Stage 2 Generators:
		Fitting FillNaFeatureGenerator...
	Stage 3 Generators:
		Fitting IdentityFeatureGenerator...
	Stage 4 Generators:
		Fitting DropUniqueFeatureGenerator...
	Stage 5 Generators:
		Fitting DropDuplicatesFeatureGenerator...
	Types of features in original data (raw dtype, special dtypes):
		('bool', []) :  2 | ['S1 (SBS1 - 0.99)', 'S2 (SBS2 - 0.99)']
		('int', [])  : 96 | ['A[C>A]A', 'A[C>A]C', 'A[C>A]G', 'A[C>A]T', 'A[C>G]A', ...]
	Types of features in processed data (raw dtype, special dtypes):
		('int', [])       : 96 | ['A[C>A]A', 'A[C>A]C', 'A[C>A]G', 'A[C>A]T', 'A[C>G]A', ...]
		('int', ['bool']) :  2 | ['S1 (SBS1 - 0.99)', 'S2 (SBS2 - 0.99)']
	4.3s = Fit runtime
	98 features in original data used to generate 98 features in processed data.
	Train Data (Processed) Memory Usage: 0.06 MB (0.0% of available memory)
Data preprocessing and feature engineering runtime = 4.78s ...
AutoGluon will gauge predictive performance using evaluation metric: 'accuracy'
	To change this, specify the eval_metric parameter of Predictor()
Automatically generating train/validation split with holdout_frac=0.2, Train Rows: 64, Val Rows: 16
User-specified model hyperparameters to be fit:
{
	'GBM': [{'extra_trees': True, 'ag_args': {'name_suffix': 'XT'}}, {'ag_args': {'name_suffix': 'Light'}}],
	'RF': [{'criterion': 'gini', 'max_depth': 10, 'ag_args': {'name_suffix': 'Gini', 'problem_types': ['binary', 'multiclass']}}],
	'XT': [{'criterion': 'gini', 'max_depth': 10, 'ag_args': {'name_suffix': 'Gini', 'problem_types': ['binary', 'multiclass']}}],
}
Fitting 4 L1 models, fit_strategy="sequential" ...
Fitting model: LightGBMXT ... Training model for up to 235.22s of the 235.20s of remaining time.
	0.75	 = Validation score   (accuracy)
	53.98s	 = Training   runtime
	0.32s	 = Validation runtime
Fitting model: LightGBMLight ... Training model for up to 179.82s of the 179.79s of remaining time.
	0.8125	 = Validation score   (accuracy)
	25.47s	 = Training   runtime
	8.87s	 = Validation runtime
Fitting model: WeightedEnsemble_L2 ... Training model for up to 232.79s of the 101.82s of remaining time.
	0.8125	 = Validation score   (accuracy)
	25.03s	 = Training   runtime
	15.41s	 = Validation runtime
	Ensemble Weights: {'LightGBMXT': 1.0}
	0.875	 = Validation score   (accuracy)
	3.87s	 = Training   runtime
	0.02s	 = Validation runtime
Fitting model: ExtraTreesGini ... Training model for up to 130.98s of the 130.97s of remaining time.
AutoGluon training complete, total runtime = 146.32s ... Best model: WeightedEnsemble_L2 | Estimated inference throughput: 133.6 rows/s (16 batch size)
Disabling decision threshold calibration for metric `accuracy` due to having fewer than 10000 rows of validation data for calibration, to avoid overfitting (16 rows).
	`accuracy` is generally not improved through threshold calibration. Force calibration via specifying `calibrate_decision_threshold=True`.
TabularPredictor saved. To load, use: predictor = TabularPredictor.load("/home/baderlab/mzarant/SignatureInference/models/default_correlated/0.4-952979756/Predictor_S2 (SBS2 - 0.99)")
Verbosity: 2 (Standard Logging)
=================== System Info ===================
AutoGluon Version:  1.2
Python Version:     3.10.15
Operating System:   Linux
Platform Machine:   x86_64
Platform Version:   #1 SMP PREEMPT_DYNAMIC Thu Apr 3 12:12:16 UTC 2025
CPU Count:          272
Memory Avail:       196.05 GB / 203.90 GB (96.2%)
Disk Space Avail:   1382.05 GB / 5120.00 GB (27.0%)
===================================================
Presets specified: ['medium_quality']
Beginning AutoGluon training ... Time limit = 240s
AutoGluon will save models to "/home/baderlab/mzarant/SignatureInference/models/default_correlated/0.4-952979756/Predictor_S3 (SBS3 - 0.97)"
Train Data Rows:    80
Train Data Columns: 98
Label Column:       S3 (SBS3 - 0.97)
Problem Type:       binary
Preprocessing data ...
Selected class <--> label mapping:  class 1 = True, class 0 = False
Using Feature Generators to preprocess the data ...
Fitting AutoMLPipelineFeatureGenerator...
	Available Memory:                    200765.06 MB
	Train Data (Original)  Memory Usage: 0.06 MB (0.0% of available memory)
	Inferring data type of each feature based on column values. Set feature_metadata_in to manually specify special dtypes of the features.
	Stage 1 Generators:
		Fitting AsTypeFeatureGenerator...
			Note: Converting 2 features to boolean dtype as they only contain 2 unique values.
	Stage 2 Generators:
		Fitting FillNaFeatureGenerator...
	0.8125	 = Validation score   (accuracy)
	14.26s	 = Training   runtime
	3.63s	 = Validation runtime
	Stage 3 Generators:
		Fitting IdentityFeatureGenerator...
	Stage 4 Generators:
		Fitting DropUniqueFeatureGenerator...
Fitting model: WeightedEnsemble_L2 ... Training model for up to 237.49s of the 119.30s of remaining time.
	Stage 5 Generators:
		Fitting DropDuplicatesFeatureGenerator...
	Types of features in original data (raw dtype, special dtypes):
		('bool', []) :  2 | ['S1 (SBS1 - 0.99)', 'S2 (SBS2 - 0.99)']
		('int', [])  : 96 | ['A[C>A]A', 'A[C>A]C', 'A[C>A]G', 'A[C>A]T', 'A[C>G]A', ...]
	Types of features in processed data (raw dtype, special dtypes):
		('int', [])       : 96 | ['A[C>A]A', 'A[C>A]C', 'A[C>A]G', 'A[C>A]T', 'A[C>G]A', ...]
		('int', ['bool']) :  2 | ['S1 (SBS1 - 0.99)', 'S2 (SBS2 - 0.99)']
	2.8s = Fit runtime
	98 features in original data used to generate 98 features in processed data.
	Train Data (Processed) Memory Usage: 0.06 MB (0.0% of available memory)
Data preprocessing and feature engineering runtime = 3.67s ...
AutoGluon will gauge predictive performance using evaluation metric: 'accuracy'
	To change this, specify the eval_metric parameter of Predictor()
Automatically generating train/validation split with holdout_frac=0.2, Train Rows: 64, Val Rows: 16
User-specified model hyperparameters to be fit:
{
	'GBM': [{'extra_trees': True, 'ag_args': {'name_suffix': 'XT'}}, {'ag_args': {'name_suffix': 'Light'}}],
	'RF': [{'criterion': 'gini', 'max_depth': 10, 'ag_args': {'name_suffix': 'Gini', 'problem_types': ['binary', 'multiclass']}}],
	'XT': [{'criterion': 'gini', 'max_depth': 10, 'ag_args': {'name_suffix': 'Gini', 'problem_types': ['binary', 'multiclass']}}],
}
Fitting 4 L1 models, fit_strategy="sequential" ...
Fitting model: LightGBMXT ... Training model for up to 236.33s of the 236.33s of remaining time.
	Ensemble Weights: {'LightGBMXT': 1.0}
	0.875	 = Validation score   (accuracy)
	2.13s	 = Training   runtime
	0.01s	 = Validation runtime
AutoGluon training complete, total runtime = 124.0s ... Best model: WeightedEnsemble_L2 | Estimated inference throughput: 17.4 rows/s (16 batch size)
Disabling decision threshold calibration for metric `accuracy` due to having fewer than 10000 rows of validation data for calibration, to avoid overfitting (16 rows).
	`accuracy` is generally not improved through threshold calibration. Force calibration via specifying `calibrate_decision_threshold=True`.
	0.8125	 = Validation score   (accuracy)
	13.0s	 = Training   runtime
	6.92s	 = Validation runtime
Fitting model: ExtraTreesGini ... Training model for up to 116.98s of the 116.98s of remaining time.
TabularPredictor saved. To load, use: predictor = TabularPredictor.load("/home/baderlab/mzarant/SignatureInference/models/default_correlated/0.7-761971972/Predictor_S2 (SBS2 - 0.99)")
Verbosity: 2 (Standard Logging)
=================== System Info ===================
AutoGluon Version:  1.2
Python Version:     3.10.15
Operating System:   Linux
Platform Machine:   x86_64
Platform Version:   #1 SMP PREEMPT_DYNAMIC Thu Apr 3 12:12:16 UTC 2025
CPU Count:          272
Memory Avail:       196.07 GB / 203.90 GB (96.2%)
Disk Space Avail:   1382.05 GB / 5120.00 GB (27.0%)
===================================================
Presets specified: ['medium_quality']
Beginning AutoGluon training ... Time limit = 240s
AutoGluon will save models to "/home/baderlab/mzarant/SignatureInference/models/default_correlated/0.7-761971972/Predictor_S3 (SBS3 - 0.97)"
Train Data Rows:    80
Train Data Columns: 98
Label Column:       S3 (SBS3 - 0.97)
Problem Type:       binary
Preprocessing data ...
Selected class <--> label mapping:  class 1 = True, class 0 = False
Using Feature Generators to preprocess the data ...
Fitting AutoMLPipelineFeatureGenerator...
	Available Memory:                    200816.23 MB
	Train Data (Original)  Memory Usage: 0.06 MB (0.0% of available memory)
	Inferring data type of each feature based on column values. Set feature_metadata_in to manually specify special dtypes of the features.
	Stage 1 Generators:
		Fitting AsTypeFeatureGenerator...
			Note: Converting 2 features to boolean dtype as they only contain 2 unique values.
	Stage 2 Generators:
		Fitting FillNaFeatureGenerator...
	Stage 3 Generators:
		Fitting IdentityFeatureGenerator...
	Stage 4 Generators:
		Fitting DropUniqueFeatureGenerator...
	Stage 5 Generators:
		Fitting DropDuplicatesFeatureGenerator...
	Types of features in original data (raw dtype, special dtypes):
		('bool', []) :  2 | ['S1 (SBS1 - 0.99)', 'S2 (SBS2 - 0.99)']
		('int', [])  : 96 | ['A[C>A]A', 'A[C>A]C', 'A[C>A]G', 'A[C>A]T', 'A[C>G]A', ...]
	Types of features in processed data (raw dtype, special dtypes):
		('int', [])       : 96 | ['A[C>A]A', 'A[C>A]C', 'A[C>A]G', 'A[C>A]T', 'A[C>G]A', ...]
		('int', ['bool']) :  2 | ['S1 (SBS1 - 0.99)', 'S2 (SBS2 - 0.99)']
	2.0s = Fit runtime
	98 features in original data used to generate 98 features in processed data.
	Train Data (Processed) Memory Usage: 0.06 MB (0.0% of available memory)
Data preprocessing and feature engineering runtime = 2.37s ...
AutoGluon will gauge predictive performance using evaluation metric: 'accuracy'
	To change this, specify the eval_metric parameter of Predictor()
Automatically generating train/validation split with holdout_frac=0.2, Train Rows: 64, Val Rows: 16
User-specified model hyperparameters to be fit:
{
	'GBM': [{'extra_trees': True, 'ag_args': {'name_suffix': 'XT'}}, {'ag_args': {'name_suffix': 'Light'}}],
	'RF': [{'criterion': 'gini', 'max_depth': 10, 'ag_args': {'name_suffix': 'Gini', 'problem_types': ['binary', 'multiclass']}}],
	'XT': [{'criterion': 'gini', 'max_depth': 10, 'ag_args': {'name_suffix': 'Gini', 'problem_types': ['binary', 'multiclass']}}],
}
Fitting 4 L1 models, fit_strategy="sequential" ...
Fitting model: LightGBMXT ... Training model for up to 237.63s of the 237.62s of remaining time.
	0.9375	 = Validation score   (accuracy)
	85.3s	 = Training   runtime
	0.05s	 = Validation runtime
Fitting model: RandomForestGini ... Training model for up to 107.50s of the 107.49s of remaining time.
	0.8125	 = Validation score   (accuracy)
	12.76s	 = Training   runtime
	7.54s	 = Validation runtime
Fitting model: WeightedEnsemble_L2 ... Training model for up to 237.52s of the 110.31s of remaining time.
	Ensemble Weights: {'LightGBMLight': 1.0}
	0.875	 = Validation score   (accuracy)
	3.85s	 = Training   runtime
	0.04s	 = Validation runtime
AutoGluon training complete, total runtime = 134.38s ... Best model: WeightedEnsemble_L2 | Estimated inference throughput: 151.6 rows/s (16 batch size)
Disabling decision threshold calibration for metric `accuracy` due to having fewer than 10000 rows of validation data for calibration, to avoid overfitting (16 rows).
	`accuracy` is generally not improved through threshold calibration. Force calibration via specifying `calibrate_decision_threshold=True`.
TabularPredictor saved. To load, use: predictor = TabularPredictor.load("/home/baderlab/mzarant/SignatureInference/models/default_correlated/0.2-780880656/Predictor_S2 (SBS2 - 0.99)")
	0.8125	 = Validation score   (accuracy)
	12.52s	 = Training   runtime
	6.2s	 = Validation runtime
Verbosity: 2 (Standard Logging)
=================== System Info ===================
AutoGluon Version:  1.2
Python Version:     3.10.15
Operating System:   Linux
Platform Machine:   x86_64
Platform Version:   #1 SMP PREEMPT_DYNAMIC Thu Apr 3 12:12:16 UTC 2025
CPU Count:          272
Memory Avail:       196.15 GB / 203.90 GB (96.2%)
Disk Space Avail:   1382.05 GB / 5120.00 GB (27.0%)
===================================================
Presets specified: ['medium_quality']
Fitting model: WeightedEnsemble_L2 ... Training model for up to 235.84s of the 98.01s of remaining time.
Beginning AutoGluon training ... Time limit = 240s
AutoGluon will save models to "/home/baderlab/mzarant/SignatureInference/models/default_correlated/0.2-780880656/Predictor_S3 (SBS3 - 0.97)"
Train Data Rows:    80
Train Data Columns: 98
Label Column:       S3 (SBS3 - 0.97)
Problem Type:       binary
Preprocessing data ...
Selected class <--> label mapping:  class 1 = True, class 0 = False
Using Feature Generators to preprocess the data ...
Fitting AutoMLPipelineFeatureGenerator...
	Available Memory:                    200881.72 MB
	Train Data (Original)  Memory Usage: 0.06 MB (0.0% of available memory)
	Inferring data type of each feature based on column values. Set feature_metadata_in to manually specify special dtypes of the features.
	Stage 1 Generators:
		Fitting AsTypeFeatureGenerator...
			Note: Converting 2 features to boolean dtype as they only contain 2 unique values.
	Stage 2 Generators:
		Fitting FillNaFeatureGenerator...
	Stage 3 Generators:
		Fitting IdentityFeatureGenerator...
	Stage 4 Generators:
		Fitting DropUniqueFeatureGenerator...
	Stage 5 Generators:
		Fitting DropDuplicatesFeatureGenerator...
	Ensemble Weights: {'LightGBMXT': 1.0}
	0.875	 = Validation score   (accuracy)
	1.93s	 = Training   runtime
	0.04s	 = Validation runtime
AutoGluon training complete, total runtime = 145.11s ... Best model: WeightedEnsemble_L2 | Estimated inference throughput: 256.8 rows/s (16 batch size)
Disabling decision threshold calibration for metric `accuracy` due to having fewer than 10000 rows of validation data for calibration, to avoid overfitting (16 rows).
	`accuracy` is generally not improved through threshold calibration. Force calibration via specifying `calibrate_decision_threshold=True`.
	Types of features in original data (raw dtype, special dtypes):
		('bool', []) :  2 | ['S1 (SBS1 - 0.99)', 'S2 (SBS2 - 0.99)']
		('int', [])  : 96 | ['A[C>A]A', 'A[C>A]C', 'A[C>A]G', 'A[C>A]T', 'A[C>G]A', ...]
	Types of features in processed data (raw dtype, special dtypes):
		('int', [])       : 96 | ['A[C>A]A', 'A[C>A]C', 'A[C>A]G', 'A[C>A]T', 'A[C>G]A', ...]
		('int', ['bool']) :  2 | ['S1 (SBS1 - 0.99)', 'S2 (SBS2 - 0.99)']
	2.3s = Fit runtime
	98 features in original data used to generate 98 features in processed data.
	Train Data (Processed) Memory Usage: 0.06 MB (0.0% of available memory)
Data preprocessing and feature engineering runtime = 2.57s ...
AutoGluon will gauge predictive performance using evaluation metric: 'accuracy'
TabularPredictor saved. To load, use: predictor = TabularPredictor.load("/home/baderlab/mzarant/SignatureInference/models/default_correlated/0.03-897180855/Predictor_S2 (SBS2 - 0.99)")
	To change this, specify the eval_metric parameter of Predictor()
Verbosity: 2 (Standard Logging)
=================== System Info ===================
AutoGluon Version:  1.2
Python Version:     3.10.15
Operating System:   Linux
Platform Machine:   x86_64
Platform Version:   #1 SMP PREEMPT_DYNAMIC Thu Apr 3 12:12:16 UTC 2025
CPU Count:          272
Memory Avail:       196.20 GB / 203.90 GB (96.2%)
Disk Space Avail:   1382.05 GB / 5120.00 GB (27.0%)
===================================================
Presets specified: ['medium_quality']
Automatically generating train/validation split with holdout_frac=0.2, Train Rows: 64, Val Rows: 16
User-specified model hyperparameters to be fit:
{
	'GBM': [{'extra_trees': True, 'ag_args': {'name_suffix': 'XT'}}, {'ag_args': {'name_suffix': 'Light'}}],
	'RF': [{'criterion': 'gini', 'max_depth': 10, 'ag_args': {'name_suffix': 'Gini', 'problem_types': ['binary', 'multiclass']}}],
	'XT': [{'criterion': 'gini', 'max_depth': 10, 'ag_args': {'name_suffix': 'Gini', 'problem_types': ['binary', 'multiclass']}}],
}
Beginning AutoGluon training ... Time limit = 240s
AutoGluon will save models to "/home/baderlab/mzarant/SignatureInference/models/default_correlated/0.03-897180855/Predictor_S3 (SBS3 - 0.97)"
Train Data Rows:    80
Train Data Columns: 98
Label Column:       S3 (SBS3 - 0.97)
Problem Type:       binary
Preprocessing data ...
Fitting 4 L1 models, fit_strategy="sequential" ...
Fitting model: LightGBMXT ... Training model for up to 237.43s of the 237.42s of remaining time.
Selected class <--> label mapping:  class 1 = True, class 0 = False
Using Feature Generators to preprocess the data ...
Fitting AutoMLPipelineFeatureGenerator...
	Available Memory:                    200924.74 MB
	Train Data (Original)  Memory Usage: 0.06 MB (0.0% of available memory)
	Inferring data type of each feature based on column values. Set feature_metadata_in to manually specify special dtypes of the features.
	Stage 1 Generators:
		Fitting AsTypeFeatureGenerator...
			Note: Converting 2 features to boolean dtype as they only contain 2 unique values.
	Stage 2 Generators:
		Fitting FillNaFeatureGenerator...
	Stage 3 Generators:
		Fitting IdentityFeatureGenerator...
	Stage 4 Generators:
		Fitting DropUniqueFeatureGenerator...
	Stage 5 Generators:
		Fitting DropDuplicatesFeatureGenerator...
	Types of features in original data (raw dtype, special dtypes):
		('bool', []) :  2 | ['S1 (SBS1 - 0.99)', 'S2 (SBS2 - 0.99)']
		('int', [])  : 96 | ['A[C>A]A', 'A[C>A]C', 'A[C>A]G', 'A[C>A]T', 'A[C>G]A', ...]
	Types of features in processed data (raw dtype, special dtypes):
		('int', [])       : 96 | ['A[C>A]A', 'A[C>A]C', 'A[C>A]G', 'A[C>A]T', 'A[C>G]A', ...]
		('int', ['bool']) :  2 | ['S1 (SBS1 - 0.99)', 'S2 (SBS2 - 0.99)']
	2.1s = Fit runtime
	98 features in original data used to generate 98 features in processed data.
	Train Data (Processed) Memory Usage: 0.06 MB (0.0% of available memory)
Data preprocessing and feature engineering runtime = 2.77s ...
AutoGluon will gauge predictive performance using evaluation metric: 'accuracy'
	To change this, specify the eval_metric parameter of Predictor()
Automatically generating train/validation split with holdout_frac=0.2, Train Rows: 64, Val Rows: 16
User-specified model hyperparameters to be fit:
{
	'GBM': [{'extra_trees': True, 'ag_args': {'name_suffix': 'XT'}}, {'ag_args': {'name_suffix': 'Light'}}],
	'RF': [{'criterion': 'gini', 'max_depth': 10, 'ag_args': {'name_suffix': 'Gini', 'problem_types': ['binary', 'multiclass']}}],
	'XT': [{'criterion': 'gini', 'max_depth': 10, 'ag_args': {'name_suffix': 'Gini', 'problem_types': ['binary', 'multiclass']}}],
}
Fitting 4 L1 models, fit_strategy="sequential" ...
Fitting model: LightGBMXT ... Training model for up to 237.23s of the 237.22s of remaining time.
	0.8125	 = Validation score   (accuracy)
	10.89s	 = Training   runtime
	3.43s	 = Validation runtime
Fitting model: ExtraTreesGini ... Training model for up to 92.94s of the 92.93s of remaining time.
	0.8125	 = Validation score   (accuracy)
	52.27s	 = Training   runtime
	0.08s	 = Validation runtime
Fitting model: LightGBMLight ... Training model for up to 175.19s of the 175.18s of remaining time.
	0.8125	 = Validation score   (accuracy)
	7.73s	 = Training   runtime
	2.48s	 = Validation runtime
Fitting model: WeightedEnsemble_L2 ... Training model for up to 235.38s of the 82.50s of remaining time.
	0.75	 = Validation score   (accuracy)
	48.42s	 = Training   runtime
	0.02s	 = Validation runtime
Fitting model: RandomForestGini ... Training model for up to 131.23s of the 131.21s of remaining time.
	Ensemble Weights: {'LightGBMLight': 1.0}
	0.9375	 = Validation score   (accuracy)
	0.94s	 = Training   runtime
	0.01s	 = Validation runtime
AutoGluon training complete, total runtime = 159.13s ... Best model: WeightedEnsemble_L2 | Estimated inference throughput: 289.9 rows/s (16 batch size)
Disabling decision threshold calibration for metric `accuracy` due to having fewer than 10000 rows of validation data for calibration, to avoid overfitting (16 rows).
	`accuracy` is generally not improved through threshold calibration. Force calibration via specifying `calibrate_decision_threshold=True`.
TabularPredictor saved. To load, use: predictor = TabularPredictor.load("/home/baderlab/mzarant/SignatureInference/models/default_correlated/0.02-340812214/Predictor_S2 (SBS2 - 0.99)")
Verbosity: 2 (Standard Logging)
=================== System Info ===================
AutoGluon Version:  1.2
Python Version:     3.10.15
Operating System:   Linux
Platform Machine:   x86_64
Platform Version:   #1 SMP PREEMPT_DYNAMIC Thu Apr 3 12:12:16 UTC 2025
CPU Count:          272
Memory Avail:       195.88 GB / 203.90 GB (96.1%)
Disk Space Avail:   1382.04 GB / 5120.00 GB (27.0%)
===================================================
Presets specified: ['medium_quality']
Beginning AutoGluon training ... Time limit = 240s
AutoGluon will save models to "/home/baderlab/mzarant/SignatureInference/models/default_correlated/0.02-340812214/Predictor_S3 (SBS3 - 0.97)"
Train Data Rows:    80
Train Data Columns: 98
Label Column:       S3 (SBS3 - 0.97)
Problem Type:       binary
Preprocessing data ...
Selected class <--> label mapping:  class 1 = True, class 0 = False
Using Feature Generators to preprocess the data ...
Fitting AutoMLPipelineFeatureGenerator...
	Available Memory:                    200566.24 MB
	Train Data (Original)  Memory Usage: 0.06 MB (0.0% of available memory)
	Inferring data type of each feature based on column values. Set feature_metadata_in to manually specify special dtypes of the features.
	Stage 1 Generators:
		Fitting AsTypeFeatureGenerator...
			Note: Converting 2 features to boolean dtype as they only contain 2 unique values.
	Stage 2 Generators:
		Fitting FillNaFeatureGenerator...
	Stage 3 Generators:
		Fitting IdentityFeatureGenerator...
	Stage 4 Generators:
		Fitting DropUniqueFeatureGenerator...
	Stage 5 Generators:
		Fitting DropDuplicatesFeatureGenerator...
	Types of features in original data (raw dtype, special dtypes):
		('bool', []) :  2 | ['S1 (SBS1 - 0.99)', 'S2 (SBS2 - 0.99)']
		('int', [])  : 96 | ['A[C>A]A', 'A[C>A]C', 'A[C>A]G', 'A[C>A]T', 'A[C>G]A', ...]
	Types of features in processed data (raw dtype, special dtypes):
		('int', [])       : 96 | ['A[C>A]A', 'A[C>A]C', 'A[C>A]G', 'A[C>A]T', 'A[C>G]A', ...]
		('int', ['bool']) :  2 | ['S1 (SBS1 - 0.99)', 'S2 (SBS2 - 0.99)']
	3.2s = Fit runtime
	98 features in original data used to generate 98 features in processed data.
	Train Data (Processed) Memory Usage: 0.06 MB (0.0% of available memory)
Data preprocessing and feature engineering runtime = 3.5s ...
AutoGluon will gauge predictive performance using evaluation metric: 'accuracy'
	To change this, specify the eval_metric parameter of Predictor()
Automatically generating train/validation split with holdout_frac=0.2, Train Rows: 64, Val Rows: 16
User-specified model hyperparameters to be fit:
{
	'GBM': [{'extra_trees': True, 'ag_args': {'name_suffix': 'XT'}}, {'ag_args': {'name_suffix': 'Light'}}],
	'RF': [{'criterion': 'gini', 'max_depth': 10, 'ag_args': {'name_suffix': 'Gini', 'problem_types': ['binary', 'multiclass']}}],
	'XT': [{'criterion': 'gini', 'max_depth': 10, 'ag_args': {'name_suffix': 'Gini', 'problem_types': ['binary', 'multiclass']}}],
}
	0.8125	 = Validation score   (accuracy)
	56.9s	 = Training   runtime
	0.4s	 = Validation runtime
Fitting model: LightGBMLight ... Training model for up to 177.64s of the 177.62s of remaining time.
Fitting 4 L1 models, fit_strategy="sequential" ...
Fitting model: LightGBMXT ... Training model for up to 236.50s of the 236.50s of remaining time.
	0.8125	 = Validation score   (accuracy)
	9.96s	 = Training   runtime
	1.26s	 = Validation runtime
Fitting model: ExtraTreesGini ... Training model for up to 119.80s of the 119.78s of remaining time.
	0.8125	 = Validation score   (accuracy)
	31.04s	 = Training   runtime
	0.85s	 = Validation runtime
	0.8125	 = Validation score   (accuracy)
	46.94s	 = Training   runtime
	0.31s	 = Validation runtime
Fitting model: LightGBMLight ... Training model for up to 203.17s of the 203.17s of remaining time.
Fitting model: LightGBMLight ... Training model for up to 187.35s of the 187.34s of remaining time.
	0.8125	 = Validation score   (accuracy)
	8.42s	 = Training   runtime
	1.23s	 = Validation runtime
Fitting model: WeightedEnsemble_L2 ... Training model for up to 236.40s of the 109.91s of remaining time.
	Ensemble Weights: {'RandomForestGini': 1.0}
	0.8125	 = Validation score   (accuracy)
	0.66s	 = Training   runtime
	0.01s	 = Validation runtime
AutoGluon training complete, total runtime = 131.56s ... Best model: WeightedEnsemble_L2 | Estimated inference throughput: 12.6 rows/s (16 batch size)
Disabling decision threshold calibration for metric `accuracy` due to having fewer than 10000 rows of validation data for calibration, to avoid overfitting (16 rows).
	`accuracy` is generally not improved through threshold calibration. Force calibration via specifying `calibrate_decision_threshold=True`.
TabularPredictor saved. To load, use: predictor = TabularPredictor.load("/home/baderlab/mzarant/SignatureInference/models/default_correlated/0.15-163872254/Predictor_S3 (SBS3 - 0.97)")
Verbosity: 2 (Standard Logging)
=================== System Info ===================
AutoGluon Version:  1.2
Python Version:     3.10.15
Operating System:   Linux
Platform Machine:   x86_64
Platform Version:   #1 SMP PREEMPT_DYNAMIC Thu Apr 3 12:12:16 UTC 2025
CPU Count:          272
Memory Avail:       195.72 GB / 203.90 GB (96.0%)
Disk Space Avail:   1382.04 GB / 5120.00 GB (27.0%)
===================================================
Presets specified: ['medium_quality']
Beginning AutoGluon training ... Time limit = 240s
AutoGluon will save models to "/home/baderlab/mzarant/SignatureInference/models/default_correlated/0.15-163872254/Predictor_S4 (SBS4 - 0.98)"
Train Data Rows:    80
Train Data Columns: 99
Label Column:       S4 (SBS4 - 0.98)
Problem Type:       binary
Preprocessing data ...
Selected class <--> label mapping:  class 1 = True, class 0 = False
Using Feature Generators to preprocess the data ...
Fitting AutoMLPipelineFeatureGenerator...
	Available Memory:                    200400.32 MB
	Train Data (Original)  Memory Usage: 0.06 MB (0.0% of available memory)
	Inferring data type of each feature based on column values. Set feature_metadata_in to manually specify special dtypes of the features.
	0.6875	 = Validation score   (accuracy)
	34.96s	 = Training   runtime
	0.1s	 = Validation runtime
Fitting model: LightGBMLight ... Training model for up to 201.98s of the 201.97s of remaining time.
	Stage 1 Generators:
		Fitting AsTypeFeatureGenerator...
			Note: Converting 3 features to boolean dtype as they only contain 2 unique values.
	Stage 2 Generators:
		Fitting FillNaFeatureGenerator...
	Stage 3 Generators:
		Fitting IdentityFeatureGenerator...
	Stage 4 Generators:
		Fitting DropUniqueFeatureGenerator...
	Stage 5 Generators:
		Fitting DropDuplicatesFeatureGenerator...
	Types of features in original data (raw dtype, special dtypes):
		('bool', []) :  3 | ['S1 (SBS1 - 0.99)', 'S2 (SBS2 - 0.99)', 'S3 (SBS3 - 0.97)']
		('int', [])  : 96 | ['A[C>A]A', 'A[C>A]C', 'A[C>A]G', 'A[C>A]T', 'A[C>G]A', ...]
	Types of features in processed data (raw dtype, special dtypes):
		('int', [])       : 96 | ['A[C>A]A', 'A[C>A]C', 'A[C>A]G', 'A[C>A]T', 'A[C>G]A', ...]
		('int', ['bool']) :  3 | ['S1 (SBS1 - 0.99)', 'S2 (SBS2 - 0.99)', 'S3 (SBS3 - 0.97)']
	1.4s = Fit runtime
	99 features in original data used to generate 99 features in processed data.
	Train Data (Processed) Memory Usage: 0.06 MB (0.0% of available memory)
Data preprocessing and feature engineering runtime = 1.57s ...
AutoGluon will gauge predictive performance using evaluation metric: 'accuracy'
	To change this, specify the eval_metric parameter of Predictor()
Automatically generating train/validation split with holdout_frac=0.2, Train Rows: 64, Val Rows: 16
User-specified model hyperparameters to be fit:
{
	'GBM': [{'extra_trees': True, 'ag_args': {'name_suffix': 'XT'}}, {'ag_args': {'name_suffix': 'Light'}}],
	'RF': [{'criterion': 'gini', 'max_depth': 10, 'ag_args': {'name_suffix': 'Gini', 'problem_types': ['binary', 'multiclass']}}],
	'XT': [{'criterion': 'gini', 'max_depth': 10, 'ag_args': {'name_suffix': 'Gini', 'problem_types': ['binary', 'multiclass']}}],
}
Fitting 4 L1 models, fit_strategy="sequential" ...
Fitting model: LightGBMXT ... Training model for up to 238.43s of the 238.42s of remaining time.
	0.8125	 = Validation score   (accuracy)
	65.04s	 = Training   runtime
	0.14s	 = Validation runtime
Fitting model: LightGBMLight ... Training model for up to 171.08s of the 171.08s of remaining time.
	0.8125	 = Validation score   (accuracy)
	36.47s	 = Training   runtime
	0.12s	 = Validation runtime
Fitting model: RandomForestGini ... Training model for up to 138.55s of the 138.54s of remaining time.
	0.625	 = Validation score   (accuracy)
	12.53s	 = Training   runtime
	0.05s	 = Validation runtime
Fitting model: LightGBMLight ... Training model for up to 225.69s of the 225.68s of remaining time.
	0.8125	 = Validation score   (accuracy)
	8.12s	 = Training   runtime
	1.44s	 = Validation runtime
Fitting model: ExtraTreesGini ... Training model for up to 128.79s of the 128.78s of remaining time.
	0.8125	 = Validation score   (accuracy)
	7.35s	 = Training   runtime
	1.23s	 = Validation runtime
Fitting model: WeightedEnsemble_L2 ... Training model for up to 227.75s of the 119.95s of remaining time.
	Ensemble Weights: {'LightGBMXT': 1.0}
	0.8125	 = Validation score   (accuracy)
	0.86s	 = Training   runtime
	0.01s	 = Validation runtime
AutoGluon training complete, total runtime = 122.27s ... Best model: WeightedEnsemble_L2 | Estimated inference throughput: 166.7 rows/s (16 batch size)
Disabling decision threshold calibration for metric `accuracy` due to having fewer than 10000 rows of validation data for calibration, to avoid overfitting (16 rows).
	`accuracy` is generally not improved through threshold calibration. Force calibration via specifying `calibrate_decision_threshold=True`.
TabularPredictor saved. To load, use: predictor = TabularPredictor.load("/home/baderlab/mzarant/SignatureInference/models/default_correlated/0.6-55417050/Predictor_S3 (SBS3 - 0.97)")
Verbosity: 2 (Standard Logging)
=================== System Info ===================
AutoGluon Version:  1.2
Python Version:     3.10.15
Operating System:   Linux
Platform Machine:   x86_64
Platform Version:   #1 SMP PREEMPT_DYNAMIC Thu Apr 3 12:12:16 UTC 2025
CPU Count:          272
Memory Avail:       195.86 GB / 203.90 GB (96.1%)
Disk Space Avail:   1382.03 GB / 5120.00 GB (27.0%)
===================================================
Presets specified: ['medium_quality']
Beginning AutoGluon training ... Time limit = 240s
AutoGluon will save models to "/home/baderlab/mzarant/SignatureInference/models/default_correlated/0.6-55417050/Predictor_S4 (SBS4 - 0.98)"
Train Data Rows:    80
Train Data Columns: 99
Label Column:       S4 (SBS4 - 0.98)
Problem Type:       binary
Preprocessing data ...
Selected class <--> label mapping:  class 1 = True, class 0 = False
Using Feature Generators to preprocess the data ...
Fitting AutoMLPipelineFeatureGenerator...
	Available Memory:                    200610.70 MB
	Train Data (Original)  Memory Usage: 0.06 MB (0.0% of available memory)
	Inferring data type of each feature based on column values. Set feature_metadata_in to manually specify special dtypes of the features.
	Stage 1 Generators:
		Fitting AsTypeFeatureGenerator...
			Note: Converting 3 features to boolean dtype as they only contain 2 unique values.
	Stage 2 Generators:
		Fitting FillNaFeatureGenerator...
	Stage 3 Generators:
		Fitting IdentityFeatureGenerator...
	Stage 4 Generators:
		Fitting DropUniqueFeatureGenerator...
	Stage 5 Generators:
		Fitting DropDuplicatesFeatureGenerator...
	Types of features in original data (raw dtype, special dtypes):
		('bool', []) :  3 | ['S1 (SBS1 - 0.99)', 'S2 (SBS2 - 0.99)', 'S3 (SBS3 - 0.97)']
		('int', [])  : 96 | ['A[C>A]A', 'A[C>A]C', 'A[C>A]G', 'A[C>A]T', 'A[C>G]A', ...]
	Types of features in processed data (raw dtype, special dtypes):
		('int', [])       : 96 | ['A[C>A]A', 'A[C>A]C', 'A[C>A]G', 'A[C>A]T', 'A[C>G]A', ...]
		('int', ['bool']) :  3 | ['S1 (SBS1 - 0.99)', 'S2 (SBS2 - 0.99)', 'S3 (SBS3 - 0.97)']
	1.7s = Fit runtime
	99 features in original data used to generate 99 features in processed data.
	Train Data (Processed) Memory Usage: 0.06 MB (0.0% of available memory)
Data preprocessing and feature engineering runtime = 1.87s ...
AutoGluon will gauge predictive performance using evaluation metric: 'accuracy'
	To change this, specify the eval_metric parameter of Predictor()
Automatically generating train/validation split with holdout_frac=0.2, Train Rows: 64, Val Rows: 16
User-specified model hyperparameters to be fit:
{
	'GBM': [{'extra_trees': True, 'ag_args': {'name_suffix': 'XT'}}, {'ag_args': {'name_suffix': 'Light'}}],
	'RF': [{'criterion': 'gini', 'max_depth': 10, 'ag_args': {'name_suffix': 'Gini', 'problem_types': ['binary', 'multiclass']}}],
	'XT': [{'criterion': 'gini', 'max_depth': 10, 'ag_args': {'name_suffix': 'Gini', 'problem_types': ['binary', 'multiclass']}}],
}
Fitting 4 L1 models, fit_strategy="sequential" ...
Fitting model: LightGBMXT ... Training model for up to 238.13s of the 238.12s of remaining time.
	0.6875	 = Validation score   (accuracy)
	45.73s	 = Training   runtime
	0.1s	 = Validation runtime
Fitting model: LightGBMLight ... Training model for up to 190.62s of the 190.61s of remaining time.
	0.75	 = Validation score   (accuracy)
	31.99s	 = Training   runtime
	0.09s	 = Validation runtime
Fitting model: RandomForestGini ... Training model for up to 171.04s of the 171.03s of remaining time.
	0.625	 = Validation score   (accuracy)
	29.3s	 = Training   runtime
	0.07s	 = Validation runtime
Fitting model: RandomForestGini ... Training model for up to 172.04s of the 172.03s of remaining time.
	0.5625	 = Validation score   (accuracy)
	15.9s	 = Training   runtime
	0.02s	 = Validation runtime
Fitting model: RandomForestGini ... Training model for up to 209.40s of the 209.39s of remaining time.
	0.8125	 = Validation score   (accuracy)
	36.65s	 = Training   runtime
	0.11s	 = Validation runtime
Fitting model: RandomForestGini ... Training model for up to 150.19s of the 150.18s of remaining time.
	0.8125	 = Validation score   (accuracy)
	50.07s	 = Training   runtime
	0.6s	 = Validation runtime
Fitting model: RandomForestGini ... Training model for up to 119.17s of the 119.16s of remaining time.
	0.8125	 = Validation score   (accuracy)
	13.46s	 = Training   runtime
	16.22s	 = Validation runtime
Fitting model: ExtraTreesGini ... Training model for up to 140.71s of the 140.71s of remaining time.
	0.75	 = Validation score   (accuracy)
	78.47s	 = Training   runtime
	0.05s	 = Validation runtime
Fitting model: RandomForestGini ... Training model for up to 98.67s of the 98.65s of remaining time.
	0.8125	 = Validation score   (accuracy)
	19.74s	 = Training   runtime
	17.73s	 = Validation runtime
Fitting model: ExtraTreesGini ... Training model for up to 133.03s of the 133.02s of remaining time.
	0.6875	 = Validation score   (accuracy)
	20.36s	 = Training   runtime
	24.14s	 = Validation runtime
Fitting model: ExtraTreesGini ... Training model for up to 164.38s of the 164.37s of remaining time.
	0.8125	 = Validation score   (accuracy)
	34.49s	 = Training   runtime
	18.12s	 = Validation runtime
Fitting model: ExtraTreesGini ... Training model for up to 93.99s of the 93.99s of remaining time.
	0.8125	 = Validation score   (accuracy)
	20.05s	 = Training   runtime
	8.6s	 = Validation runtime
Fitting model: ExtraTreesGini ... Training model for up to 69.43s of the 69.41s of remaining time.
	0.8125	 = Validation score   (accuracy)
	15.67s	 = Training   runtime
	22.94s	 = Validation runtime
Fitting model: WeightedEnsemble_L2 ... Training model for up to 237.43s of the 101.33s of remaining time.
	0.8125	 = Validation score   (accuracy)
	26.79s	 = Training   runtime
	17.38s	 = Validation runtime
	Ensemble Weights: {'LightGBMXT': 1.0}
	0.8125	 = Validation score   (accuracy)
	1.66s	 = Training   runtime
	0.07s	 = Validation runtime
Fitting model: ExtraTreesGini ... Training model for up to 74.54s of the 74.54s of remaining time.
AutoGluon training complete, total runtime = 141.35s ... Best model: WeightedEnsemble_L2 | Estimated inference throughput: 17.3 rows/s (16 batch size)
Disabling decision threshold calibration for metric `accuracy` due to having fewer than 10000 rows of validation data for calibration, to avoid overfitting (16 rows).
	`accuracy` is generally not improved through threshold calibration. Force calibration via specifying `calibrate_decision_threshold=True`.
	0.8125	 = Validation score   (accuracy)
	21.33s	 = Training   runtime
	9.99s	 = Validation runtime
TabularPredictor saved. To load, use: predictor = TabularPredictor.load("/home/baderlab/mzarant/SignatureInference/models/default_correlated/0.2-780880656/Predictor_S3 (SBS3 - 0.97)")
Verbosity: 2 (Standard Logging)
=================== System Info ===================
AutoGluon Version:  1.2
Python Version:     3.10.15
Operating System:   Linux
Platform Machine:   x86_64
Platform Version:   #1 SMP PREEMPT_DYNAMIC Thu Apr 3 12:12:16 UTC 2025
CPU Count:          272
Memory Avail:       195.48 GB / 203.90 GB (95.9%)
Disk Space Avail:   1382.02 GB / 5120.00 GB (27.0%)
===================================================
Presets specified: ['medium_quality']
Fitting model: WeightedEnsemble_L2 ... Training model for up to 237.22s of the 100.82s of remaining time.
Beginning AutoGluon training ... Time limit = 240s
AutoGluon will save models to "/home/baderlab/mzarant/SignatureInference/models/default_correlated/0.2-780880656/Predictor_S4 (SBS4 - 0.98)"
Train Data Rows:    80
Train Data Columns: 99
Label Column:       S4 (SBS4 - 0.98)
Problem Type:       binary
Preprocessing data ...
Selected class <--> label mapping:  class 1 = True, class 0 = False
Using Feature Generators to preprocess the data ...
Fitting AutoMLPipelineFeatureGenerator...
	Available Memory:                    200166.92 MB
	Train Data (Original)  Memory Usage: 0.06 MB (0.0% of available memory)
	Inferring data type of each feature based on column values. Set feature_metadata_in to manually specify special dtypes of the features.
	0.8125	 = Validation score   (accuracy)
	76.01s	 = Training   runtime
	0.2s	 = Validation runtime
Fitting model: LightGBMLight ... Training model for up to 158.60s of the 158.59s of remaining time.
	Stage 1 Generators:
		Fitting AsTypeFeatureGenerator...
			Note: Converting 3 features to boolean dtype as they only contain 2 unique values.
	Stage 2 Generators:
		Fitting FillNaFeatureGenerator...
	Stage 3 Generators:
		Fitting IdentityFeatureGenerator...
	Stage 4 Generators:
		Fitting DropUniqueFeatureGenerator...
	Stage 5 Generators:
		Fitting DropDuplicatesFeatureGenerator...
	Ensemble Weights: {'RandomForestGini': 1.0}
	0.8125	 = Validation score   (accuracy)
	10.61s	 = Training   runtime
	0.02s	 = Validation runtime
	Types of features in original data (raw dtype, special dtypes):
		('bool', []) :  3 | ['S1 (SBS1 - 0.99)', 'S2 (SBS2 - 0.99)', 'S3 (SBS3 - 0.97)']
		('int', [])  : 96 | ['A[C>A]A', 'A[C>A]C', 'A[C>A]G', 'A[C>A]T', 'A[C>G]A', ...]
	Types of features in processed data (raw dtype, special dtypes):
		('int', [])       : 96 | ['A[C>A]A', 'A[C>A]C', 'A[C>A]G', 'A[C>A]T', 'A[C>G]A', ...]
		('int', ['bool']) :  3 | ['S1 (SBS1 - 0.99)', 'S2 (SBS2 - 0.99)', 'S3 (SBS3 - 0.97)']
	10.6s = Fit runtime
	99 features in original data used to generate 99 features in processed data.
AutoGluon training complete, total runtime = 150.73s ... Best model: WeightedEnsemble_L2 | Estimated inference throughput: 0.9 rows/s (16 batch size)
Disabling decision threshold calibration for metric `accuracy` due to having fewer than 10000 rows of validation data for calibration, to avoid overfitting (16 rows).
	`accuracy` is generally not improved through threshold calibration. Force calibration via specifying `calibrate_decision_threshold=True`.
	Train Data (Processed) Memory Usage: 0.06 MB (0.0% of available memory)
Data preprocessing and feature engineering runtime = 10.92s ...
AutoGluon will gauge predictive performance using evaluation metric: 'accuracy'
	To change this, specify the eval_metric parameter of Predictor()
Automatically generating train/validation split with holdout_frac=0.2, Train Rows: 64, Val Rows: 16
User-specified model hyperparameters to be fit:
{
	'GBM': [{'extra_trees': True, 'ag_args': {'name_suffix': 'XT'}}, {'ag_args': {'name_suffix': 'Light'}}],
	'RF': [{'criterion': 'gini', 'max_depth': 10, 'ag_args': {'name_suffix': 'Gini', 'problem_types': ['binary', 'multiclass']}}],
	'XT': [{'criterion': 'gini', 'max_depth': 10, 'ag_args': {'name_suffix': 'Gini', 'problem_types': ['binary', 'multiclass']}}],
}
TabularPredictor saved. To load, use: predictor = TabularPredictor.load("/home/baderlab/mzarant/SignatureInference/models/default_correlated/0.03-897180855/Predictor_S3 (SBS3 - 0.97)")
Verbosity: 2 (Standard Logging)
=================== System Info ===================
AutoGluon Version:  1.2
Python Version:     3.10.15
Operating System:   Linux
Platform Machine:   x86_64
Platform Version:   #1 SMP PREEMPT_DYNAMIC Thu Apr 3 12:12:16 UTC 2025
CPU Count:          272
Memory Avail:       195.60 GB / 203.90 GB (95.9%)
Disk Space Avail:   1382.02 GB / 5120.00 GB (27.0%)
===================================================
Presets specified: ['medium_quality']
Fitting 4 L1 models, fit_strategy="sequential" ...
Fitting model: LightGBMXT ... Training model for up to 229.07s of the 229.06s of remaining time.
Beginning AutoGluon training ... Time limit = 240s
AutoGluon will save models to "/home/baderlab/mzarant/SignatureInference/models/default_correlated/0.03-897180855/Predictor_S4 (SBS4 - 0.98)"
Train Data Rows:    80
Train Data Columns: 99
Label Column:       S4 (SBS4 - 0.98)
Problem Type:       binary
Preprocessing data ...
Selected class <--> label mapping:  class 1 = True, class 0 = False
Using Feature Generators to preprocess the data ...
Fitting AutoMLPipelineFeatureGenerator...
	Available Memory:                    200276.41 MB
	Train Data (Original)  Memory Usage: 0.06 MB (0.0% of available memory)
	Inferring data type of each feature based on column values. Set feature_metadata_in to manually specify special dtypes of the features.
	Stage 1 Generators:
		Fitting AsTypeFeatureGenerator...
			Note: Converting 3 features to boolean dtype as they only contain 2 unique values.
	Stage 2 Generators:
		Fitting FillNaFeatureGenerator...
	Stage 3 Generators:
		Fitting IdentityFeatureGenerator...
	Stage 4 Generators:
		Fitting DropUniqueFeatureGenerator...
	Stage 5 Generators:
		Fitting DropDuplicatesFeatureGenerator...
	0.6875	 = Validation score   (accuracy)
	88.7s	 = Training   runtime
	0.21s	 = Validation runtime
Fitting model: RandomForestGini ... Training model for up to 99.84s of the 99.84s of remaining time.
	Types of features in original data (raw dtype, special dtypes):
		('bool', []) :  3 | ['S1 (SBS1 - 0.99)', 'S2 (SBS2 - 0.99)', 'S3 (SBS3 - 0.97)']
		('int', [])  : 96 | ['A[C>A]A', 'A[C>A]C', 'A[C>A]G', 'A[C>A]T', 'A[C>G]A', ...]
	Types of features in processed data (raw dtype, special dtypes):
		('int', [])       : 96 | ['A[C>A]A', 'A[C>A]C', 'A[C>A]G', 'A[C>A]T', 'A[C>G]A', ...]
		('int', ['bool']) :  3 | ['S1 (SBS1 - 0.99)', 'S2 (SBS2 - 0.99)', 'S3 (SBS3 - 0.97)']
	6.6s = Fit runtime
	99 features in original data used to generate 99 features in processed data.
	Train Data (Processed) Memory Usage: 0.06 MB (0.0% of available memory)
Data preprocessing and feature engineering runtime = 6.91s ...
AutoGluon will gauge predictive performance using evaluation metric: 'accuracy'
	To change this, specify the eval_metric parameter of Predictor()
Automatically generating train/validation split with holdout_frac=0.2, Train Rows: 64, Val Rows: 16
User-specified model hyperparameters to be fit:
{
	'GBM': [{'extra_trees': True, 'ag_args': {'name_suffix': 'XT'}}, {'ag_args': {'name_suffix': 'Light'}}],
	'RF': [{'criterion': 'gini', 'max_depth': 10, 'ag_args': {'name_suffix': 'Gini', 'problem_types': ['binary', 'multiclass']}}],
	'XT': [{'criterion': 'gini', 'max_depth': 10, 'ag_args': {'name_suffix': 'Gini', 'problem_types': ['binary', 'multiclass']}}],
}
	0.6875	 = Validation score   (accuracy)
	21.39s	 = Training   runtime
	23.41s	 = Validation runtime
Fitting 4 L1 models, fit_strategy="sequential" ...
Fitting model: LightGBMXT ... Training model for up to 233.09s of the 233.05s of remaining time.
Fitting model: WeightedEnsemble_L2 ... Training model for up to 238.43s of the 118.96s of remaining time.
	0.8125	 = Validation score   (accuracy)
	20.78s	 = Training   runtime
	10.67s	 = Validation runtime
Fitting model: WeightedEnsemble_L2 ... Training model for up to 235.22s of the 37.46s of remaining time.
	Ensemble Weights: {'RandomForestGini': 0.667, 'LightGBMXT': 0.333}
	0.75	 = Validation score   (accuracy)
	1.77s	 = Training   runtime
	0.02s	 = Validation runtime
	0.8125	 = Validation score   (accuracy)
	18.4s	 = Training   runtime
	4.37s	 = Validation runtime
Fitting model: WeightedEnsemble_L2 ... Training model for up to 236.32s of the 51.23s of remaining time.
AutoGluon training complete, total runtime = 123.77s ... Best model: WeightedEnsemble_L2 | Estimated inference throughput: 0.7 rows/s (16 batch size)
Disabling decision threshold calibration for metric `accuracy` due to having fewer than 10000 rows of validation data for calibration, to avoid overfitting (16 rows).
	`accuracy` is generally not improved through threshold calibration. Force calibration via specifying `calibrate_decision_threshold=True`.
	0.8125	 = Validation score   (accuracy)
	21.32s	 = Training   runtime
	12.35s	 = Validation runtime
	Ensemble Weights: {'LightGBMXT': 1.0}
	0.8125	 = Validation score   (accuracy)
	1.53s	 = Training   runtime
Fitting model: WeightedEnsemble_L2 ... Training model for up to 237.63s of the 59.73s of remaining time.
	0.06s	 = Validation runtime
TabularPredictor saved. To load, use: predictor = TabularPredictor.load("/home/baderlab/mzarant/SignatureInference/models/default_correlated/0.15-163872254/Predictor_S4 (SBS4 - 0.98)")
Verbosity: 2 (Standard Logging)
=================== System Info ===================
AutoGluon Version:  1.2
Python Version:     3.10.15
Operating System:   Linux
Platform Machine:   x86_64
Platform Version:   #1 SMP PREEMPT_DYNAMIC Thu Apr 3 12:12:16 UTC 2025
CPU Count:          272
Memory Avail:       195.73 GB / 203.90 GB (96.0%)
Disk Space Avail:   1382.02 GB / 5120.00 GB (27.0%)
===================================================
Presets specified: ['medium_quality']
AutoGluon training complete, total runtime = 204.83s ... Best model: WeightedEnsemble_L2 | Estimated inference throughput: 35.0 rows/s (16 batch size)
Disabling decision threshold calibration for metric `accuracy` due to having fewer than 10000 rows of validation data for calibration, to avoid overfitting (16 rows).
	`accuracy` is generally not improved through threshold calibration. Force calibration via specifying `calibrate_decision_threshold=True`.
Beginning AutoGluon training ... Time limit = 240s
AutoGluon will save models to "/home/baderlab/mzarant/SignatureInference/models/default_correlated/0.15-163872254/Predictor_S5 (SBS5 - 0.98)"
Train Data Rows:    80
Train Data Columns: 100
Label Column:       S5 (SBS5 - 0.98)
Problem Type:       binary
Preprocessing data ...
Selected class <--> label mapping:  class 1 = True, class 0 = False
Using Feature Generators to preprocess the data ...
Fitting AutoMLPipelineFeatureGenerator...
	Available Memory:                    200447.49 MB
	Train Data (Original)  Memory Usage: 0.06 MB (0.0% of available memory)
TabularPredictor saved. To load, use: predictor = TabularPredictor.load("/home/baderlab/mzarant/SignatureInference/models/default_correlated/0.1-366043238/Predictor_S3 (SBS3 - 0.97)")
	Inferring data type of each feature based on column values. Set feature_metadata_in to manually specify special dtypes of the features.
Verbosity: 2 (Standard Logging)
=================== System Info ===================
AutoGluon Version:  1.2
Python Version:     3.10.15
Operating System:   Linux
Platform Machine:   x86_64
Platform Version:   #1 SMP PREEMPT_DYNAMIC Thu Apr 3 12:12:16 UTC 2025
CPU Count:          272
Memory Avail:       195.74 GB / 203.90 GB (96.0%)
Disk Space Avail:   1382.02 GB / 5120.00 GB (27.0%)
===================================================
Presets specified: ['medium_quality']
Beginning AutoGluon training ... Time limit = 240s
AutoGluon will save models to "/home/baderlab/mzarant/SignatureInference/models/default_correlated/0.1-366043238/Predictor_S4 (SBS4 - 0.98)"
Train Data Rows:    80
Train Data Columns: 99
Label Column:       S4 (SBS4 - 0.98)
	Stage 1 Generators:
Problem Type:       binary
		Fitting AsTypeFeatureGenerator...
Preprocessing data ...
Selected class <--> label mapping:  class 1 = True, class 0 = False
	Ensemble Weights: {'LightGBMXT': 1.0}
	0.8125	 = Validation score   (accuracy)
	5.08s	 = Training   runtime
Using Feature Generators to preprocess the data ...
	0.05s	 = Validation runtime
Fitting AutoMLPipelineFeatureGenerator...
			Note: Converting 4 features to boolean dtype as they only contain 2 unique values.
	Stage 2 Generators:
AutoGluon training complete, total runtime = 194.92s ... Best model: WeightedEnsemble_L2 | Estimated inference throughput: 87.1 rows/s (16 batch size)
		Fitting FillNaFeatureGenerator...
	Available Memory:                    200404.97 MB
	Train Data (Original)  Memory Usage: 0.06 MB (0.0% of available memory)
Disabling decision threshold calibration for metric `accuracy` due to having fewer than 10000 rows of validation data for calibration, to avoid overfitting (16 rows).
	`accuracy` is generally not improved through threshold calibration. Force calibration via specifying `calibrate_decision_threshold=True`.
	Inferring data type of each feature based on column values. Set feature_metadata_in to manually specify special dtypes of the features.
	Stage 3 Generators:
		Fitting IdentityFeatureGenerator...
	Stage 4 Generators:
		Fitting DropUniqueFeatureGenerator...
	Ensemble Weights: {'LightGBMXT': 1.0}
	0.8125	 = Validation score   (accuracy)
	5.48s	 = Training   runtime
	0.06s	 = Validation runtime
TabularPredictor saved. To load, use: predictor = TabularPredictor.load("/home/baderlab/mzarant/SignatureInference/models/default_correlated/0.4-952979756/Predictor_S3 (SBS3 - 0.97)")
	Stage 5 Generators:
Verbosity: 2 (Standard Logging)
	Stage 1 Generators:
AutoGluon training complete, total runtime = 186.62s ... Best model: WeightedEnsemble_L2 | Estimated inference throughput: 42.6 rows/s (16 batch size)
		Fitting DropDuplicatesFeatureGenerator...
		Fitting AsTypeFeatureGenerator...
=================== System Info ===================
AutoGluon Version:  1.2
Python Version:     3.10.15
Operating System:   Linux
Platform Machine:   x86_64
Platform Version:   #1 SMP PREEMPT_DYNAMIC Thu Apr 3 12:12:16 UTC 2025
CPU Count:          272
Memory Avail:       195.73 GB / 203.90 GB (96.0%)
Disk Space Avail:   1382.01 GB / 5120.00 GB (27.0%)
===================================================
Disabling decision threshold calibration for metric `accuracy` due to having fewer than 10000 rows of validation data for calibration, to avoid overfitting (16 rows).
	`accuracy` is generally not improved through threshold calibration. Force calibration via specifying `calibrate_decision_threshold=True`.
Presets specified: ['medium_quality']
			Note: Converting 3 features to boolean dtype as they only contain 2 unique values.
	Stage 2 Generators:
		Fitting FillNaFeatureGenerator...
Beginning AutoGluon training ... Time limit = 240s
AutoGluon will save models to "/home/baderlab/mzarant/SignatureInference/models/default_correlated/0.4-952979756/Predictor_S4 (SBS4 - 0.98)"
Train Data Rows:    80
Train Data Columns: 99
Label Column:       S4 (SBS4 - 0.98)
Problem Type:       binary
Preprocessing data ...
	Stage 3 Generators:
		Fitting IdentityFeatureGenerator...
	Types of features in original data (raw dtype, special dtypes):
Selected class <--> label mapping:  class 1 = True, class 0 = False
		('bool', []) :  4 | ['S1 (SBS1 - 0.99)', 'S2 (SBS2 - 0.99)', 'S3 (SBS3 - 0.97)', 'S4 (SBS4 - 0.98)']
Using Feature Generators to preprocess the data ...
		('int', [])  : 96 | ['A[C>A]A', 'A[C>A]C', 'A[C>A]G', 'A[C>A]T', 'A[C>G]A', ...]
TabularPredictor saved. To load, use: predictor = TabularPredictor.load("/home/baderlab/mzarant/SignatureInference/models/default_correlated/0.7-761971972/Predictor_S3 (SBS3 - 0.97)")
Fitting AutoMLPipelineFeatureGenerator...
	Types of features in processed data (raw dtype, special dtypes):
Verbosity: 2 (Standard Logging)
		('int', [])       : 96 | ['A[C>A]A', 'A[C>A]C', 'A[C>A]G', 'A[C>A]T', 'A[C>G]A', ...]
	Stage 4 Generators:
		('int', ['bool']) :  4 | ['S1 (SBS1 - 0.99)', 'S2 (SBS2 - 0.99)', 'S3 (SBS3 - 0.97)', 'S4 (SBS4 - 0.98)']
		Fitting DropUniqueFeatureGenerator...
	6.2s = Fit runtime
	100 features in original data used to generate 100 features in processed data.
=================== System Info ===================
AutoGluon Version:  1.2
Python Version:     3.10.15
Operating System:   Linux
Platform Machine:   x86_64
Platform Version:   #1 SMP PREEMPT_DYNAMIC Thu Apr 3 12:12:16 UTC 2025
CPU Count:          272
Memory Avail:       195.73 GB / 203.90 GB (96.0%)
Disk Space Avail:   1382.01 GB / 5120.00 GB (27.0%)
===================================================
Presets specified: ['medium_quality']
	Available Memory:                    200423.28 MB
	Train Data (Original)  Memory Usage: 0.06 MB (0.0% of available memory)
	Inferring data type of each feature based on column values. Set feature_metadata_in to manually specify special dtypes of the features.
	Train Data (Processed) Memory Usage: 0.06 MB (0.0% of available memory)
Data preprocessing and feature engineering runtime = 6.85s ...
Beginning AutoGluon training ... Time limit = 240s
	Stage 5 Generators:
AutoGluon will gauge predictive performance using evaluation metric: 'accuracy'
AutoGluon will save models to "/home/baderlab/mzarant/SignatureInference/models/default_correlated/0.7-761971972/Predictor_S4 (SBS4 - 0.98)"
		Fitting DropDuplicatesFeatureGenerator...
	To change this, specify the eval_metric parameter of Predictor()
Train Data Rows:    80
	Stage 1 Generators:
Train Data Columns: 99
		Fitting AsTypeFeatureGenerator...
Label Column:       S4 (SBS4 - 0.98)
Problem Type:       binary
Preprocessing data ...
Automatically generating train/validation split with holdout_frac=0.2, Train Rows: 64, Val Rows: 16
Selected class <--> label mapping:  class 1 = True, class 0 = False
User-specified model hyperparameters to be fit:
{
	'GBM': [{'extra_trees': True, 'ag_args': {'name_suffix': 'XT'}}, {'ag_args': {'name_suffix': 'Light'}}],
	'RF': [{'criterion': 'gini', 'max_depth': 10, 'ag_args': {'name_suffix': 'Gini', 'problem_types': ['binary', 'multiclass']}}],
	'XT': [{'criterion': 'gini', 'max_depth': 10, 'ag_args': {'name_suffix': 'Gini', 'problem_types': ['binary', 'multiclass']}}],
}
Using Feature Generators to preprocess the data ...
Fitting AutoMLPipelineFeatureGenerator...
			Note: Converting 3 features to boolean dtype as they only contain 2 unique values.
	Stage 2 Generators:
		Fitting FillNaFeatureGenerator...
	Types of features in original data (raw dtype, special dtypes):
		('bool', []) :  3 | ['S1 (SBS1 - 0.99)', 'S2 (SBS2 - 0.99)', 'S3 (SBS3 - 0.97)']
		('int', [])  : 96 | ['A[C>A]A', 'A[C>A]C', 'A[C>A]G', 'A[C>A]T', 'A[C>G]A', ...]
	Types of features in processed data (raw dtype, special dtypes):
	Stage 3 Generators:
		('int', [])       : 96 | ['A[C>A]A', 'A[C>A]C', 'A[C>A]G', 'A[C>A]T', 'A[C>G]A', ...]
		Fitting IdentityFeatureGenerator...
		('int', ['bool']) :  3 | ['S1 (SBS1 - 0.99)', 'S2 (SBS2 - 0.99)', 'S3 (SBS3 - 0.97)']
	Available Memory:                    200406.63 MB
Fitting 4 L1 models, fit_strategy="sequential" ...
	2.8s = Fit runtime
	Train Data (Original)  Memory Usage: 0.06 MB (0.0% of available memory)
Fitting model: LightGBMXT ... Training model for up to 233.15s of the 233.11s of remaining time.
	Stage 4 Generators:
	99 features in original data used to generate 99 features in processed data.
	Inferring data type of each feature based on column values. Set feature_metadata_in to manually specify special dtypes of the features.
		Fitting DropUniqueFeatureGenerator...
	Stage 5 Generators:
		Fitting DropDuplicatesFeatureGenerator...
	Train Data (Processed) Memory Usage: 0.06 MB (0.0% of available memory)
Data preprocessing and feature engineering runtime = 3.55s ...
AutoGluon will gauge predictive performance using evaluation metric: 'accuracy'
	To change this, specify the eval_metric parameter of Predictor()
Automatically generating train/validation split with holdout_frac=0.2, Train Rows: 64, Val Rows: 16
User-specified model hyperparameters to be fit:
{
	'GBM': [{'extra_trees': True, 'ag_args': {'name_suffix': 'XT'}}, {'ag_args': {'name_suffix': 'Light'}}],
	'RF': [{'criterion': 'gini', 'max_depth': 10, 'ag_args': {'name_suffix': 'Gini', 'problem_types': ['binary', 'multiclass']}}],
	'XT': [{'criterion': 'gini', 'max_depth': 10, 'ag_args': {'name_suffix': 'Gini', 'problem_types': ['binary', 'multiclass']}}],
}
	Stage 1 Generators:
		Fitting AsTypeFeatureGenerator...
	Types of features in original data (raw dtype, special dtypes):
		('bool', []) :  3 | ['S1 (SBS1 - 0.99)', 'S2 (SBS2 - 0.99)', 'S3 (SBS3 - 0.97)']
		('int', [])  : 96 | ['A[C>A]A', 'A[C>A]C', 'A[C>A]G', 'A[C>A]T', 'A[C>G]A', ...]
	Types of features in processed data (raw dtype, special dtypes):
		('int', [])       : 96 | ['A[C>A]A', 'A[C>A]C', 'A[C>A]G', 'A[C>A]T', 'A[C>G]A', ...]
		('int', ['bool']) :  3 | ['S1 (SBS1 - 0.99)', 'S2 (SBS2 - 0.99)', 'S3 (SBS3 - 0.97)']
	2.6s = Fit runtime
	99 features in original data used to generate 99 features in processed data.
Fitting 4 L1 models, fit_strategy="sequential" ...
			Note: Converting 3 features to boolean dtype as they only contain 2 unique values.
Fitting model: LightGBMXT ... Training model for up to 236.45s of the 236.43s of remaining time.
	Train Data (Processed) Memory Usage: 0.06 MB (0.0% of available memory)
Data preprocessing and feature engineering runtime = 3.24s ...
AutoGluon will gauge predictive performance using evaluation metric: 'accuracy'
	Stage 2 Generators:
	To change this, specify the eval_metric parameter of Predictor()
		Fitting FillNaFeatureGenerator...
	Stage 3 Generators:
		Fitting IdentityFeatureGenerator...
Automatically generating train/validation split with holdout_frac=0.2, Train Rows: 64, Val Rows: 16
User-specified model hyperparameters to be fit:
{
	'GBM': [{'extra_trees': True, 'ag_args': {'name_suffix': 'XT'}}, {'ag_args': {'name_suffix': 'Light'}}],
	'RF': [{'criterion': 'gini', 'max_depth': 10, 'ag_args': {'name_suffix': 'Gini', 'problem_types': ['binary', 'multiclass']}}],
	'XT': [{'criterion': 'gini', 'max_depth': 10, 'ag_args': {'name_suffix': 'Gini', 'problem_types': ['binary', 'multiclass']}}],
}
	Stage 4 Generators:
		Fitting DropUniqueFeatureGenerator...
	Stage 5 Generators:
		Fitting DropDuplicatesFeatureGenerator...
Fitting 4 L1 models, fit_strategy="sequential" ...
Fitting model: LightGBMXT ... Training model for up to 236.75s of the 236.75s of remaining time.
	Types of features in original data (raw dtype, special dtypes):
		('bool', []) :  3 | ['S1 (SBS1 - 0.99)', 'S2 (SBS2 - 0.99)', 'S3 (SBS3 - 0.97)']
		('int', [])  : 96 | ['A[C>A]A', 'A[C>A]C', 'A[C>A]G', 'A[C>A]T', 'A[C>G]A', ...]
	Types of features in processed data (raw dtype, special dtypes):
		('int', [])       : 96 | ['A[C>A]A', 'A[C>A]C', 'A[C>A]G', 'A[C>A]T', 'A[C>G]A', ...]
		('int', ['bool']) :  3 | ['S1 (SBS1 - 0.99)', 'S2 (SBS2 - 0.99)', 'S3 (SBS3 - 0.97)']
	2.9s = Fit runtime
	99 features in original data used to generate 99 features in processed data.
	Train Data (Processed) Memory Usage: 0.06 MB (0.0% of available memory)
Data preprocessing and feature engineering runtime = 3.21s ...
AutoGluon will gauge predictive performance using evaluation metric: 'accuracy'
	To change this, specify the eval_metric parameter of Predictor()
Automatically generating train/validation split with holdout_frac=0.2, Train Rows: 64, Val Rows: 16
User-specified model hyperparameters to be fit:
{
	'GBM': [{'extra_trees': True, 'ag_args': {'name_suffix': 'XT'}}, {'ag_args': {'name_suffix': 'Light'}}],
	'RF': [{'criterion': 'gini', 'max_depth': 10, 'ag_args': {'name_suffix': 'Gini', 'problem_types': ['binary', 'multiclass']}}],
	'XT': [{'criterion': 'gini', 'max_depth': 10, 'ag_args': {'name_suffix': 'Gini', 'problem_types': ['binary', 'multiclass']}}],
}
Fitting 4 L1 models, fit_strategy="sequential" ...
Fitting model: LightGBMXT ... Training model for up to 236.79s of the 236.79s of remaining time.
	0.6875	 = Validation score   (accuracy)
	10.25s	 = Training   runtime
	6.91s	 = Validation runtime
Fitting model: ExtraTreesGini ... Training model for up to 82.48s of the 82.48s of remaining time.
	0.8125	 = Validation score   (accuracy)
	6.13s	 = Training   runtime
	1.38s	 = Validation runtime
Fitting model: WeightedEnsemble_L2 ... Training model for up to 236.50s of the 74.29s of remaining time.
	Ensemble Weights: {'ExtraTreesGini': 1.0}
	0.8125	 = Validation score   (accuracy)
	1.31s	 = Training   runtime
	0.02s	 = Validation runtime
AutoGluon training complete, total runtime = 168.45s ... Best model: WeightedEnsemble_L2 | Estimated inference throughput: 11.4 rows/s (16 batch size)
Disabling decision threshold calibration for metric `accuracy` due to having fewer than 10000 rows of validation data for calibration, to avoid overfitting (16 rows).
	`accuracy` is generally not improved through threshold calibration. Force calibration via specifying `calibrate_decision_threshold=True`.
TabularPredictor saved. To load, use: predictor = TabularPredictor.load("/home/baderlab/mzarant/SignatureInference/models/default_correlated/0.02-340812214/Predictor_S3 (SBS3 - 0.97)")
Verbosity: 2 (Standard Logging)
=================== System Info ===================
AutoGluon Version:  1.2
Python Version:     3.10.15
Operating System:   Linux
Platform Machine:   x86_64
Platform Version:   #1 SMP PREEMPT_DYNAMIC Thu Apr 3 12:12:16 UTC 2025
CPU Count:          272
Memory Avail:       195.89 GB / 203.90 GB (96.1%)
Disk Space Avail:   1382.01 GB / 5120.00 GB (27.0%)
===================================================
Presets specified: ['medium_quality']
Beginning AutoGluon training ... Time limit = 240s
AutoGluon will save models to "/home/baderlab/mzarant/SignatureInference/models/default_correlated/0.02-340812214/Predictor_S4 (SBS4 - 0.98)"
Train Data Rows:    80
Train Data Columns: 99
Label Column:       S4 (SBS4 - 0.98)
Problem Type:       binary
Preprocessing data ...
Selected class <--> label mapping:  class 1 = True, class 0 = False
Using Feature Generators to preprocess the data ...
Fitting AutoMLPipelineFeatureGenerator...
	Available Memory:                    200595.95 MB
	Train Data (Original)  Memory Usage: 0.06 MB (0.0% of available memory)
	Inferring data type of each feature based on column values. Set feature_metadata_in to manually specify special dtypes of the features.
	Stage 1 Generators:
		Fitting AsTypeFeatureGenerator...
			Note: Converting 3 features to boolean dtype as they only contain 2 unique values.
	Stage 2 Generators:
		Fitting FillNaFeatureGenerator...
	Stage 3 Generators:
		Fitting IdentityFeatureGenerator...
	Stage 4 Generators:
		Fitting DropUniqueFeatureGenerator...
	Stage 5 Generators:
		Fitting DropDuplicatesFeatureGenerator...
	0.6875	 = Validation score   (accuracy)
	26.98s	 = Training   runtime
	0.09s	 = Validation runtime
Fitting model: LightGBMLight ... Training model for up to 205.69s of the 205.65s of remaining time.
	Types of features in original data (raw dtype, special dtypes):
		('bool', []) :  3 | ['S1 (SBS1 - 0.99)', 'S2 (SBS2 - 0.99)', 'S3 (SBS3 - 0.97)']
		('int', [])  : 96 | ['A[C>A]A', 'A[C>A]C', 'A[C>A]G', 'A[C>A]T', 'A[C>G]A', ...]
	Types of features in processed data (raw dtype, special dtypes):
		('int', [])       : 96 | ['A[C>A]A', 'A[C>A]C', 'A[C>A]G', 'A[C>A]T', 'A[C>G]A', ...]
		('int', ['bool']) :  3 | ['S1 (SBS1 - 0.99)', 'S2 (SBS2 - 0.99)', 'S3 (SBS3 - 0.97)']
	2.7s = Fit runtime
	99 features in original data used to generate 99 features in processed data.
	Train Data (Processed) Memory Usage: 0.06 MB (0.0% of available memory)
Data preprocessing and feature engineering runtime = 2.82s ...
AutoGluon will gauge predictive performance using evaluation metric: 'accuracy'
	To change this, specify the eval_metric parameter of Predictor()
Automatically generating train/validation split with holdout_frac=0.2, Train Rows: 64, Val Rows: 16
User-specified model hyperparameters to be fit:
{
	'GBM': [{'extra_trees': True, 'ag_args': {'name_suffix': 'XT'}}, {'ag_args': {'name_suffix': 'Light'}}],
	'RF': [{'criterion': 'gini', 'max_depth': 10, 'ag_args': {'name_suffix': 'Gini', 'problem_types': ['binary', 'multiclass']}}],
	'XT': [{'criterion': 'gini', 'max_depth': 10, 'ag_args': {'name_suffix': 'Gini', 'problem_types': ['binary', 'multiclass']}}],
}
Fitting 4 L1 models, fit_strategy="sequential" ...
Fitting model: LightGBMXT ... Training model for up to 237.18s of the 237.17s of remaining time.
	0.625	 = Validation score   (accuracy)
	36.31s	 = Training   runtime
	0.01s	 = Validation runtime
Fitting model: LightGBMLight ... Training model for up to 192.59s of the 192.58s of remaining time.
	0.8125	 = Validation score   (accuracy)
	46.44s	 = Training   runtime
	0.1s	 = Validation runtime
Fitting model: RandomForestGini ... Training model for up to 111.99s of the 111.99s of remaining time.
	0.875	 = Validation score   (accuracy)
	21.56s	 = Training   runtime
	0.04s	 = Validation runtime
Fitting model: LightGBMLight ... Training model for up to 211.33s of the 211.30s of remaining time.
	0.75	 = Validation score   (accuracy)
	7.46s	 = Training   runtime
	1.07s	 = Validation runtime
Fitting model: ExtraTreesGini ... Training model for up to 103.15s of the 103.14s of remaining time.
	0.6875	 = Validation score   (accuracy)
	31.12s	 = Training   runtime
	0.09s	 = Validation runtime
Fitting model: LightGBMLight ... Training model for up to 205.11s of the 205.09s of remaining time.
	0.6875	 = Validation score   (accuracy)
	8.49s	 = Training   runtime
	1.16s	 = Validation runtime
Fitting model: WeightedEnsemble_L2 ... Training model for up to 238.13s of the 93.26s of remaining time.
	Ensemble Weights: {'LightGBMXT': 1.0}
	0.8125	 = Validation score   (accuracy)
	0.63s	 = Training   runtime
	0.01s	 = Validation runtime
AutoGluon training complete, total runtime = 147.62s ... Best model: WeightedEnsemble_L2 | Estimated inference throughput: 76.5 rows/s (16 batch size)
Disabling decision threshold calibration for metric `accuracy` due to having fewer than 10000 rows of validation data for calibration, to avoid overfitting (16 rows).
	`accuracy` is generally not improved through threshold calibration. Force calibration via specifying `calibrate_decision_threshold=True`.
TabularPredictor saved. To load, use: predictor = TabularPredictor.load("/home/baderlab/mzarant/SignatureInference/models/default_correlated/0.6-55417050/Predictor_S4 (SBS4 - 0.98)")
Verbosity: 2 (Standard Logging)
=================== System Info ===================
AutoGluon Version:  1.2
Python Version:     3.10.15
Operating System:   Linux
Platform Machine:   x86_64
Platform Version:   #1 SMP PREEMPT_DYNAMIC Thu Apr 3 12:12:16 UTC 2025
CPU Count:          272
Memory Avail:       195.32 GB / 203.90 GB (95.8%)
Disk Space Avail:   1382.00 GB / 5120.00 GB (27.0%)
===================================================
Presets specified: ['medium_quality']
Beginning AutoGluon training ... Time limit = 240s
AutoGluon will save models to "/home/baderlab/mzarant/SignatureInference/models/default_correlated/0.6-55417050/Predictor_S5 (SBS5 - 0.98)"
Train Data Rows:    80
Train Data Columns: 100
Label Column:       S5 (SBS5 - 0.98)
Problem Type:       binary
Preprocessing data ...
Selected class <--> label mapping:  class 1 = True, class 0 = False
Using Feature Generators to preprocess the data ...
Fitting AutoMLPipelineFeatureGenerator...
	Available Memory:                    200058.71 MB
	Train Data (Original)  Memory Usage: 0.06 MB (0.0% of available memory)
	Inferring data type of each feature based on column values. Set feature_metadata_in to manually specify special dtypes of the features.
	Stage 1 Generators:
		Fitting AsTypeFeatureGenerator...
			Note: Converting 4 features to boolean dtype as they only contain 2 unique values.
	Stage 2 Generators:
		Fitting FillNaFeatureGenerator...
	Stage 3 Generators:
		Fitting IdentityFeatureGenerator...
	Stage 4 Generators:
		Fitting DropUniqueFeatureGenerator...
	Stage 5 Generators:
		Fitting DropDuplicatesFeatureGenerator...
	Types of features in original data (raw dtype, special dtypes):
		('bool', []) :  4 | ['S1 (SBS1 - 0.99)', 'S2 (SBS2 - 0.99)', 'S3 (SBS3 - 0.97)', 'S4 (SBS4 - 0.98)']
		('int', [])  : 96 | ['A[C>A]A', 'A[C>A]C', 'A[C>A]G', 'A[C>A]T', 'A[C>G]A', ...]
	Types of features in processed data (raw dtype, special dtypes):
		('int', [])       : 96 | ['A[C>A]A', 'A[C>A]C', 'A[C>A]G', 'A[C>A]T', 'A[C>G]A', ...]
		('int', ['bool']) :  4 | ['S1 (SBS1 - 0.99)', 'S2 (SBS2 - 0.99)', 'S3 (SBS3 - 0.97)', 'S4 (SBS4 - 0.98)']
	1.5s = Fit runtime
	100 features in original data used to generate 100 features in processed data.
	Train Data (Processed) Memory Usage: 0.06 MB (0.0% of available memory)
Data preprocessing and feature engineering runtime = 1.69s ...
AutoGluon will gauge predictive performance using evaluation metric: 'accuracy'
	To change this, specify the eval_metric parameter of Predictor()
	0.8125	 = Validation score   (accuracy)
	40.31s	 = Training   runtime
	0.09s	 = Validation runtime
Automatically generating train/validation split with holdout_frac=0.2, Train Rows: 64, Val Rows: 16
User-specified model hyperparameters to be fit:
{
	'GBM': [{'extra_trees': True, 'ag_args': {'name_suffix': 'XT'}}, {'ag_args': {'name_suffix': 'Light'}}],
	'RF': [{'criterion': 'gini', 'max_depth': 10, 'ag_args': {'name_suffix': 'Gini', 'problem_types': ['binary', 'multiclass']}}],
	'XT': [{'criterion': 'gini', 'max_depth': 10, 'ag_args': {'name_suffix': 'Gini', 'problem_types': ['binary', 'multiclass']}}],
}
Fitting model: LightGBMLight ... Training model for up to 196.20s of the 196.19s of remaining time.
Fitting 4 L1 models, fit_strategy="sequential" ...
Fitting model: LightGBMXT ... Training model for up to 238.30s of the 238.30s of remaining time.
	0.875	 = Validation score   (accuracy)
	21.42s	 = Training   runtime
	0.01s	 = Validation runtime
Fitting model: RandomForestGini ... Training model for up to 189.86s of the 189.82s of remaining time.
	0.5625	 = Validation score   (accuracy)
	32.75s	 = Training   runtime
	0.18s	 = Validation runtime
Fitting model: LightGBMLight ... Training model for up to 204.09s of the 204.09s of remaining time.
	0.8125	 = Validation score   (accuracy)
	7.09s	 = Training   runtime
	1.43s	 = Validation runtime
Fitting model: ExtraTreesGini ... Training model for up to 181.15s of the 181.12s of remaining time.
	0.625	 = Validation score   (accuracy)
	41.77s	 = Training   runtime
	0.09s	 = Validation runtime
	0.75	 = Validation score   (accuracy)
	6.49s	 = Training   runtime
	0.9s	 = Validation runtime
Fitting model: RandomForestGini ... Training model for up to 150.52s of the 150.51s of remaining time.
Fitting model: WeightedEnsemble_L2 ... Training model for up to 233.15s of the 173.33s of remaining time.
	Ensemble Weights: {'LightGBMXT': 1.0}
	0.875	 = Validation score   (accuracy)
	1.23s	 = Training   runtime
	0.01s	 = Validation runtime
AutoGluon training complete, total runtime = 69.16s ... Best model: WeightedEnsemble_L2 | Estimated inference throughput: 310.0 rows/s (16 batch size)
Disabling decision threshold calibration for metric `accuracy` due to having fewer than 10000 rows of validation data for calibration, to avoid overfitting (16 rows).
	`accuracy` is generally not improved through threshold calibration. Force calibration via specifying `calibrate_decision_threshold=True`.
TabularPredictor saved. To load, use: predictor = TabularPredictor.load("/home/baderlab/mzarant/SignatureInference/models/default_correlated/0.15-163872254/Predictor_S5 (SBS5 - 0.98)")
Verbosity: 2 (Standard Logging)
=================== System Info ===================
AutoGluon Version:  1.2
Python Version:     3.10.15
Operating System:   Linux
Platform Machine:   x86_64
Platform Version:   #1 SMP PREEMPT_DYNAMIC Thu Apr 3 12:12:16 UTC 2025
CPU Count:          272
Memory Avail:       195.34 GB / 203.90 GB (95.8%)
Disk Space Avail:   1382.00 GB / 5120.00 GB (27.0%)
===================================================
Presets specified: ['medium_quality']
Beginning AutoGluon training ... Time limit = 240s
AutoGluon will save models to "/home/baderlab/mzarant/SignatureInference/models/default_correlated/0.15-163872254/Predictor_S6 (SBS7a - 1.00)"
Train Data Rows:    80
Train Data Columns: 101
Label Column:       S6 (SBS7a - 1.00)
Problem Type:       binary
Preprocessing data ...
Selected class <--> label mapping:  class 1 = True, class 0 = False
Using Feature Generators to preprocess the data ...
Fitting AutoMLPipelineFeatureGenerator...
	Available Memory:                    199973.62 MB
	Train Data (Original)  Memory Usage: 0.06 MB (0.0% of available memory)
	Inferring data type of each feature based on column values. Set feature_metadata_in to manually specify special dtypes of the features.
	Stage 1 Generators:
		Fitting AsTypeFeatureGenerator...
			Note: Converting 5 features to boolean dtype as they only contain 2 unique values.
	Stage 2 Generators:
		Fitting FillNaFeatureGenerator...
	Stage 3 Generators:
		Fitting IdentityFeatureGenerator...
	Stage 4 Generators:
		Fitting DropUniqueFeatureGenerator...
	Stage 5 Generators:
		Fitting DropDuplicatesFeatureGenerator...
	Types of features in original data (raw dtype, special dtypes):
		('bool', []) :  5 | ['S1 (SBS1 - 0.99)', 'S2 (SBS2 - 0.99)', 'S3 (SBS3 - 0.97)', 'S4 (SBS4 - 0.98)', 'S5 (SBS5 - 0.98)']
		('int', [])  : 96 | ['A[C>A]A', 'A[C>A]C', 'A[C>A]G', 'A[C>A]T', 'A[C>G]A', ...]
	Types of features in processed data (raw dtype, special dtypes):
		('int', [])       : 96 | ['A[C>A]A', 'A[C>A]C', 'A[C>A]G', 'A[C>A]T', 'A[C>G]A', ...]
		('int', ['bool']) :  5 | ['S1 (SBS1 - 0.99)', 'S2 (SBS2 - 0.99)', 'S3 (SBS3 - 0.97)', 'S4 (SBS4 - 0.98)', 'S5 (SBS5 - 0.98)']
	1.7s = Fit runtime
	101 features in original data used to generate 101 features in processed data.
	Train Data (Processed) Memory Usage: 0.06 MB (0.0% of available memory)
Data preprocessing and feature engineering runtime = 1.91s ...
AutoGluon will gauge predictive performance using evaluation metric: 'accuracy'
	To change this, specify the eval_metric parameter of Predictor()
Automatically generating train/validation split with holdout_frac=0.2, Train Rows: 64, Val Rows: 16
User-specified model hyperparameters to be fit:
{
	'GBM': [{'extra_trees': True, 'ag_args': {'name_suffix': 'XT'}}, {'ag_args': {'name_suffix': 'Light'}}],
	'RF': [{'criterion': 'gini', 'max_depth': 10, 'ag_args': {'name_suffix': 'Gini', 'problem_types': ['binary', 'multiclass']}}],
	'XT': [{'criterion': 'gini', 'max_depth': 10, 'ag_args': {'name_suffix': 'Gini', 'problem_types': ['binary', 'multiclass']}}],
}
Fitting 4 L1 models, fit_strategy="sequential" ...
Fitting model: LightGBMXT ... Training model for up to 238.09s of the 238.08s of remaining time.
	0.6875	 = Validation score   (accuracy)
	9.02s	 = Training   runtime
	1.16s	 = Validation runtime
Fitting model: ExtraTreesGini ... Training model for up to 140.15s of the 140.14s of remaining time.
	0.625	 = Validation score   (accuracy)
	6.65s	 = Training   runtime
	1.25s	 = Validation runtime
Fitting model: WeightedEnsemble_L2 ... Training model for up to 229.07s of the 132.00s of remaining time.
	Ensemble Weights: {'RandomForestGini': 1.0}
	0.6875	 = Validation score   (accuracy)
	0.94s	 = Training   runtime
	0.01s	 = Validation runtime
AutoGluon training complete, total runtime = 109.37s ... Best model: WeightedEnsemble_L2 | Estimated inference throughput: 13.6 rows/s (16 batch size)
Disabling decision threshold calibration for metric `accuracy` due to having fewer than 10000 rows of validation data for calibration, to avoid overfitting (16 rows).
	`accuracy` is generally not improved through threshold calibration. Force calibration via specifying `calibrate_decision_threshold=True`.
	0.6875	 = Validation score   (accuracy)
	62.9s	 = Training   runtime
	0.09s	 = Validation runtime
Fitting model: RandomForestGini ... Training model for up to 142.62s of the 142.58s of remaining time.
TabularPredictor saved. To load, use: predictor = TabularPredictor.load("/home/baderlab/mzarant/SignatureInference/models/default_correlated/0.2-780880656/Predictor_S4 (SBS4 - 0.98)")
Verbosity: 2 (Standard Logging)
=================== System Info ===================
AutoGluon Version:  1.2
Python Version:     3.10.15
Operating System:   Linux
Platform Machine:   x86_64
Platform Version:   #1 SMP PREEMPT_DYNAMIC Thu Apr 3 12:12:16 UTC 2025
CPU Count:          272
Memory Avail:       195.57 GB / 203.90 GB (95.9%)
Disk Space Avail:   1382.00 GB / 5120.00 GB (27.0%)
===================================================
Presets specified: ['medium_quality']
Beginning AutoGluon training ... Time limit = 240s
AutoGluon will save models to "/home/baderlab/mzarant/SignatureInference/models/default_correlated/0.2-780880656/Predictor_S5 (SBS5 - 0.98)"
Train Data Rows:    80
Train Data Columns: 100
Label Column:       S5 (SBS5 - 0.98)
Problem Type:       binary
Preprocessing data ...
Selected class <--> label mapping:  class 1 = True, class 0 = False
Using Feature Generators to preprocess the data ...
Fitting AutoMLPipelineFeatureGenerator...
	Available Memory:                    200219.97 MB
	Train Data (Original)  Memory Usage: 0.06 MB (0.0% of available memory)
	Inferring data type of each feature based on column values. Set feature_metadata_in to manually specify special dtypes of the features.
	Stage 1 Generators:
		Fitting AsTypeFeatureGenerator...
			Note: Converting 4 features to boolean dtype as they only contain 2 unique values.
	Stage 2 Generators:
		Fitting FillNaFeatureGenerator...
	Stage 3 Generators:
		Fitting IdentityFeatureGenerator...
	0.8125	 = Validation score   (accuracy)
	78.19s	 = Training   runtime
	0.08s	 = Validation runtime
Fitting model: LightGBMLight ... Training model for up to 158.05s of the 158.05s of remaining time.
	Stage 4 Generators:
		Fitting DropUniqueFeatureGenerator...
	Stage 5 Generators:
		Fitting DropDuplicatesFeatureGenerator...
	Types of features in original data (raw dtype, special dtypes):
		('bool', []) :  4 | ['S1 (SBS1 - 0.99)', 'S2 (SBS2 - 0.99)', 'S3 (SBS3 - 0.97)', 'S4 (SBS4 - 0.98)']
		('int', [])  : 96 | ['A[C>A]A', 'A[C>A]C', 'A[C>A]G', 'A[C>A]T', 'A[C>G]A', ...]
	Types of features in processed data (raw dtype, special dtypes):
		('int', [])       : 96 | ['A[C>A]A', 'A[C>A]C', 'A[C>A]G', 'A[C>A]T', 'A[C>G]A', ...]
		('int', ['bool']) :  4 | ['S1 (SBS1 - 0.99)', 'S2 (SBS2 - 0.99)', 'S3 (SBS3 - 0.97)', 'S4 (SBS4 - 0.98)']
	2.6s = Fit runtime
	100 features in original data used to generate 100 features in processed data.
	Train Data (Processed) Memory Usage: 0.06 MB (0.0% of available memory)
Data preprocessing and feature engineering runtime = 2.88s ...
AutoGluon will gauge predictive performance using evaluation metric: 'accuracy'
	To change this, specify the eval_metric parameter of Predictor()
Automatically generating train/validation split with holdout_frac=0.2, Train Rows: 64, Val Rows: 16
User-specified model hyperparameters to be fit:
{
	'GBM': [{'extra_trees': True, 'ag_args': {'name_suffix': 'XT'}}, {'ag_args': {'name_suffix': 'Light'}}],
	'RF': [{'criterion': 'gini', 'max_depth': 10, 'ag_args': {'name_suffix': 'Gini', 'problem_types': ['binary', 'multiclass']}}],
	'XT': [{'criterion': 'gini', 'max_depth': 10, 'ag_args': {'name_suffix': 'Gini', 'problem_types': ['binary', 'multiclass']}}],
}
Fitting 4 L1 models, fit_strategy="sequential" ...
Fitting model: LightGBMXT ... Training model for up to 237.11s of the 237.11s of remaining time.
	0.875	 = Validation score   (accuracy)
	43.34s	 = Training   runtime
	0.6s	 = Validation runtime
	0.875	 = Validation score   (accuracy)
	22.41s	 = Training   runtime
	0.25s	 = Validation runtime
Fitting model: LightGBMLight ... Training model for up to 194.06s of the 194.06s of remaining time.
Fitting model: LightGBMLight ... Training model for up to 215.04s of the 215.03s of remaining time.
	0.625	 = Validation score   (accuracy)
	8.85s	 = Training   runtime
	1.06s	 = Validation runtime
Fitting model: ExtraTreesGini ... Training model for up to 132.53s of the 132.50s of remaining time.
	0.5625	 = Validation score   (accuracy)
	41.96s	 = Training   runtime
	0.61s	 = Validation runtime
Fitting model: RandomForestGini ... Training model for up to 159.22s of the 159.22s of remaining time.
	0.75	 = Validation score   (accuracy)
	62.33s	 = Training   runtime
	0.04s	 = Validation runtime
Fitting model: RandomForestGini ... Training model for up to 141.98s of the 141.96s of remaining time.
	0.75	 = Validation score   (accuracy)
	54.11s	 = Training   runtime
	0.08s	 = Validation runtime
Fitting model: RandomForestGini ... Training model for up to 141.59s of the 141.59s of remaining time.
	0.6875	 = Validation score   (accuracy)
	6.14s	 = Training   runtime
	19.71s	 = Validation runtime
Fitting model: WeightedEnsemble_L2 ... Training model for up to 233.09s of the 106.14s of remaining time.
	Ensemble Weights: {'LightGBMXT': 0.5, 'ExtraTreesGini': 0.5}
	0.75	 = Validation score   (accuracy)
	1.3s	 = Training   runtime
	0.03s	 = Validation runtime
AutoGluon training complete, total runtime = 136.05s ... Best model: WeightedEnsemble_L2 | Estimated inference throughput: 0.8 rows/s (16 batch size)
Disabling decision threshold calibration for metric `accuracy` due to having fewer than 10000 rows of validation data for calibration, to avoid overfitting (16 rows).
	`accuracy` is generally not improved through threshold calibration. Force calibration via specifying `calibrate_decision_threshold=True`.
TabularPredictor saved. To load, use: predictor = TabularPredictor.load("/home/baderlab/mzarant/SignatureInference/models/default_correlated/0.03-897180855/Predictor_S4 (SBS4 - 0.98)")
Verbosity: 2 (Standard Logging)
=================== System Info ===================
AutoGluon Version:  1.2
Python Version:     3.10.15
Operating System:   Linux
Platform Machine:   x86_64
Platform Version:   #1 SMP PREEMPT_DYNAMIC Thu Apr 3 12:12:16 UTC 2025
CPU Count:          272
Memory Avail:       195.46 GB / 203.90 GB (95.9%)
Disk Space Avail:   1381.99 GB / 5120.00 GB (27.0%)
===================================================
Presets specified: ['medium_quality']
Beginning AutoGluon training ... Time limit = 240s
AutoGluon will save models to "/home/baderlab/mzarant/SignatureInference/models/default_correlated/0.03-897180855/Predictor_S5 (SBS5 - 0.98)"
Train Data Rows:    80
	0.5625	 = Validation score   (accuracy)
Train Data Columns: 100
	14.3s	 = Training   runtime
Label Column:       S5 (SBS5 - 0.98)
	7.87s	 = Validation runtime
Problem Type:       binary
Preprocessing data ...
Selected class <--> label mapping:  class 1 = True, class 0 = False
Using Feature Generators to preprocess the data ...
Fitting model: ExtraTreesGini ... Training model for up to 136.54s of the 136.53s of remaining time.
Fitting AutoMLPipelineFeatureGenerator...
	Available Memory:                    200169.92 MB
	Train Data (Original)  Memory Usage: 0.06 MB (0.0% of available memory)
	Inferring data type of each feature based on column values. Set feature_metadata_in to manually specify special dtypes of the features.
	Stage 1 Generators:
		Fitting AsTypeFeatureGenerator...
			Note: Converting 4 features to boolean dtype as they only contain 2 unique values.
	Stage 2 Generators:
		Fitting FillNaFeatureGenerator...
	Stage 3 Generators:
		Fitting IdentityFeatureGenerator...
	Stage 4 Generators:
		Fitting DropUniqueFeatureGenerator...
	Stage 5 Generators:
		Fitting DropDuplicatesFeatureGenerator...
	0.875	 = Validation score   (accuracy)
	37.51s	 = Training   runtime
	0.15s	 = Validation runtime
Fitting model: LightGBMLight ... Training model for up to 198.95s of the 198.94s of remaining time.
	Types of features in original data (raw dtype, special dtypes):
		('bool', []) :  4 | ['S1 (SBS1 - 0.99)', 'S2 (SBS2 - 0.99)', 'S3 (SBS3 - 0.97)', 'S4 (SBS4 - 0.98)']
		('int', [])  : 96 | ['A[C>A]A', 'A[C>A]C', 'A[C>A]G', 'A[C>A]T', 'A[C>G]A', ...]
	Types of features in processed data (raw dtype, special dtypes):
		('int', [])       : 96 | ['A[C>A]A', 'A[C>A]C', 'A[C>A]G', 'A[C>A]T', 'A[C>G]A', ...]
		('int', ['bool']) :  4 | ['S1 (SBS1 - 0.99)', 'S2 (SBS2 - 0.99)', 'S3 (SBS3 - 0.97)', 'S4 (SBS4 - 0.98)']
	3.2s = Fit runtime
	100 features in original data used to generate 100 features in processed data.
	Train Data (Processed) Memory Usage: 0.06 MB (0.0% of available memory)
Data preprocessing and feature engineering runtime = 3.56s ...
AutoGluon will gauge predictive performance using evaluation metric: 'accuracy'
	To change this, specify the eval_metric parameter of Predictor()
Automatically generating train/validation split with holdout_frac=0.2, Train Rows: 64, Val Rows: 16
User-specified model hyperparameters to be fit:
{
	'GBM': [{'extra_trees': True, 'ag_args': {'name_suffix': 'XT'}}, {'ag_args': {'name_suffix': 'Light'}}],
	'RF': [{'criterion': 'gini', 'max_depth': 10, 'ag_args': {'name_suffix': 'Gini', 'problem_types': ['binary', 'multiclass']}}],
	'XT': [{'criterion': 'gini', 'max_depth': 10, 'ag_args': {'name_suffix': 'Gini', 'problem_types': ['binary', 'multiclass']}}],
}
Fitting 4 L1 models, fit_strategy="sequential" ...
Fitting model: LightGBMXT ... Training model for up to 236.44s of the 236.42s of remaining time.
	0.625	 = Validation score   (accuracy)
	17.46s	 = Training   runtime
	6.99s	 = Validation runtime
Fitting model: ExtraTreesGini ... Training model for up to 116.75s of the 116.75s of remaining time.
	0.6875	 = Validation score   (accuracy)
	19.51s	 = Training   runtime
	6.99s	 = Validation runtime
Fitting model: ExtraTreesGini ... Training model for up to 115.05s of the 115.03s of remaining time.
	0.875	 = Validation score   (accuracy)
	35.66s	 = Training   runtime
	0.05s	 = Validation runtime
Fitting model: RandomForestGini ... Training model for up to 179.00s of the 178.99s of remaining time.
	0.625	 = Validation score   (accuracy)
	13.12s	 = Training   runtime
	13.49s	 = Validation runtime
Fitting model: WeightedEnsemble_L2 ... Training model for up to 237.18s of the 109.57s of remaining time.
	Ensemble Weights: {'LightGBMXT': 0.5, 'ExtraTreesGini': 0.5}
	0.6875	 = Validation score   (accuracy)
	1.48s	 = Training   runtime
	0.04s	 = Validation runtime
AutoGluon training complete, total runtime = 132.7s ... Best model: WeightedEnsemble_L2 | Estimated inference throughput: 1.2 rows/s (16 batch size)
Disabling decision threshold calibration for metric `accuracy` due to having fewer than 10000 rows of validation data for calibration, to avoid overfitting (16 rows).
	`accuracy` is generally not improved through threshold calibration. Force calibration via specifying `calibrate_decision_threshold=True`.
TabularPredictor saved. To load, use: predictor = TabularPredictor.load("/home/baderlab/mzarant/SignatureInference/models/default_correlated/0.02-340812214/Predictor_S4 (SBS4 - 0.98)")
Verbosity: 2 (Standard Logging)
=================== System Info ===================
AutoGluon Version:  1.2
Python Version:     3.10.15
Operating System:   Linux
Platform Machine:   x86_64
Platform Version:   #1 SMP PREEMPT_DYNAMIC Thu Apr 3 12:12:16 UTC 2025
CPU Count:          272
Memory Avail:       195.28 GB / 203.90 GB (95.8%)
Disk Space Avail:   1381.99 GB / 5120.00 GB (27.0%)
===================================================
Presets specified: ['medium_quality']
Beginning AutoGluon training ... Time limit = 240s
AutoGluon will save models to "/home/baderlab/mzarant/SignatureInference/models/default_correlated/0.02-340812214/Predictor_S5 (SBS5 - 0.98)"
Train Data Rows:    80
Train Data Columns: 100
Label Column:       S5 (SBS5 - 0.98)
Problem Type:       binary
Preprocessing data ...
Selected class <--> label mapping:  class 1 = True, class 0 = False
Using Feature Generators to preprocess the data ...
Fitting AutoMLPipelineFeatureGenerator...
	Available Memory:                    199961.35 MB
	Train Data (Original)  Memory Usage: 0.06 MB (0.0% of available memory)
	Inferring data type of each feature based on column values. Set feature_metadata_in to manually specify special dtypes of the features.
	Stage 1 Generators:
		Fitting AsTypeFeatureGenerator...
			Note: Converting 4 features to boolean dtype as they only contain 2 unique values.
	Stage 2 Generators:
		Fitting FillNaFeatureGenerator...
	Stage 3 Generators:
		Fitting IdentityFeatureGenerator...
	Stage 4 Generators:
		Fitting DropUniqueFeatureGenerator...
	Stage 5 Generators:
		Fitting DropDuplicatesFeatureGenerator...
	0.75	 = Validation score   (accuracy)
	23.34s	 = Training   runtime
	3.22s	 = Validation runtime
Fitting model: WeightedEnsemble_L2 ... Training model for up to 236.45s of the 88.02s of remaining time.
	Types of features in original data (raw dtype, special dtypes):
		('bool', []) :  4 | ['S1 (SBS1 - 0.99)', 'S2 (SBS2 - 0.99)', 'S3 (SBS3 - 0.97)', 'S4 (SBS4 - 0.98)']
		('int', [])  : 96 | ['A[C>A]A', 'A[C>A]C', 'A[C>A]G', 'A[C>A]T', 'A[C>G]A', ...]
	Types of features in processed data (raw dtype, special dtypes):
		('int', [])       : 96 | ['A[C>A]A', 'A[C>A]C', 'A[C>A]G', 'A[C>A]T', 'A[C>G]A', ...]
		('int', ['bool']) :  4 | ['S1 (SBS1 - 0.99)', 'S2 (SBS2 - 0.99)', 'S3 (SBS3 - 0.97)', 'S4 (SBS4 - 0.98)']
	3.2s = Fit runtime
	100 features in original data used to generate 100 features in processed data.
	Train Data (Processed) Memory Usage: 0.06 MB (0.0% of available memory)
Data preprocessing and feature engineering runtime = 3.49s ...
AutoGluon will gauge predictive performance using evaluation metric: 'accuracy'
	To change this, specify the eval_metric parameter of Predictor()
Automatically generating train/validation split with holdout_frac=0.2, Train Rows: 64, Val Rows: 16
User-specified model hyperparameters to be fit:
{
	'GBM': [{'extra_trees': True, 'ag_args': {'name_suffix': 'XT'}}, {'ag_args': {'name_suffix': 'Light'}}],
	'RF': [{'criterion': 'gini', 'max_depth': 10, 'ag_args': {'name_suffix': 'Gini', 'problem_types': ['binary', 'multiclass']}}],
	'XT': [{'criterion': 'gini', 'max_depth': 10, 'ag_args': {'name_suffix': 'Gini', 'problem_types': ['binary', 'multiclass']}}],
}
	0.875	 = Validation score   (accuracy)
	21.25s	 = Training   runtime
	6.73s	 = Validation runtime
Fitting model: ExtraTreesGini ... Training model for up to 150.61s of the 150.60s of remaining time.
	Ensemble Weights: {'LightGBMLight': 1.0}
	0.75	 = Validation score   (accuracy)
	1.39s	 = Training   runtime
	0.01s	 = Validation runtime
Fitting 4 L1 models, fit_strategy="sequential" ...
Fitting model: LightGBMXT ... Training model for up to 236.51s of the 236.51s of remaining time.
AutoGluon training complete, total runtime = 154.99s ... Best model: WeightedEnsemble_L2 | Estimated inference throughput: 298.4 rows/s (16 batch size)
Disabling decision threshold calibration for metric `accuracy` due to having fewer than 10000 rows of validation data for calibration, to avoid overfitting (16 rows).
	`accuracy` is generally not improved through threshold calibration. Force calibration via specifying `calibrate_decision_threshold=True`.
TabularPredictor saved. To load, use: predictor = TabularPredictor.load("/home/baderlab/mzarant/SignatureInference/models/default_correlated/0.1-366043238/Predictor_S4 (SBS4 - 0.98)")
Verbosity: 2 (Standard Logging)
=================== System Info ===================
AutoGluon Version:  1.2
Python Version:     3.10.15
Operating System:   Linux
Platform Machine:   x86_64
Platform Version:   #1 SMP PREEMPT_DYNAMIC Thu Apr 3 12:12:16 UTC 2025
CPU Count:          272
Memory Avail:       195.22 GB / 203.90 GB (95.7%)
Disk Space Avail:   1381.99 GB / 5120.00 GB (27.0%)
===================================================
Presets specified: ['medium_quality']
Beginning AutoGluon training ... Time limit = 240s
AutoGluon will save models to "/home/baderlab/mzarant/SignatureInference/models/default_correlated/0.1-366043238/Predictor_S5 (SBS5 - 0.98)"
Train Data Rows:    80
Train Data Columns: 100
Label Column:       S5 (SBS5 - 0.98)
Problem Type:       binary
Preprocessing data ...
Selected class <--> label mapping:  class 1 = True, class 0 = False
Using Feature Generators to preprocess the data ...
Fitting AutoMLPipelineFeatureGenerator...
	Available Memory:                    199935.14 MB
	Train Data (Original)  Memory Usage: 0.06 MB (0.0% of available memory)
	Inferring data type of each feature based on column values. Set feature_metadata_in to manually specify special dtypes of the features.
	0.6875	 = Validation score   (accuracy)
	15.0s	 = Training   runtime
	16.87s	 = Validation runtime
	Stage 1 Generators:
		Fitting AsTypeFeatureGenerator...
Fitting model: WeightedEnsemble_L2 ... Training model for up to 236.75s of the 84.16s of remaining time.
			Note: Converting 4 features to boolean dtype as they only contain 2 unique values.
	Stage 2 Generators:
		Fitting FillNaFeatureGenerator...
	Stage 3 Generators:
		Fitting IdentityFeatureGenerator...
	Stage 4 Generators:
		Fitting DropUniqueFeatureGenerator...
	Stage 5 Generators:
		Fitting DropDuplicatesFeatureGenerator...
	0.8125	 = Validation score   (accuracy)
	74.38s	 = Training   runtime
	0.09s	 = Validation runtime
Fitting model: RandomForestGini ... Training model for up to 83.24s of the 83.24s of remaining time.
	Types of features in original data (raw dtype, special dtypes):
		('bool', []) :  4 | ['S1 (SBS1 - 0.99)', 'S2 (SBS2 - 0.99)', 'S3 (SBS3 - 0.97)', 'S4 (SBS4 - 0.98)']
		('int', [])  : 96 | ['A[C>A]A', 'A[C>A]C', 'A[C>A]G', 'A[C>A]T', 'A[C>G]A', ...]
	Types of features in processed data (raw dtype, special dtypes):
		('int', [])       : 96 | ['A[C>A]A', 'A[C>A]C', 'A[C>A]G', 'A[C>A]T', 'A[C>G]A', ...]
		('int', ['bool']) :  4 | ['S1 (SBS1 - 0.99)', 'S2 (SBS2 - 0.99)', 'S3 (SBS3 - 0.97)', 'S4 (SBS4 - 0.98)']
	3.4s = Fit runtime
	100 features in original data used to generate 100 features in processed data.
	Train Data (Processed) Memory Usage: 0.06 MB (0.0% of available memory)
Data preprocessing and feature engineering runtime = 3.94s ...
AutoGluon will gauge predictive performance using evaluation metric: 'accuracy'
	To change this, specify the eval_metric parameter of Predictor()
Automatically generating train/validation split with holdout_frac=0.2, Train Rows: 64, Val Rows: 16
User-specified model hyperparameters to be fit:
{
	'GBM': [{'extra_trees': True, 'ag_args': {'name_suffix': 'XT'}}, {'ag_args': {'name_suffix': 'Light'}}],
	'RF': [{'criterion': 'gini', 'max_depth': 10, 'ag_args': {'name_suffix': 'Gini', 'problem_types': ['binary', 'multiclass']}}],
	'XT': [{'criterion': 'gini', 'max_depth': 10, 'ag_args': {'name_suffix': 'Gini', 'problem_types': ['binary', 'multiclass']}}],
}
	Ensemble Weights: {'LightGBMXT': 1.0}
	0.8125	 = Validation score   (accuracy)
	2.05s	 = Training   runtime
	0.04s	 = Validation runtime
AutoGluon training complete, total runtime = 158.96s ... Best model: WeightedEnsemble_L2 | Estimated inference throughput: 120.1 rows/s (16 batch size)
Disabling decision threshold calibration for metric `accuracy` due to having fewer than 10000 rows of validation data for calibration, to avoid overfitting (16 rows).
	`accuracy` is generally not improved through threshold calibration. Force calibration via specifying `calibrate_decision_threshold=True`.
Fitting 4 L1 models, fit_strategy="sequential" ...
Fitting model: LightGBMXT ... Training model for up to 236.06s of the 236.04s of remaining time.
TabularPredictor saved. To load, use: predictor = TabularPredictor.load("/home/baderlab/mzarant/SignatureInference/models/default_correlated/0.4-952979756/Predictor_S4 (SBS4 - 0.98)")
Verbosity: 2 (Standard Logging)
=================== System Info ===================
AutoGluon Version:  1.2
Python Version:     3.10.15
Operating System:   Linux
Platform Machine:   x86_64
Platform Version:   #1 SMP PREEMPT_DYNAMIC Thu Apr 3 12:12:16 UTC 2025
CPU Count:          272
Memory Avail:       195.25 GB / 203.90 GB (95.8%)
Disk Space Avail:   1381.98 GB / 5120.00 GB (27.0%)
===================================================
Presets specified: ['medium_quality']
Beginning AutoGluon training ... Time limit = 240s
AutoGluon will save models to "/home/baderlab/mzarant/SignatureInference/models/default_correlated/0.4-952979756/Predictor_S5 (SBS5 - 0.98)"
Train Data Rows:    80
Train Data Columns: 100
Label Column:       S5 (SBS5 - 0.98)
Problem Type:       binary
Preprocessing data ...
Selected class <--> label mapping:  class 1 = True, class 0 = False
Using Feature Generators to preprocess the data ...
Fitting AutoMLPipelineFeatureGenerator...
	Available Memory:                    199889.04 MB
	Train Data (Original)  Memory Usage: 0.06 MB (0.0% of available memory)
	Inferring data type of each feature based on column values. Set feature_metadata_in to manually specify special dtypes of the features.
	Stage 1 Generators:
		Fitting AsTypeFeatureGenerator...
			Note: Converting 4 features to boolean dtype as they only contain 2 unique values.
	Stage 2 Generators:
		Fitting FillNaFeatureGenerator...
	Stage 3 Generators:
		Fitting IdentityFeatureGenerator...
	Stage 4 Generators:
		Fitting DropUniqueFeatureGenerator...
	Stage 5 Generators:
		Fitting DropDuplicatesFeatureGenerator...
	Types of features in original data (raw dtype, special dtypes):
		('bool', []) :  4 | ['S1 (SBS1 - 0.99)', 'S2 (SBS2 - 0.99)', 'S3 (SBS3 - 0.97)', 'S4 (SBS4 - 0.98)']
		('int', [])  : 96 | ['A[C>A]A', 'A[C>A]C', 'A[C>A]G', 'A[C>A]T', 'A[C>G]A', ...]
	Types of features in processed data (raw dtype, special dtypes):
		('int', [])       : 96 | ['A[C>A]A', 'A[C>A]C', 'A[C>A]G', 'A[C>A]T', 'A[C>G]A', ...]
		('int', ['bool']) :  4 | ['S1 (SBS1 - 0.99)', 'S2 (SBS2 - 0.99)', 'S3 (SBS3 - 0.97)', 'S4 (SBS4 - 0.98)']
	6.1s = Fit runtime
	100 features in original data used to generate 100 features in processed data.
	Train Data (Processed) Memory Usage: 0.06 MB (0.0% of available memory)
Data preprocessing and feature engineering runtime = 6.28s ...
AutoGluon will gauge predictive performance using evaluation metric: 'accuracy'
	To change this, specify the eval_metric parameter of Predictor()
Automatically generating train/validation split with holdout_frac=0.2, Train Rows: 64, Val Rows: 16
User-specified model hyperparameters to be fit:
{
	'GBM': [{'extra_trees': True, 'ag_args': {'name_suffix': 'XT'}}, {'ag_args': {'name_suffix': 'Light'}}],
	'RF': [{'criterion': 'gini', 'max_depth': 10, 'ag_args': {'name_suffix': 'Gini', 'problem_types': ['binary', 'multiclass']}}],
	'XT': [{'criterion': 'gini', 'max_depth': 10, 'ag_args': {'name_suffix': 'Gini', 'problem_types': ['binary', 'multiclass']}}],
}
Fitting 4 L1 models, fit_strategy="sequential" ...
Fitting model: LightGBMXT ... Training model for up to 233.72s of the 233.71s of remaining time.
	0.875	 = Validation score   (accuracy)
	17.73s	 = Training   runtime
	1.85s	 = Validation runtime
Fitting model: WeightedEnsemble_L2 ... Training model for up to 238.03s of the 130.50s of remaining time.
	0.75	 = Validation score   (accuracy)
	13.05s	 = Training   runtime
	2.24s	 = Validation runtime
Fitting model: ExtraTreesGini ... Training model for up to 67.50s of the 67.49s of remaining time.
	Ensemble Weights: {'LightGBMXT': 1.0}
	0.875	 = Validation score   (accuracy)
	1.16s	 = Training   runtime
	0.01s	 = Validation runtime
AutoGluon training complete, total runtime = 111.32s ... Best model: WeightedEnsemble_L2 | Estimated inference throughput: 60.6 rows/s (16 batch size)
Disabling decision threshold calibration for metric `accuracy` due to having fewer than 10000 rows of validation data for calibration, to avoid overfitting (16 rows).
	`accuracy` is generally not improved through threshold calibration. Force calibration via specifying `calibrate_decision_threshold=True`.
TabularPredictor saved. To load, use: predictor = TabularPredictor.load("/home/baderlab/mzarant/SignatureInference/models/default_correlated/0.15-163872254/Predictor_S6 (SBS7a - 1.00)")
Verbosity: 2 (Standard Logging)
=================== System Info ===================
AutoGluon Version:  1.2
Python Version:     3.10.15
Operating System:   Linux
Platform Machine:   x86_64
Platform Version:   #1 SMP PREEMPT_DYNAMIC Thu Apr 3 12:12:16 UTC 2025
CPU Count:          272
Memory Avail:       195.04 GB / 203.90 GB (95.7%)
Disk Space Avail:   1381.98 GB / 5120.00 GB (27.0%)
===================================================
Presets specified: ['medium_quality']
Beginning AutoGluon training ... Time limit = 240s
AutoGluon will save models to "/home/baderlab/mzarant/SignatureInference/models/default_correlated/0.15-163872254/Predictor_S7 (SBS7b - 0.96)"
Train Data Rows:    80
Train Data Columns: 102
Label Column:       S7 (SBS7b - 0.96)
Problem Type:       binary
Preprocessing data ...
Selected class <--> label mapping:  class 1 = True, class 0 = False
Using Feature Generators to preprocess the data ...
Fitting AutoMLPipelineFeatureGenerator...
	Available Memory:                    199680.18 MB
	Train Data (Original)  Memory Usage: 0.06 MB (0.0% of available memory)
	Inferring data type of each feature based on column values. Set feature_metadata_in to manually specify special dtypes of the features.
	Stage 1 Generators:
		Fitting AsTypeFeatureGenerator...
			Note: Converting 6 features to boolean dtype as they only contain 2 unique values.
	Stage 2 Generators:
		Fitting FillNaFeatureGenerator...
	Stage 3 Generators:
		Fitting IdentityFeatureGenerator...
	Stage 4 Generators:
		Fitting DropUniqueFeatureGenerator...
	Stage 5 Generators:
		Fitting DropDuplicatesFeatureGenerator...
	Types of features in original data (raw dtype, special dtypes):
		('bool', []) :  6 | ['S1 (SBS1 - 0.99)', 'S2 (SBS2 - 0.99)', 'S3 (SBS3 - 0.97)', 'S4 (SBS4 - 0.98)', 'S5 (SBS5 - 0.98)', ...]
		('int', [])  : 96 | ['A[C>A]A', 'A[C>A]C', 'A[C>A]G', 'A[C>A]T', 'A[C>G]A', ...]
	Types of features in processed data (raw dtype, special dtypes):
		('int', [])       : 96 | ['A[C>A]A', 'A[C>A]C', 'A[C>A]G', 'A[C>A]T', 'A[C>G]A', ...]
		('int', ['bool']) :  6 | ['S1 (SBS1 - 0.99)', 'S2 (SBS2 - 0.99)', 'S3 (SBS3 - 0.97)', 'S4 (SBS4 - 0.98)', 'S5 (SBS5 - 0.98)', ...]
	2.8s = Fit runtime
	102 features in original data used to generate 102 features in processed data.
	Train Data (Processed) Memory Usage: 0.06 MB (0.0% of available memory)
Data preprocessing and feature engineering runtime = 2.96s ...
AutoGluon will gauge predictive performance using evaluation metric: 'accuracy'
	To change this, specify the eval_metric parameter of Predictor()
Automatically generating train/validation split with holdout_frac=0.2, Train Rows: 64, Val Rows: 16
User-specified model hyperparameters to be fit:
{
	'GBM': [{'extra_trees': True, 'ag_args': {'name_suffix': 'XT'}}, {'ag_args': {'name_suffix': 'Light'}}],
	'RF': [{'criterion': 'gini', 'max_depth': 10, 'ag_args': {'name_suffix': 'Gini', 'problem_types': ['binary', 'multiclass']}}],
	'XT': [{'criterion': 'gini', 'max_depth': 10, 'ag_args': {'name_suffix': 'Gini', 'problem_types': ['binary', 'multiclass']}}],
}
Fitting 4 L1 models, fit_strategy="sequential" ...
Fitting model: LightGBMXT ... Training model for up to 237.04s of the 237.03s of remaining time.
	0.875	 = Validation score   (accuracy)
	94.35s	 = Training   runtime
	0.06s	 = Validation runtime
Fitting model: RandomForestGini ... Training model for up to 99.05s of the 99.05s of remaining time.
	0.875	 = Validation score   (accuracy)
	63.62s	 = Training   runtime
	0.1s	 = Validation runtime
Fitting model: RandomForestGini ... Training model for up to 135.12s of the 135.11s of remaining time.
	0.6875	 = Validation score   (accuracy)
	9.41s	 = Training   runtime
	5.05s	 = Validation runtime
Fitting model: WeightedEnsemble_L2 ... Training model for up to 236.79s of the 52.36s of remaining time.
	Ensemble Weights: {'LightGBMXT': 1.0}
	0.8125	 = Validation score   (accuracy)
	5.43s	 = Training   runtime
	0.03s	 = Validation runtime
AutoGluon training complete, total runtime = 193.63s ... Best model: WeightedEnsemble_L2 | Estimated inference throughput: 157.1 rows/s (16 batch size)
Disabling decision threshold calibration for metric `accuracy` due to having fewer than 10000 rows of validation data for calibration, to avoid overfitting (16 rows).
	`accuracy` is generally not improved through threshold calibration. Force calibration via specifying `calibrate_decision_threshold=True`.
TabularPredictor saved. To load, use: predictor = TabularPredictor.load("/home/baderlab/mzarant/SignatureInference/models/default_correlated/0.7-761971972/Predictor_S4 (SBS4 - 0.98)")
Verbosity: 2 (Standard Logging)
=================== System Info ===================
AutoGluon Version:  1.2
Python Version:     3.10.15
Operating System:   Linux
Platform Machine:   x86_64
Platform Version:   #1 SMP PREEMPT_DYNAMIC Thu Apr 3 12:12:16 UTC 2025
CPU Count:          272
Memory Avail:       195.18 GB / 203.90 GB (95.7%)
Disk Space Avail:   1381.98 GB / 5120.00 GB (27.0%)
===================================================
Presets specified: ['medium_quality']
Beginning AutoGluon training ... Time limit = 240s
AutoGluon will save models to "/home/baderlab/mzarant/SignatureInference/models/default_correlated/0.7-761971972/Predictor_S5 (SBS5 - 0.98)"
Train Data Rows:    80
Train Data Columns: 100
Label Column:       S5 (SBS5 - 0.98)
Problem Type:       binary
Preprocessing data ...
Selected class <--> label mapping:  class 1 = True, class 0 = False
Using Feature Generators to preprocess the data ...
Fitting AutoMLPipelineFeatureGenerator...
	Available Memory:                    199832.70 MB
	Train Data (Original)  Memory Usage: 0.06 MB (0.0% of available memory)
	Inferring data type of each feature based on column values. Set feature_metadata_in to manually specify special dtypes of the features.
	Stage 1 Generators:
		Fitting AsTypeFeatureGenerator...
			Note: Converting 4 features to boolean dtype as they only contain 2 unique values.
	Stage 2 Generators:
		Fitting FillNaFeatureGenerator...
	Stage 3 Generators:
		Fitting IdentityFeatureGenerator...
	Stage 4 Generators:
		Fitting DropUniqueFeatureGenerator...
	Stage 5 Generators:
		Fitting DropDuplicatesFeatureGenerator...
	Types of features in original data (raw dtype, special dtypes):
		('bool', []) :  4 | ['S1 (SBS1 - 0.99)', 'S2 (SBS2 - 0.99)', 'S3 (SBS3 - 0.97)', 'S4 (SBS4 - 0.98)']
		('int', [])  : 96 | ['A[C>A]A', 'A[C>A]C', 'A[C>A]G', 'A[C>A]T', 'A[C>G]A', ...]
	Types of features in processed data (raw dtype, special dtypes):
		('int', [])       : 96 | ['A[C>A]A', 'A[C>A]C', 'A[C>A]G', 'A[C>A]T', 'A[C>G]A', ...]
		('int', ['bool']) :  4 | ['S1 (SBS1 - 0.99)', 'S2 (SBS2 - 0.99)', 'S3 (SBS3 - 0.97)', 'S4 (SBS4 - 0.98)']
	3.6s = Fit runtime
	100 features in original data used to generate 100 features in processed data.
	Train Data (Processed) Memory Usage: 0.06 MB (0.0% of available memory)
Data preprocessing and feature engineering runtime = 4.79s ...
AutoGluon will gauge predictive performance using evaluation metric: 'accuracy'
	To change this, specify the eval_metric parameter of Predictor()
Automatically generating train/validation split with holdout_frac=0.2, Train Rows: 64, Val Rows: 16
User-specified model hyperparameters to be fit:
{
	'GBM': [{'extra_trees': True, 'ag_args': {'name_suffix': 'XT'}}, {'ag_args': {'name_suffix': 'Light'}}],
	'RF': [{'criterion': 'gini', 'max_depth': 10, 'ag_args': {'name_suffix': 'Gini', 'problem_types': ['binary', 'multiclass']}}],
	'XT': [{'criterion': 'gini', 'max_depth': 10, 'ag_args': {'name_suffix': 'Gini', 'problem_types': ['binary', 'multiclass']}}],
}
Fitting 4 L1 models, fit_strategy="sequential" ...
Fitting model: LightGBMXT ... Training model for up to 235.20s of the 235.20s of remaining time.
	0.8125	 = Validation score   (accuracy)
	0.8125	 = Validation score   (accuracy)
	9.86s	 = Training   runtime
	78.24s	 = Training   runtime
	8.24s	 = Validation runtime
	0.07s	 = Validation runtime
Fitting model: ExtraTreesGini ... Training model for up to 80.58s of the 80.58s of remaining time.
Fitting model: LightGBMLight ... Training model for up to 157.80s of the 157.78s of remaining time.
	0.8125	 = Validation score   (accuracy)
	15.21s	 = Training   runtime
	8.38s	 = Validation runtime
Fitting model: ExtraTreesGini ... Training model for up to 111.29s of the 111.28s of remaining time.
	0.75	 = Validation score   (accuracy)
	7.34s	 = Training   runtime
	3.29s	 = Validation runtime
Fitting model: WeightedEnsemble_L2 ... Training model for up to 238.30s of the 69.63s of remaining time.
	0.75	 = Validation score   (accuracy)
	34.85s	 = Training   runtime
	0.02s	 = Validation runtime
Fitting model: LightGBMLight ... Training model for up to 201.40s of the 201.39s of remaining time.
	Ensemble Weights: {'LightGBMXT': 1.0}
	0.875	 = Validation score   (accuracy)
	3.23s	 = Training   runtime
	0.2s	 = Validation runtime
AutoGluon training complete, total runtime = 175.64s ... Best model: WeightedEnsemble_L2 | Estimated inference throughput: 20.0 rows/s (16 batch size)
Disabling decision threshold calibration for metric `accuracy` due to having fewer than 10000 rows of validation data for calibration, to avoid overfitting (16 rows).
	`accuracy` is generally not improved through threshold calibration. Force calibration via specifying `calibrate_decision_threshold=True`.
TabularPredictor saved. To load, use: predictor = TabularPredictor.load("/home/baderlab/mzarant/SignatureInference/models/default_correlated/0.6-55417050/Predictor_S5 (SBS5 - 0.98)")
Verbosity: 2 (Standard Logging)
=================== System Info ===================
AutoGluon Version:  1.2
Python Version:     3.10.15
Operating System:   Linux
Platform Machine:   x86_64
Platform Version:   #1 SMP PREEMPT_DYNAMIC Thu Apr 3 12:12:16 UTC 2025
CPU Count:          272
Memory Avail:       195.37 GB / 203.90 GB (95.8%)
Disk Space Avail:   1381.97 GB / 5120.00 GB (27.0%)
===================================================
Presets specified: ['medium_quality']
Beginning AutoGluon training ... Time limit = 240s
AutoGluon will save models to "/home/baderlab/mzarant/SignatureInference/models/default_correlated/0.6-55417050/Predictor_S6 (SBS7a - 1.00)"
Train Data Rows:    80
Train Data Columns: 101
Label Column:       S6 (SBS7a - 1.00)
Problem Type:       binary
Preprocessing data ...
Selected class <--> label mapping:  class 1 = True, class 0 = False
Using Feature Generators to preprocess the data ...
Fitting AutoMLPipelineFeatureGenerator...
	Available Memory:                    200049.81 MB
	Train Data (Original)  Memory Usage: 0.06 MB (0.0% of available memory)
	Inferring data type of each feature based on column values. Set feature_metadata_in to manually specify special dtypes of the features.
	0.8125	 = Validation score   (accuracy)
	65.79s	 = Training   runtime
	0.07s	 = Validation runtime
Fitting model: LightGBMLight ... Training model for up to 170.34s of the 170.34s of remaining time.
	Stage 1 Generators:
		Fitting AsTypeFeatureGenerator...
			Note: Converting 5 features to boolean dtype as they only contain 2 unique values.
	Stage 2 Generators:
		Fitting FillNaFeatureGenerator...
	Stage 3 Generators:
		Fitting IdentityFeatureGenerator...
	Stage 4 Generators:
		Fitting DropUniqueFeatureGenerator...
	Stage 5 Generators:
		Fitting DropDuplicatesFeatureGenerator...
	Types of features in original data (raw dtype, special dtypes):
		('bool', []) :  5 | ['S1 (SBS1 - 0.99)', 'S2 (SBS2 - 0.99)', 'S3 (SBS3 - 0.97)', 'S4 (SBS4 - 0.98)', 'S5 (SBS5 - 0.98)']
		('int', [])  : 96 | ['A[C>A]A', 'A[C>A]C', 'A[C>A]G', 'A[C>A]T', 'A[C>G]A', ...]
	Types of features in processed data (raw dtype, special dtypes):
		('int', [])       : 96 | ['A[C>A]A', 'A[C>A]C', 'A[C>A]G', 'A[C>A]T', 'A[C>G]A', ...]
		('int', ['bool']) :  5 | ['S1 (SBS1 - 0.99)', 'S2 (SBS2 - 0.99)', 'S3 (SBS3 - 0.97)', 'S4 (SBS4 - 0.98)', 'S5 (SBS5 - 0.98)']
	1.9s = Fit runtime
	101 features in original data used to generate 101 features in processed data.
	0.8125	 = Validation score   (accuracy)
	61.67s	 = Training   runtime
	0.07s	 = Validation runtime
	Train Data (Processed) Memory Usage: 0.06 MB (0.0% of available memory)
Data preprocessing and feature engineering runtime = 2.11s ...
AutoGluon will gauge predictive performance using evaluation metric: 'accuracy'
	To change this, specify the eval_metric parameter of Predictor()
Fitting model: LightGBMLight ... Training model for up to 174.12s of the 174.10s of remaining time.
Automatically generating train/validation split with holdout_frac=0.2, Train Rows: 64, Val Rows: 16
User-specified model hyperparameters to be fit:
{
	'GBM': [{'extra_trees': True, 'ag_args': {'name_suffix': 'XT'}}, {'ag_args': {'name_suffix': 'Light'}}],
	'RF': [{'criterion': 'gini', 'max_depth': 10, 'ag_args': {'name_suffix': 'Gini', 'problem_types': ['binary', 'multiclass']}}],
	'XT': [{'criterion': 'gini', 'max_depth': 10, 'ag_args': {'name_suffix': 'Gini', 'problem_types': ['binary', 'multiclass']}}],
}
Fitting 4 L1 models, fit_strategy="sequential" ...
Fitting model: LightGBMXT ... Training model for up to 237.89s of the 237.89s of remaining time.
	0.8125	 = Validation score   (accuracy)
	7.89s	 = Training   runtime
	3.38s	 = Validation runtime
Fitting model: WeightedEnsemble_L2 ... Training model for up to 237.11s of the 99.76s of remaining time.
	Ensemble Weights: {'LightGBMXT': 1.0}
	0.875	 = Validation score   (accuracy)
	0.63s	 = Training   runtime
	0.02s	 = Validation runtime
AutoGluon training complete, total runtime = 141.26s ... Best model: WeightedEnsemble_L2 | Estimated inference throughput: 93.9 rows/s (16 batch size)
Disabling decision threshold calibration for metric `accuracy` due to having fewer than 10000 rows of validation data for calibration, to avoid overfitting (16 rows).
	`accuracy` is generally not improved through threshold calibration. Force calibration via specifying `calibrate_decision_threshold=True`.
TabularPredictor saved. To load, use: predictor = TabularPredictor.load("/home/baderlab/mzarant/SignatureInference/models/default_correlated/0.2-780880656/Predictor_S5 (SBS5 - 0.98)")
Verbosity: 2 (Standard Logging)
=================== System Info ===================
AutoGluon Version:  1.2
Python Version:     3.10.15
Operating System:   Linux
Platform Machine:   x86_64
Platform Version:   #1 SMP PREEMPT_DYNAMIC Thu Apr 3 12:12:16 UTC 2025
CPU Count:          272
Memory Avail:       195.21 GB / 203.90 GB (95.7%)
Disk Space Avail:   1381.97 GB / 5120.00 GB (27.0%)
===================================================
Presets specified: ['medium_quality']
Beginning AutoGluon training ... Time limit = 240s
AutoGluon will save models to "/home/baderlab/mzarant/SignatureInference/models/default_correlated/0.2-780880656/Predictor_S6 (SBS7a - 1.00)"
Train Data Rows:    80
Train Data Columns: 101
Label Column:       S6 (SBS7a - 1.00)
Problem Type:       binary
Preprocessing data ...
Selected class <--> label mapping:  class 1 = True, class 0 = False
Using Feature Generators to preprocess the data ...
Fitting AutoMLPipelineFeatureGenerator...
	Available Memory:                    199842.66 MB
	Train Data (Original)  Memory Usage: 0.06 MB (0.0% of available memory)
	Inferring data type of each feature based on column values. Set feature_metadata_in to manually specify special dtypes of the features.
	Stage 1 Generators:
		Fitting AsTypeFeatureGenerator...
			Note: Converting 5 features to boolean dtype as they only contain 2 unique values.
	Stage 2 Generators:
		Fitting FillNaFeatureGenerator...
	Stage 3 Generators:
		Fitting IdentityFeatureGenerator...
	Stage 4 Generators:
		Fitting DropUniqueFeatureGenerator...
	Stage 5 Generators:
		Fitting DropDuplicatesFeatureGenerator...
	Types of features in original data (raw dtype, special dtypes):
		('bool', []) :  5 | ['S1 (SBS1 - 0.99)', 'S2 (SBS2 - 0.99)', 'S3 (SBS3 - 0.97)', 'S4 (SBS4 - 0.98)', 'S5 (SBS5 - 0.98)']
		('int', [])  : 96 | ['A[C>A]A', 'A[C>A]C', 'A[C>A]G', 'A[C>A]T', 'A[C>G]A', ...]
	Types of features in processed data (raw dtype, special dtypes):
		('int', [])       : 96 | ['A[C>A]A', 'A[C>A]C', 'A[C>A]G', 'A[C>A]T', 'A[C>G]A', ...]
		('int', ['bool']) :  5 | ['S1 (SBS1 - 0.99)', 'S2 (SBS2 - 0.99)', 'S3 (SBS3 - 0.97)', 'S4 (SBS4 - 0.98)', 'S5 (SBS5 - 0.98)']
	1.3s = Fit runtime
	101 features in original data used to generate 101 features in processed data.
	Train Data (Processed) Memory Usage: 0.06 MB (0.0% of available memory)
	0.875	 = Validation score   (accuracy)
	57.48s	 = Training   runtime
	0.03s	 = Validation runtime
Data preprocessing and feature engineering runtime = 1.46s ...
AutoGluon will gauge predictive performance using evaluation metric: 'accuracy'
	To change this, specify the eval_metric parameter of Predictor()
Fitting model: LightGBMLight ... Training model for up to 176.07s of the 176.07s of remaining time.
Automatically generating train/validation split with holdout_frac=0.2, Train Rows: 64, Val Rows: 16
User-specified model hyperparameters to be fit:
{
	'GBM': [{'extra_trees': True, 'ag_args': {'name_suffix': 'XT'}}, {'ag_args': {'name_suffix': 'Light'}}],
	'RF': [{'criterion': 'gini', 'max_depth': 10, 'ag_args': {'name_suffix': 'Gini', 'problem_types': ['binary', 'multiclass']}}],
	'XT': [{'criterion': 'gini', 'max_depth': 10, 'ag_args': {'name_suffix': 'Gini', 'problem_types': ['binary', 'multiclass']}}],
}
Fitting 4 L1 models, fit_strategy="sequential" ...
Fitting model: LightGBMXT ... Training model for up to 238.54s of the 238.53s of remaining time.
	0.875	 = Validation score   (accuracy)
	29.12s	 = Training   runtime
	0.08s	 = Validation runtime
Fitting model: LightGBMLight ... Training model for up to 205.95s of the 205.94s of remaining time.
	0.75	 = Validation score   (accuracy)
	17.56s	 = Training   runtime
	0.01s	 = Validation runtime
Fitting model: RandomForestGini ... Training model for up to 183.79s of the 183.79s of remaining time.
	0.75	 = Validation score   (accuracy)
	6.84s	 = Training   runtime
	1.21s	 = Validation runtime
Fitting model: ExtraTreesGini ... Training model for up to 175.54s of the 175.54s of remaining time.
	0.75	 = Validation score   (accuracy)
	6.31s	 = Training   runtime
	1.17s	 = Validation runtime
Fitting model: WeightedEnsemble_L2 ... Training model for up to 237.03s of the 167.85s of remaining time.
	Ensemble Weights: {'LightGBMXT': 1.0}
	0.75	 = Validation score   (accuracy)
	0.53s	 = Training   runtime
	0.01s	 = Validation runtime
AutoGluon training complete, total runtime = 72.94s ... Best model: WeightedEnsemble_L2 | Estimated inference throughput: 552.1 rows/s (16 batch size)
Disabling decision threshold calibration for metric `accuracy` due to having fewer than 10000 rows of validation data for calibration, to avoid overfitting (16 rows).
	`accuracy` is generally not improved through threshold calibration. Force calibration via specifying `calibrate_decision_threshold=True`.
TabularPredictor saved. To load, use: predictor = TabularPredictor.load("/home/baderlab/mzarant/SignatureInference/models/default_correlated/0.15-163872254/Predictor_S7 (SBS7b - 0.96)")
Verbosity: 2 (Standard Logging)
=================== System Info ===================
AutoGluon Version:  1.2
Python Version:     3.10.15
Operating System:   Linux
Platform Machine:   x86_64
Platform Version:   #1 SMP PREEMPT_DYNAMIC Thu Apr 3 12:12:16 UTC 2025
CPU Count:          272
Memory Avail:       194.92 GB / 203.90 GB (95.6%)
Disk Space Avail:   1381.97 GB / 5120.00 GB (27.0%)
===================================================
Presets specified: ['medium_quality']
Beginning AutoGluon training ... Time limit = 240s
AutoGluon will save models to "/home/baderlab/mzarant/SignatureInference/models/default_correlated/0.15-163872254/Predictor_S8 (SBS8 - 0.92)"
Train Data Rows:    80
Train Data Columns: 103
Label Column:       S8 (SBS8 - 0.92)
Problem Type:       binary
Preprocessing data ...
Selected class <--> label mapping:  class 1 = True, class 0 = False
Using Feature Generators to preprocess the data ...
Fitting AutoMLPipelineFeatureGenerator...
	Available Memory:                    199577.38 MB
	Train Data (Original)  Memory Usage: 0.06 MB (0.0% of available memory)
	Inferring data type of each feature based on column values. Set feature_metadata_in to manually specify special dtypes of the features.
	Stage 1 Generators:
		Fitting AsTypeFeatureGenerator...
			Note: Converting 7 features to boolean dtype as they only contain 2 unique values.
	Stage 2 Generators:
		Fitting FillNaFeatureGenerator...
	Stage 3 Generators:
		Fitting IdentityFeatureGenerator...
	Stage 4 Generators:
		Fitting DropUniqueFeatureGenerator...
	Stage 5 Generators:
		Fitting DropDuplicatesFeatureGenerator...
	Types of features in original data (raw dtype, special dtypes):
		('bool', []) :  7 | ['S1 (SBS1 - 0.99)', 'S2 (SBS2 - 0.99)', 'S3 (SBS3 - 0.97)', 'S4 (SBS4 - 0.98)', 'S5 (SBS5 - 0.98)', ...]
		('int', [])  : 96 | ['A[C>A]A', 'A[C>A]C', 'A[C>A]G', 'A[C>A]T', 'A[C>G]A', ...]
	Types of features in processed data (raw dtype, special dtypes):
		('int', [])       : 96 | ['A[C>A]A', 'A[C>A]C', 'A[C>A]G', 'A[C>A]T', 'A[C>G]A', ...]
		('int', ['bool']) :  7 | ['S1 (SBS1 - 0.99)', 'S2 (SBS2 - 0.99)', 'S3 (SBS3 - 0.97)', 'S4 (SBS4 - 0.98)', 'S5 (SBS5 - 0.98)', ...]
	1.2s = Fit runtime
	103 features in original data used to generate 103 features in processed data.
	Train Data (Processed) Memory Usage: 0.06 MB (0.0% of available memory)
Data preprocessing and feature engineering runtime = 1.29s ...
AutoGluon will gauge predictive performance using evaluation metric: 'accuracy'
	To change this, specify the eval_metric parameter of Predictor()
Automatically generating train/validation split with holdout_frac=0.2, Train Rows: 64, Val Rows: 16
User-specified model hyperparameters to be fit:
{
	'GBM': [{'extra_trees': True, 'ag_args': {'name_suffix': 'XT'}}, {'ag_args': {'name_suffix': 'Light'}}],
	'RF': [{'criterion': 'gini', 'max_depth': 10, 'ag_args': {'name_suffix': 'Gini', 'problem_types': ['binary', 'multiclass']}}],
	'XT': [{'criterion': 'gini', 'max_depth': 10, 'ag_args': {'name_suffix': 'Gini', 'problem_types': ['binary', 'multiclass']}}],
}
Fitting 4 L1 models, fit_strategy="sequential" ...
Fitting model: LightGBMXT ... Training model for up to 238.71s of the 238.70s of remaining time.
	0.875	 = Validation score   (accuracy)
	29.89s	 = Training   runtime
	0.09s	 = Validation runtime
Fitting model: LightGBMLight ... Training model for up to 207.83s of the 207.83s of remaining time.
	0.8125	 = Validation score   (accuracy)
	33.29s	 = Training   runtime
	0.1s	 = Validation runtime
Fitting model: RandomForestGini ... Training model for up to 136.91s of the 136.90s of remaining time.
	0.875	 = Validation score   (accuracy)
	29.44s	 = Training   runtime
	0.04s	 = Validation runtime
	0.875	 = Validation score   (accuracy)
	29.68s	 = Training   runtime
	0.02s	 = Validation runtime
Fitting model: LightGBMLight ... Training model for up to 208.85s of the 208.84s of remaining time.
Fitting model: RandomForestGini ... Training model for up to 146.06s of the 146.06s of remaining time.
	0.875	 = Validation score   (accuracy)
	39.89s	 = Training   runtime
	0.45s	 = Validation runtime
Fitting model: RandomForestGini ... Training model for up to 133.24s of the 133.23s of remaining time.
	0.875	 = Validation score   (accuracy)
	60.47s	 = Training   runtime
	0.05s	 = Validation runtime
Fitting model: RandomForestGini ... Training model for up to 96.99s of the 96.98s of remaining time.
	0.8125	 = Validation score   (accuracy)
	8.95s	 = Training   runtime
	8.56s	 = Validation runtime
Fitting model: ExtraTreesGini ... Training model for up to 119.10s of the 119.10s of remaining time.
	0.75	 = Validation score   (accuracy)
	21.98s	 = Training   runtime
	0.43s	 = Validation runtime
Fitting model: LightGBMLight ... Training model for up to 213.58s of the 213.58s of remaining time.
	0.8125	 = Validation score   (accuracy)
	16.37s	 = Training   runtime
	3.98s	 = Validation runtime
Fitting model: ExtraTreesGini ... Training model for up to 73.88s of the 73.86s of remaining time.
	0.8125	 = Validation score   (accuracy)
	18.23s	 = Training   runtime
	5.94s	 = Validation runtime
Fitting model: ExtraTreesGini ... Training model for up to 108.70s of the 108.68s of remaining time.
	0.8125	 = Validation score   (accuracy)
	25.45s	 = Training   runtime
	8.2s	 = Validation runtime
	0.875	 = Validation score   (accuracy)
	57.03s	 = Training   runtime
	0.09s	 = Validation runtime
Fitting model: ExtraTreesGini ... Training model for up to 111.53s of the 111.52s of remaining time.
Fitting model: RandomForestGini ... Training model for up to 147.83s of the 147.83s of remaining time.
	0.875	 = Validation score   (accuracy)
	42.2s	 = Training   runtime
	0.08s	 = Validation runtime
Fitting model: RandomForestGini ... Training model for up to 165.41s of the 165.40s of remaining time.
	0.75	 = Validation score   (accuracy)
	15.69s	 = Training   runtime
	23.99s	 = Validation runtime
Fitting model: WeightedEnsemble_L2 ... Training model for up to 236.51s of the 79.02s of remaining time.
	Ensemble Weights: {'LightGBMXT': 1.0}
	0.8125	 = Validation score   (accuracy)
	1.6s	 = Training   runtime
	0.06s	 = Validation runtime
AutoGluon training complete, total runtime = 166.91s ... Best model: WeightedEnsemble_L2 | Estimated inference throughput: 119.8 rows/s (16 batch size)
Disabling decision threshold calibration for metric `accuracy` due to having fewer than 10000 rows of validation data for calibration, to avoid overfitting (16 rows).
	`accuracy` is generally not improved through threshold calibration. Force calibration via specifying `calibrate_decision_threshold=True`.
TabularPredictor saved. To load, use: predictor = TabularPredictor.load("/home/baderlab/mzarant/SignatureInference/models/default_correlated/0.02-340812214/Predictor_S5 (SBS5 - 0.98)")
Verbosity: 2 (Standard Logging)
=================== System Info ===================
AutoGluon Version:  1.2
Python Version:     3.10.15
Operating System:   Linux
Platform Machine:   x86_64
Platform Version:   #1 SMP PREEMPT_DYNAMIC Thu Apr 3 12:12:16 UTC 2025
CPU Count:          272
Memory Avail:       195.17 GB / 203.90 GB (95.7%)
Disk Space Avail:   1381.96 GB / 5120.00 GB (27.0%)
===================================================
Presets specified: ['medium_quality']
Beginning AutoGluon training ... Time limit = 240s
AutoGluon will save models to "/home/baderlab/mzarant/SignatureInference/models/default_correlated/0.02-340812214/Predictor_S6 (SBS7a - 1.00)"
Train Data Rows:    80
Train Data Columns: 101
Label Column:       S6 (SBS7a - 1.00)
Problem Type:       binary
Preprocessing data ...
Selected class <--> label mapping:  class 1 = True, class 0 = False
Using Feature Generators to preprocess the data ...
Fitting AutoMLPipelineFeatureGenerator...
	Available Memory:                    199865.73 MB
	Train Data (Original)  Memory Usage: 0.06 MB (0.0% of available memory)
	0.75	 = Validation score   (accuracy)
	Inferring data type of each feature based on column values. Set feature_metadata_in to manually specify special dtypes of the features.
	21.57s	 = Training   runtime
	6.76s	 = Validation runtime
Fitting model: WeightedEnsemble_L2 ... Training model for up to 233.72s of the 82.65s of remaining time.
	Stage 1 Generators:
		Fitting AsTypeFeatureGenerator...
			Note: Converting 5 features to boolean dtype as they only contain 2 unique values.
	Stage 2 Generators:
		Fitting FillNaFeatureGenerator...
	Stage 3 Generators:
		Fitting IdentityFeatureGenerator...
	Stage 4 Generators:
		Fitting DropUniqueFeatureGenerator...
	0.8125	 = Validation score   (accuracy)
	20.94s	 = Training   runtime
	8.65s	 = Validation runtime
Fitting model: ExtraTreesGini ... Training model for up to 117.43s of the 117.43s of remaining time.
	Stage 5 Generators:
		Fitting DropDuplicatesFeatureGenerator...
	Ensemble Weights: {'LightGBMXT': 1.0}
	0.875	 = Validation score   (accuracy)
	3.0s	 = Training   runtime
	0.05s	 = Validation runtime
AutoGluon training complete, total runtime = 161.3s ... Best model: WeightedEnsemble_L2 | Estimated inference throughput: 216.5 rows/s (16 batch size)
Disabling decision threshold calibration for metric `accuracy` due to having fewer than 10000 rows of validation data for calibration, to avoid overfitting (16 rows).
	`accuracy` is generally not improved through threshold calibration. Force calibration via specifying `calibrate_decision_threshold=True`.
	Types of features in original data (raw dtype, special dtypes):
TabularPredictor saved. To load, use: predictor = TabularPredictor.load("/home/baderlab/mzarant/SignatureInference/models/default_correlated/0.4-952979756/Predictor_S5 (SBS5 - 0.98)")
		('bool', []) :  5 | ['S1 (SBS1 - 0.99)', 'S2 (SBS2 - 0.99)', 'S3 (SBS3 - 0.97)', 'S4 (SBS4 - 0.98)', 'S5 (SBS5 - 0.98)']
Verbosity: 2 (Standard Logging)
		('int', [])  : 96 | ['A[C>A]A', 'A[C>A]C', 'A[C>A]G', 'A[C>A]T', 'A[C>G]A', ...]
	Types of features in processed data (raw dtype, special dtypes):
		('int', [])       : 96 | ['A[C>A]A', 'A[C>A]C', 'A[C>A]G', 'A[C>A]T', 'A[C>G]A', ...]
		('int', ['bool']) :  5 | ['S1 (SBS1 - 0.99)', 'S2 (SBS2 - 0.99)', 'S3 (SBS3 - 0.97)', 'S4 (SBS4 - 0.98)', 'S5 (SBS5 - 0.98)']
	4.8s = Fit runtime
=================== System Info ===================
AutoGluon Version:  1.2
Python Version:     3.10.15
Operating System:   Linux
Platform Machine:   x86_64
Platform Version:   #1 SMP PREEMPT_DYNAMIC Thu Apr 3 12:12:16 UTC 2025
CPU Count:          272
Memory Avail:       195.30 GB / 203.90 GB (95.8%)
Disk Space Avail:   1381.96 GB / 5120.00 GB (27.0%)
===================================================
	101 features in original data used to generate 101 features in processed data.
Presets specified: ['medium_quality']
	0.75	 = Validation score   (accuracy)
	19.45s	 = Training   runtime
	16.06s	 = Validation runtime
	Train Data (Processed) Memory Usage: 0.06 MB (0.0% of available memory)
	0.8125	 = Validation score   (accuracy)
	19.79s	 = Training   runtime
	16.28s	 = Validation runtime
Data preprocessing and feature engineering runtime = 5.73s ...
AutoGluon will gauge predictive performance using evaluation metric: 'accuracy'
	To change this, specify the eval_metric parameter of Predictor()
Beginning AutoGluon training ... Time limit = 240s
AutoGluon will save models to "/home/baderlab/mzarant/SignatureInference/models/default_correlated/0.4-952979756/Predictor_S6 (SBS7a - 1.00)"
Train Data Rows:    80
Train Data Columns: 101
Automatically generating train/validation split with holdout_frac=0.2, Train Rows: 64, Val Rows: 16
Label Column:       S6 (SBS7a - 1.00)
User-specified model hyperparameters to be fit:
{
	'GBM': [{'extra_trees': True, 'ag_args': {'name_suffix': 'XT'}}, {'ag_args': {'name_suffix': 'Light'}}],
	'RF': [{'criterion': 'gini', 'max_depth': 10, 'ag_args': {'name_suffix': 'Gini', 'problem_types': ['binary', 'multiclass']}}],
	'XT': [{'criterion': 'gini', 'max_depth': 10, 'ag_args': {'name_suffix': 'Gini', 'problem_types': ['binary', 'multiclass']}}],
}
Fitting model: WeightedEnsemble_L2 ... Training model for up to 236.06s of the 72.18s of remaining time.
Problem Type:       binary
Fitting model: WeightedEnsemble_L2 ... Training model for up to 236.43s of the 36.96s of remaining time.
Preprocessing data ...
Selected class <--> label mapping:  class 1 = True, class 0 = False
Using Feature Generators to preprocess the data ...
Fitting AutoMLPipelineFeatureGenerator...
Fitting 4 L1 models, fit_strategy="sequential" ...
Fitting model: LightGBMXT ... Training model for up to 234.27s of the 234.21s of remaining time.
	Available Memory:                    200066.41 MB
	Train Data (Original)  Memory Usage: 0.06 MB (0.0% of available memory)
	Inferring data type of each feature based on column values. Set feature_metadata_in to manually specify special dtypes of the features.
	Stage 1 Generators:
		Fitting AsTypeFeatureGenerator...
			Note: Converting 5 features to boolean dtype as they only contain 2 unique values.
	0.875	 = Validation score   (accuracy)
	70.58s	 = Training   runtime
	0.18s	 = Validation runtime
	Stage 2 Generators:
		Fitting FillNaFeatureGenerator...
Fitting model: RandomForestGini ... Training model for up to 137.62s of the 137.62s of remaining time.
	Stage 3 Generators:
		Fitting IdentityFeatureGenerator...
	Stage 4 Generators:
		Fitting DropUniqueFeatureGenerator...
	Ensemble Weights: {'LightGBMLight': 1.0}
	0.875	 = Validation score   (accuracy)
	2.21s	 = Training   runtime
	0.08s	 = Validation runtime
	Ensemble Weights: {'LightGBMLight': 1.0}
	Stage 5 Generators:
	0.875	 = Validation score   (accuracy)
		Fitting DropDuplicatesFeatureGenerator...
	2.48s	 = Training   runtime
AutoGluon training complete, total runtime = 206.54s ... Best model: WeightedEnsemble_L2 | Estimated inference throughput: 124.2 rows/s (16 batch size)
	0.06s	 = Validation runtime
Disabling decision threshold calibration for metric `accuracy` due to having fewer than 10000 rows of validation data for calibration, to avoid overfitting (16 rows).
	`accuracy` is generally not improved through threshold calibration. Force calibration via specifying `calibrate_decision_threshold=True`.
	0.875	 = Validation score   (accuracy)
	23.58s	 = Training   runtime
	8.47s	 = Validation runtime
Fitting model: ExtraTreesGini ... Training model for up to 132.89s of the 132.89s of remaining time.
	Types of features in original data (raw dtype, special dtypes):
AutoGluon training complete, total runtime = 171.98s ... Best model: WeightedEnsemble_L2 | Estimated inference throughput: 31.5 rows/s (16 batch size)
		('bool', []) :  5 | ['S1 (SBS1 - 0.99)', 'S2 (SBS2 - 0.99)', 'S3 (SBS3 - 0.97)', 'S4 (SBS4 - 0.98)', 'S5 (SBS5 - 0.98)']
		('int', [])  : 96 | ['A[C>A]A', 'A[C>A]C', 'A[C>A]G', 'A[C>A]T', 'A[C>G]A', ...]
Disabling decision threshold calibration for metric `accuracy` due to having fewer than 10000 rows of validation data for calibration, to avoid overfitting (16 rows).
	`accuracy` is generally not improved through threshold calibration. Force calibration via specifying `calibrate_decision_threshold=True`.
	Types of features in processed data (raw dtype, special dtypes):
		('int', [])       : 96 | ['A[C>A]A', 'A[C>A]C', 'A[C>A]G', 'A[C>A]T', 'A[C>G]A', ...]
		('int', ['bool']) :  5 | ['S1 (SBS1 - 0.99)', 'S2 (SBS2 - 0.99)', 'S3 (SBS3 - 0.97)', 'S4 (SBS4 - 0.98)', 'S5 (SBS5 - 0.98)']
	3.3s = Fit runtime
	101 features in original data used to generate 101 features in processed data.
TabularPredictor saved. To load, use: predictor = TabularPredictor.load("/home/baderlab/mzarant/SignatureInference/models/default_correlated/0.03-897180855/Predictor_S5 (SBS5 - 0.98)")
Verbosity: 2 (Standard Logging)
	Train Data (Processed) Memory Usage: 0.06 MB (0.0% of available memory)
=================== System Info ===================
AutoGluon Version:  1.2
Python Version:     3.10.15
Operating System:   Linux
Platform Machine:   x86_64
Platform Version:   #1 SMP PREEMPT_DYNAMIC Thu Apr 3 12:12:16 UTC 2025
CPU Count:          272
Memory Avail:       195.41 GB / 203.90 GB (95.8%)
Disk Space Avail:   1381.95 GB / 5120.00 GB (27.0%)
===================================================
Data preprocessing and feature engineering runtime = 4.03s ...
Presets specified: ['medium_quality']
AutoGluon will gauge predictive performance using evaluation metric: 'accuracy'
	To change this, specify the eval_metric parameter of Predictor()
TabularPredictor saved. To load, use: predictor = TabularPredictor.load("/home/baderlab/mzarant/SignatureInference/models/default_correlated/0.1-366043238/Predictor_S5 (SBS5 - 0.98)")
Verbosity: 2 (Standard Logging)
=================== System Info ===================
AutoGluon Version:  1.2
Python Version:     3.10.15
Operating System:   Linux
Platform Machine:   x86_64
Platform Version:   #1 SMP PREEMPT_DYNAMIC Thu Apr 3 12:12:16 UTC 2025
CPU Count:          272
Memory Avail:       195.42 GB / 203.90 GB (95.8%)
Disk Space Avail:   1381.95 GB / 5120.00 GB (27.0%)
===================================================
Presets specified: ['medium_quality']
Beginning AutoGluon training ... Time limit = 240s
AutoGluon will save models to "/home/baderlab/mzarant/SignatureInference/models/default_correlated/0.03-897180855/Predictor_S6 (SBS7a - 1.00)"
Train Data Rows:    80
Automatically generating train/validation split with holdout_frac=0.2, Train Rows: 64, Val Rows: 16
Train Data Columns: 101
User-specified model hyperparameters to be fit:
{
	'GBM': [{'extra_trees': True, 'ag_args': {'name_suffix': 'XT'}}, {'ag_args': {'name_suffix': 'Light'}}],
	'RF': [{'criterion': 'gini', 'max_depth': 10, 'ag_args': {'name_suffix': 'Gini', 'problem_types': ['binary', 'multiclass']}}],
	'XT': [{'criterion': 'gini', 'max_depth': 10, 'ag_args': {'name_suffix': 'Gini', 'problem_types': ['binary', 'multiclass']}}],
}
Label Column:       S6 (SBS7a - 1.00)
Problem Type:       binary
Preprocessing data ...
Selected class <--> label mapping:  class 1 = True, class 0 = False
Using Feature Generators to preprocess the data ...
Fitting AutoMLPipelineFeatureGenerator...
Beginning AutoGluon training ... Time limit = 240s
AutoGluon will save models to "/home/baderlab/mzarant/SignatureInference/models/default_correlated/0.1-366043238/Predictor_S6 (SBS7a - 1.00)"
Train Data Rows:    80
Train Data Columns: 101
Label Column:       S6 (SBS7a - 1.00)
Problem Type:       binary
Preprocessing data ...
Selected class <--> label mapping:  class 1 = True, class 0 = False
Using Feature Generators to preprocess the data ...
Fitting 4 L1 models, fit_strategy="sequential" ...
Fitting AutoMLPipelineFeatureGenerator...
Fitting model: LightGBMXT ... Training model for up to 235.97s of the 235.94s of remaining time.
	Available Memory:                    200114.16 MB
	Train Data (Original)  Memory Usage: 0.06 MB (0.0% of available memory)
	Inferring data type of each feature based on column values. Set feature_metadata_in to manually specify special dtypes of the features.
	Available Memory:                    200110.80 MB
	Train Data (Original)  Memory Usage: 0.06 MB (0.0% of available memory)
	Inferring data type of each feature based on column values. Set feature_metadata_in to manually specify special dtypes of the features.
	Stage 1 Generators:
		Fitting AsTypeFeatureGenerator...
	Stage 1 Generators:
		Fitting AsTypeFeatureGenerator...
			Note: Converting 5 features to boolean dtype as they only contain 2 unique values.
	Stage 2 Generators:
		Fitting FillNaFeatureGenerator...
			Note: Converting 5 features to boolean dtype as they only contain 2 unique values.
	Stage 3 Generators:
		Fitting IdentityFeatureGenerator...
	Stage 2 Generators:
		Fitting FillNaFeatureGenerator...
	Stage 4 Generators:
		Fitting DropUniqueFeatureGenerator...
	Stage 3 Generators:
		Fitting IdentityFeatureGenerator...
	Stage 4 Generators:
		Fitting DropUniqueFeatureGenerator...
	Stage 5 Generators:
		Fitting DropDuplicatesFeatureGenerator...
	Stage 5 Generators:
		Fitting DropDuplicatesFeatureGenerator...
	Types of features in original data (raw dtype, special dtypes):
		('bool', []) :  5 | ['S1 (SBS1 - 0.99)', 'S2 (SBS2 - 0.99)', 'S3 (SBS3 - 0.97)', 'S4 (SBS4 - 0.98)', 'S5 (SBS5 - 0.98)']
		('int', [])  : 96 | ['A[C>A]A', 'A[C>A]C', 'A[C>A]G', 'A[C>A]T', 'A[C>G]A', ...]
	Types of features in processed data (raw dtype, special dtypes):
		('int', [])       : 96 | ['A[C>A]A', 'A[C>A]C', 'A[C>A]G', 'A[C>A]T', 'A[C>G]A', ...]
		('int', ['bool']) :  5 | ['S1 (SBS1 - 0.99)', 'S2 (SBS2 - 0.99)', 'S3 (SBS3 - 0.97)', 'S4 (SBS4 - 0.98)', 'S5 (SBS5 - 0.98)']
	7.4s = Fit runtime
	Types of features in original data (raw dtype, special dtypes):
	101 features in original data used to generate 101 features in processed data.
		('bool', []) :  5 | ['S1 (SBS1 - 0.99)', 'S2 (SBS2 - 0.99)', 'S3 (SBS3 - 0.97)', 'S4 (SBS4 - 0.98)', 'S5 (SBS5 - 0.98)']
		('int', [])  : 96 | ['A[C>A]A', 'A[C>A]C', 'A[C>A]G', 'A[C>A]T', 'A[C>G]A', ...]
	Types of features in processed data (raw dtype, special dtypes):
		('int', [])       : 96 | ['A[C>A]A', 'A[C>A]C', 'A[C>A]G', 'A[C>A]T', 'A[C>G]A', ...]
		('int', ['bool']) :  5 | ['S1 (SBS1 - 0.99)', 'S2 (SBS2 - 0.99)', 'S3 (SBS3 - 0.97)', 'S4 (SBS4 - 0.98)', 'S5 (SBS5 - 0.98)']
	7.2s = Fit runtime
	101 features in original data used to generate 101 features in processed data.
	Train Data (Processed) Memory Usage: 0.06 MB (0.0% of available memory)
	Train Data (Processed) Memory Usage: 0.06 MB (0.0% of available memory)
Data preprocessing and feature engineering runtime = 7.62s ...
Data preprocessing and feature engineering runtime = 7.83s ...
AutoGluon will gauge predictive performance using evaluation metric: 'accuracy'
AutoGluon will gauge predictive performance using evaluation metric: 'accuracy'
	To change this, specify the eval_metric parameter of Predictor()
	To change this, specify the eval_metric parameter of Predictor()
Automatically generating train/validation split with holdout_frac=0.2, Train Rows: 64, Val Rows: 16
User-specified model hyperparameters to be fit:
{
	'GBM': [{'extra_trees': True, 'ag_args': {'name_suffix': 'XT'}}, {'ag_args': {'name_suffix': 'Light'}}],
	'RF': [{'criterion': 'gini', 'max_depth': 10, 'ag_args': {'name_suffix': 'Gini', 'problem_types': ['binary', 'multiclass']}}],
	'XT': [{'criterion': 'gini', 'max_depth': 10, 'ag_args': {'name_suffix': 'Gini', 'problem_types': ['binary', 'multiclass']}}],
}
Automatically generating train/validation split with holdout_frac=0.2, Train Rows: 64, Val Rows: 16
User-specified model hyperparameters to be fit:
{
	'GBM': [{'extra_trees': True, 'ag_args': {'name_suffix': 'XT'}}, {'ag_args': {'name_suffix': 'Light'}}],
	'RF': [{'criterion': 'gini', 'max_depth': 10, 'ag_args': {'name_suffix': 'Gini', 'problem_types': ['binary', 'multiclass']}}],
	'XT': [{'criterion': 'gini', 'max_depth': 10, 'ag_args': {'name_suffix': 'Gini', 'problem_types': ['binary', 'multiclass']}}],
}
Fitting 4 L1 models, fit_strategy="sequential" ...
Fitting 4 L1 models, fit_strategy="sequential" ...
Fitting model: LightGBMXT ... Training model for up to 232.38s of the 232.37s of remaining time.
Fitting model: LightGBMXT ... Training model for up to 232.17s of the 232.16s of remaining time.
	0.6875	 = Validation score   (accuracy)
	69.2s	 = Training   runtime
	0.02s	 = Validation runtime
	0.875	 = Validation score   (accuracy)
	14.3s	 = Training   runtime
	4.78s	 = Validation runtime
Fitting model: RandomForestGini ... Training model for up to 144.04s of the 144.03s of remaining time.
Fitting model: ExtraTreesGini ... Training model for up to 118.21s of the 118.20s of remaining time.
	0.75	 = Validation score   (accuracy)
	18.91s	 = Training   runtime
	9.36s	 = Validation runtime
Fitting model: WeightedEnsemble_L2 ... Training model for up to 235.20s of the 88.28s of remaining time.
	Ensemble Weights: {'LightGBMXT': 1.0}
	0.875	 = Validation score   (accuracy)
	0.77s	 = Training   runtime
	0.01s	 = Validation runtime
AutoGluon training complete, total runtime = 153.27s ... Best model: WeightedEnsemble_L2 | Estimated inference throughput: 163.8 rows/s (16 batch size)
Disabling decision threshold calibration for metric `accuracy` due to having fewer than 10000 rows of validation data for calibration, to avoid overfitting (16 rows).
	`accuracy` is generally not improved through threshold calibration. Force calibration via specifying `calibrate_decision_threshold=True`.
TabularPredictor saved. To load, use: predictor = TabularPredictor.load("/home/baderlab/mzarant/SignatureInference/models/default_correlated/0.7-761971972/Predictor_S5 (SBS5 - 0.98)")
Verbosity: 2 (Standard Logging)
=================== System Info ===================
AutoGluon Version:  1.2
Python Version:     3.10.15
Operating System:   Linux
Platform Machine:   x86_64
Platform Version:   #1 SMP PREEMPT_DYNAMIC Thu Apr 3 12:12:16 UTC 2025
CPU Count:          272
Memory Avail:       195.41 GB / 203.90 GB (95.8%)
Disk Space Avail:   1381.95 GB / 5120.00 GB (27.0%)
===================================================
Presets specified: ['medium_quality']
Beginning AutoGluon training ... Time limit = 240s
AutoGluon will save models to "/home/baderlab/mzarant/SignatureInference/models/default_correlated/0.7-761971972/Predictor_S6 (SBS7a - 1.00)"
Train Data Rows:    80
Train Data Columns: 101
Label Column:       S6 (SBS7a - 1.00)
Problem Type:       binary
Preprocessing data ...
Selected class <--> label mapping:  class 1 = True, class 0 = False
Using Feature Generators to preprocess the data ...
Fitting AutoMLPipelineFeatureGenerator...
	Available Memory:                    200113.57 MB
	Train Data (Original)  Memory Usage: 0.06 MB (0.0% of available memory)
	Inferring data type of each feature based on column values. Set feature_metadata_in to manually specify special dtypes of the features.
	0.875	 = Validation score   (accuracy)
	16.86s	 = Training   runtime
	13.83s	 = Validation runtime
	Stage 1 Generators:
		Fitting AsTypeFeatureGenerator...
Fitting model: WeightedEnsemble_L2 ... Training model for up to 237.89s of the 101.53s of remaining time.
			Note: Converting 5 features to boolean dtype as they only contain 2 unique values.
	Stage 2 Generators:
		Fitting FillNaFeatureGenerator...
	Stage 3 Generators:
		Fitting IdentityFeatureGenerator...
	Stage 4 Generators:
		Fitting DropUniqueFeatureGenerator...
	Stage 5 Generators:
		Fitting DropDuplicatesFeatureGenerator...
	Types of features in original data (raw dtype, special dtypes):
		('bool', []) :  5 | ['S1 (SBS1 - 0.99)', 'S2 (SBS2 - 0.99)', 'S3 (SBS3 - 0.97)', 'S4 (SBS4 - 0.98)', 'S5 (SBS5 - 0.98)']
		('int', [])  : 96 | ['A[C>A]A', 'A[C>A]C', 'A[C>A]G', 'A[C>A]T', 'A[C>G]A', ...]
	Types of features in processed data (raw dtype, special dtypes):
		('int', [])       : 96 | ['A[C>A]A', 'A[C>A]C', 'A[C>A]G', 'A[C>A]T', 'A[C>G]A', ...]
		('int', ['bool']) :  5 | ['S1 (SBS1 - 0.99)', 'S2 (SBS2 - 0.99)', 'S3 (SBS3 - 0.97)', 'S4 (SBS4 - 0.98)', 'S5 (SBS5 - 0.98)']
	2.5s = Fit runtime
	101 features in original data used to generate 101 features in processed data.
	Train Data (Processed) Memory Usage: 0.06 MB (0.0% of available memory)
Data preprocessing and feature engineering runtime = 2.8s ...
AutoGluon will gauge predictive performance using evaluation metric: 'accuracy'
	To change this, specify the eval_metric parameter of Predictor()
Automatically generating train/validation split with holdout_frac=0.2, Train Rows: 64, Val Rows: 16
User-specified model hyperparameters to be fit:
{
	'GBM': [{'extra_trees': True, 'ag_args': {'name_suffix': 'XT'}}, {'ag_args': {'name_suffix': 'Light'}}],
	'RF': [{'criterion': 'gini', 'max_depth': 10, 'ag_args': {'name_suffix': 'Gini', 'problem_types': ['binary', 'multiclass']}}],
	'XT': [{'criterion': 'gini', 'max_depth': 10, 'ag_args': {'name_suffix': 'Gini', 'problem_types': ['binary', 'multiclass']}}],
}
	Ensemble Weights: {'LightGBMXT': 1.0}
	0.875	 = Validation score   (accuracy)
	1.94s	 = Training   runtime
	0.03s	 = Validation runtime
Fitting 4 L1 models, fit_strategy="sequential" ...
Fitting model: LightGBMXT ... Training model for up to 237.20s of the 237.18s of remaining time.
AutoGluon training complete, total runtime = 141.3s ... Best model: WeightedEnsemble_L2 | Estimated inference throughput: 133.0 rows/s (16 batch size)
Disabling decision threshold calibration for metric `accuracy` due to having fewer than 10000 rows of validation data for calibration, to avoid overfitting (16 rows).
	`accuracy` is generally not improved through threshold calibration. Force calibration via specifying `calibrate_decision_threshold=True`.
TabularPredictor saved. To load, use: predictor = TabularPredictor.load("/home/baderlab/mzarant/SignatureInference/models/default_correlated/0.6-55417050/Predictor_S6 (SBS7a - 1.00)")
Verbosity: 2 (Standard Logging)
=================== System Info ===================
AutoGluon Version:  1.2
Python Version:     3.10.15
Operating System:   Linux
Platform Machine:   x86_64
Platform Version:   #1 SMP PREEMPT_DYNAMIC Thu Apr 3 12:12:16 UTC 2025
CPU Count:          272
Memory Avail:       195.44 GB / 203.90 GB (95.9%)
Disk Space Avail:   1381.95 GB / 5120.00 GB (27.0%)
===================================================
Presets specified: ['medium_quality']
	0.875	 = Validation score   (accuracy)
	12.09s	 = Training   runtime
	3.96s	 = Validation runtime
	0.5625	 = Validation score   (accuracy)
	12.16s	 = Training   runtime
	3.97s	 = Validation runtime
Fitting model: ExtraTreesGini ... Training model for up to 127.52s of the 127.52s of remaining time.
Beginning AutoGluon training ... Time limit = 240s
AutoGluon will save models to "/home/baderlab/mzarant/SignatureInference/models/default_correlated/0.6-55417050/Predictor_S7 (SBS7b - 0.96)"
Train Data Rows:    80
Fitting model: WeightedEnsemble_L2 ... Training model for up to 238.54s of the 101.30s of remaining time.
Train Data Columns: 102
Label Column:       S7 (SBS7b - 0.96)
Problem Type:       binary
Preprocessing data ...
Selected class <--> label mapping:  class 1 = True, class 0 = False
Using Feature Generators to preprocess the data ...
Fitting AutoMLPipelineFeatureGenerator...
	Available Memory:                    200174.88 MB
	Train Data (Original)  Memory Usage: 0.06 MB (0.0% of available memory)
	Inferring data type of each feature based on column values. Set feature_metadata_in to manually specify special dtypes of the features.
	Stage 1 Generators:
		Fitting AsTypeFeatureGenerator...
			Note: Converting 6 features to boolean dtype as they only contain 2 unique values.
	Stage 2 Generators:
		Fitting FillNaFeatureGenerator...
	Stage 3 Generators:
		Fitting IdentityFeatureGenerator...
	Stage 4 Generators:
		Fitting DropUniqueFeatureGenerator...
	Stage 5 Generators:
		Fitting DropDuplicatesFeatureGenerator...
	Ensemble Weights: {'LightGBMXT': 1.0}
	0.875	 = Validation score   (accuracy)
	2.26s	 = Training   runtime
	0.04s	 = Validation runtime
AutoGluon training complete, total runtime = 141.94s ... Best model: WeightedEnsemble_L2 | Estimated inference throughput: 220.2 rows/s (16 batch size)
Disabling decision threshold calibration for metric `accuracy` due to having fewer than 10000 rows of validation data for calibration, to avoid overfitting (16 rows).
	`accuracy` is generally not improved through threshold calibration. Force calibration via specifying `calibrate_decision_threshold=True`.
	Types of features in original data (raw dtype, special dtypes):
		('bool', []) :  6 | ['S1 (SBS1 - 0.99)', 'S2 (SBS2 - 0.99)', 'S3 (SBS3 - 0.97)', 'S4 (SBS4 - 0.98)', 'S5 (SBS5 - 0.98)', ...]
		('int', [])  : 96 | ['A[C>A]A', 'A[C>A]C', 'A[C>A]G', 'A[C>A]T', 'A[C>G]A', ...]
	Types of features in processed data (raw dtype, special dtypes):
		('int', [])       : 96 | ['A[C>A]A', 'A[C>A]C', 'A[C>A]G', 'A[C>A]T', 'A[C>G]A', ...]
		('int', ['bool']) :  6 | ['S1 (SBS1 - 0.99)', 'S2 (SBS2 - 0.99)', 'S3 (SBS3 - 0.97)', 'S4 (SBS4 - 0.98)', 'S5 (SBS5 - 0.98)', ...]
	3.0s = Fit runtime
	102 features in original data used to generate 102 features in processed data.
	Train Data (Processed) Memory Usage: 0.06 MB (0.0% of available memory)
Data preprocessing and feature engineering runtime = 3.37s ...
AutoGluon will gauge predictive performance using evaluation metric: 'accuracy'
	To change this, specify the eval_metric parameter of Predictor()
TabularPredictor saved. To load, use: predictor = TabularPredictor.load("/home/baderlab/mzarant/SignatureInference/models/default_correlated/0.2-780880656/Predictor_S6 (SBS7a - 1.00)")
Verbosity: 2 (Standard Logging)
=================== System Info ===================
AutoGluon Version:  1.2
Python Version:     3.10.15
Operating System:   Linux
Platform Machine:   x86_64
Platform Version:   #1 SMP PREEMPT_DYNAMIC Thu Apr 3 12:12:16 UTC 2025
CPU Count:          272
Memory Avail:       195.53 GB / 203.90 GB (95.9%)
Disk Space Avail:   1381.95 GB / 5120.00 GB (27.0%)
===================================================
Automatically generating train/validation split with holdout_frac=0.2, Train Rows: 64, Val Rows: 16
Presets specified: ['medium_quality']
User-specified model hyperparameters to be fit:
{
	'GBM': [{'extra_trees': True, 'ag_args': {'name_suffix': 'XT'}}, {'ag_args': {'name_suffix': 'Light'}}],
	'RF': [{'criterion': 'gini', 'max_depth': 10, 'ag_args': {'name_suffix': 'Gini', 'problem_types': ['binary', 'multiclass']}}],
	'XT': [{'criterion': 'gini', 'max_depth': 10, 'ag_args': {'name_suffix': 'Gini', 'problem_types': ['binary', 'multiclass']}}],
}
Beginning AutoGluon training ... Time limit = 240s
AutoGluon will save models to "/home/baderlab/mzarant/SignatureInference/models/default_correlated/0.2-780880656/Predictor_S7 (SBS7b - 0.96)"
Train Data Rows:    80
Train Data Columns: 102
Label Column:       S7 (SBS7b - 0.96)
Problem Type:       binary
Preprocessing data ...
Selected class <--> label mapping:  class 1 = True, class 0 = False
Using Feature Generators to preprocess the data ...
Fitting AutoMLPipelineFeatureGenerator...
Fitting 4 L1 models, fit_strategy="sequential" ...
Fitting model: LightGBMXT ... Training model for up to 236.63s of the 236.62s of remaining time.
	Available Memory:                    200227.59 MB
	Train Data (Original)  Memory Usage: 0.06 MB (0.0% of available memory)
	Inferring data type of each feature based on column values. Set feature_metadata_in to manually specify special dtypes of the features.
	Stage 1 Generators:
		Fitting AsTypeFeatureGenerator...
			Note: Converting 6 features to boolean dtype as they only contain 2 unique values.
	Stage 2 Generators:
		Fitting FillNaFeatureGenerator...
	0.875	 = Validation score   (accuracy)
	42.92s	 = Training   runtime
	0.06s	 = Validation runtime
	Stage 3 Generators:
		Fitting IdentityFeatureGenerator...
Fitting model: LightGBMLight ... Training model for up to 190.93s of the 190.87s of remaining time.
	Stage 4 Generators:
		Fitting DropUniqueFeatureGenerator...
	Stage 5 Generators:
		Fitting DropDuplicatesFeatureGenerator...
	Types of features in original data (raw dtype, special dtypes):
		('bool', []) :  6 | ['S1 (SBS1 - 0.99)', 'S2 (SBS2 - 0.99)', 'S3 (SBS3 - 0.97)', 'S4 (SBS4 - 0.98)', 'S5 (SBS5 - 0.98)', ...]
		('int', [])  : 96 | ['A[C>A]A', 'A[C>A]C', 'A[C>A]G', 'A[C>A]T', 'A[C>G]A', ...]
	Types of features in processed data (raw dtype, special dtypes):
		('int', [])       : 96 | ['A[C>A]A', 'A[C>A]C', 'A[C>A]G', 'A[C>A]T', 'A[C>G]A', ...]
		('int', ['bool']) :  6 | ['S1 (SBS1 - 0.99)', 'S2 (SBS2 - 0.99)', 'S3 (SBS3 - 0.97)', 'S4 (SBS4 - 0.98)', 'S5 (SBS5 - 0.98)', ...]
	2.0s = Fit runtime
	102 features in original data used to generate 102 features in processed data.
	Train Data (Processed) Memory Usage: 0.06 MB (0.0% of available memory)
Data preprocessing and feature engineering runtime = 2.21s ...
AutoGluon will gauge predictive performance using evaluation metric: 'accuracy'
	To change this, specify the eval_metric parameter of Predictor()
Automatically generating train/validation split with holdout_frac=0.2, Train Rows: 64, Val Rows: 16
User-specified model hyperparameters to be fit:
{
	'GBM': [{'extra_trees': True, 'ag_args': {'name_suffix': 'XT'}}, {'ag_args': {'name_suffix': 'Light'}}],
	'RF': [{'criterion': 'gini', 'max_depth': 10, 'ag_args': {'name_suffix': 'Gini', 'problem_types': ['binary', 'multiclass']}}],
	'XT': [{'criterion': 'gini', 'max_depth': 10, 'ag_args': {'name_suffix': 'Gini', 'problem_types': ['binary', 'multiclass']}}],
}
Fitting 4 L1 models, fit_strategy="sequential" ...
Fitting model: LightGBMXT ... Training model for up to 237.79s of the 237.77s of remaining time.
	0.625	 = Validation score   (accuracy)
	10.87s	 = Training   runtime
	1.1s	 = Validation runtime
Fitting model: WeightedEnsemble_L2 ... Training model for up to 238.71s of the 115.33s of remaining time.
	Ensemble Weights: {'LightGBMXT': 1.0}
	0.75	 = Validation score   (accuracy)
	0.63s	 = Training   runtime
	0.01s	 = Validation runtime
AutoGluon training complete, total runtime = 125.51s ... Best model: WeightedEnsemble_L2 | Estimated inference throughput: 36.7 rows/s (16 batch size)
Disabling decision threshold calibration for metric `accuracy` due to having fewer than 10000 rows of validation data for calibration, to avoid overfitting (16 rows).
	`accuracy` is generally not improved through threshold calibration. Force calibration via specifying `calibrate_decision_threshold=True`.
TabularPredictor saved. To load, use: predictor = TabularPredictor.load("/home/baderlab/mzarant/SignatureInference/models/default_correlated/0.15-163872254/Predictor_S8 (SBS8 - 0.92)")
Verbosity: 2 (Standard Logging)
=================== System Info ===================
AutoGluon Version:  1.2
Python Version:     3.10.15
Operating System:   Linux
Platform Machine:   x86_64
Platform Version:   #1 SMP PREEMPT_DYNAMIC Thu Apr 3 12:12:16 UTC 2025
CPU Count:          272
Memory Avail:       195.12 GB / 203.90 GB (95.7%)
Disk Space Avail:   1381.95 GB / 5120.00 GB (27.0%)
===================================================
Presets specified: ['medium_quality']
Beginning AutoGluon training ... Time limit = 240s
AutoGluon will save models to "/home/baderlab/mzarant/SignatureInference/models/default_correlated/0.15-163872254/Predictor_S9 (SBS9 - 0.94)"
Train Data Rows:    80
Train Data Columns: 104
Label Column:       S9 (SBS9 - 0.94)
Problem Type:       binary
Preprocessing data ...
Selected class <--> label mapping:  class 1 = True, class 0 = False
Using Feature Generators to preprocess the data ...
Fitting AutoMLPipelineFeatureGenerator...
	Available Memory:                    199822.42 MB
	Train Data (Original)  Memory Usage: 0.06 MB (0.0% of available memory)
	Inferring data type of each feature based on column values. Set feature_metadata_in to manually specify special dtypes of the features.
	Stage 1 Generators:
		Fitting AsTypeFeatureGenerator...
			Note: Converting 8 features to boolean dtype as they only contain 2 unique values.
	Stage 2 Generators:
		Fitting FillNaFeatureGenerator...
	Stage 3 Generators:
		Fitting IdentityFeatureGenerator...
	0.875	 = Validation score   (accuracy)
	47.44s	 = Training   runtime
	0.07s	 = Validation runtime
	Stage 4 Generators:
		Fitting DropUniqueFeatureGenerator...
Fitting model: LightGBMLight ... Training model for up to 187.87s of the 187.84s of remaining time.
	Stage 5 Generators:
		Fitting DropDuplicatesFeatureGenerator...
	Types of features in original data (raw dtype, special dtypes):
		('bool', []) :  8 | ['S1 (SBS1 - 0.99)', 'S2 (SBS2 - 0.99)', 'S3 (SBS3 - 0.97)', 'S4 (SBS4 - 0.98)', 'S5 (SBS5 - 0.98)', ...]
		('int', [])  : 96 | ['A[C>A]A', 'A[C>A]C', 'A[C>A]G', 'A[C>A]T', 'A[C>G]A', ...]
	Types of features in processed data (raw dtype, special dtypes):
		('int', [])       : 96 | ['A[C>A]A', 'A[C>A]C', 'A[C>A]G', 'A[C>A]T', 'A[C>G]A', ...]
		('int', ['bool']) :  8 | ['S1 (SBS1 - 0.99)', 'S2 (SBS2 - 0.99)', 'S3 (SBS3 - 0.97)', 'S4 (SBS4 - 0.98)', 'S5 (SBS5 - 0.98)', ...]
	2.0s = Fit runtime
	104 features in original data used to generate 104 features in processed data.
	Train Data (Processed) Memory Usage: 0.06 MB (0.0% of available memory)
Data preprocessing and feature engineering runtime = 2.16s ...
AutoGluon will gauge predictive performance using evaluation metric: 'accuracy'
	To change this, specify the eval_metric parameter of Predictor()
Automatically generating train/validation split with holdout_frac=0.2, Train Rows: 64, Val Rows: 16
User-specified model hyperparameters to be fit:
{
	'GBM': [{'extra_trees': True, 'ag_args': {'name_suffix': 'XT'}}, {'ag_args': {'name_suffix': 'Light'}}],
	'RF': [{'criterion': 'gini', 'max_depth': 10, 'ag_args': {'name_suffix': 'Gini', 'problem_types': ['binary', 'multiclass']}}],
	'XT': [{'criterion': 'gini', 'max_depth': 10, 'ag_args': {'name_suffix': 'Gini', 'problem_types': ['binary', 'multiclass']}}],
}
Fitting 4 L1 models, fit_strategy="sequential" ...
Fitting model: LightGBMXT ... Training model for up to 237.84s of the 237.83s of remaining time.
	0.875	 = Validation score   (accuracy)
	42.73s	 = Training   runtime
	0.09s	 = Validation runtime
Fitting model: LightGBMLight ... Training model for up to 189.30s of the 189.30s of remaining time.
	0.875	 = Validation score   (accuracy)
	44.33s	 = Training   runtime
	0.09s	 = Validation runtime
Fitting model: LightGBMLight ... Training model for up to 187.50s of the 187.49s of remaining time.
	0.875	 = Validation score   (accuracy)
	23.33s	 = Training   runtime
	0.11s	 = Validation runtime
Fitting model: LightGBMLight ... Training model for up to 213.71s of the 213.69s of remaining time.
	0.75	 = Validation score   (accuracy)
	19.34s	 = Training   runtime
	0.1s	 = Validation runtime
Fitting model: LightGBMLight ... Training model for up to 217.14s of the 217.13s of remaining time.
	0.75	 = Validation score   (accuracy)
	17.78s	 = Training   runtime
	0.15s	 = Validation runtime
Fitting model: LightGBMLight ... Training model for up to 219.82s of the 219.80s of remaining time.
	0.75	 = Validation score   (accuracy)
	9.79s	 = Training   runtime
	0.01s	 = Validation runtime
Fitting model: LightGBMLight ... Training model for up to 227.57s of the 227.56s of remaining time.
	0.875	 = Validation score   (accuracy)
	21.26s	 = Training   runtime
	0.09s	 = Validation runtime
Fitting model: RandomForestGini ... Training model for up to 169.13s of the 169.07s of remaining time.
	0.875	 = Validation score   (accuracy)
	14.23s	 = Training   runtime
	0.08s	 = Validation runtime
Fitting model: RandomForestGini ... Training model for up to 173.40s of the 173.36s of remaining time.
	0.875	 = Validation score   (accuracy)
	12.24s	 = Training   runtime
	0.05s	 = Validation runtime
Fitting model: RandomForestGini ... Training model for up to 174.93s of the 174.92s of remaining time.
	0.875	 = Validation score   (accuracy)
	21.24s	 = Training   runtime
	0.03s	 = Validation runtime
Fitting model: RandomForestGini ... Training model for up to 167.67s of the 167.66s of remaining time.
slurmstepd: error: *** JOB 36996 ON dc01 CANCELLED AT 2025-04-23T16:11:36 ***
